170,85,3114,2929,2896,2962,4369,3044,3014,3031,0,0,0,0,0,0,0,0,0,0,0,0,0,0,0,0,0,0,0,0,0,0,0,0,0,0,0,159,249
170,85,3145,2927,2853,2970,4328,3008,3011,3002,0,0,0,0,0,0,0,0,0,0,0,0,0,0,0,0,0,0,0,0,0,0,0,0,0,0,0,43,248
170,85,3138,2940,2872,2975,4327,3026,2970,3018,0,0,0,0,0,0,0,0,0,0,0,0,0,0,0,0,0,0,0,0,0,0,0,0,0,0,0,31,248
170,85,3116,2941,2871,2936,4334,3003,2988,3035,0,0,0,0,0,0,0,0,0,0,0,0,0,0,0,0,0,0,0,0,0,0,0,0,0,0,0,223,248
170,85,3106,2954,2860,2953,4333,2998,2997,3008,0,0,0,0,0,0,0,0,0,0,0,0,0,0,0,0,0,0,0,0,0,0,0,0,0,0,0,192,247
170,85,3118,2942,2857,2948,4358,3018,2988,3022,0,0,0,0,0,0,0,0,0,0,0,0,0,0,0,0,0,0,0,0,0,0,0,0,0,0,0,177,247
170,85,3133,2926,2872,2943,4322,3050,2991,3010,0,0,0,0,0,0,0,0,0,0,0,0,0,0,0,0,0,0,0,0,0,0,0,0,0,0,0,146,247
170,85,3108,2944,2873,2954,4368,3008,3004,3020,0,0,0,0,0,0,0,0,0,0,0,0,0,0,0,0,0,0,0,0,0,0,0,0,0,0,0,85,247
170,85,3110,2938,2856,2975,4335,3014,2985,3018,0,0,0,0,0,0,0,0,0,0,0,0,0,0,0,0,0,0,0,0,0,0,0,0,0,0,0,66,247
170,85,3116,2969,2865,2939,4328,3019,2987,3013,0,0,0,0,0,0,0,0,0,0,0,0,0,0,0,0,0,0,0,0,0,0,0,0,0,0,0,81,247
170,85,3116,2970,2871,2947,4333,3041,3001,3012,0,0,0,0,0,0,0,0,0,0,0,0,0,0,0,0,0,0,0,0,0,0,0,0,0,0,0,144,247
170,85,3112,2930,2874,2932,4335,3017,2981,3020,0,0,0,0,0,0,0,0,0,0,0,0,0,0,0,0,0,0,0,0,0,0,0,0,0,0,0,184,248
170,85,3115,2922,2874,2949,4365,3004,2987,3041,0,0,0,0,0,0,0,0,0,0,0,0,0,0,0,0,0,0,0,0,0,0,0,0,0,0,0,231,248
170,85,3113,2950,2857,2931,4369,3017,2980,3028,0,0,0,0,0,0,0,0,0,0,0,0,0,0,0,0,0,0,0,0,0,0,0,0,0,0,0,191,248
170,85,3138,2955,2863,2941,4332,3017,3010,3030,0,0,0,0,0,0,0,0,0,0,0,0,0,0,0,0,0,0,0,0,0,0,0,0,0,0,0,73,248
170,85,3115,2923,2868,2941,4373,3019,3001,3013,0,0,0,0,0,0,0,0,0,0,0,0,0,0,0,0,0,0,0,0,0,0,0,0,0,0,0,73,248
170,85,3113,2939,2854,2947,4336,3038,2970,3007,0,0,0,0,0,0,0,0,0,0,0,0,0,0,0,0,0,0,0,0,0,0,0,0,0,0,0,31,248
170,85,3097,2967,2863,2972,4330,3017,2987,3019,0,0,0,0,0,0,0,0,0,0,0,0,0,0,0,0,0,0,0,0,0,0,0,0,0,0,0,157,248
170,85,3143,2961,2896,2940,4335,3020,2986,3036,0,0,0,0,0,0,0,0,0,0,0,0,0,0,0,0,0,0,0,0,0,0,0,0,0,0,0,76,249
170,85,3112,2940,2863,2931,4333,3020,3004,3041,0,0,0,0,0,0,0,0,0,0,0,0,0,0,0,0,0,0,0,0,0,0,0,0,0,0,0,151,248
170,85,3103,2934,2854,2943,4378,3040,2987,3019,0,0,0,0,0,0,0,0,0,0,0,0,0,0,0,0,0,0,0,0,0,0,0,0,0,0,0,72,247
170,85,3125,2922,2846,2947,4374,3042,2987,3020,0,0,0,0,0,0,0,0,0,0,0,0,0,0,0,0,0,0,0,0,0,0,0,0,0,0,0,179,245
170,85,3114,2962,2848,2952,4335,3018,2988,3018,0,0,0,0,0,0,0,0,0,0,0,0,0,0,0,0,0,0,0,0,0,0,0,0,0,0,0,176,245
170,85,3130,2937,2869,2958,4344,3034,2986,3006,0,0,0,0,0,0,0,0,0,0,0,0,0,0,0,0,0,0,0,0,0,0,0,0,0,0,0,45,238
170,85,3113,2929,2889,2947,4342,3024,3005,3007,0,0,0,0,0,0,0,0,0,0,0,0,0,0,0,0,0,0,0,0,0,0,0,0,0,0,0,85,235
170,85,3130,2936,2853,2947,4378,3016,2968,3017,0,0,0,0,0,0,0,0,0,0,0,0,0,0,0,0,0,0,0,0,0,0,0,0,0,0,0,133,236
170,85,3113,2934,2878,2933,4347,3002,2987,3041,0,0,0,0,0,0,0,0,0,0,0,0,0,0,0,0,0,0,0,0,0,0,0,0,0,0,0,252,237
170,85,3096,2935,2889,2973,4346,3007,2986,3007,0,0,0,0,0,0,0,0,0,0,0,0,0,0,0,0,0,0,0,0,0,0,0,0,0,0,0,8,236
170,85,3114,2961,2854,2957,4384,3019,3010,2999,0,0,0,0,0,0,0,0,0,0,0,0,0,0,0,0,0,0,0,0,0,0,0,0,0,0,0,108,243
170,85,3131,2921,2869,2962,4342,3033,2985,3034,0,0,0,0,0,0,0,0,0,0,0,0,0,0,0,0,0,0,0,0,0,0,0,0,0,0,0,74,242
170,85,3113,2929,2857,2964,4347,3041,2987,3001,0,0,0,0,0,0,0,0,0,0,0,0,0,0,0,0,0,0,0,0,0,0,0,0,0,0,0,14,238
170,85,3144,2950,2855,2961,4343,3016,2992,3007,0,0,0,0,0,0,0,0,0,0,0,0,0,0,0,0,0,0,0,0,0,0,0,0,0,0,0,171,237
170,85,3145,2950,2855,2966,4379,3024,3009,3013,0,0,0,0,0,0,0,0,0,0,0,0,0,0,0,0,0,0,0,0,0,0,0,0,0,0,0,83,240
170,85,3111,2922,2868,2965,4343,3008,2991,3001,0,0,0,0,0,0,0,0,0,0,0,0,0,0,0,0,0,0,0,0,0,0,0,0,0,0,0,46,240
170,85,3113,2938,2869,2966,4383,3034,2985,3018,0,0,0,0,0,0,0,0,0,0,0,0,0,0,0,0,0,0,0,0,0,0,0,0,0,0,0,180,240
170,85,3098,2961,2867,2946,4344,3019,2970,3009,0,0,0,0,0,0,0,0,0,0,0,0,0,0,0,0,0,0,0,0,0,0,0,0,0,0,0,177,241
170,85,3097,2933,2868,2979,4348,3017,2985,3002,0,0,0,0,0,0,0,0,0,0,0,0,0,0,0,0,0,0,0,0,0,0,0,0,0,0,0,62,241
170,85,3137,2950,2895,2971,4346,3001,2982,3029,0,0,0,0,0,0,0,0,0,0,0,0,0,0,0,0,0,0,0,0,0,0,0,0,0,0,0,192,240
170,85,3144,2937,2869,2973,4346,3033,2969,3006,0,0,0,0,0,0,0,0,0,0,0,0,0,0,0,0,0,0,0,0,0,0,0,0,0,0,0,126,242
170,85,3114,2929,2888,2949,4349,3028,2987,3033,0,0,0,0,0,0,0,0,0,0,0,0,0,0,0,0,0,0,0,0,0,0,0,0,0,0,0,46,242
170,85,3116,2929,2868,2973,4345,3040,2969,3029,0,0,0,0,0,0,0,0,0,0,0,0,0,0,0,0,0,0,0,0,0,0,0,0,0,0,0,66,241
170,85,3130,2934,2861,2974,4396,3041,2986,3019,0,0,0,0,0,0,0,0,0,0,0,0,0,0,0,0,0,0,0,0,0,0,0,0,0,0,0,177,242
170,85,3111,2930,2857,2950,4347,3002,2970,3007,0,0,0,0,0,0,0,0,0,0,0,0,0,0,0,0,0,0,0,0,0,0,0,0,0,0,0,125,241
170,85,3130,2935,2876,2973,4353,3018,2986,3034,0,0,0,0,0,0,0,0,0,0,0,0,0,0,0,0,0,0,0,0,0,0,0,0,0,0,0,181,241
170,85,3098,2969,2896,2949,4347,3018,2985,3014,0,0,0,0,0,0,0,0,0,0,0,0,0,0,0,0,0,0,0,0,0,0,0,0,0,0,0,235,241
170,85,3113,2927,2878,2932,4353,3019,2968,3025,0,0,0,0,0,0,0,0,0,0,0,0,0,0,0,0,0,0,0,0,0,0,0,0,0,0,0,109,240
170,85,3143,2934,2863,2967,4387,3040,2999,3014,0,0,0,0,0,0,0,0,0,0,0,0,0,0,0,0,0,0,0,0,0,0,0,0,0,0,0,217,240
170,85,3102,2929,2856,2932,4389,3034,2988,3005,0,0,0,0,0,0,0,0,0,0,0,0,0,0,0,0,0,0,0,0,0,0,0,0,0,0,0,63,241
170,85,3139,2934,2862,2947,4351,3042,2969,3011,0,0,0,0,0,0,0,0,0,0,0,0,0,0,0,0,0,0,0,0,0,0,0,0,0,0,0,60,244
170,85,3144,2954,2874,2949,4347,3018,3008,3000,0,0,0,0,0,0,0,0,0,0,0,0,0,0,0,0,0,0,0,0,0,0,0,0,0,0,0,215,245
170,85,3114,2968,2862,2972,4382,3048,3001,3027,0,0,0,0,0,0,0,0,0,0,0,0,0,0,0,0,0,0,0,0,0,0,0,0,0,0,0,126,239
170,85,3113,2938,2863,2942,4391,3034,2968,2990,0,0,0,0,0,0,0,0,0,0,0,0,0,0,0,0,0,0,0,0,0,0,0,0,0,0,0,43,243
170,85,3137,2928,2867,2973,4350,3025,2988,3019,0,0,0,0,0,0,0,0,0,0,0,0,0,0,0,0,0,0,0,0,0,0,0,0,0,0,0,52,243
170,85,3116,2928,2875,2950,4347,3007,2986,3022,0,0,0,0,0,0,0,0,0,0,0,0,0,0,0,0,0,0,0,0,0,0,0,0,0,0,0,34,246
170,85,3126,2961,2855,2946,4382,3008,3002,3018,0,0,0,0,0,0,0,0,0,0,0,0,0,0,0,0,0,0,0,0,0,0,0,0,0,0,0,78,247
170,85,3138,2940,2869,2950,4350,3007,3009,3039,0,0,0,0,0,0,0,0,0,0,0,0,0,0,0,0,0,0,0,0,0,0,0,0,0,0,0,49,247
170,85,3115,2950,2890,2963,4349,3041,2990,3039,0,0,0,0,0,0,0,0,0,0,0,0,0,0,0,0,0,0,0,0,0,0,0,0,0,0,0,250,246
170,85,3153,2935,2869,2957,4386,3045,3001,3020,0,0,0,0,0,0,0,0,0,0,0,0,0,0,0,0,0,0,0,0,0,0,0,0,0,0,0,206,246
170,85,3130,2920,2861,2946,4349,3017,3025,3028,0,0,0,0,0,0,0,0,0,0,0,0,0,0,0,0,0,0,0,0,0,0,0,0,0,0,0,47,247
170,85,3103,2949,2868,2971,4347,3018,3009,3040,0,0,0,0,0,0,0,0,0,0,0,0,0,0,0,0,0,0,0,0,0,0,0,0,0,0,0,198,248
170,85,3130,2957,2853,2972,4354,3007,3000,3028,0,0,0,0,0,0,0,0,0,0,0,0,0,0,0,0,0,0,0,0,0,0,0,0,0,0,0,61,249
170,85,3114,2941,2856,2963,4397,3020,2987,3017,0,0,0,0,0,0,0,0,0,0,0,0,0,0,0,0,0,0,0,0,0,0,0,0,0,0,0,141,250
170,85,3141,2938,2890,2940,4348,3021,2989,3000,0,0,0,0,0,0,0,0,0,0,0,0,0,0,0,0,0,0,0,0,0,0,0,0,0,0,0,206,250
170,85,3113,2962,2868,2952,4347,3041,2981,3008,0,0,0,0,0,0,0,0,0,0,0,0,0,0,0,0,0,0,0,0,0,0,0,0,0,0,0,155,250
170,85,3115,2933,2868,2941,4349,3048,2984,3018,0,0,0,0,0,0,0,0,0,0,0,0,0,0,0,0,0,0,0,0,0,0,0,0,0,0,0,131,250
170,85,3113,2935,2896,2932,4360,3019,2985,3032,0,0,0,0,0,0,0,0,0,0,0,0,0,0,0,0,0,0,0,0,0,0,0,0,0,0,0,42,249
170,85,3099,2949,2875,2961,4387,3007,3025,3043,0,0,0,0,0,0,0,0,0,0,0,0,0,0,0,0,0,0,0,0,0,0,0,0,0,0,0,120,249
170,85,3099,2929,2889,2975,4382,3007,2981,3002,0,0,0,0,0,0,0,0,0,0,0,0,0,0,0,0,0,0,0,0,0,0,0,0,0,0,0,224,249
170,85,3102,2921,2869,2964,4354,3034,2982,3003,0,0,0,0,0,0,0,0,0,0,0,0,0,0,0,0,0,0,0,0,0,0,0,0,0,0,0,241,250
170,85,3126,2930,2869,2974,4387,3003,2988,3019,0,0,0,0,0,0,0,0,0,0,0,0,0,0,0,0,0,0,0,0,0,0,0,0,0,0,0,242,249
170,85,3130,2949,2869,2973,4360,3007,2981,3004,0,0,0,0,0,0,0,0,0,0,0,0,0,0,0,0,0,0,0,0,0,0,0,0,0,0,0,91,249
170,85,3144,2928,2853,2937,4391,3043,2987,3033,0,0,0,0,0,0,0,0,0,0,0,0,0,0,0,0,0,0,0,0,0,0,0,0,0,0,0,48,250
170,85,3114,2920,2890,2961,4356,3016,2969,3017,0,0,0,0,0,0,0,0,0,0,0,0,0,0,0,0,0,0,0,0,0,0,0,0,0,0,0,231,250
170,85,3116,2933,2873,2971,4391,3019,2980,3018,0,0,0,0,0,0,0,0,0,0,0,0,0,0,0,0,0,0,0,0,0,0,0,0,0,0,0,155,250
170,85,3130,2939,2878,2935,4368,3018,2986,3001,0,0,0,0,0,0,0,0,0,0,0,0,0,0,0,0,0,0,0,0,0,0,0,0,0,0,0,35,250
170,85,3127,2934,2867,2966,4352,3019,2987,3001,0,0,0,0,0,0,0,0,0,0,0,0,0,0,0,0,0,0,0,0,0,0,0,0,0,0,0,223,250
170,85,3113,2922,2859,2957,4397,3019,3001,3060,0,0,0,0,0,0,0,0,0,0,0,0,0,0,0,0,0,0,0,0,0,0,0,0,0,0,0,172,250
170,85,3115,2938,2854,2949,4368,3019,2985,3034,0,0,0,0,0,0,0,0,0,0,0,0,0,0,0,0,0,0,0,0,0,0,0,0,0,0,0,184,250
170,85,3097,2933,2854,2943,4363,3034,2981,3028,0,0,0,0,0,0,0,0,0,0,0,0,0,0,0,0,0,0,0,0,0,0,0,0,0,0,0,119,250
170,85,3112,2931,2854,2972,4381,3019,2987,3028,0,0,0,0,0,0,0,0,0,0,0,0,0,0,0,0,0,0,0,0,0,0,0,0,0,0,0,170,250
170,85,3126,2954,2861,2950,4364,3046,3039,3000,0,0,0,0,0,0,0,0,0,0,0,0,0,0,0,0,0,0,0,0,0,0,0,0,0,0,0,120,250
170,85,3137,2961,2868,2961,4372,3018,2986,3012,0,0,0,0,0,0,0,0,0,0,0,0,0,0,0,0,0,0,0,0,0,0,0,0,0,0,0,39,250
170,85,3115,2961,2863,2966,4334,3057,3008,3040,0,0,0,0,0,0,0,0,0,0,0,0,0,0,0,0,0,0,0,0,0,0,0,0,0,0,0,223,249
170,85,3112,2939,2863,2980,4334,3017,2969,3001,0,0,0,0,0,0,0,0,0,0,0,0,0,0,0,0,0,0,0,0,0,0,0,0,0,0,0,60,250
170,85,3098,2920,2868,2941,4339,3020,3008,3022,0,0,0,0,0,0,0,0,0,0,0,0,0,0,0,0,0,0,0,0,0,0,0,0,0,0,0,233,251
170,85,3113,2968,2870,2957,4379,3018,3003,3018,0,0,0,0,0,0,0,0,0,0,0,0,0,0,0,0,0,0,0,0,0,0,0,0,0,0,0,72,250
170,85,3144,2968,2874,2946,4345,3034,2986,3018,0,0,0,0,0,0,0,0,0,0,0,0,0,0,0,0,0,0,0,0,0,0,0,0,0,0,0,200,247
170,85,3115,2929,2853,2937,4345,3019,2982,3022,0,0,0,0,0,0,0,0,0,0,0,0,0,0,0,0,0,0,0,0,0,0,0,0,0,0,0,191,249
170,85,3130,2960,2874,2940,4367,3034,2981,3018,0,0,0,0,0,0,0,0,0,0,0,0,0,0,0,0,0,0,0,0,0,0,0,0,0,0,0,180,248
170,85,3130,2921,2866,2935,4331,3006,3009,3007,0,0,0,0,0,0,0,0,0,0,0,0,0,0,0,0,0,0,0,0,0,0,0,0,0,0,0,222,249
170,85,3137,2940,2855,2937,4366,3030,2971,2990,0,0,0,0,0,0,0,0,0,0,0,0,0,0,0,0,0,0,0,0,0,0,0,0,0,0,0,108,249
170,85,3112,2935,2857,2948,4330,3020,2971,2995,0,0,0,0,0,0,0,0,0,0,0,0,0,0,0,0,0,0,0,0,0,0,0,0,0,0,0,31,249
170,85,3149,2961,2870,2967,4372,3021,2986,3031,0,0,0,0,0,0,0,0,0,0,0,0,0,0,0,0,0,0,0,0,0,0,0,0,0,0,0,59,249
170,85,3138,2927,2869,2950,4366,3029,2987,3060,0,0,0,0,0,0,0,0,0,0,0,0,0,0,0,0,0,0,0,0,0,0,0,0,0,0,0,248,249
170,85,3113,2934,2878,2946,4336,3019,3024,3003,0,0,0,0,0,0,0,0,0,0,0,0,0,0,0,0,0,0,0,0,0,0,0,0,0,0,0,80,249
170,85,3115,2939,2889,2948,4332,3006,2968,2991,0,0,0,0,0,0,0,0,0,0,0,0,0,0,0,0,0,0,0,0,0,0,0,0,0,0,0,27,249
170,85,3136,2961,2861,2925,4365,3018,2999,3020,0,0,0,0,0,0,0,0,0,0,0,0,0,0,0,0,0,0,0,0,0,0,0,0,0,0,0,207,249
170,85,3136,2938,2867,2974,4368,3057,2989,3057,0,0,0,0,0,0,0,0,0,0,0,0,0,0,0,0,0,0,0,0,0,0,0,0,0,0,0,200,249
170,85,3103,2954,2863,2965,4374,3032,3010,3003,0,0,0,0,0,0,0,0,0,0,0,0,0,0,0,0,0,0,0,0,0,0,0,0,0,0,0,122,249
170,85,3137,2950,2870,2978,4368,3034,3024,3013,0,0,0,0,0,0,0,0,0,0,0,0,0,0,0,0,0,0,0,0,0,0,0,0,0,0,0,110,249
170,85,3098,2938,2862,2946,4333,3018,2981,3001,0,0,0,0,0,0,0,0,0,0,0,0,0,0,0,0,0,0,0,0,0,0,0,0,0,0,0,20,249
170,85,3114,2933,2869,2931,4348,3016,3020,3014,0,0,0,0,0,0,0,0,0,0,0,0,0,0,0,0,0,0,0,0,0,0,0,0,0,0,0,196,249
170,85,3113,2961,2856,2926,4338,3001,3009,3019,0,0,0,0,0,0,0,0,0,0,0,0,0,0,0,0,0,0,0,0,0,0,0,0,0,0,0,92,249
170,85,3114,2934,2848,2969,4372,3018,3003,3013,0,0,0,0,0,0,0,0,0,0,0,0,0,0,0,0,0,0,0,0,0,0,0,0,0,0,0,167,249
170,85,3130,2920,2874,2941,4378,3019,2981,3014,0,0,0,0,0,0,0,0,0,0,0,0,0,0,0,0,0,0,0,0,0,0,0,0,0,0,0,69,249
170,85,3130,2968,2849,2941,4333,3041,3008,3004,0,0,0,0,0,0,0,0,0,0,0,0,0,0,0,0,0,0,0,0,0,0,0,0,0,0,0,109,249
170,85,3114,2920,2869,2960,4338,3017,2986,3034,0,0,0,0,0,0,0,0,0,0,0,0,0,0,0,0,0,0,0,0,0,0,0,0,0,0,0,79,249
170,85,3113,2955,2870,2937,4345,3019,2988,2991,0,0,0,0,0,0,0,0,0,0,0,0,0,0,0,0,0,0,0,0,0,0,0,0,0,0,0,63,249
170,85,3143,2954,2854,2958,4378,3057,2970,3001,0,0,0,0,0,0,0,0,0,0,0,0,0,0,0,0,0,0,0,0,0,0,0,0,0,0,0,79,249
170,85,3137,2961,2857,2946,4342,3036,2987,2978,0,0,0,0,0,0,0,0,0,0,0,0,0,0,0,0,0,0,0,0,0,0,0,0,0,0,0,187,249
170,85,3144,2962,2890,2950,4342,3018,2998,3019,0,0,0,0,0,0,0,0,0,0,0,0,0,0,0,0,0,0,0,0,0,0,0,0,0,0,0,180,249
170,85,3145,2921,2861,2950,4344,3019,2989,3003,0,0,0,0,0,0,0,0,0,0,0,0,0,0,0,0,0,0,0,0,0,0,0,0,0,0,0,77,249
170,85,3114,2921,2875,2933,4343,3021,2987,3029,0,0,0,0,0,0,0,0,0,0,0,0,0,0,0,0,0,0,0,0,0,0,0,0,0,0,0,170,249
170,85,3127,2940,2848,2948,4343,3042,3009,3018,0,0,0,0,0,0,0,0,0,0,0,0,0,0,0,0,0,0,0,0,0,0,0,0,0,0,0,18,248
170,85,3114,2934,2856,2972,4345,3007,2985,3030,0,0,0,0,0,0,0,0,0,0,0,0,0,0,0,0,0,0,0,0,0,0,0,0,0,0,0,50,248
170,85,3098,2927,2867,2963,4356,3007,3008,2989,0,0,0,0,0,0,0,0,0,0,0,0,0,0,0,0,0,0,0,0,0,0,0,0,0,0,0,225,248
170,85,3113,2934,2889,2932,4352,3008,2986,3013,0,0,0,0,0,0,0,0,0,0,0,0,0,0,0,0,0,0,0,0,0,0,0,0,0,0,0,47,248
170,85,3097,2963,2863,2946,4344,3017,2980,3019,0,0,0,0,0,0,0,0,0,0,0,0,0,0,0,0,0,0,0,0,0,0,0,0,0,0,0,154,249
170,85,3097,2934,2874,2951,4357,3019,2986,3012,0,0,0,0,0,0,0,0,0,0,0,0,0,0,0,0,0,0,0,0,0,0,0,0,0,0,0,144,248
170,85,3097,2962,2856,2941,4347,3002,2997,3035,0,0,0,0,0,0,0,0,0,0,0,0,0,0,0,0,0,0,0,0,0,0,0,0,0,0,0,18,249
170,85,3117,2934,2897,2946,4343,3022,2981,3007,0,0,0,0,0,0,0,0,0,0,0,0,0,0,0,0,0,0,0,0,0,0,0,0,0,0,0,72,249
170,85,3103,2933,2868,2937,4348,3035,2988,3043,0,0,0,0,0,0,0,0,0,0,0,0,0,0,0,0,0,0,0,0,0,0,0,0,0,0,0,172,249
170,85,3097,2969,2862,2924,4380,3008,3009,3029,0,0,0,0,0,0,0,0,0,0,0,0,0,0,0,0,0,0,0,0,0,0,0,0,0,0,0,232,249
170,85,3130,2940,2869,2946,4379,3022,2970,3030,0,0,0,0,0,0,0,0,0,0,0,0,0,0,0,0,0,0,0,0,0,0,0,0,0,0,0,138,249
170,85,3113,2969,2875,2931,4346,3035,3010,3036,0,0,0,0,0,0,0,0,0,0,0,0,0,0,0,0,0,0,0,0,0,0,0,0,0,0,0,36,249
170,85,3113,2934,2863,2958,4382,3043,3009,3034,0,0,0,0,0,0,0,0,0,0,0,0,0,0,0,0,0,0,0,0,0,0,0,0,0,0,0,250,249
170,85,3098,2961,2869,2933,4351,3020,2976,3003,0,0,0,0,0,0,0,0,0,0,0,0,0,0,0,0,0,0,0,0,0,0,0,0,0,0,0,0,249
170,85,3139,2921,2873,2951,4379,3019,2988,3000,0,0,0,0,0,0,0,0,0,0,0,0,0,0,0,0,0,0,0,0,0,0,0,0,0,0,0,178,249
170,85,3112,2934,2878,2951,4347,3007,3009,3057,0,0,0,0,0,0,0,0,0,0,0,0,0,0,0,0,0,0,0,0,0,0,0,0,0,0,0,112,249
170,85,3115,2954,2857,2969,4343,3041,3002,3000,0,0,0,0,0,0,0,0,0,0,0,0,0,0,0,0,0,0,0,0,0,0,0,0,0,0,0,230,249
170,85,3115,2940,2854,2950,4379,3041,2970,3027,0,0,0,0,0,0,0,0,0,0,0,0,0,0,0,0,0,0,0,0,0,0,0,0,0,0,0,166,249
170,85,3115,2962,2854,2948,4334,3033,3025,3007,0,0,0,0,0,0,0,0,0,0,0,0,0,0,0,0,0,0,0,0,0,0,0,0,0,0,0,161,248
170,85,3099,2954,2857,2946,4380,3018,3025,3000,0,0,0,0,0,0,0,0,0,0,0,0,0,0,0,0,0,0,0,0,0,0,0,0,0,0,0,103,249
170,85,3097,2928,2862,2966,4346,3017,2981,3017,0,0,0,0,0,0,0,0,0,0,0,0,0,0,0,0,0,0,0,0,0,0,0,0,0,0,0,109,249
170,85,3154,2968,2869,2966,4341,3025,3025,3018,0,0,0,0,0,0,0,0,0,0,0,0,0,0,0,0,0,0,0,0,0,0,0,0,0,0,0,181,249
170,85,3113,2921,2868,2944,4382,3038,3009,3041,0,0,0,0,0,0,0,0,0,0,0,0,0,0,0,0,0,0,0,0,0,0,0,0,0,0,0,246,249
170,85,3114,2922,2868,2949,4341,3029,2976,3007,0,0,0,0,0,0,0,0,0,0,0,0,0,0,0,0,0,0,0,0,0,0,0,0,0,0,0,45,248
170,85,3130,2939,2875,2948,4376,3029,2997,3012,0,0,0,0,0,0,0,0,0,0,0,0,0,0,0,0,0,0,0,0,0,0,0,0,0,0,0,160,248
170,85,3139,2961,2849,2971,4343,3001,3024,3042,0,0,0,0,0,0,0,0,0,0,0,0,0,0,0,0,0,0,0,0,0,0,0,0,0,0,0,247,248
170,85,3144,2921,2862,2964,4338,3017,2987,3018,0,0,0,0,0,0,0,0,0,0,0,0,0,0,0,0,0,0,0,0,0,0,0,0,0,0,0,34,249
170,85,3144,2940,2875,2965,4347,3017,2981,3016,0,0,0,0,0,0,0,0,0,0,0,0,0,0,0,0,0,0,0,0,0,0,0,0,0,0,0,38,249
170,85,3098,2954,2853,2947,4382,3008,2970,3007,0,0,0,0,0,0,0,0,0,0,0,0,0,0,0,0,0,0,0,0,0,0,0,0,0,0,0,47,249
170,85,3126,2962,2890,2948,4384,3024,2989,3001,0,0,0,0,0,0,0,0,0,0,0,0,0,0,0,0,0,0,0,0,0,0,0,0,0,0,0,108,248
170,85,3116,2934,2855,2928,4378,3017,2988,3017,0,0,0,0,0,0,0,0,0,0,0,0,0,0,0,0,0,0,0,0,0,0,0,0,0,0,0,89,249
170,85,3116,2930,2854,2933,4347,3018,2986,3000,0,0,0,0,0,0,0,0,0,0,0,0,0,0,0,0,0,0,0,0,0,0,0,0,0,0,0,205,249
170,85,3113,2954,2869,2970,4345,3019,3010,3018,0,0,0,0,0,0,0,0,0,0,0,0,0,0,0,0,0,0,0,0,0,0,0,0,0,0,0,213,249
170,85,3130,2954,2868,2960,4348,3020,3011,3000,0,0,0,0,0,0,0,0,0,0,0,0,0,0,0,0,0,0,0,0,0,0,0,0,0,0,0,188,249
170,85,3145,2968,2849,2935,4354,3017,2982,3018,0,0,0,0,0,0,0,0,0,0,0,0,0,0,0,0,0,0,0,0,0,0,0,0,0,0,0,194,249
170,85,3115,2949,2849,2924,4376,3034,2969,3001,0,0,0,0,0,0,0,0,0,0,0,0,0,0,0,0,0,0,0,0,0,0,0,0,0,0,0,227,249
170,85,3112,2938,2875,2949,4376,3017,2969,3027,0,0,0,0,0,0,0,0,0,0,0,0,0,0,0,0,0,0,0,0,0,0,0,0,0,0,0,149,249
170,85,3097,2921,2857,2936,4341,3033,3001,3019,0,0,0,0,0,0,0,0,0,0,0,0,0,0,0,0,0,0,0,0,0,0,0,0,0,0,0,156,249
170,85,3098,2955,2864,2933,4342,3019,3001,3013,0,0,0,0,0,0,0,0,0,0,0,0,0,0,0,0,0,0,0,0,0,0,0,0,0,0,0,118,249
170,85,3112,2939,2875,2957,4376,3041,2969,3028,0,0,0,0,0,0,0,0,0,0,0,0,0,0,0,0,0,0,0,0,0,0,0,0,0,0,0,179,249
170,85,3143,2921,2896,2933,4340,3020,3009,3028,0,0,0,0,0,0,0,0,0,0,0,0,0,0,0,0,0,0,0,0,0,0,0,0,0,0,0,197,249
170,85,3112,2955,2869,2963,4349,3007,2987,3032,0,0,0,0,0,0,0,0,0,0,0,0,0,0,0,0,0,0,0,0,0,0,0,0,0,0,0,215,249
170,85,3098,2936,2868,2930,4340,3020,3002,3032,0,0,0,0,0,0,0,0,0,0,0,0,0,0,0,0,0,0,0,0,0,0,0,0,0,0,0,157,248
170,85,3126,2962,2878,2931,4342,3018,2981,3013,0,0,0,0,0,0,0,0,0,0,0,0,0,0,0,0,0,0,0,0,0,0,0,0,0,0,0,86,249
170,85,3097,2928,2869,2932,4376,3040,2987,3033,0,0,0,0,0,0,0,0,0,0,0,0,0,0,0,0,0,0,0,0,0,0,0,0,0,0,0,64,248
170,85,3130,2923,2857,2940,4347,3013,3008,3018,0,0,0,0,0,0,0,0,0,0,0,0,0,0,0,0,0,0,0,0,0,0,0,0,0,0,0,211,249
170,85,3151,2934,2875,2941,4348,3010,2969,3007,0,0,0,0,0,0,0,0,0,0,0,0,0,0,0,0,0,0,0,0,0,0,0,0,0,0,0,132,249
170,85,3113,2934,2862,2950,4377,3020,2987,3018,0,0,0,0,0,0,0,0,0,0,0,0,0,0,0,0,0,0,0,0,0,0,0,0,0,0,0,161,249
170,85,3136,2920,2869,2964,4346,3057,2988,3039,0,0,0,0,0,0,0,0,0,0,0,0,0,0,0,0,0,0,0,0,0,0,0,0,0,0,0,18,249
170,85,3113,2922,2855,2972,4346,3019,2985,3019,0,0,0,0,0,0,0,0,0,0,0,0,0,0,0,0,0,0,0,0,0,0,0,0,0,0,0,72,249
170,85,3103,2939,2863,2963,4344,3019,2986,3035,0,0,0,0,0,0,0,0,0,0,0,0,0,0,0,0,0,0,0,0,0,0,0,0,0,0,0,121,249
170,85,3104,2954,2855,2925,4347,3019,2987,3000,0,0,0,0,0,0,0,0,0,0,0,0,0,0,0,0,0,0,0,0,0,0,0,0,0,0,0,32,249
170,85,3114,2934,2863,2943,4377,3017,2986,2999,0,0,0,0,0,0,0,0,0,0,0,0,0,0,0,0,0,0,0,0,0,0,0,0,0,0,0,35,249
170,85,3130,2954,2870,2958,4377,3021,2987,3041,0,0,0,0,0,0,0,0,0,0,0,0,0,0,0,0,0,0,0,0,0,0,0,0,0,0,0,116,249
170,85,3097,2950,2890,2937,4342,3021,2987,3034,0,0,0,0,0,0,0,0,0,0,0,0,0,0,0,0,0,0,0,0,0,0,0,0,0,0,0,5,249
170,85,3113,2960,2855,2932,4378,3002,3025,3018,0,0,0,0,0,0,0,0,0,0,0,0,0,0,0,0,0,0,0,0,0,0,0,0,0,0,0,179,249
170,85,3116,2960,2858,2959,4377,3019,2986,3014,0,0,0,0,0,0,0,0,0,0,0,0,0,0,0,0,0,0,0,0,0,0,0,0,0,0,0,69,249
170,85,3113,2922,2868,2963,4383,3035,2988,3012,0,0,0,0,0,0,0,0,0,0,0,0,0,0,0,0,0,0,0,0,0,0,0,0,0,0,0,170,248
170,85,3104,2934,2862,2943,4343,3056,2979,3034,0,0,0,0,0,0,0,0,0,0,0,0,0,0,0,0,0,0,0,0,0,0,0,0,0,0,0,154,246
170,85,3099,2954,2870,2951,4347,3042,2985,3040,0,0,0,0,0,0,0,0,0,0,0,0,0,0,0,0,0,0,0,0,0,0,0,0,0,0,0,147,248
170,85,3130,2954,2878,2940,4382,3018,3009,3000,0,0,0,0,0,0,0,0,0,0,0,0,0,0,0,0,0,0,0,0,0,0,0,0,0,0,0,189,248
170,85,3098,2938,2857,2958,4346,3007,2982,2992,0,0,0,0,0,0,0,0,0,0,0,0,0,0,0,0,0,0,0,0,0,0,0,0,0,0,0,119,248
170,85,3113,2923,2869,2977,4378,3020,2988,3039,0,0,0,0,0,0,0,0,0,0,0,0,0,0,0,0,0,0,0,0,0,0,0,0,0,0,0,145,249
170,85,3126,2921,2849,2963,4379,3019,3026,3041,0,0,0,0,0,0,0,0,0,0,0,0,0,0,0,0,0,0,0,0,0,0,0,0,0,0,0,236,249
170,85,3126,2968,2857,2931,4382,3013,3001,3014,0,0,0,0,0,0,0,0,0,0,0,0,0,0,0,0,0,0,0,0,0,0,0,0,0,0,0,178,249
170,85,3104,2922,2862,2935,4340,3019,2985,3020,0,0,0,0,0,0,0,0,0,0,0,0,0,0,0,0,0,0,0,0,0,0,0,0,0,0,0,170,247
170,85,3116,2961,2854,2933,4343,3019,3009,3041,0,0,0,0,0,0,0,0,0,0,0,0,0,0,0,0,0,0,0,0,0,0,0,0,0,0,0,17,247
170,85,3112,2940,2896,2978,4376,3008,2989,3015,0,0,0,0,0,0,0,0,0,0,0,0,0,0,0,0,0,0,0,0,0,0,0,0,0,0,0,246,247
170,85,3116,2956,2858,2937,4342,3019,2987,3029,0,0,0,0,0,0,0,0,0,0,0,0,0,0,0,0,0,0,0,0,0,0,0,0,0,0,0,83,246
170,85,3131,2939,2855,2950,4340,3021,3009,3012,0,0,0,0,0,0,0,0,0,0,0,0,0,0,0,0,0,0,0,0,0,0,0,0,0,0,0,62,246
170,85,3099,2933,2874,2973,4342,3018,3024,3020,0,0,0,0,0,0,0,0,0,0,0,0,0,0,0,0,0,0,0,0,0,0,0,0,0,0,0,10,246
170,85,3116,2950,2857,2963,4345,3057,2984,3002,0,0,0,0,0,0,0,0,0,0,0,0,0,0,0,0,0,0,0,0,0,0,0,0,0,0,0,233,247
170,85,3097,2939,2849,2949,4376,3020,3008,3019,0,0,0,0,0,0,0,0,0,0,0,0,0,0,0,0,0,0,0,0,0,0,0,0,0,0,0,251,247
170,85,3116,2939,2871,2961,4376,3017,2987,3041,0,0,0,0,0,0,0,0,0,0,0,0,0,0,0,0,0,0,0,0,0,0,0,0,0,0,0,136,247
170,85,3130,2968,2857,2932,4376,3018,2987,3042,0,0,0,0,0,0,0,0,0,0,0,0,0,0,0,0,0,0,0,0,0,0,0,0,0,0,0,134,247
170,85,3114,2928,2870,2949,4341,3020,3002,3017,0,0,0,0,0,0,0,0,0,0,0,0,0,0,0,0,0,0,0,0,0,0,0,0,0,0,0,64,248
170,85,3115,2920,2869,2944,4376,3019,3011,3040,0,0,0,0,0,0,0,0,0,0,0,0,0,0,0,0,0,0,0,0,0,0,0,0,0,0,0,228,248
170,85,3137,2935,2896,2967,4373,3057,3003,3018,0,0,0,0,0,0,0,0,0,0,0,0,0,0,0,0,0,0,0,0,0,0,0,0,0,0,0,134,249
170,85,3098,2922,2855,2980,4341,3019,2987,3019,0,0,0,0,0,0,0,0,0,0,0,0,0,0,0,0,0,0,0,0,0,0,0,0,0,0,0,78,250
170,85,3131,2938,2869,2934,4343,3007,2988,3033,0,0,0,0,0,0,0,0,0,0,0,0,0,0,0,0,0,0,0,0,0,0,0,0,0,0,0,220,249
170,85,3097,2955,2857,2948,4345,3019,2986,3012,0,0,0,0,0,0,0,0,0,0,0,0,0,0,0,0,0,0,0,0,0,0,0,0,0,0,0,128,249
170,85,3115,2939,2857,2952,4381,3020,2981,3012,0,0,0,0,0,0,0,0,0,0,0,0,0,0,0,0,0,0,0,0,0,0,0,0,0,0,0,163,249
170,85,3154,2938,2858,2944,4339,3020,2969,3016,0,0,0,0,0,0,0,0,0,0,0,0,0,0,0,0,0,0,0,0,0,0,0,0,0,0,0,15,249
170,85,3113,2939,2870,2968,4345,3007,2976,2989,0,0,0,0,0,0,0,0,0,0,0,0,0,0,0,0,0,0,0,0,0,0,0,0,0,0,0,84,248
170,85,3143,2955,2855,2959,4340,3008,3009,3012,0,0,0,0,0,0,0,0,0,0,0,0,0,0,0,0,0,0,0,0,0,0,0,0,0,0,0,182,249
170,85,3104,2938,2875,2946,4340,3010,2982,3009,0,0,0,0,0,0,0,0,0,0,0,0,0,0,0,0,0,0,0,0,0,0,0,0,0,0,0,81,249
170,85,3145,2961,2865,2948,4340,3012,2986,3035,0,0,0,0,0,0,0,0,0,0,0,0,0,0,0,0,0,0,0,0,0,0,0,0,0,0,0,207,249
170,85,3113,2966,2864,2948,4338,3033,3024,3007,0,0,0,0,0,0,0,0,0,0,0,0,0,0,0,0,0,0,0,0,0,0,0,0,0,0,0,172,249
170,85,3145,2938,2863,2959,4375,3033,2969,3018,0,0,0,0,0,0,0,0,0,0,0,0,0,0,0,0,0,0,0,0,0,0,0,0,0,0,0,236,248
170,85,3104,2954,2870,2971,4332,3017,3002,3017,0,0,0,0,0,0,0,0,0,0,0,0,0,0,0,0,0,0,0,0,0,0,0,0,0,0,0,178,248
170,85,3114,2944,2863,2963,4379,3024,3024,3041,0,0,0,0,0,0,0,0,0,0,0,0,0,0,0,0,0,0,0,0,0,0,0,0,0,0,0,14,249
170,85,3132,2945,2870,2944,4342,3017,2986,3010,0,0,0,0,0,0,0,0,0,0,0,0,0,0,0,0,0,0,0,0,0,0,0,0,0,0,0,191,247
170,85,3137,2930,2855,2962,4374,3018,3008,3001,0,0,0,0,0,0,0,0,0,0,0,0,0,0,0,0,0,0,0,0,0,0,0,0,0,0,0,193,247
170,85,3137,2923,2869,2975,4338,3020,2985,3002,0,0,0,0,0,0,0,0,0,0,0,0,0,0,0,0,0,0,0,0,0,0,0,0,0,0,0,78,248
170,85,3138,2923,2876,2951,4342,3017,2981,3034,0,0,0,0,0,0,0,0,0,0,0,0,0,0,0,0,0,0,0,0,0,0,0,0,0,0,0,49,249
170,85,3112,2939,2871,2971,4344,3000,2988,3034,0,0,0,0,0,0,0,0,0,0,0,0,0,0,0,0,0,0,0,0,0,0,0,0,0,0,0,42,249
170,85,3116,2954,2896,2976,4368,3057,2987,3019,0,0,0,0,0,0,0,0,0,0,0,0,0,0,0,0,0,0,0,0,0,0,0,0,0,0,0,53,249
170,85,3131,2952,2858,2934,4336,3007,2988,3034,0,0,0,0,0,0,0,0,0,0,0,0,0,0,0,0,0,0,0,0,0,0,0,0,0,0,0,53,249
170,85,3115,2922,2870,2950,4367,3015,2986,3057,0,0,0,0,0,0,0,0,0,0,0,0,0,0,0,0,0,0,0,0,0,0,0,0,0,0,0,128,249
170,85,3131,2924,2863,2965,4377,3018,2994,3013,0,0,0,0,0,0,0,0,0,0,0,0,0,0,0,0,0,0,0,0,0,0,0,0,0,0,0,171,249
170,85,3118,2930,2890,2951,4372,3035,2987,3029,0,0,0,0,0,0,0,0,0,0,0,0,0,0,0,0,0,0,0,0,0,0,0,0,0,0,0,194,249
170,85,3105,2930,2870,2951,4374,3008,2975,3040,0,0,0,0,0,0,0,0,0,0,0,0,0,0,0,0,0,0,0,0,0,0,0,0,0,0,0,169,249
170,85,3137,2922,2858,2947,4335,3019,2988,3007,0,0,0,0,0,0,0,0,0,0,0,0,0,0,0,0,0,0,0,0,0,0,0,0,0,0,0,86,249
170,85,3131,2955,2863,2948,4331,3047,3001,3013,0,0,0,0,0,0,0,0,0,0,0,0,0,0,0,0,0,0,0,0,0,0,0,0,0,0,0,136,249
170,85,3098,2939,2891,2974,4373,3019,2988,3021,0,0,0,0,0,0,0,0,0,0,0,0,0,0,0,0,0,0,0,0,0,0,0,0,0,0,0,233,249
170,85,3131,2939,2871,2969,4369,3019,3010,3020,0,0,0,0,0,0,0,0,0,0,0,0,0,0,0,0,0,0,0,0,0,0,0,0,0,0,0,216,249
170,85,3098,2955,2870,2942,4333,3018,2982,3008,0,0,0,0,0,0,0,0,0,0,0,0,0,0,0,0,0,0,0,0,0,0,0,0,0,0,0,123,249
170,85,3133,2934,2869,2977,4336,3020,3001,3017,0,0,0,0,0,0,0,0,0,0,0,0,0,0,0,0,0,0,0,0,0,0,0,0,0,0,0,112,249
170,85,3116,2921,2858,2943,4372,3020,3003,3032,0,0,0,0,0,0,0,0,0,0,0,0,0,0,0,0,0,0,0,0,0,0,0,0,0,0,0,73,249
170,85,3112,2935,2869,2949,4337,3002,2986,3019,0,0,0,0,0,0,0,0,0,0,0,0,0,0,0,0,0,0,0,0,0,0,0,0,0,0,0,38,249
170,85,3116,2923,2855,2945,4376,3024,2987,3020,0,0,0,0,0,0,0,0,0,0,0,0,0,0,0,0,0,0,0,0,0,0,0,0,0,0,0,172,249
170,85,3155,2962,2890,2950,4339,3020,2987,2991,0,0,0,0,0,0,0,0,0,0,0,0,0,0,0,0,0,0,0,0,0,0,0,0,0,0,0,213,249
170,85,3114,2928,2857,2959,4334,3016,3009,3002,0,0,0,0,0,0,0,0,0,0,0,0,0,0,0,0,0,0,0,0,0,0,0,0,0,0,0,66,249
170,85,3126,2934,2869,2949,4368,3034,3001,3041,0,0,0,0,0,0,0,0,0,0,0,0,0,0,0,0,0,0,0,0,0,0,0,0,0,0,0,128,249
170,85,3114,2923,2870,2947,4344,3023,2975,3020,0,0,0,0,0,0,0,0,0,0,0,0,0,0,0,0,0,0,0,0,0,0,0,0,0,0,0,115,249
170,85,3118,2934,2858,2977,4339,3018,3001,3022,0,0,0,0,0,0,0,0,0,0,0,0,0,0,0,0,0,0,0,0,0,0,0,0,0,0,0,126,249
170,85,3098,2921,2857,2931,4373,3018,2980,2991,0,0,0,0,0,0,0,0,0,0,0,0,0,0,0,0,0,0,0,0,0,0,0,0,0,0,0,31,249
170,85,3132,2928,2855,2973,4377,3035,2984,2993,0,0,0,0,0,0,0,0,0,0,0,0,0,0,0,0,0,0,0,0,0,0,0,0,0,0,0,207,249
170,85,3144,2934,2869,2948,4337,3019,3009,3038,0,0,0,0,0,0,0,0,0,0,0,0,0,0,0,0,0,0,0,0,0,0,0,0,0,0,0,73,249
170,85,3100,2937,2856,2944,4342,3048,2988,3019,0,0,0,0,0,0,0,0,0,0,0,0,0,0,0,0,0,0,0,0,0,0,0,0,0,0,0,87,249
170,85,3116,2951,2857,2933,4369,3019,2981,3007,0,0,0,0,0,0,0,0,0,0,0,0,0,0,0,0,0,0,0,0,0,0,0,0,0,0,0,213,249
170,85,3117,2939,2855,2949,4334,3018,2980,3018,0,0,0,0,0,0,0,0,0,0,0,0,0,0,0,0,0,0,0,0,0,0,0,0,0,0,0,93,249
170,85,3140,2954,2856,2963,4337,3017,3026,3033,0,0,0,0,0,0,0,0,0,0,0,0,0,0,0,0,0,0,0,0,0,0,0,0,0,0,0,165,249
170,85,3132,2952,2865,2965,4344,3042,2987,3022,0,0,0,0,0,0,0,0,0,0,0,0,0,0,0,0,0,0,0,0,0,0,0,0,0,0,0,140,249
170,85,3117,2951,2870,2948,4367,3019,2986,3019,0,0,0,0,0,0,0,0,0,0,0,0,0,0,0,0,0,0,0,0,0,0,0,0,0,0,0,95,249
170,85,3116,2941,2870,2954,4346,3020,2976,3019,0,0,0,0,0,0,0,0,0,0,0,0,0,0,0,0,0,0,0,0,0,0,0,0,0,0,0,83,249
170,85,3104,2939,2856,2979,4339,3023,2981,3017,0,0,0,0,0,0,0,0,0,0,0,0,0,0,0,0,0,0,0,0,0,0,0,0,0,0,0,99,249
170,85,3139,2950,2870,2981,4377,3007,2975,3034,0,0,0,0,0,0,0,0,0,0,0,0,0,0,0,0,0,0,0,0,0,0,0,0,0,0,0,87,249
170,85,3115,2934,2869,2964,4377,3018,2988,3040,0,0,0,0,0,0,0,0,0,0,0,0,0,0,0,0,0,0,0,0,0,0,0,0,0,0,0,129,249
170,85,3115,2970,2860,2973,4339,3017,2981,3028,0,0,0,0,0,0,0,0,0,0,0,0,0,0,0,0,0,0,0,0,0,0,0,0,0,0,0,168,249
170,85,3131,2935,2891,2944,4340,3031,3002,3017,0,0,0,0,0,0,0,0,0,0,0,0,0,0,0,0,0,0,0,0,0,0,0,0,0,0,0,52,249
170,85,3116,2969,2870,2965,4374,3020,2987,3017,0,0,0,0,0,0,0,0,0,0,0,0,0,0,0,0,0,0,0,0,0,0,0,0,0,0,0,76,249
170,85,3115,2923,2864,2949,4344,3019,2987,3040,0,0,0,0,0,0,0,0,0,0,0,0,0,0,0,0,0,0,0,0,0,0,0,0,0,0,0,110,249
170,85,3146,2939,2869,2949,4352,3030,2988,3018,0,0,0,0,0,0,0,0,0,0,0,0,0,0,0,0,0,0,0,0,0,0,0,0,0,0,0,211,249
170,85,3115,2964,2856,2940,4375,3019,2980,3029,0,0,0,0,0,0,0,0,0,0,0,0,0,0,0,0,0,0,0,0,0,0,0,0,0,0,0,164,249
170,85,3106,2926,2871,2944,4376,3007,2998,3018,0,0,0,0,0,0,0,0,0,0,0,0,0,0,0,0,0,0,0,0,0,0,0,0,0,0,0,194,249
170,85,3099,2935,2864,2972,4377,3057,2985,3017,0,0,0,0,0,0,0,0,0,0,0,0,0,0,0,0,0,0,0,0,0,0,0,0,0,0,0,170,249
170,85,3131,2935,2864,2943,4341,3019,3001,3018,0,0,0,0,0,0,0,0,0,0,0,0,0,0,0,0,0,0,0,0,0,0,0,0,0,0,0,173,249
170,85,3153,2939,2870,2960,4378,3002,3002,3007,0,0,0,0,0,0,0,0,0,0,0,0,0,0,0,0,0,0,0,0,0,0,0,0,0,0,0,203,249
170,85,3129,2936,2858,2950,4340,3019,2981,3020,0,0,0,0,0,0,0,0,0,0,0,0,0,0,0,0,0,0,0,0,0,0,0,0,0,0,0,88,249
170,85,3115,2935,2858,2950,4344,3020,2982,3041,0,0,0,0,0,0,0,0,0,0,0,0,0,0,0,0,0,0,0,0,0,0,0,0,0,0,0,96,249
170,85,3116,2962,2856,2945,4342,3019,3024,3018,0,0,0,0,0,0,0,0,0,0,0,0,0,0,0,0,0,0,0,0,0,0,0,0,0,0,0,211,249
170,85,3115,2964,2869,2952,4346,3018,3003,3006,0,0,0,0,0,0,0,0,0,0,0,0,0,0,0,0,0,0,0,0,0,0,0,0,0,0,0,212,249
170,85,3114,2939,2879,2973,4340,3008,2971,3033,0,0,0,0,0,0,0,0,0,0,0,0,0,0,0,0,0,0,0,0,0,0,0,0,0,0,0,102,249
170,85,3116,2941,2876,2933,4344,3018,3001,3057,0,0,0,0,0,0,0,0,0,0,0,0,0,0,0,0,0,0,0,0,0,0,0,0,0,0,0,129,249
170,85,3115,2939,2871,2972,4344,3020,3003,3019,0,0,0,0,0,0,0,0,0,0,0,0,0,0,0,0,0,0,0,0,0,0,0,0,0,0,0,92,249
170,85,3117,2962,2856,2949,4345,3019,2989,3001,0,0,0,0,0,0,0,0,0,0,0,0,0,0,0,0,0,0,0,0,0,0,0,0,0,0,0,215,249
170,85,3131,2924,2863,2944,4382,3021,2987,3041,0,0,0,0,0,0,0,0,0,0,0,0,0,0,0,0,0,0,0,0,0,0,0,0,0,0,0,131,249
170,85,3118,2930,2869,2961,4373,3005,3012,3002,0,0,0,0,0,0,0,0,0,0,0,0,0,0,0,0,0,0,0,0,0,0,0,0,0,0,0,204,249
170,85,3116,2969,2864,2952,4347,3058,3003,3021,0,0,0,0,0,0,0,0,0,0,0,0,0,0,0,0,0,0,0,0,0,0,0,0,0,0,0,145,249
170,85,3116,2940,2858,2948,4352,3032,2987,3018,0,0,0,0,0,0,0,0,0,0,0,0,0,0,0,0,0,0,0,0,0,0,0,0,0,0,0,165,249
170,85,3139,2924,2871,2965,4383,3058,2989,3019,0,0,0,0,0,0,0,0,0,0,0,0,0,0,0,0,0,0,0,0,0,0,0,0,0,0,0,228,249
170,85,3117,2935,2855,2949,4382,3019,3023,3020,0,0,0,0,0,0,0,0,0,0,0,0,0,0,0,0,0,0,0,0,0,0,0,0,0,0,0,204,249
170,85,3115,2940,2863,2943,4344,3019,2999,3031,0,0,0,0,0,0,0,0,0,0,0,0,0,0,0,0,0,0,0,0,0,0,0,0,0,0,0,183,249
170,85,3115,2930,2897,2979,4351,3007,3001,3018,0,0,0,0,0,0,0,0,0,0,0,0,0,0,0,0,0,0,0,0,0,0,0,0,0,0,0,123,249
170,85,3131,2941,2869,2953,4374,3020,3008,3040,0,0,0,0,0,0,0,0,0,0,0,0,0,0,0,0,0,0,0,0,0,0,0,0,0,0,0,226,249
170,85,3116,2936,2851,2949,4374,3003,2987,3019,0,0,0,0,0,0,0,0,0,0,0,0,0,0,0,0,0,0,0,0,0,0,0,0,0,0,0,221,249
170,85,3113,2935,2871,2934,4341,3022,2986,3029,0,0,0,0,0,0,0,0,0,0,0,0,0,0,0,0,0,0,0,0,0,0,0,0,0,0,0,184,249
170,85,3114,2940,2871,2935,4341,3030,2989,3017,0,0,0,0,0,0,0,0,0,0,0,0,0,0,0,0,0,0,0,0,0,0,0,0,0,0,0,178,249
170,85,3114,2962,2871,2973,4374,3020,2987,3018,0,0,0,0,0,0,0,0,0,0,0,0,0,0,0,0,0,0,0,0,0,0,0,0,0,0,0,75,249
170,85,3139,2961,2875,2940,4380,3048,2980,3016,0,0,0,0,0,0,0,0,0,0,0,0,0,0,0,0,0,0,0,0,0,0,0,0,0,0,0,239,249
170,85,3132,2963,2864,2973,4340,3020,3001,3047,0,0,0,0,0,0,0,0,0,0,0,0,0,0,0,0,0,0,0,0,0,0,0,0,0,0,0,135,249
170,85,3098,2924,2871,2931,4373,3001,2985,3036,0,0,0,0,0,0,0,0,0,0,0,0,0,0,0,0,0,0,0,0,0,0,0,0,0,0,0,9,249
170,85,3099,2941,2851,2978,4373,3007,2986,3001,0,0,0,0,0,0,0,0,0,0,0,0,0,0,0,0,0,0,0,0,0,0,0,0,0,0,0,188,249
170,85,3119,2956,2857,2967,4370,3006,2987,3019,0,0,0,0,0,0,0,0,0,0,0,0,0,0,0,0,0,0,0,0,0,0,0,0,0,0,0,51,249
170,85,3145,2970,2859,2950,4331,3018,2975,3024,0,0,0,0,0,0,0,0,0,0,0,0,0,0,0,0,0,0,0,0,0,0,0,0,0,0,0,243,249
170,85,3116,2957,2869,2982,4330,3042,2986,3020,0,0,0,0,0,0,0,0,0,0,0,0,0,0,0,0,0,0,0,0,0,0,0,0,0,0,0,191,249
170,85,3132,2940,2866,2972,4344,3020,2985,3009,0,0,0,0,0,0,0,0,0,0,0,0,0,0,0,0,0,0,0,0,0,0,0,0,0,0,0,81,249
170,85,3105,2970,2871,2948,4366,3022,2987,3019,0,0,0,0,0,0,0,0,0,0,0,0,0,0,0,0,0,0,0,0,0,0,0,0,0,0,0,74,249
170,85,3100,2956,2857,2969,4366,3019,2987,3035,0,0,0,0,0,0,0,0,0,0,0,0,0,0,0,0,0,0,0,0,0,0,0,0,0,0,0,119,249
170,85,3132,2935,2897,2952,4333,3018,3004,3018,0,0,0,0,0,0,0,0,0,0,0,0,0,0,0,0,0,0,0,0,0,0,0,0,0,0,0,32,249
170,85,3105,2935,2870,2951,4364,3011,2986,3007,0,0,0,0,0,0,0,0,0,0,0,0,0,0,0,0,0,0,0,0,0,0,0,0,0,0,0,223,249
170,85,3147,2962,2857,2950,4335,3008,2987,3017,0,0,0,0,0,0,0,0,0,0,0,0,0,0,0,0,0,0,0,0,0,0,0,0,0,0,0,216,249
170,85,3132,2931,2856,2944,4372,3021,2977,3018,0,0,0,0,0,0,0,0,0,0,0,0,0,0,0,0,0,0,0,0,0,0,0,0,0,0,0,183,249
170,85,3140,2940,2862,2974,4334,3009,2988,2999,0,0,0,0,0,0,0,0,0,0,0,0,0,0,0,0,0,0,0,0,0,0,0,0,0,0,0,95,249
170,85,3133,2924,2865,2970,4362,3019,2986,2996,0,0,0,0,0,0,0,0,0,0,0,0,0,0,0,0,0,0,0,0,0,0,0,0,0,0,0,199,249
170,85,3117,2935,2869,2963,4342,3018,3003,3020,0,0,0,0,0,0,0,0,0,0,0,0,0,0,0,0,0,0,0,0,0,0,0,0,0,0,0,84,249
170,85,3116,2941,2852,2967,4344,3021,3010,3035,0,0,0,0,0,0,0,0,0,0,0,0,0,0,0,0,0,0,0,0,0,0,0,0,0,0,0,45,249
170,85,3101,2955,2864,2966,4338,3018,2999,3018,0,0,0,0,0,0,0,0,0,0,0,0,0,0,0,0,0,0,0,0,0,0,0,0,0,0,0,150,249
170,85,3134,2940,2880,2966,4380,3020,2978,3010,0,0,0,0,0,0,0,0,0,0,0,0,0,0,0,0,0,0,0,0,0,0,0,0,0,0,0,198,249
170,85,3133,2937,2858,2949,4339,3033,2971,3023,0,0,0,0,0,0,0,0,0,0,0,0,0,0,0,0,0,0,0,0,0,0,0,0,0,0,0,118,249
170,85,3115,2936,2856,2977,4375,3043,2989,3019,0,0,0,0,0,0,0,0,0,0,0,0,0,0,0,0,0,0,0,0,0,0,0,0,0,0,0,170,249
170,85,3133,2922,2870,2951,4380,3020,2970,3000,0,0,0,0,0,0,0,0,0,0,0,0,0,0,0,0,0,0,0,0,0,0,0,0,0,0,0,246,249
170,85,3117,2923,2865,2972,4339,3019,2999,3008,0,0,0,0,0,0,0,0,0,0,0,0,0,0,0,0,0,0,0,0,0,0,0,0,0,0,0,71,249
170,85,3099,2931,2869,2982,4373,3022,3009,3003,0,0,0,0,0,0,0,0,0,0,0,0,0,0,0,0,0,0,0,0,0,0,0,0,0,0,0,184,249
170,85,3113,2925,2857,2948,4381,3017,3025,3048,0,0,0,0,0,0,0,0,0,0,0,0,0,0,0,0,0,0,0,0,0,0,0,0,0,0,0,230,249
170,85,3114,2963,2851,2945,4346,3006,2970,3009,0,0,0,0,0,0,0,0,0,0,0,0,0,0,0,0,0,0,0,0,0,0,0,0,0,0,0,231,249
170,85,3117,2956,2871,2933,4380,3020,2970,2985,0,0,0,0,0,0,0,0,0,0,0,0,0,0,0,0,0,0,0,0,0,0,0,0,0,0,0,226,249
170,85,3116,2925,2869,2960,4381,3022,2989,3031,0,0,0,0,0,0,0,0,0,0,0,0,0,0,0,0,0,0,0,0,0,0,0,0,0,0,0,175,249
170,85,3132,2941,2869,2934,4340,3036,2984,3007,0,0,0,0,0,0,0,0,0,0,0,0,0,0,0,0,0,0,0,0,0,0,0,0,0,0,0,222,249
170,85,3105,2936,2891,2975,4334,3018,2970,3002,0,0,0,0,0,0,0,0,0,0,0,0,0,0,0,0,0,0,0,0,0,0,0,0,0,0,0,106,249
170,85,3098,2940,2892,2966,4333,3018,3025,3036,0,0,0,0,0,0,0,0,0,0,0,0,0,0,0,0,0,0,0,0,0,0,0,0,0,0,0,117,249
170,85,3114,2940,2880,2936,4333,3042,2987,3008,0,0,0,0,0,0,0,0,0,0,0,0,0,0,0,0,0,0,0,0,0,0,0,0,0,0,0,233,249
170,85,3115,2924,2870,2973,4337,3030,3007,3009,0,0,0,0,0,0,0,0,0,0,0,0,0,0,0,0,0,0,0,0,0,0,0,0,0,0,0,86,249
170,85,3116,2941,2870,2933,4365,3041,2998,3043,0,0,0,0,0,0,0,0,0,0,0,0,0,0,0,0,0,0,0,0,0,0,0,0,0,0,0,73,249
170,85,3118,2942,2876,2942,4340,3034,2988,3029,0,0,0,0,0,0,0,0,0,0,0,0,0,0,0,0,0,0,0,0,0,0,0,0,0,0,0,166,249
170,85,3105,2922,2863,2942,4332,3009,2988,3008,0,0,0,0,0,0,0,0,0,0,0,0,0,0,0,0,0,0,0,0,0,0,0,0,0,0,0,184,249
170,85,3139,2936,2870,2933,4372,3030,2988,3021,0,0,0,0,0,0,0,0,0,0,0,0,0,0,0,0,0,0,0,0,0,0,0,0,0,0,0,57,249
170,85,3146,2930,2857,2971,4372,3019,2982,3008,0,0,0,0,0,0,0,0,0,0,0,0,0,0,0,0,0,0,0,0,0,0,0,0,0,0,0,209,249
170,85,3131,2958,2864,2948,4343,3041,3024,3019,0,0,0,0,0,0,0,0,0,0,0,0,0,0,0,0,0,0,0,0,0,0,0,0,0,0,0,239,249
170,85,3115,2940,2871,2946,4336,3018,2970,3017,0,0,0,0,0,0,0,0,0,0,0,0,0,0,0,0,0,0,0,0,0,0,0,0,0,0,0,104,249
170,85,3099,2939,2880,2967,4375,3020,2979,3000,0,0,0,0,0,0,0,0,0,0,0,0,0,0,0,0,0,0,0,0,0,0,0,0,0,0,0,149,249
170,85,3100,2939,2856,2971,4338,3043,2987,2998,0,0,0,0,0,0,0,0,0,0,0,0,0,0,0,0,0,0,0,0,0,0,0,0,0,0,0,59,249
170,85,3133,2940,2864,2948,4373,3021,2988,2997,0,0,0,0,0,0,0,0,0,0,0,0,0,0,0,0,0,0,0,0,0,0,0,0,0,0,0,214,249
170,85,3116,2969,2870,2966,4338,3035,2987,3011,0,0,0,0,0,0,0,0,0,0,0,0,0,0,0,0,0,0,0,0,0,0,0,0,0,0,0,183,249
170,85,3116,2956,2865,2960,4332,3017,2989,3022,0,0,0,0,0,0,0,0,0,0,0,0,0,0,0,0,0,0,0,0,0,0,0,0,0,0,0,164,249
170,85,3118,2963,2870,2948,4342,3022,2971,2993,0,0,0,0,0,0,0,0,0,0,0,0,0,0,0,0,0,0,0,0,0,0,0,0,0,0,0,254,249
170,85,3118,2940,2851,2950,4338,3016,3010,3003,0,0,0,0,0,0,0,0,0,0,0,0,0,0,0,0,0,0,0,0,0,0,0,0,0,0,0,87,249
170,85,3117,2940,2873,2948,4373,3018,2986,3015,0,0,0,0,0,0,0,0,0,0,0,0,0,0,0,0,0,0,0,0,0,0,0,0,0,0,0,188,249
170,85,3133,2924,2857,2968,4344,3020,2987,3000,0,0,0,0,0,0,0,0,0,0,0,0,0,0,0,0,0,0,0,0,0,0,0,0,0,0,0,36,249
170,85,3115,2937,2864,2971,4366,3019,2987,3006,0,0,0,0,0,0,0,0,0,0,0,0,0,0,0,0,0,0,0,0,0,0,0,0,0,0,0,203,249
170,85,3118,2941,2864,2933,4338,3018,2989,2998,0,0,0,0,0,0,0,0,0,0,0,0,0,0,0,0,0,0,0,0,0,0,0,0,0,0,0,214,249
170,85,3156,2965,2876,2966,4367,3043,2982,3017,0,0,0,0,0,0,0,0,0,0,0,0,0,0,0,0,0,0,0,0,0,0,0,0,0,0,0,10,249
170,85,3118,2951,2864,2964,4372,3026,2987,3020,0,0,0,0,0,0,0,0,0,0,0,0,0,0,0,0,0,0,0,0,0,0,0,0,0,0,0,78,249
170,85,3139,2957,2857,2945,4340,3048,2970,3020,0,0,0,0,0,0,0,0,0,0,0,0,0,0,0,0,0,0,0,0,0,0,0,0,0,0,0,207,249
170,85,3115,2969,2856,2949,4372,3006,2986,3020,0,0,0,0,0,0,0,0,0,0,0,0,0,0,0,0,0,0,0,0,0,0,0,0,0,0,0,49,249
170,85,3117,2940,2857,2974,4371,3016,2986,3041,0,0,0,0,0,0,0,0,0,0,0,0,0,0,0,0,0,0,0,0,0,0,0,0,0,0,0,148,249
170,85,3146,2923,2850,2967,4377,3017,2980,3020,0,0,0,0,0,0,0,0,0,0,0,0,0,0,0,0,0,0,0,0,0,0,0,0,0,0,0,206,249
170,85,3132,2922,2891,2972,4368,3019,3003,3035,0,0,0,0,0,0,0,0,0,0,0,0,0,0,0,0,0,0,0,0,0,0,0,0,0,0,0,216,249
170,85,3116,2936,2850,2936,4368,3019,2986,3002,0,0,0,0,0,0,0,0,0,0,0,0,0,0,0,0,0,0,0,0,0,0,0,0,0,0,0,39,249
170,85,3100,2930,2863,2972,4334,3031,2989,3034,0,0,0,0,0,0,0,0,0,0,0,0,0,0,0,0,0,0,0,0,0,0,0,0,0,0,0,112,249
170,85,3138,2928,2872,2935,4377,3020,2986,3000,0,0,0,0,0,0,0,0,0,0,0,0,0,0,0,0,0,0,0,0,0,0,0,0,0,0,0,88,249
170,85,3133,2924,2877,2942,4339,3020,2987,3019,0,0,0,0,0,0,0,0,0,0,0,0,0,0,0,0,0,0,0,0,0,0,0,0,0,0,0,174,249
170,85,3118,2955,2870,2972,4337,3022,2988,3002,0,0,0,0,0,0,0,0,0,0,0,0,0,0,0,0,0,0,0,0,0,0,0,0,0,0,0,197,249
170,85,3099,2939,2857,2949,4339,3022,3010,3028,0,0,0,0,0,0,0,0,0,0,0,0,0,0,0,0,0,0,0,0,0,0,0,0,0,0,0,4,249
170,85,3117,2963,2858,2946,4331,3017,3012,3012,0,0,0,0,0,0,0,0,0,0,0,0,0,0,0,0,0,0,0,0,0,0,0,0,0,0,0,215,249
170,85,3105,2940,2872,2948,4340,3018,3009,3035,0,0,0,0,0,0,0,0,0,0,0,0,0,0,0,0,0,0,0,0,0,0,0,0,0,0,0,38,249
170,85,3099,2952,2857,2978,4372,3002,3009,3019,0,0,0,0,0,0,0,0,0,0,0,0,0,0,0,0,0,0,0,0,0,0,0,0,0,0,0,94,249
170,85,3132,2941,2850,2951,4367,3020,3009,3003,0,0,0,0,0,0,0,0,0,0,0,0,0,0,0,0,0,0,0,0,0,0,0,0,0,0,0,191,249
170,85,3105,2940,2864,2967,4368,3018,3007,3019,0,0,0,0,0,0,0,0,0,0,0,0,0,0,0,0,0,0,0,0,0,0,0,0,0,0,0,182,249
170,85,3115,2965,2880,2963,4341,3020,3002,3018,0,0,0,0,0,0,0,0,0,0,0,0,0,0,0,0,0,0,0,0,0,0,0,0,0,0,0,199,249
170,85,3118,2962,2898,2964,4367,3030,3009,3019,0,0,0,0,0,0,0,0,0,0,0,0,0,0,0,0,0,0,0,0,0,0,0,0,0,0,0,75,249
170,85,3134,2941,2850,2951,4367,3002,2976,3008,0,0,0,0,0,0,0,0,0,0,0,0,0,0,0,0,0,0,0,0,0,0,0,0,0,0,0,209,249
170,85,3128,2923,2864,2972,4348,3019,2988,3029,0,0,0,0,0,0,0,0,0,0,0,0,0,0,0,0,0,0,0,0,0,0,0,0,0,0,0,82,249
170,85,3105,2943,2858,2972,4367,3002,2970,3008,0,0,0,0,0,0,0,0,0,0,0,0,0,0,0,0,0,0,0,0,0,0,0,0,0,0,0,229,249
170,85,3146,2941,2851,2964,4381,3023,2987,3002,0,0,0,0,0,0,0,0,0,0,0,0,0,0,0,0,0,0,0,0,0,0,0,0,0,0,0,161,249
170,85,3115,2936,2869,2976,4368,3009,2981,3010,0,0,0,0,0,0,0,0,0,0,0,0,0,0,0,0,0,0,0,0,0,0,0,0,0,0,0,146,249
170,85,3119,2924,2871,2971,4368,3019,2986,2995,0,0,0,0,0,0,0,0,0,0,0,0,0,0,0,0,0,0,0,0,0,0,0,0,0,0,0,207,249
170,85,3117,2936,2876,2937,4348,3019,2988,3042,0,0,0,0,0,0,0,0,0,0,0,0,0,0,0,0,0,0,0,0,0,0,0,0,0,0,0,138,249
170,85,3156,2957,2865,2964,4373,3021,2990,3007,0,0,0,0,0,0,0,0,0,0,0,0,0,0,0,0,0,0,0,0,0,0,0,0,0,0,0,87,249
170,85,3100,2956,2864,2948,4373,3020,2998,3001,0,0,0,0,0,0,0,0,0,0,0,0,0,0,0,0,0,0,0,0,0,0,0,0,0,0,0,16,249
170,85,3133,2936,2864,2950,4339,3022,2982,3010,0,0,0,0,0,0,0,0,0,0,0,0,0,0,0,0,0,0,0,0,0,0,0,0,0,0,0,73,249
170,85,3146,2956,2871,2933,4373,3058,2981,3017,0,0,0,0,0,0,0,0,0,0,0,0,0,0,0,0,0,0,0,0,0,0,0,0,0,0,0,237,249
170,85,3098,2942,2872,2951,4334,3042,3015,3024,0,0,0,0,0,0,0,0,0,0,0,0,0,0,0,0,0,0,0,0,0,0,0,0,0,0,0,35,249
170,85,3105,2941,2878,2948,4342,3019,2988,3008,0,0,0,0,0,0,0,0,0,0,0,0,0,0,0,0,0,0,0,0,0,0,0,0,0,0,0,84,249
170,85,3114,2925,2857,2964,4340,3044,2988,3036,0,0,0,0,0,0,0,0,0,0,0,0,0,0,0,0,0,0,0,0,0,0,0,0,0,0,0,121,248
170,85,3117,2936,2864,2946,4337,3019,2989,3019,0,0,0,0,0,0,0,0,0,0,0,0,0,0,0,0,0,0,0,0,0,0,0,0,0,0,0,88,249
170,85,3127,2927,2858,2935,4340,3009,2970,3001,0,0,0,0,0,0,0,0,0,0,0,0,0,0,0,0,0,0,0,0,0,0,0,0,0,0,0,240,249
170,85,3113,2925,2861,2944,4337,3031,2971,3000,0,0,0,0,0,0,0,0,0,0,0,0,0,0,0,0,0,0,0,0,0,0,0,0,0,0,0,15,249
170,85,3099,2936,2856,2937,4342,3019,3012,3018,0,0,0,0,0,0,0,0,0,0,0,0,0,0,0,0,0,0,0,0,0,0,0,0,0,0,0,226,248
170,85,3105,2924,2864,2950,4373,3008,2988,3024,0,0,0,0,0,0,0,0,0,0,0,0,0,0,0,0,0,0,0,0,0,0,0,0,0,0,0,176,249
170,85,3117,2942,2870,2945,4380,3037,2974,3008,0,0,0,0,0,0,0,0,0,0,0,0,0,0,0,0,0,0,0,0,0,0,0,0,0,0,0,153,249
170,85,3100,2964,2873,2972,4381,3043,2989,3018,0,0,0,0,0,0,0,0,0,0,0,0,0,0,0,0,0,0,0,0,0,0,0,0,0,0,0,86,249
170,85,3146,2963,2880,2933,4374,3018,3011,3020,0,0,0,0,0,0,0,0,0,0,0,0,0,0,0,0,0,0,0,0,0,0,0,0,0,0,0,221,249
170,85,3115,2940,2872,2940,4339,3022,2986,3013,0,0,0,0,0,0,0,0,0,0,0,0,0,0,0,0,0,0,0,0,0,0,0,0,0,0,0,162,249
170,85,3114,2924,2864,2951,4373,3020,3011,3019,0,0,0,0,0,0,0,0,0,0,0,0,0,0,0,0,0,0,0,0,0,0,0,0,0,0,0,194,249
170,85,3131,2942,2857,2961,4343,3021,2988,2992,0,0,0,0,0,0,0,0,0,0,0,0,0,0,0,0,0,0,0,0,0,0,0,0,0,0,0,56,249
170,85,3100,2952,2880,2965,4379,3022,2999,3042,0,0,0,0,0,0,0,0,0,0,0,0,0,0,0,0,0,0,0,0,0,0,0,0,0,0,0,35,248
170,85,3117,2947,2858,2954,4372,3021,2999,3019,0,0,0,0,0,0,0,0,0,0,0,0,0,0,0,0,0,0,0,0,0,0,0,0,0,0,0,73,248
170,85,3133,2922,2856,2944,4339,3021,3000,3014,0,0,0,0,0,0,0,0,0,0,0,0,0,0,0,0,0,0,0,0,0,0,0,0,0,0,0,92,249
170,85,3118,2924,2856,2950,4375,3049,2988,3010,0,0,0,0,0,0,0,0,0,0,0,0,0,0,0,0,0,0,0,0,0,0,0,0,0,0,0,158,249
170,85,3128,2932,2875,2963,4343,3003,2971,3019,0,0,0,0,0,0,0,0,0,0,0,0,0,0,0,0,0,0,0,0,0,0,0,0,0,0,0,27,249
170,85,3100,2924,2871,2944,4340,3009,2994,3019,0,0,0,0,0,0,0,0,0,0,0,0,0,0,0,0,0,0,0,0,0,0,0,0,0,0,0,104,249
170,85,3140,2942,2870,2972,4373,3031,3000,3011,0,0,0,0,0,0,0,0,0,0,0,0,0,0,0,0,0,0,0,0,0,0,0,0,0,0,0,203,249
170,85,3118,2942,2868,2964,4379,3018,3011,3022,0,0,0,0,0,0,0,0,0,0,0,0,0,0,0,0,0,0,0,0,0,0,0,0,0,0,0,206,249
170,85,3133,2965,2896,2936,4350,3037,3005,3030,0,0,0,0,0,0,0,0,0,0,0,0,0,0,0,0,0,0,0,0,0,0,0,0,0,0,0,43,249
170,85,3101,2965,2872,2944,4350,3018,3010,3010,0,0,0,0,0,0,0,0,0,0,0,0,0,0,0,0,0,0,0,0,0,0,0,0,0,0,0,231,249
170,85,3098,2936,2857,2944,4373,3020,3026,3018,0,0,0,0,0,0,0,0,0,0,0,0,0,0,0,0,0,0,0,0,0,0,0,0,0,0,0,232,248
170,85,3118,2924,2897,2974,4381,3035,2988,3030,0,0,0,0,0,0,0,0,0,0,0,0,0,0,0,0,0,0,0,0,0,0,0,0,0,0,0,211,249
170,85,3114,2942,2859,2931,4341,3037,2990,3030,0,0,0,0,0,0,0,0,0,0,0,0,0,0,0,0,0,0,0,0,0,0,0,0,0,0,0,191,249
170,85,3146,2940,2865,2966,4373,3020,2982,3019,0,0,0,0,0,0,0,0,0,0,0,0,0,0,0,0,0,0,0,0,0,0,0,0,0,0,0,199,248
170,85,3138,2924,2871,2942,4337,3031,2988,3019,0,0,0,0,0,0,0,0,0,0,0,0,0,0,0,0,0,0,0,0,0,0,0,0,0,0,0,197,249
170,85,3128,2972,2858,2945,4341,3009,2971,3008,0,0,0,0,0,0,0,0,0,0,0,0,0,0,0,0,0,0,0,0,0,0,0,0,0,0,0,131,248
170,85,3117,2941,2873,2947,4370,3023,2970,3009,0,0,0,0,0,0,0,0,0,0,0,0,0,0,0,0,0,0,0,0,0,0,0,0,0,0,0,142,249
170,85,3106,2925,2875,2935,4342,3017,3003,3009,0,0,0,0,0,0,0,0,0,0,0,0,0,0,0,0,0,0,0,0,0,0,0,0,0,0,0,165,249
170,85,3116,2964,2871,2952,4350,3021,2988,3060,0,0,0,0,0,0,0,0,0,0,0,0,0,0,0,0,0,0,0,0,0,0,0,0,0,0,0,143,249
170,85,3118,2924,2870,2974,4373,3019,2986,3008,0,0,0,0,0,0,0,0,0,0,0,0,0,0,0,0,0,0,0,0,0,0,0,0,0,0,0,188,248
170,85,3134,2940,2852,2936,4340,3019,3000,3003,0,0,0,0,0,0,0,0,0,0,0,0,0,0,0,0,0,0,0,0,0,0,0,0,0,0,0,193,249
170,85,3100,2925,2876,2975,4372,3048,2984,3010,0,0,0,0,0,0,0,0,0,0,0,0,0,0,0,0,0,0,0,0,0,0,0,0,0,0,0,166,249
170,85,3100,2941,2872,2952,4348,3019,2987,3036,0,0,0,0,0,0,0,0,0,0,0,0,0,0,0,0,0,0,0,0,0,0,0,0,0,0,0,114,248
170,85,3139,2941,2857,2949,4378,3031,3000,3018,0,0,0,0,0,0,0,0,0,0,0,0,0,0,0,0,0,0,0,0,0,0,0,0,0,0,0,207,249
170,85,3146,2924,2872,2965,4378,3036,2990,3035,0,0,0,0,0,0,0,0,0,0,0,0,0,0,0,0,0,0,0,0,0,0,0,0,0,0,0,218,249
170,85,3106,2942,2859,2952,4340,3004,3010,3030,0,0,0,0,0,0,0,0,0,0,0,0,0,0,0,0,0,0,0,0,0,0,0,0,0,0,0,64,249
170,85,3118,2971,2875,2942,4373,3031,2998,3009,0,0,0,0,0,0,0,0,0,0,0,0,0,0,0,0,0,0,0,0,0,0,0,0,0,0,0,167,249
170,85,3100,2952,2893,2934,4338,3020,2989,3011,0,0,0,0,0,0,0,0,0,0,0,0,0,0,0,0,0,0,0,0,0,0,0,0,0,0,0,28,249
170,85,3114,2923,2859,2948,4372,3017,3004,3029,0,0,0,0,0,0,0,0,0,0,0,0,0,0,0,0,0,0,0,0,0,0,0,0,0,0,0,184,249
170,85,3115,2956,2856,2935,4344,3018,3010,2992,0,0,0,0,0,0,0,0,0,0,0,0,0,0,0,0,0,0,0,0,0,0,0,0,0,0,0,91,249
170,85,3117,2970,2871,2939,4369,3009,2999,3041,0,0,0,0,0,0,0,0,0,0,0,0,0,0,0,0,0,0,0,0,0,0,0,0,0,0,0,159,249
170,85,3131,2957,2870,2931,4373,3035,2987,3036,0,0,0,0,0,0,0,0,0,0,0,0,0,0,0,0,0,0,0,0,0,0,0,0,0,0,0,168,248
170,85,3115,2932,2864,2935,4335,3020,3003,3042,0,0,0,0,0,0,0,0,0,0,0,0,0,0,0,0,0,0,0,0,0,0,0,0,0,0,0,129,249
170,85,3156,2931,2895,2952,4338,3022,3005,3041,0,0,0,0,0,0,0,0,0,0,0,0,0,0,0,0,0,0,0,0,0,0,0,0,0,0,0,99,249
170,85,3114,2941,2871,2965,4335,3031,2988,3042,0,0,0,0,0,0,0,0,0,0,0,0,0,0,0,0,0,0,0,0,0,0,0,0,0,0,0,96,249
170,85,3134,2964,2872,2981,4333,3036,2999,3025,0,0,0,0,0,0,0,0,0,0,0,0,0,0,0,0,0,0,0,0,0,0,0,0,0,0,0,131,249
170,85,3100,2971,2871,2949,4369,3043,3010,3020,0,0,0,0,0,0,0,0,0,0,0,0,0,0,0,0,0,0,0,0,0,0,0,0,0,0,0,43,248
170,85,3115,2941,2859,2965,4335,3019,2998,3014,0,0,0,0,0,0,0,0,0,0,0,0,0,0,0,0,0,0,0,0,0,0,0,0,0,0,0,95,248
170,85,3139,2942,2871,2946,4370,3019,3012,3024,0,0,0,0,0,0,0,0,0,0,0,0,0,0,0,0,0,0,0,0,0,0,0,0,0,0,0,167,249
170,85,3140,2952,2871,2934,4373,3020,2987,3043,0,0,0,0,0,0,0,0,0,0,0,0,0,0,0,0,0,0,0,0,0,0,0,0,0,0,0,254,249
170,85,3115,2930,2892,2974,4363,3004,2969,2999,0,0,0,0,0,0,0,0,0,0,0,0,0,0,0,0,0,0,0,0,0,0,0,0,0,0,0,240,249
170,85,3118,2942,2857,2974,4367,3020,3001,3031,0,0,0,0,0,0,0,0,0,0,0,0,0,0,0,0,0,0,0,0,0,0,0,0,0,0,0,168,249
170,85,3115,2952,2871,2975,4364,3021,2977,3029,0,0,0,0,0,0,0,0,0,0,0,0,0,0,0,0,0,0,0,0,0,0,0,0,0,0,0,92,248
170,85,3117,2957,2871,2931,4334,3018,3003,3021,0,0,0,0,0,0,0,0,0,0,0,0,0,0,0,0,0,0,0,0,0,0,0,0,0,0,0,85,248
170,85,3116,2924,2864,2960,4330,3018,2988,3014,0,0,0,0,0,0,0,0,0,0,0,0,0,0,0,0,0,0,0,0,0,0,0,0,0,0,0,73,248
170,85,3132,2954,2876,2942,4328,3019,2998,2997,0,0,0,0,0,0,0,0,0,0,0,0,0,0,0,0,0,0,0,0,0,0,0,0,0,0,0,55,248
170,85,3140,2942,2864,2939,4364,3030,2989,3019,0,0,0,0,0,0,0,0,0,0,0,0,0,0,0,0,0,0,0,0,0,0,0,0,0,0,0,47,248
170,85,3140,2965,2892,2936,4330,3007,3011,3028,0,0,0,0,0,0,0,0,0,0,0,0,0,0,0,0,0,0,0,0,0,0,0,0,0,0,0,68,248
170,85,3115,2937,2851,2948,4341,3049,3004,3008,0,0,0,0,0,0,0,0,0,0,0,0,0,0,0,0,0,0,0,0,0,0,0,0,0,0,0,118,248
170,85,3139,2956,2870,2936,4337,3018,2971,3019,0,0,0,0,0,0,0,0,0,0,0,0,0,0,0,0,0,0,0,0,0,0,0,0,0,0,0,9,248
170,85,3156,2953,2892,2934,4366,3055,2990,3013,0,0,0,0,0,0,0,0,0,0,0,0,0,0,0,0,0,0,0,0,0,0,0,0,0,0,0,143,248
170,85,3118,2955,2851,2947,4365,3021,2987,3028,0,0,0,0,0,0,0,0,0,0,0,0,0,0,0,0,0,0,0,0,0,0,0,0,0,0,0,88,248
170,85,3139,2956,2871,2952,4371,3002,3011,3007,0,0,0,0,0,0,0,0,0,0,0,0,0,0,0,0,0,0,0,0,0,0,0,0,0,0,0,71,248
170,85,3155,2962,2865,2949,4335,3008,3026,3013,0,0,0,0,0,0,0,0,0,0,0,0,0,0,0,0,0,0,0,0,0,0,0,0,0,0,0,174,248
170,85,3132,2964,2897,2974,4333,3019,2999,3018,0,0,0,0,0,0,0,0,0,0,0,0,0,0,0,0,0,0,0,0,0,0,0,0,0,0,0,223,248
170,85,3114,2935,2871,2936,4333,3009,2988,2997,0,0,0,0,0,0,0,0,0,0,0,0,0,0,0,0,0,0,0,0,0,0,0,0,0,0,0,196,248
170,85,3105,2931,2855,2933,4378,3018,2984,3016,0,0,0,0,0,0,0,0,0,0,0,0,0,0,0,0,0,0,0,0,0,0,0,0,0,0,0,82,249
170,85,3141,2935,2856,2965,4371,3007,2987,3001,0,0,0,0,0,0,0,0,0,0,0,0,0,0,0,0,0,0,0,0,0,0,0,0,0,0,0,211,248
170,85,3115,2925,2869,2952,4366,3048,2987,3020,0,0,0,0,0,0,0,0,0,0,0,0,0,0,0,0,0,0,0,0,0,0,0,0,0,0,0,152,249
170,85,3116,2937,2870,2961,4338,3042,2987,3032,0,0,0,0,0,0,0,0,0,0,0,0,0,0,0,0,0,0,0,0,0,0,0,0,0,0,0,114,249
170,85,3146,2940,2876,2975,4340,3021,2970,3020,0,0,0,0,0,0,0,0,0,0,0,0,0,0,0,0,0,0,0,0,0,0,0,0,0,0,0,25,249
170,85,3115,2930,2863,2967,4343,3008,2988,3010,0,0,0,0,0,0,0,0,0,0,0,0,0,0,0,0,0,0,0,0,0,0,0,0,0,0,0,91,249
170,85,3115,2936,2891,2935,4331,3036,3003,3007,0,0,0,0,0,0,0,0,0,0,0,0,0,0,0,0,0,0,0,0,0,0,0,0,0,0,0,191,248
170,85,3100,2923,2892,2951,4336,3030,3002,3035,0,0,0,0,0,0,0,0,0,0,0,0,0,0,0,0,0,0,0,0,0,0,0,0,0,0,0,24,248
170,85,3132,2942,2864,2948,4335,3019,2999,3029,0,0,0,0,0,0,0,0,0,0,0,0,0,0,0,0,0,0,0,0,0,0,0,0,0,0,0,83,249
170,85,3117,2941,2866,2933,4367,3023,2987,3009,0,0,0,0,0,0,0,0,0,0,0,0,0,0,0,0,0,0,0,0,0,0,0,0,0,0,0,95,249
170,85,3132,2924,2863,2933,4372,3019,3018,3034,0,0,0,0,0,0,0,0,0,0,0,0,0,0,0,0,0,0,0,0,0,0,0,0,0,0,0,39,249
170,85,3133,2930,2856,2950,4373,3022,2989,3032,0,0,0,0,0,0,0,0,0,0,0,0,0,0,0,0,0,0,0,0,0,0,0,0,0,0,0,173,249
170,85,3098,2941,2871,2970,4336,3021,2998,3041,0,0,0,0,0,0,0,0,0,0,0,0,0,0,0,0,0,0,0,0,0,0,0,0,0,0,0,67,249
170,85,3132,2931,2858,2934,4377,3024,2970,3024,0,0,0,0,0,0,0,0,0,0,0,0,0,0,0,0,0,0,0,0,0,0,0,0,0,0,0,114,249
170,85,3132,2932,2872,2943,4371,3024,2987,3018,0,0,0,0,0,0,0,0,0,0,0,0,0,0,0,0,0,0,0,0,0,0,0,0,0,0,0,79,249
170,85,3105,2955,2880,2966,4336,3035,3011,3005,0,0,0,0,0,0,0,0,0,0,0,0,0,0,0,0,0,0,0,0,0,0,0,0,0,0,0,202,248
170,85,3115,2953,2864,2934,4336,3018,2987,3009,0,0,0,0,0,0,0,0,0,0,0,0,0,0,0,0,0,0,0,0,0,0,0,0,0,0,0,87,249
170,85,3117,2963,2869,2936,4377,3019,2985,3019,0,0,0,0,0,0,0,0,0,0,0,0,0,0,0,0,0,0,0,0,0,0,0,0,0,0,0,161,249
170,85,3138,2956,2872,2969,4378,3019,2989,3035,0,0,0,0,0,0,0,0,0,0,0,0,0,0,0,0,0,0,0,0,0,0,0,0,0,0,0,42,249
170,85,3116,2970,2851,2975,4338,3030,3026,3021,0,0,0,0,0,0,0,0,0,0,0,0,0,0,0,0,0,0,0,0,0,0,0,0,0,0,0,210,249
170,85,3139,2931,2870,2950,4374,3009,2988,3038,0,0,0,0,0,0,0,0,0,0,0,0,0,0,0,0,0,0,0,0,0,0,0,0,0,0,0,199,248
170,85,3100,2940,2871,2949,4374,3020,2989,3033,0,0,0,0,0,0,0,0,0,0,0,0,0,0,0,0,0,0,0,0,0,0,0,0,0,0,0,158,249
170,85,3115,2942,2851,2965,4371,3022,2987,3009,0,0,0,0,0,0,0,0,0,0,0,0,0,0,0,0,0,0,0,0,0,0,0,0,0,0,0,182,249
170,85,3132,2931,2892,2950,4340,3019,2976,3010,0,0,0,0,0,0,0,0,0,0,0,0,0,0,0,0,0,0,0,0,0,0,0,0,0,0,0,59,248
170,85,3118,2940,2873,2946,4377,3037,2987,3020,0,0,0,0,0,0,0,0,0,0,0,0,0,0,0,0,0,0,0,0,0,0,0,0,0,0,0,168,249
170,85,3117,2940,2872,2937,4377,3021,3010,3020,0,0,0,0,0,0,0,0,0,0,0,0,0,0,0,0,0,0,0,0,0,0,0,0,0,0,0,40,249
170,85,3116,2952,2871,2974,4336,3044,3011,3004,0,0,0,0,0,0,0,0,0,0,0,0,0,0,0,0,0,0,0,0,0,0,0,0,0,0,0,133,247
170,85,3145,2964,2872,2939,4336,3019,2982,2992,0,0,0,0,0,0,0,0,0,0,0,0,0,0,0,0,0,0,0,0,0,0,0,0,0,0,0,80,249
170,85,3116,2941,2857,2972,4341,3017,2987,3042,0,0,0,0,0,0,0,0,0,0,0,0,0,0,0,0,0,0,0,0,0,0,0,0,0,0,0,114,249
170,85,3099,2969,2857,2948,4378,3044,2998,3008,0,0,0,0,0,0,0,0,0,0,0,0,0,0,0,0,0,0,0,0,0,0,0,0,0,0,0,69,249
170,85,3140,2931,2870,2951,4338,3037,2982,3001,0,0,0,0,0,0,0,0,0,0,0,0,0,0,0,0,0,0,0,0,0,0,0,0,0,0,0,85,249
170,85,3156,2925,2864,2952,4376,3018,2975,3037,0,0,0,0,0,0,0,0,0,0,0,0,0,0,0,0,0,0,0,0,0,0,0,0,0,0,0,243,249
170,85,3140,2941,2870,2953,4335,3009,2999,3036,0,0,0,0,0,0,0,0,0,0,0,0,0,0,0,0,0,0,0,0,0,0,0,0,0,0,0,32,249
170,85,3099,2925,2859,2951,4372,3019,2989,3021,0,0,0,0,0,0,0,0,0,0,0,0,0,0,0,0,0,0,0,0,0,0,0,0,0,0,0,135,249
170,85,3117,2941,2856,2951,4338,3010,2987,3042,0,0,0,0,0,0,0,0,0,0,0,0,0,0,0,0,0,0,0,0,0,0,0,0,0,0,0,101,249
170,85,3107,2941,2871,2963,4341,3020,2988,3002,0,0,0,0,0,0,0,0,0,0,0,0,0,0,0,0,0,0,0,0,0,0,0,0,0,0,0,54,249
170,85,3156,2937,2870,2963,4377,3021,2972,3042,0,0,0,0,0,0,0,0,0,0,0,0,0,0,0,0,0,0,0,0,0,0,0,0,0,0,0,192,249
170,85,3132,2931,2871,2974,4338,3031,3011,3029,0,0,0,0,0,0,0,0,0,0,0,0,0,0,0,0,0,0,0,0,0,0,0,0,0,0,0,54,249
170,85,3114,2958,2894,2949,4343,3037,2971,3003,0,0,0,0,0,0,0,0,0,0,0,0,0,0,0,0,0,0,0,0,0,0,0,0,0,0,0,134,249
170,85,3117,2941,2864,2964,4331,3020,2982,3021,0,0,0,0,0,0,0,0,0,0,0,0,0,0,0,0,0,0,0,0,0,0,0,0,0,0,0,91,249
170,85,3132,2937,2881,2971,4327,3031,2988,3020,0,0,0,0,0,0,0,0,0,0,0,0,0,0,0,0,0,0,0,0,0,0,0,0,0,0,0,44,248
170,85,3149,2941,2870,2952,4369,3019,2986,3013,0,0,0,0,0,0,0,0,0,0,0,0,0,0,0,0,0,0,0,0,0,0,0,0,0,0,0,217,249
170,85,3120,2940,2882,2981,4327,3019,2989,3031,0,0,0,0,0,0,0,0,0,0,0,0,0,0,0,0,0,0,0,0,0,0,0,0,0,0,0,30,249
170,85,3113,2940,2877,2934,4369,3008,3001,3021,0,0,0,0,0,0,0,0,0,0,0,0,0,0,0,0,0,0,0,0,0,0,0,0,0,0,0,89,249
170,85,3132,2937,2857,2974,4328,3009,2987,3043,0,0,0,0,0,0,0,0,0,0,0,0,0,0,0,0,0,0,0,0,0,0,0,0,0,0,0,112,249
170,85,3118,2923,2871,2947,4363,3002,2988,3011,0,0,0,0,0,0,0,0,0,0,0,0,0,0,0,0,0,0,0,0,0,0,0,0,0,0,0,205,249
170,85,3117,2923,2879,2947,4332,3037,2987,3009,0,0,0,0,0,0,0,0,0,0,0,0,0,0,0,0,0,0,0,0,0,0,0,0,0,0,0,66,249
170,85,3140,2953,2875,2942,4330,3002,2970,2992,0,0,0,0,0,0,0,0,0,0,0,0,0,0,0,0,0,0,0,0,0,0,0,0,0,0,0,17,249
170,85,3119,2942,2873,2948,4370,3032,3012,3036,0,0,0,0,0,0,0,0,0,0,0,0,0,0,0,0,0,0,0,0,0,0,0,0,0,0,0,220,249
170,85,3114,2940,2871,2953,4335,3009,2987,3020,0,0,0,0,0,0,0,0,0,0,0,0,0,0,0,0,0,0,0,0,0,0,0,0,0,0,0,66,249
170,85,3130,2942,2872,2947,4328,3021,2987,3035,0,0,0,0,0,0,0,0,0,0,0,0,0,0,0,0,0,0,0,0,0,0,0,0,0,0,0,73,249
170,85,3099,2956,2858,2942,4362,3019,3004,3010,0,0,0,0,0,0,0,0,0,0,0,0,0,0,0,0,0,0,0,0,0,0,0,0,0,0,0,158,248
170,85,3118,2931,2857,2951,4332,3023,3000,3021,0,0,0,0,0,0,0,0,0,0,0,0,0,0,0,0,0,0,0,0,0,0,0,0,0,0,0,70,249
170,85,3116,2964,2860,2931,4370,3009,3010,3032,0,0,0,0,0,0,0,0,0,0,0,0,0,0,0,0,0,0,0,0,0,0,0,0,0,0,0,204,249
170,85,3117,2924,2876,2969,4368,3042,2987,3034,0,0,0,0,0,0,0,0,0,0,0,0,0,0,0,0,0,0,0,0,0,0,0,0,0,0,0,133,249
170,85,3116,2936,2864,2964,4363,3021,3009,3020,0,0,0,0,0,0,0,0,0,0,0,0,0,0,0,0,0,0,0,0,0,0,0,0,0,0,0,217,249
170,85,3140,2923,2881,2951,4362,3019,2987,3001,0,0,0,0,0,0,0,0,0,0,0,0,0,0,0,0,0,0,0,0,0,0,0,0,0,0,0,216,248
170,85,3115,2971,2871,2941,4330,3019,2971,3000,0,0,0,0,0,0,0,0,0,0,0,0,0,0,0,0,0,0,0,0,0,0,0,0,0,0,0,27,246
170,85,3134,2953,2860,2933,4331,3013,2986,2994,0,0,0,0,0,0,0,0,0,0,0,0,0,0,0,0,0,0,0,0,0,0,0,0,0,0,0,59,248
170,85,3116,2971,2871,2944,4369,3044,2970,3018,0,0,0,0,0,0,0,0,0,0,0,0,0,0,0,0,0,0,0,0,0,0,0,0,0,0,0,71,248
170,85,3116,2971,2865,2936,4328,3032,3004,3060,0,0,0,0,0,0,0,0,0,0,0,0,0,0,0,0,0,0,0,0,0,0,0,0,0,0,0,101,249
170,85,3106,2931,2893,2967,4328,3037,2988,3020,0,0,0,0,0,0,0,0,0,0,0,0,0,0,0,0,0,0,0,0,0,0,0,0,0,0,0,61,249
170,85,3101,2942,2853,2951,4362,3032,2977,3032,0,0,0,0,0,0,0,0,0,0,0,0,0,0,0,0,0,0,0,0,0,0,0,0,0,0,0,136,249
170,85,3101,2952,2872,2961,4327,3010,2970,3060,0,0,0,0,0,0,0,0,0,0,0,0,0,0,0,0,0,0,0,0,0,0,0,0,0,0,0,148,249
170,85,3100,2924,2858,2965,4329,3019,3025,3002,0,0,0,0,0,0,0,0,0,0,0,0,0,0,0,0,0,0,0,0,0,0,0,0,0,0,0,101,247
170,85,3140,2964,2878,2968,4369,3044,2987,3059,0,0,0,0,0,0,0,0,0,0,0,0,0,0,0,0,0,0,0,0,0,0,0,0,0,0,0,57,246
170,85,3116,2942,2858,2955,4325,3058,2988,3010,0,0,0,0,0,0,0,0,0,0,0,0,0,0,0,0,0,0,0,0,0,0,0,0,0,0,0,105,248
170,85,3108,2930,2871,2968,4334,3018,2988,3042,0,0,0,0,0,0,0,0,0,0,0,0,0,0,0,0,0,0,0,0,0,0,0,0,0,0,0,112,248
170,85,3117,2940,2852,2974,4329,3018,2982,3031,0,0,0,0,0,0,0,0,0,0,0,0,0,0,0,0,0,0,0,0,0,0,0,0,0,0,0,90,249
170,85,3115,2928,2868,2948,4362,3022,2990,3023,0,0,0,0,0,0,0,0,0,0,0,0,0,0,0,0,0,0,0,0,0,0,0,0,0,0,0,172,249
170,85,3117,2964,2872,2944,4376,3020,2972,3021,0,0,0,0,0,0,0,0,0,0,0,0,0,0,0,0,0,0,0,0,0,0,0,0,0,0,0,102,249
170,85,3115,2941,2866,2948,4374,3022,2988,3026,0,0,0,0,0,0,0,0,0,0,0,0,0,0,0,0,0,0,0,0,0,0,0,0,0,0,0,164,249
170,85,3101,2956,2900,2952,4332,3059,3000,3020,0,0,0,0,0,0,0,0,0,0,0,0,0,0,0,0,0,0,0,0,0,0,0,0,0,0,0,197,249
170,85,3100,2964,2884,2972,4341,3021,2970,3011,0,0,0,0,0,0,0,0,0,0,0,0,0,0,0,0,0,0,0,0,0,0,0,0,0,0,0,210,248
170,85,3117,2941,2894,2976,4366,3043,2987,3011,0,0,0,0,0,0,0,0,0,0,0,0,0,0,0,0,0,0,0,0,0,0,0,0,0,0,0,217,249
170,85,3117,2925,2865,2940,4368,3011,2988,3030,0,0,0,0,0,0,0,0,0,0,0,0,0,0,0,0,0,0,0,0,0,0,0,0,0,0,0,70,249
170,85,3100,2942,2860,2947,4375,3032,3010,3036,0,0,0,0,0,0,0,0,0,0,0,0,0,0,0,0,0,0,0,0,0,0,0,0,0,0,0,254,249
170,85,3156,2956,2862,2947,4340,3022,2976,3008,0,0,0,0,0,0,0,0,0,0,0,0,0,0,0,0,0,0,0,0,0,0,0,0,0,0,0,204,249
170,85,3132,2937,2899,2934,4337,3022,2982,2990,0,0,0,0,0,0,0,0,0,0,0,0,0,0,0,0,0,0,0,0,0,0,0,0,0,0,0,180,248
170,85,3139,2937,2860,2936,4365,3022,2977,3002,0,0,0,0,0,0,0,0,0,0,0,0,0,0,0,0,0,0,0,0,0,0,0,0,0,0,0,84,249
170,85,3156,2937,2872,2933,4330,3032,2990,3009,0,0,0,0,0,0,0,0,0,0,0,0,0,0,0,0,0,0,0,0,0,0,0,0,0,0,0,222,248
170,85,3139,2936,2876,2943,4365,3020,2971,3026,0,0,0,0,0,0,0,0,0,0,0,0,0,0,0,0,0,0,0,0,0,0,0,0,0,0,0,18,249
170,85,3134,2924,2860,2949,4333,3032,2988,3009,0,0,0,0,0,0,0,0,0,0,0,0,0,0,0,0,0,0,0,0,0,0,0,0,0,0,0,64,249
170,85,3106,2957,2860,2948,4330,3021,2987,3020,0,0,0,0,0,0,0,0,0,0,0,0,0,0,0,0,0,0,0,0,0,0,0,0,0,0,0,164,249
170,85,3133,2941,2873,2953,4334,3010,2988,3032,0,0,0,0,0,0,0,0,0,0,0,0,0,0,0,0,0,0,0,0,0,0,0,0,0,0,0,75,249
170,85,3115,2943,2873,2941,4362,3002,3027,3026,0,0,0,0,0,0,0,0,0,0,0,0,0,0,0,0,0,0,0,0,0,0,0,0,0,0,0,67,249
170,85,3119,2932,2865,2934,4363,3022,2990,3009,0,0,0,0,0,0,0,0,0,0,0,0,0,0,0,0,0,0,0,0,0,0,0,0,0,0,0,84,248
170,85,3133,2964,2893,2935,4363,3020,3011,3030,0,0,0,0,0,0,0,0,0,0,0,0,0,0,0,0,0,0,0,0,0,0,0,0,0,0,0,163,249
170,85,3117,2957,2878,2948,4368,3021,2993,3037,0,0,0,0,0,0,0,0,0,0,0,0,0,0,0,0,0,0,0,0,0,0,0,0,0,0,0,73,249
170,85,3115,2938,2856,2946,4328,3043,2989,2999,0,0,0,0,0,0,0,0,0,0,0,0,0,0,0,0,0,0,0,0,0,0,0,0,0,0,0,9,249
170,85,3132,2925,2882,2948,4362,3019,2972,3012,0,0,0,0,0,0,0,0,0,0,0,0,0,0,0,0,0,0,0,0,0,0,0,0,0,0,0,236,249
170,85,3133,2943,2872,2964,4332,3020,2983,3002,0,0,0,0,0,0,0,0,0,0,0,0,0,0,0,0,0,0,0,0,0,0,0,0,0,0,0,48,248
170,85,3132,2933,2877,2963,4358,3003,2972,2993,0,0,0,0,0,0,0,0,0,0,0,0,0,0,0,0,0,0,0,0,0,0,0,0,0,0,0,149,247
170,85,3146,2931,2871,2974,4363,3021,3013,3011,0,0,0,0,0,0,0,0,0,0,0,0,0,0,0,0,0,0,0,0,0,0,0,0,0,0,0,178,247
170,85,3107,2966,2860,2936,4358,3019,2993,3019,0,0,0,0,0,0,0,0,0,0,0,0,0,0,0,0,0,0,0,0,0,0,0,0,0,0,0,180,246
170,85,3116,2954,2872,2973,4326,3019,2987,3022,0,0,0,0,0,0,0,0,0,0,0,0,0,0,0,0,0,0,0,0,0,0,0,0,0,0,0,168,246
170,85,3157,2925,2858,2975,4360,3039,2991,3009,0,0,0,0,0,0,0,0,0,0,0,0,0,0,0,0,0,0,0,0,0,0,0,0,0,0,0,214,246
170,85,3100,2925,2859,2969,4325,3038,2990,3012,0,0,0,0,0,0,0,0,0,0,0,0,0,0,0,0,0,0,0,0,0,0,0,0,0,0,0,113,248
170,85,3115,2964,2865,2949,4365,3032,3028,3022,0,0,0,0,0,0,0,0,0,0,0,0,0,0,0,0,0,0,0,0,0,0,0,0,0,0,0,38,247
170,85,3139,2958,2893,2975,4334,3018,3012,2993,0,0,0,0,0,0,0,0,0,0,0,0,0,0,0,0,0,0,0,0,0,0,0,0,0,0,0,173,245
170,85,3099,2932,2876,2952,4366,3059,3004,3023,0,0,0,0,0,0,0,0,0,0,0,0,0,0,0,0,0,0,0,0,0,0,0,0,0,0,0,183,247
170,85,3105,2941,2872,2945,4325,3021,2989,3060,0,0,0,0,0,0,0,0,0,0,0,0,0,0,0,0,0,0,0,0,0,0,0,0,0,0,0,119,248
170,85,3133,2925,2861,2936,4366,3005,2987,3012,0,0,0,0,0,0,0,0,0,0,0,0,0,0,0,0,0,0,0,0,0,0,0,0,0,0,0,59,248
170,85,3115,2954,2871,2953,4326,3038,2988,3038,0,0,0,0,0,0,0,0,0,0,0,0,0,0,0,0,0,0,0,0,0,0,0,0,0,0,0,182,248
170,85,3117,2941,2872,2949,4361,3009,3028,3035,0,0,0,0,0,0,0,0,0,0,0,0,0,0,0,0,0,0,0,0,0,0,0,0,0,0,0,200,248
170,85,3105,2941,2872,2950,4328,3032,2989,3037,0,0,0,0,0,0,0,0,0,0,0,0,0,0,0,0,0,0,0,0,0,0,0,0,0,0,0,65,248
170,85,3115,2942,2860,2934,4326,3045,3011,3022,0,0,0,0,0,0,0,0,0,0,0,0,0,0,0,0,0,0,0,0,0,0,0,0,0,0,0,226,247
170,85,3132,2944,2872,2963,4365,3010,2990,3027,0,0,0,0,0,0,0,0,0,0,0,0,0,0,0,0,0,0,0,0,0,0,0,0,0,0,0,71,246
170,85,3114,2942,2860,2952,4326,3031,3008,3026,0,0,0,0,0,0,0,0,0,0,0,0,0,0,0,0,0,0,0,0,0,0,0,0,0,0,0,48,246
170,85,3100,2965,2877,2936,4318,3044,2981,3020,0,0,0,0,0,0,0,0,0,0,0,0,0,0,0,0,0,0,0,0,0,0,0,0,0,0,0,124,246
170,85,3116,2924,2882,2936,4360,3020,3000,3037,0,0,0,0,0,0,0,0,0,0,0,0,0,0,0,0,0,0,0,0,0,0,0,0,0,0,0,57,248
170,85,3133,2964,2899,2964,4333,3021,2988,3025,0,0,0,0,0,0,0,0,0,0,0,0,0,0,0,0,0,0,0,0,0,0,0,0,0,0,0,208,249
170,85,3100,2972,2871,2968,4318,3023,2990,3004,0,0,0,0,0,0,0,0,0,0,0,0,0,0,0,0,0,0,0,0,0,0,0,0,0,0,0,207,249
170,85,3101,2965,2860,2934,4331,3021,3007,3041,0,0,0,0,0,0,0,0,0,0,0,0,0,0,0,0,0,0,0,0,0,0,0,0,0,0,0,73,249
170,85,3140,2943,2877,2964,4364,3029,2990,3032,0,0,0,0,0,0,0,0,0,0,0,0,0,0,0,0,0,0,0,0,0,0,0,0,0,0,0,223,249
170,85,3117,2965,2865,2943,4329,3051,2991,3013,0,0,0,0,0,0,0,0,0,0,0,0,0,0,0,0,0,0,0,0,0,0,0,0,0,0,0,125,249
170,85,3134,2941,2870,2974,4331,3022,2989,3011,0,0,0,0,0,0,0,0,0,0,0,0,0,0,0,0,0,0,0,0,0,0,0,0,0,0,0,67,249
170,85,3124,2924,2871,2953,4331,3022,2990,2996,0,0,0,0,0,0,0,0,0,0,0,0,0,0,0,0,0,0,0,0,0,0,0,0,0,0,0,58,249
170,85,3134,2971,2877,2948,4330,3023,3005,3012,0,0,0,0,0,0,0,0,0,0,0,0,0,0,0,0,0,0,0,0,0,0,0,0,0,0,0,163,249
170,85,3123,2958,2866,2956,4369,3044,2990,3032,0,0,0,0,0,0,0,0,0,0,0,0,0,0,0,0,0,0,0,0,0,0,0,0,0,0,0,98,249
170,85,3108,2927,2852,2934,4364,3034,2988,3066,0,0,0,0,0,0,0,0,0,0,0,0,0,0,0,0,0,0,0,0,0,0,0,0,0,0,0,123,249
170,85,3132,2972,2859,2979,4329,3028,3000,3023,0,0,0,0,0,0,0,0,0,0,0,0,0,0,0,0,0,0,0,0,0,0,0,0,0,0,0,129,249
170,85,3132,2925,2858,2952,4332,3028,3013,3041,0,0,0,0,0,0,0,0,0,0,0,0,0,0,0,0,0,0,0,0,0,0,0,0,0,0,0,12,249
170,85,3109,2965,2877,2953,4328,3021,3012,3020,0,0,0,0,0,0,0,0,0,0,0,0,0,0,0,0,0,0,0,0,0,0,0,0,0,0,0,202,249
170,85,3125,2965,2874,2952,4370,3014,2973,3032,0,0,0,0,0,0,0,0,0,0,0,0,0,0,0,0,0,0,0,0,0,0,0,0,0,0,0,97,249
170,85,3094,2926,2894,2964,4332,3068,2977,3011,0,0,0,0,0,0,0,0,0,0,0,0,0,0,0,0,0,0,0,0,0,0,0,0,0,0,0,51,248
170,85,3108,2973,2876,2953,4369,3020,2989,3027,0,0,0,0,0,0,0,0,0,0,0,0,0,0,0,0,0,0,0,0,0,0,0,0,0,0,0,77,247
170,85,3126,2927,2879,2963,4329,3023,2990,3016,0,0,0,0,0,0,0,0,0,0,0,0,0,0,0,0,0,0,0,0,0,0,0,0,0,0,0,86,248
170,85,3107,2945,2872,2977,4364,3023,3001,3016,0,0,0,0,0,0,0,0,0,0,0,0,0,0,0,0,0,0,0,0,0,0,0,0,0,0,0,107,249
170,85,3107,2927,2871,2934,4329,3020,3012,3005,0,0,0,0,0,0,0,0,0,0,0,0,0,0,0,0,0,0,0,0,0,0,0,0,0,0,0,178,249
170,85,3110,2942,2859,2936,4333,3028,2985,3011,0,0,0,0,0,0,0,0,0,0,0,0,0,0,0,0,0,0,0,0,0,0,0,0,0,0,0,187,249
170,85,3126,2959,2859,2934,4323,3006,2991,3018,0,0,0,0,0,0,0,0,0,0,0,0,0,0,0,0,0,0,0,0,0,0,0,0,0,0,0,63,249
170,85,3115,2973,2872,2950,4329,3022,2991,3026,0,0,0,0,0,0,0,0,0,0,0,0,0,0,0,0,0,0,0,0,0,0,0,0,0,0,0,177,249
170,85,3110,2957,2873,2947,4366,3020,2990,3017,0,0,0,0,0,0,0,0,0,0,0,0,0,0,0,0,0,0,0,0,0,0,0,0,0,0,0,86,249
170,85,3110,2959,2853,2952,4328,3021,2973,2996,0,0,0,0,0,0,0,0,0,0,0,0,0,0,0,0,0,0,0,0,0,0,0,0,0,0,0,235,248
170,85,3147,2941,2859,2950,4327,3027,2993,3023,0,0,0,0,0,0,0,0,0,0,0,0,0,0,0,0,0,0,0,0,0,0,0,0,0,0,0,50,247
170,85,3108,2965,2873,2967,4318,3010,2979,3010,0,0,0,0,0,0,0,0,0,0,0,0,0,0,0,0,0,0,0,0,0,0,0,0,0,0,0,129,246
170,85,3108,2926,2854,2975,4324,3028,2975,3016,0,0,0,0,0,0,0,0,0,0,0,0,0,0,0,0,0,0,0,0,0,0,0,0,0,0,0,119,248
170,85,3108,2959,2878,2952,4326,3020,2985,2998,0,0,0,0,0,0,0,0,0,0,0,0,0,0,0,0,0,0,0,0,0,0,0,0,0,0,0,203,248
170,85,3127,2928,2876,2936,4367,3046,3000,3034,0,0,0,0,0,0,0,0,0,0,0,0,0,0,0,0,0,0,0,0,0,0,0,0,0,0,0,106,248
170,85,3093,2942,2867,2953,4358,3037,2991,3060,0,0,0,0,0,0,0,0,0,0,0,0,0,0,0,0,0,0,0,0,0,0,0,0,0,0,0,179,247
170,85,3092,2924,2858,2935,4329,3046,2990,3010,0,0,0,0,0,0,0,0,0,0,0,0,0,0,0,0,0,0,0,0,0,0,0,0,0,0,0,165,246
170,85,3112,2958,2879,2968,4327,3004,2991,2995,0,0,0,0,0,0,0,0,0,0,0,0,0,0,0,0,0,0,0,0,0,0,0,0,0,0,0,165,247
170,85,3133,2942,2873,2964,4360,3033,2990,3000,0,0,0,0,0,0,0,0,0,0,0,0,0,0,0,0,0,0,0,0,0,0,0,0,0,0,0,203,248
170,85,3110,2944,2873,2935,4332,3024,2973,3008,0,0,0,0,0,0,0,0,0,0,0,0,0,0,0,0,0,0,0,0,0,0,0,0,0,0,0,106,248
170,85,3126,2926,2853,2975,4330,3025,2993,2995,0,0,0,0,0,0,0,0,0,0,0,0,0,0,0,0,0,0,0,0,0,0,0,0,0,0,0,56,248
170,85,3102,2972,2858,2943,4370,3031,3014,3027,0,0,0,0,0,0,0,0,0,0,0,0,0,0,0,0,0,0,0,0,0,0,0,0,0,0,0,229,248
170,85,3110,2925,2860,2948,4371,3046,3012,3001,0,0,0,0,0,0,0,0,0,0,0,0,0,0,0,0,0,0,0,0,0,0,0,0,0,0,0,137,248
170,85,3135,2942,2877,2972,4335,3051,2973,3013,0,0,0,0,0,0,0,0,0,0,0,0,0,0,0,0,0,0,0,0,0,0,0,0,0,0,0,95,249
170,85,3151,2929,2872,2983,4372,3023,2973,3028,0,0,0,0,0,0,0,0,0,0,0,0,0,0,0,0,0,0,0,0,0,0,0,0,0,0,0,209,248
170,85,3138,2925,2876,2956,4330,3020,3006,3043,0,0,0,0,0,0,0,0,0,0,0,0,0,0,0,0,0,0,0,0,0,0,0,0,0,0,0,7,248
170,85,3092,2931,2877,2963,4330,3037,3006,3028,0,0,0,0,0,0,0,0,0,0,0,0,0,0,0,0,0,0,0,0,0,0,0,0,0,0,0,119,246
170,85,3092,2966,2853,2935,4370,3026,2977,3017,0,0,0,0,0,0,0,0,0,0,0,0,0,0,0,0,0,0,0,0,0,0,0,0,0,0,0,154,247
170,85,3132,2942,2901,2953,4329,3045,2990,3025,0,0,0,0,0,0,0,0,0,0,0,0,0,0,0,0,0,0,0,0,0,0,0,0,0,0,0,14,247
170,85,3109,2945,2859,2969,4359,3022,2989,3011,0,0,0,0,0,0,0,0,0,0,0,0,0,0,0,0,0,0,0,0,0,0,0,0,0,0,0,83,247
170,85,3109,2944,2872,2970,4370,3024,3007,3024,0,0,0,0,0,0,0,0,0,0,0,0,0,0,0,0,0,0,0,0,0,0,0,0,0,0,0,72,246
170,85,3108,2932,2865,2965,4363,3028,3011,3007,0,0,0,0,0,0,0,0,0,0,0,0,0,0,0,0,0,0,0,0,0,0,0,0,0,0,0,181,246
170,85,3126,2943,2894,2943,4368,3042,3013,3027,0,0,0,0,0,0,0,0,0,0,0,0,0,0,0,0,0,0,0,0,0,0,0,0,0,0,0,126,248
170,85,3112,2965,2877,2982,4335,3047,2984,2998,0,0,0,0,0,0,0,0,0,0,0,0,0,0,0,0,0,0,0,0,0,0,0,0,0,0,0,211,249
170,85,3108,2943,2852,2954,4333,3005,2989,3013,0,0,0,0,0,0,0,0,0,0,0,0,0,0,0,0,0,0,0,0,0,0,0,0,0,0,0,46,249
170,85,3107,2927,2873,2975,4363,3041,2990,3042,0,0,0,0,0,0,0,0,0,0,0,0,0,0,0,0,0,0,0,0,0,0,0,0,0,0,0,174,249
170,85,3125,2966,2879,2977,4369,3011,2989,3027,0,0,0,0,0,0,0,0,0,0,0,0,0,0,0,0,0,0,0,0,0,0,0,0,0,0,0,115,249
170,85,3125,2937,2861,2947,4364,3056,3002,3017,0,0,0,0,0,0,0,0,0,0,0,0,0,0,0,0,0,0,0,0,0,0,0,0,0,0,0,143,249
170,85,3093,2942,2863,2949,4370,3031,2991,3023,0,0,0,0,0,0,0,0,0,0,0,0,0,0,0,0,0,0,0,0,0,0,0,0,0,0,0,134,249
170,85,3111,2927,2858,2937,4370,3039,2981,3031,0,0,0,0,0,0,0,0,0,0,0,0,0,0,0,0,0,0,0,0,0,0,0,0,0,0,0,70,249
170,85,3147,2942,2853,2977,4331,3049,2991,3011,0,0,0,0,0,0,0,0,0,0,0,0,0,0,0,0,0,0,0,0,0,0,0,0,0,0,0,60,249
170,85,3143,2941,2872,2966,4329,3034,2990,3007,0,0,0,0,0,0,0,0,0,0,0,0,0,0,0,0,0,0,0,0,0,0,0,0,0,0,0,85,249
170,85,3107,2943,2866,2953,4333,3023,3013,3006,0,0,0,0,0,0,0,0,0,0,0,0,0,0,0,0,0,0,0,0,0,0,0,0,0,0,0,93,249
170,85,3112,2942,2854,2949,4372,3039,2991,3033,0,0,0,0,0,0,0,0,0,0,0,0,0,0,0,0,0,0,0,0,0,0,0,0,0,0,0,170,248
170,85,3126,2927,2861,2976,4332,3045,2991,3013,0,0,0,0,0,0,0,0,0,0,0,0,0,0,0,0,0,0,0,0,0,0,0,0,0,0,0,84,248
170,85,3110,2959,2873,2969,4361,3061,2993,3020,0,0,0,0,0,0,0,0,0,0,0,0,0,0,0,0,0,0,0,0,0,0,0,0,0,0,0,106,249
170,85,3109,2959,2872,2949,4333,3028,2986,3006,0,0,0,0,0,0,0,0,0,0,0,0,0,0,0,0,0,0,0,0,0,0,0,0,0,0,0,217,249
170,85,3125,2942,2872,2953,4334,3065,2986,2990,0,0,0,0,0,0,0,0,0,0,0,0,0,0,0,0,0,0,0,0,0,0,0,0,0,0,0,10,249
170,85,3113,2942,2884,2970,4365,3067,2989,3028,0,0,0,0,0,0,0,0,0,0,0,0,0,0,0,0,0,0,0,0,0,0,0,0,0,0,0,228,249
170,85,3112,2926,2873,2937,4332,3040,2974,3011,0,0,0,0,0,0,0,0,0,0,0,0,0,0,0,0,0,0,0,0,0,0,0,0,0,0,0,180,248
170,85,3093,2934,2900,2970,4332,3022,3012,3024,0,0,0,0,0,0,0,0,0,0,0,0,0,0,0,0,0,0,0,0,0,0,0,0,0,0,0,120,249
170,85,3116,2945,2866,2951,4365,3039,3013,3010,0,0,0,0,0,0,0,0,0,0,0,0,0,0,0,0,0,0,0,0,0,0,0,0,0,0,0,47,249
170,85,3133,2942,2867,2953,4330,3045,2983,3042,0,0,0,0,0,0,0,0,0,0,0,0,0,0,0,0,0,0,0,0,0,0,0,0,0,0,0,80,249
170,85,3126,2960,2900,2954,4364,3016,3006,3037,0,0,0,0,0,0,0,0,0,0,0,0,0,0,0,0,0,0,0,0,0,0,0,0,0,0,0,61,248
170,85,3132,2936,2876,2952,4333,3024,2992,3022,0,0,0,0,0,0,0,0,0,0,0,0,0,0,0,0,0,0,0,0,0,0,0,0,0,0,0,80,249
170,85,3133,2951,2880,2947,4364,3040,2974,2994,0,0,0,0,0,0,0,0,0,0,0,0,0,0,0,0,0,0,0,0,0,0,0,0,0,0,0,91,249
170,85,3126,2944,2884,2949,4362,3028,2991,3014,0,0,0,0,0,0,0,0,0,0,0,0,0,0,0,0,0,0,0,0,0,0,0,0,0,0,0,34,249
170,85,3109,2943,2901,2965,4334,3022,3014,2995,0,0,0,0,0,0,0,0,0,0,0,0,0,0,0,0,0,0,0,0,0,0,0,0,0,0,0,44,248
170,85,3107,2945,2862,2975,4368,3032,3006,3027,0,0,0,0,0,0,0,0,0,0,0,0,0,0,0,0,0,0,0,0,0,0,0,0,0,0,0,84,249
170,85,3109,2946,2878,2966,4340,3011,3001,3017,0,0,0,0,0,0,0,0,0,0,0,0,0,0,0,0,0,0,0,0,0,0,0,0,0,0,0,171,248
170,85,3107,2966,2877,2976,4369,3026,3014,3012,0,0,0,0,0,0,0,0,0,0,0,0,0,0,0,0,0,0,0,0,0,0,0,0,0,0,0,11,250
170,85,3108,2943,2854,2948,4362,3022,3012,3017,0,0,0,0,0,0,0,0,0,0,0,0,0,0,0,0,0,0,0,0,0,0,0,0,0,0,0,210,250
170,85,3109,2942,2873,2954,4369,3039,2997,3026,0,0,0,0,0,0,0,0,0,0,0,0,0,0,0,0,0,0,0,0,0,0,0,0,0,0,0,163,249
170,85,3148,2942,2896,2954,4330,3023,2992,3030,0,0,0,0,0,0,0,0,0,0,0,0,0,0,0,0,0,0,0,0,0,0,0,0,0,0,0,72,250
170,85,3094,2942,2880,2936,4333,3022,2992,3051,0,0,0,0,0,0,0,0,0,0,0,0,0,0,0,0,0,0,0,0,0,0,0,0,0,0,0,203,249
170,85,3106,2943,2877,2950,4369,3042,2986,3020,0,0,0,0,0,0,0,0,0,0,0,0,0,0,0,0,0,0,0,0,0,0,0,0,0,0,0,145,249
170,85,3139,2976,2867,2947,4370,3025,2992,3024,0,0,0,0,0,0,0,0,0,0,0,0,0,0,0,0,0,0,0,0,0,0,0,0,0,0,0,18,249
170,85,3110,2928,2872,2948,4369,3024,2983,3013,0,0,0,0,0,0,0,0,0,0,0,0,0,0,0,0,0,0,0,0,0,0,0,0,0,0,0,171,249
170,85,3126,2927,2859,2935,4363,3024,3005,3033,0,0,0,0,0,0,0,0,0,0,0,0,0,0,0,0,0,0,0,0,0,0,0,0,0,0,0,88,249
170,85,3108,2927,2860,2948,4330,3021,2993,2994,0,0,0,0,0,0,0,0,0,0,0,0,0,0,0,0,0,0,0,0,0,0,0,0,0,0,0,36,249
170,85,3108,2959,2874,2935,4367,3021,3012,3003,0,0,0,0,0,0,0,0,0,0,0,0,0,0,0,0,0,0,0,0,0,0,0,0,0,0,0,185,249
170,85,3108,2944,2872,2938,4332,3038,3013,3057,0,0,0,0,0,0,0,0,0,0,0,0,0,0,0,0,0,0,0,0,0,0,0,0,0,0,0,3,249
170,85,3109,2927,2894,2936,4331,3049,2990,3010,0,0,0,0,0,0,0,0,0,0,0,0,0,0,0,0,0,0,0,0,0,0,0,0,0,0,0,241,249
170,85,3106,2966,2877,2976,4363,3025,3013,3016,0,0,0,0,0,0,0,0,0,0,0,0,0,0,0,0,0,0,0,0,0,0,0,0,0,0,0,28,249
170,85,3112,2967,2866,2975,4329,3045,2992,3006,0,0,0,0,0,0,0,0,0,0,0,0,0,0,0,0,0,0,0,0,0,0,0,0,0,0,0,243,249
170,85,3111,2959,2868,2949,4368,3025,2990,3043,0,0,0,0,0,0,0,0,0,0,0,0,0,0,0,0,0,0,0,0,0,0,0,0,0,0,0,119,249
170,85,3110,2959,2860,2953,4369,3069,2989,3022,0,0,0,0,0,0,0,0,0,0,0,0,0,0,0,0,0,0,0,0,0,0,0,0,0,0,0,97,248
170,85,3095,2973,2878,2948,4332,3023,2974,3014,0,0,0,0,0,0,0,0,0,0,0,0,0,0,0,0,0,0,0,0,0,0,0,0,0,0,0,168,248
170,85,3109,2943,2859,2976,4330,3045,2990,3022,0,0,0,0,0,0,0,0,0,0,0,0,0,0,0,0,0,0,0,0,0,0,0,0,0,0,0,93,248
170,85,3109,2946,2873,2975,4333,3023,2990,3038,0,0,0,0,0,0,0,0,0,0,0,0,0,0,0,0,0,0,0,0,0,0,0,0,0,0,0,176,248
170,85,3108,2928,2858,2937,4329,3024,3012,3016,0,0,0,0,0,0,0,0,0,0,0,0,0,0,0,0,0,0,0,0,0,0,0,0,0,0,0,209,249
170,85,3094,2966,2858,2976,4332,3040,2992,3022,0,0,0,0,0,0,0,0,0,0,0,0,0,0,0,0,0,0,0,0,0,0,0,0,0,0,0,155,248
170,85,3108,2927,2860,2937,4368,3065,2981,3012,0,0,0,0,0,0,0,0,0,0,0,0,0,0,0,0,0,0,0,0,0,0,0,0,0,0,0,116,249
170,85,3148,2944,2867,2953,4327,3047,2990,3014,0,0,0,0,0,0,0,0,0,0,0,0,0,0,0,0,0,0,0,0,0,0,0,0,0,0,0,253,248
170,85,3139,2973,2862,2948,4365,3038,2993,3016,0,0,0,0,0,0,0,0,0,0,0,0,0,0,0,0,0,0,0,0,0,0,0,0,0,0,0,60,249
170,85,3109,2955,2878,2966,4358,3021,2991,2995,0,0,0,0,0,0,0,0,0,0,0,0,0,0,0,0,0,0,0,0,0,0,0,0,0,0,0,51,248
170,85,3099,2945,2878,2984,4351,3020,3028,3044,0,0,0,0,0,0,0,0,0,0,0,0,0,0,0,0,0,0,0,0,0,0,0,0,0,0,0,236,248
170,85,3110,2946,2874,2938,4319,3020,2994,3041,0,0,0,0,0,0,0,0,0,0,0,0,0,0,0,0,0,0,0,0,0,0,0,0,0,0,0,71,248
170,85,3108,2946,2874,2983,4321,3043,2991,3007,0,0,0,0,0,0,0,0,0,0,0,0,0,0,0,0,0,0,0,0,0,0,0,0,0,0,0,202,248
170,85,3132,2928,2867,2948,4355,3034,3013,3011,0,0,0,0,0,0,0,0,0,0,0,0,0,0,0,0,0,0,0,0,0,0,0,0,0,0,0,198,248
170,85,3094,2967,2875,2938,4351,3045,2989,3034,0,0,0,0,0,0,0,0,0,0,0,0,0,0,0,0,0,0,0,0,0,0,0,0,0,0,0,78,248
170,85,3125,2926,2884,2955,4356,3034,3029,3007,0,0,0,0,0,0,0,0,0,0,0,0,0,0,0,0,0,0,0,0,0,0,0,0,0,0,0,194,248
170,85,3110,2967,2878,2955,4321,3045,3006,3023,0,0,0,0,0,0,0,0,0,0,0,0,0,0,0,0,0,0,0,0,0,0,0,0,0,0,0,146,248
170,85,3133,2945,2867,2966,4319,3029,2992,3058,0,0,0,0,0,0,0,0,0,0,0,0,0,0,0,0,0,0,0,0,0,0,0,0,0,0,0,178,248
170,85,3109,2928,2867,2935,4321,3034,2980,3009,0,0,0,0,0,0,0,0,0,0,0,0,0,0,0,0,0,0,0,0,0,0,0,0,0,0,0,172,249
170,85,3134,2956,2872,2965,4321,3022,2973,3008,0,0,0,0,0,0,0,0,0,0,0,0,0,0,0,0,0,0,0,0,0,0,0,0,0,0,0,142,248
170,85,3108,2967,2878,2975,4319,3023,2996,3044,0,0,0,0,0,0,0,0,0,0,0,0,0,0,0,0,0,0,0,0,0,0,0,0,0,0,0,177,249
170,85,3110,2927,2886,2984,4318,3022,2984,3013,0,0,0,0,0,0,0,0,0,0,0,0,0,0,0,0,0,0,0,0,0,0,0,0,0,0,0,57,249
170,85,3108,2945,2873,2954,4347,3062,2991,3044,0,0,0,0,0,0,0,0,0,0,0,0,0,0,0,0,0,0,0,0,0,0,0,0,0,0,0,179,249
170,85,3126,2942,2873,2938,4357,3040,2997,3023,0,0,0,0,0,0,0,0,0,0,0,0,0,0,0,0,0,0,0,0,0,0,0,0,0,0,0,118,249
170,85,3109,2967,2862,2948,4318,3021,3029,3022,0,0,0,0,0,0,0,0,0,0,0,0,0,0,0,0,0,0,0,0,0,0,0,0,0,0,0,243,249
170,85,3109,2968,2880,2937,4368,3045,2993,3023,0,0,0,0,0,0,0,0,0,0,0,0,0,0,0,0,0,0,0,0,0,0,0,0,0,0,0,237,249
170,85,3113,2928,2878,2944,4368,3062,3001,3066,0,0,0,0,0,0,0,0,0,0,0,0,0,0,0,0,0,0,0,0,0,0,0,0,0,0,0,160,249
170,85,3109,2959,2873,2937,4331,3024,3028,3061,0,0,0,0,0,0,0,0,0,0,0,0,0,0,0,0,0,0,0,0,0,0,0,0,0,0,0,19,249
170,85,3110,2928,2878,2954,4332,3026,2985,3012,0,0,0,0,0,0,0,0,0,0,0,0,0,0,0,0,0,0,0,0,0,0,0,0,0,0,0,82,249
170,85,3110,2967,2867,2977,4330,3045,3030,3044,0,0,0,0,0,0,0,0,0,0,0,0,0,0,0,0,0,0,0,0,0,0,0,0,0,0,0,253,249
170,85,3110,2947,2863,2949,4331,3021,3006,3016,0,0,0,0,0,0,0,0,0,0,0,0,0,0,0,0,0,0,0,0,0,0,0,0,0,0,0,188,249
170,85,3131,2942,2861,2978,4331,3062,2985,3038,0,0,0,0,0,0,0,0,0,0,0,0,0,0,0,0,0,0,0,0,0,0,0,0,0,0,0,67,248
170,85,3107,2926,2878,2949,4331,3019,2984,3008,0,0,0,0,0,0,0,0,0,0,0,0,0,0,0,0,0,0,0,0,0,0,0,0,0,0,0,93,249
170,85,3105,2943,2854,2981,4330,3037,2990,3034,0,0,0,0,0,0,0,0,0,0,0,0,0,0,0,0,0,0,0,0,0,0,0,0,0,0,0,125,249
170,85,3106,2927,2895,2936,4329,3061,2985,3012,0,0,0,0,0,0,0,0,0,0,0,0,0,0,0,0,0,0,0,0,0,0,0,0,0,0,0,232,249
170,85,3110,2928,2863,2936,4367,3029,3030,3017,0,0,0,0,0,0,0,0,0,0,0,0,0,0,0,0,0,0,0,0,0,0,0,0,0,0,0,38,249
170,85,3125,2975,2902,2977,4328,3024,3008,3035,0,0,0,0,0,0,0,0,0,0,0,0,0,0,0,0,0,0,0,0,0,0,0,0,0,0,0,157,249
170,85,3149,2960,2863,2938,4332,3022,3022,3023,0,0,0,0,0,0,0,0,0,0,0,0,0,0,0,0,0,0,0,0,0,0,0,0,0,0,0,72,249
170,85,3141,2945,2868,2956,4367,3016,2992,3063,0,0,0,0,0,0,0,0,0,0,0,0,0,0,0,0,0,0,0,0,0,0,0,0,0,0,0,30,249
170,85,3132,2960,2874,2961,4327,3024,2991,3016,0,0,0,0,0,0,0,0,0,0,0,0,0,0,0,0,0,0,0,0,0,0,0,0,0,0,0,180,249
170,85,3149,2946,2874,2977,4369,3025,3012,3015,0,0,0,0,0,0,0,0,0,0,0,0,0,0,0,0,0,0,0,0,0,0,0,0,0,0,0,117,248
170,85,3127,2975,2874,2953,4368,3040,2992,3039,0,0,0,0,0,0,0,0,0,0,0,0,0,0,0,0,0,0,0,0,0,0,0,0,0,0,0,102,249
170,85,3126,2967,2880,2954,4332,3045,2994,3025,0,0,0,0,0,0,0,0,0,0,0,0,0,0,0,0,0,0,0,0,0,0,0,0,0,0,0,226,249
170,85,3106,2942,2879,2958,4368,3024,3002,3022,0,0,0,0,0,0,0,0,0,0,0,0,0,0,0,0,0,0,0,0,0,0,0,0,0,0,0,187,249
170,85,3106,2946,2854,2957,4326,3027,3014,3018,0,0,0,0,0,0,0,0,0,0,0,0,0,0,0,0,0,0,0,0,0,0,0,0,0,0,0,209,249
170,85,3107,2934,2880,2939,4332,3027,3014,3035,0,0,0,0,0,0,0,0,0,0,0,0,0,0,0,0,0,0,0,0,0,0,0,0,0,0,0,175,249
170,85,3126,2928,2868,2939,4330,3060,3003,3065,0,0,0,0,0,0,0,0,0,0,0,0,0,0,0,0,0,0,0,0,0,0,0,0,0,0,0,182,249
170,85,3105,2932,2880,2950,4330,3025,2986,3033,0,0,0,0,0,0,0,0,0,0,0,0,0,0,0,0,0,0,0,0,0,0,0,0,0,0,0,56,249
170,85,3092,2926,2878,2949,4330,3023,3030,3024,0,0,0,0,0,0,0,0,0,0,0,0,0,0,0,0,0,0,0,0,0,0,0,0,0,0,0,1,249
170,85,3149,2944,2877,2950,4329,3062,2994,3022,0,0,0,0,0,0,0,0,0,0,0,0,0,0,0,0,0,0,0,0,0,0,0,0,0,0,0,246,249
170,85,3126,2961,2874,2936,4331,3024,2974,3013,0,0,0,0,0,0,0,0,0,0,0,0,0,0,0,0,0,0,0,0,0,0,0,0,0,0,0,102,249
170,85,3120,2945,2896,2955,4361,3021,2989,3023,0,0,0,0,0,0,0,0,0,0,0,0,0,0,0,0,0,0,0,0,0,0,0,0,0,0,0,46,249
170,85,3114,2944,2873,2954,4326,3016,2974,3001,0,0,0,0,0,0,0,0,0,0,0,0,0,0,0,0,0,0,0,0,0,0,0,0,0,0,0,243,249
170,85,3133,2944,2874,2954,4367,3025,3014,3023,0,0,0,0,0,0,0,0,0,0,0,0,0,0,0,0,0,0,0,0,0,0,0,0,0,0,0,56,249
170,85,3129,2955,2875,2948,4368,3023,2990,3022,0,0,0,0,0,0,0,0,0,0,0,0,0,0,0,0,0,0,0,0,0,0,0,0,0,0,0,80,249
170,85,3108,2975,2862,2957,4329,3040,3029,3051,0,0,0,0,0,0,0,0,0,0,0,0,0,0,0,0,0,0,0,0,0,0,0,0,0,0,0,204,249
170,85,3133,2942,2877,2938,4331,3046,2991,3017,0,0,0,0,0,0,0,0,0,0,0,0,0,0,0,0,0,0,0,0,0,0,0,0,0,0,0,140,249
170,85,3132,2943,2861,2936,4332,3040,3006,3042,0,0,0,0,0,0,0,0,0,0,0,0,0,0,0,0,0,0,0,0,0,0,0,0,0,0,0,165,249
170,85,3112,2939,2859,2955,4367,3062,2990,3021,0,0,0,0,0,0,0,0,0,0,0,0,0,0,0,0,0,0,0,0,0,0,0,0,0,0,0,139,249
170,85,3110,2928,2901,2938,4330,3016,2974,3004,0,0,0,0,0,0,0,0,0,0,0,0,0,0,0,0,0,0,0,0,0,0,0,0,0,0,0,154,249
170,85,3106,2942,2859,2937,4362,3025,2993,3014,0,0,0,0,0,0,0,0,0,0,0,0,0,0,0,0,0,0,0,0,0,0,0,0,0,0,0,64,249
170,85,3126,2943,2874,2953,4326,3044,3008,2995,0,0,0,0,0,0,0,0,0,0,0,0,0,0,0,0,0,0,0,0,0,0,0,0,0,0,0,104,249
170,85,3106,2960,2863,2956,4367,3025,2975,3008,0,0,0,0,0,0,0,0,0,0,0,0,0,0,0,0,0,0,0,0,0,0,0,0,0,0,0,114,249
170,85,3112,2967,2880,2938,4330,3043,3014,3013,0,0,0,0,0,0,0,0,0,0,0,0,0,0,0,0,0,0,0,0,0,0,0,0,0,0,0,108,249
170,85,3111,2946,2863,2983,4331,3023,2984,3012,0,0,0,0,0,0,0,0,0,0,0,0,0,0,0,0,0,0,0,0,0,0,0,0,0,0,0,134,249
170,85,3094,2928,2873,2955,4366,3027,3014,3013,0,0,0,0,0,0,0,0,0,0,0,0,0,0,0,0,0,0,0,0,0,0,0,0,0,0,0,232,248
170,85,3150,2940,2873,2954,4331,3023,2984,3013,0,0,0,0,0,0,0,0,0,0,0,0,0,0,0,0,0,0,0,0,0,0,0,0,0,0,0,43,249
170,85,3113,2929,2884,2947,4366,3028,2989,3012,0,0,0,0,0,0,0,0,0,0,0,0,0,0,0,0,0,0,0,0,0,0,0,0,0,0,0,206,249
170,85,3093,2945,2860,2938,4366,3024,2994,3022,0,0,0,0,0,0,0,0,0,0,0,0,0,0,0,0,0,0,0,0,0,0,0,0,0,0,0,130,249
170,85,3130,2944,2875,2971,4333,3062,2994,3013,0,0,0,0,0,0,0,0,0,0,0,0,0,0,0,0,0,0,0,0,0,0,0,0,0,0,0,149,249
170,85,3094,2943,2901,2968,4368,3024,2992,3014,0,0,0,0,0,0,0,0,0,0,0,0,0,0,0,0,0,0,0,0,0,0,0,0,0,0,0,240,249
170,85,3110,2956,2886,2955,4362,3022,2998,3030,0,0,0,0,0,0,0,0,0,0,0,0,0,0,0,0,0,0,0,0,0,0,0,0,0,0,0,33,249
170,85,3133,2943,2880,2970,4335,3028,2992,3003,0,0,0,0,0,0,0,0,0,0,0,0,0,0,0,0,0,0,0,0,0,0,0,0,0,0,0,75,249
170,85,3109,2956,2860,2956,4327,3029,3006,3038,0,0,0,0,0,0,0,0,0,0,0,0,0,0,0,0,0,0,0,0,0,0,0,0,0,0,0,184,249
170,85,3110,2946,2875,2970,4332,3022,2986,3039,0,0,0,0,0,0,0,0,0,0,0,0,0,0,0,0,0,0,0,0,0,0,0,0,0,0,0,177,249
170,85,3112,2944,2875,2978,4368,3032,3023,3012,0,0,0,0,0,0,0,0,0,0,0,0,0,0,0,0,0,0,0,0,0,0,0,0,0,0,0,16,249
170,85,3108,2961,2869,2979,4331,3024,2992,3003,0,0,0,0,0,0,0,0,0,0,0,0,0,0,0,0,0,0,0,0,0,0,0,0,0,0,0,240,249
170,85,3112,2945,2879,2955,4329,3065,3014,3064,0,0,0,0,0,0,0,0,0,0,0,0,0,0,0,0,0,0,0,0,0,0,0,0,0,0,0,208,249
170,85,3120,2947,2876,2977,4337,3026,2986,3021,0,0,0,0,0,0,0,0,0,0,0,0,0,0,0,0,0,0,0,0,0,0,0,0,0,0,0,137,249
170,85,3104,2947,2881,2950,4365,3027,2986,3017,0,0,0,0,0,0,0,0,0,0,0,0,0,0,0,0,0,0,0,0,0,0,0,0,0,0,0,59,248
170,85,3112,2960,2881,2963,4369,3028,3029,3027,0,0,0,0,0,0,0,0,0,0,0,0,0,0,0,0,0,0,0,0,0,0,0,0,0,0,0,75,248
170,85,3133,2928,2878,2951,4331,3047,2993,3064,0,0,0,0,0,0,0,0,0,0,0,0,0,0,0,0,0,0,0,0,0,0,0,0,0,0,0,82,249
170,85,3108,2961,2875,2985,4368,3032,3008,3012,0,0,0,0,0,0,0,0,0,0,0,0,0,0,0,0,0,0,0,0,0,0,0,0,0,0,0,9,249
170,85,3110,2957,2882,2958,4365,3032,2994,3025,0,0,0,0,0,0,0,0,0,0,0,0,0,0,0,0,0,0,0,0,0,0,0,0,0,0,0,51,249
170,85,3112,2944,2884,2977,4334,3065,3015,3027,0,0,0,0,0,0,0,0,0,0,0,0,0,0,0,0,0,0,0,0,0,0,0,0,0,0,0,173,249
170,85,3127,2961,2876,2956,4367,3029,3030,3041,0,0,0,0,0,0,0,0,0,0,0,0,0,0,0,0,0,0,0,0,0,0,0,0,0,0,0,25,249
170,85,3143,2929,2877,2961,4360,3042,2986,3024,0,0,0,0,0,0,0,0,0,0,0,0,0,0,0,0,0,0,0,0,0,0,0,0,0,0,0,232,249
170,85,3109,2947,2880,2952,4322,3029,3031,3024,0,0,0,0,0,0,0,0,0,0,0,0,0,0,0,0,0,0,0,0,0,0,0,0,0,0,0,189,249
170,85,3150,2962,2898,2958,4323,3024,2993,3070,0,0,0,0,0,0,0,0,0,0,0,0,0,0,0,0,0,0,0,0,0,0,0,0,0,0,0,159,249
170,85,3134,2968,2863,2956,4325,3063,3031,3027,0,0,0,0,0,0,0,0,0,0,0,0,0,0,0,0,0,0,0,0,0,0,0,0,0,0,0,240,248
170,85,3093,2947,2883,2957,4325,3066,2997,3028,0,0,0,0,0,0,0,0,0,0,0,0,0,0,0,0,0,0,0,0,0,0,0,0,0,0,0,197,249
170,85,3109,2935,2883,2958,4321,3031,3032,3029,0,0,0,0,0,0,0,0,0,0,0,0,0,0,0,0,0,0,0,0,0,0,0,0,0,0,0,71,249
170,85,3127,2946,2875,2957,4330,3070,3015,3020,0,0,0,0,0,0,0,0,0,0,0,0,0,0,0,0,0,0,0,0,0,0,0,0,0,0,0,255,249
170,85,3106,2946,2880,2986,4362,3030,2995,3027,0,0,0,0,0,0,0,0,0,0,0,0,0,0,0,0,0,0,0,0,0,0,0,0,0,0,0,20,249
170,85,3132,2946,2909,2941,4322,3027,3000,3046,0,0,0,0,0,0,0,0,0,0,0,0,0,0,0,0,0,0,0,0,0,0,0,0,0,0,0,18,249
170,85,3150,2969,2875,2958,4328,3025,3014,3021,0,0,0,0,0,0,0,0,0,0,0,0,0,0,0,0,0,0,0,0,0,0,0,0,0,0,0,179,249
170,85,3112,2946,2868,2978,4321,3034,3015,3022,0,0,0,0,0,0,0,0,0,0,0,0,0,0,0,0,0,0,0,0,0,0,0,0,0,0,0,237,249
170,85,3106,2929,2869,2937,4324,3045,2976,3027,0,0,0,0,0,0,0,0,0,0,0,0,0,0,0,0,0,0,0,0,0,0,0,0,0,0,0,142,249
170,85,3150,2941,2857,2962,4326,3029,2998,3050,0,0,0,0,0,0,0,0,0,0,0,0,0,0,0,0,0,0,0,0,0,0,0,0,0,0,0,4,249
170,85,3133,2946,2857,2970,4320,3034,2986,3017,0,0,0,0,0,0,0,0,0,0,0,0,0,0,0,0,0,0,0,0,0,0,0,0,0,0,0,182,249
170,85,3138,2946,2884,2954,4310,3028,2988,3049,0,0,0,0,0,0,0,0,0,0,0,0,0,0,0,0,0,0,0,0,0,0,0,0,0,0,0,170,249
170,85,3092,2970,2882,2960,4344,3056,2999,3032,0,0,0,0,0,0,0,0,0,0,0,0,0,0,0,0,0,0,0,0,0,0,0,0,0,0,0,216,249
170,85,3111,2954,2885,2976,4338,3069,3000,3030,0,0,0,0,0,0,0,0,0,0,0,0,0,0,0,0,0,0,0,0,0,0,0,0,0,0,0,202,249
170,85,3107,2953,2874,2982,4290,3056,2998,3045,0,0,0,0,0,0,0,0,0,0,0,0,0,0,0,0,0,0,0,0,0,0,0,0,0,0,0,180,249
170,85,3112,2935,2889,2992,4329,3034,3014,3026,0,0,0,0,0,0,0,0,0,0,0,0,0,0,0,0,0,0,0,0,0,0,0,0,0,0,0,98,249
170,85,3102,2948,2928,2984,4294,3032,2995,3057,0,0,0,0,0,0,0,0,0,0,0,0,0,0,0,0,0,0,0,0,0,0,0,0,0,0,0,253,249
170,85,3110,2955,2892,3008,4300,3030,3027,3043,0,0,0,0,0,0,0,0,0,0,0,0,0,0,0,0,0,0,0,0,0,0,0,0,0,0,0,232,249
170,85,3107,2959,2890,3006,4298,3067,2999,3033,0,0,0,0,0,0,0,0,0,0,0,0,0,0,0,0,0,0,0,0,0,0,0,0,0,0,0,228,248
170,85,3108,2947,2889,2967,4326,3034,3003,3036,0,0,0,0,0,0,0,0,0,0,0,0,0,0,0,0,0,0,0,0,0,0,0,0,0,0,0,193,249
170,85,3108,2953,2928,2962,4292,3032,2994,3039,0,0,0,0,0,0,0,0,0,0,0,0,0,0,0,0,0,0,0,0,0,0,0,0,0,0,0,221,249
170,85,3109,2984,2891,2983,4298,3057,2984,3004,0,0,0,0,0,0,0,0,0,0,0,0,0,0,0,0,0,0,0,0,0,0,0,0,0,0,0,173,249
170,85,3115,2988,2888,2984,4300,3030,2994,3022,0,0,0,0,0,0,0,0,0,0,0,0,0,0,0,0,0,0,0,0,0,0,0,0,0,0,0,226,249
170,85,3128,2952,2890,2975,4298,3036,2986,3033,0,0,0,0,0,0,0,0,0,0,0,0,0,0,0,0,0,0,0,0,0,0,0,0,0,0,0,227,248
170,85,3109,2951,2884,2998,4302,3031,3015,3026,0,0,0,0,0,0,0,0,0,0,0,0,0,0,0,0,0,0,0,0,0,0,0,0,0,0,0,191,249
170,85,3106,2952,2876,2965,4284,3059,3040,3065,0,0,0,0,0,0,0,0,0,0,0,0,0,0,0,0,0,0,0,0,0,0,0,0,0,0,0,182,249
170,85,3106,2959,2874,2973,4287,3070,3005,3031,0,0,0,0,0,0,0,0,0,0,0,0,0,0,0,0,0,0,0,0,0,0,0,0,0,0,0,194,249
170,85,3113,2959,2908,2964,4287,3033,3000,3077,0,0,0,0,0,0,0,0,0,0,0,0,0,0,0,0,0,0,0,0,0,0,0,0,0,0,0,81,249
170,85,3107,2952,2891,2989,4321,3029,3013,3026,0,0,0,0,0,0,0,0,0,0,0,0,0,0,0,0,0,0,0,0,0,0,0,0,0,0,0,141,249
170,85,3101,2956,2892,2971,4292,3057,3005,3037,0,0,0,0,0,0,0,0,0,0,0,0,0,0,0,0,0,0,0,0,0,0,0,0,0,0,0,240,249
170,85,3106,2960,2876,2971,4296,3068,3000,3054,0,0,0,0,0,0,0,0,0,0,0,0,0,0,0,0,0,0,0,0,0,0,0,0,0,0,0,148,249
170,85,3103,2937,2891,2974,4322,3035,3022,3029,0,0,0,0,0,0,0,0,0,0,0,0,0,0,0,0,0,0,0,0,0,0,0,0,0,0,0,114,248
170,85,3129,2950,2892,2972,4323,3051,2991,3030,0,0,0,0,0,0,0,0,0,0,0,0,0,0,0,0,0,0,0,0,0,0,0,0,0,0,0,253,249
170,85,3134,2970,2885,2958,4319,3031,2997,3032,0,0,0,0,0,0,0,0,0,0,0,0,0,0,0,0,0,0,0,0,0,0,0,0,0,0,0,233,249
170,85,3132,2947,2880,2941,4353,3030,3016,3039,0,0,0,0,0,0,0,0,0,0,0,0,0,0,0,0,0,0,0,0,0,0,0,0,0,0,0,160,249
170,85,3151,2950,2874,2993,4330,3026,2991,3029,0,0,0,0,0,0,0,0,0,0,0,0,0,0,0,0,0,0,0,0,0,0,0,0,0,0,0,227,249
170,85,3109,2946,2882,2940,4356,3035,2995,3056,0,0,0,0,0,0,0,0,0,0,0,0,0,0,0,0,0,0,0,0,0,0,0,0,0,0,0,231,249
170,85,3110,2946,2869,2958,4312,3033,2994,3027,0,0,0,0,0,0,0,0,0,0,0,0,0,0,0,0,0,0,0,0,0,0,0,0,0,0,0,156,249
170,85,3127,2964,2871,2958,4312,3027,2994,3029,0,0,0,0,0,0,0,0,0,0,0,0,0,0,0,0,0,0,0,0,0,0,0,0,0,0,0,149,249
170,85,3134,2972,2888,2954,4312,3028,2996,3047,0,0,0,0,0,0,0,0,0,0,0,0,0,0,0,0,0,0,0,0,0,0,0,0,0,0,0,220,249
170,85,3107,2937,2875,2958,4309,3009,3020,3034,0,0,0,0,0,0,0,0,0,0,0,0,0,0,0,0,0,0,0,0,0,0,0,0,0,0,0,14,249
170,85,3093,2975,2857,2954,4324,3055,2991,3049,0,0,0,0,0,0,0,0,0,0,0,0,0,0,0,0,0,0,0,0,0,0,0,0,0,0,0,135,248
170,85,3107,2970,2879,2939,4326,3025,3016,3014,0,0,0,0,0,0,0,0,0,0,0,0,0,0,0,0,0,0,0,0,0,0,0,0,0,0,0,39,249
170,85,3107,2977,2860,2968,4324,3032,2982,3030,0,0,0,0,0,0,0,0,0,0,0,0,0,0,0,0,0,0,0,0,0,0,0,0,0,0,0,153,249
170,85,3114,2965,2910,2960,4311,3029,3011,3045,0,0,0,0,0,0,0,0,0,0,0,0,0,0,0,0,0,0,0,0,0,0,0,0,0,0,0,182,249
170,85,3110,2963,2886,2959,4329,3030,3033,3029,0,0,0,0,0,0,0,0,0,0,0,0,0,0,0,0,0,0,0,0,0,0,0,0,0,0,0,172,248
170,85,3111,2949,2881,2981,4333,3026,2997,3068,0,0,0,0,0,0,0,0,0,0,0,0,0,0,0,0,0,0,0,0,0,0,0,0,0,0,0,211,249
170,85,3108,2964,2885,2952,4330,3031,2997,3027,0,0,0,0,0,0,0,0,0,0,0,0,0,0,0,0,0,0,0,0,0,0,0,0,0,0,0,197,249
170,85,3113,2951,2894,2987,4361,3070,2998,3031,0,0,0,0,0,0,0,0,0,0,0,0,0,0,0,0,0,0,0,0,0,0,0,0,0,0,0,63,249
170,85,3109,2964,2882,2959,4309,3032,2996,3027,0,0,0,0,0,0,0,0,0,0,0,0,0,0,0,0,0,0,0,0,0,0,0,0,0,0,0,245,249
170,85,3110,2979,2871,2965,4304,3069,3001,3032,0,0,0,0,0,0,0,0,0,0,0,0,0,0,0,0,0,0,0,0,0,0,0,0,0,0,0,136,249
170,85,3109,2949,2886,2967,4345,3050,3035,3032,0,0,0,0,0,0,0,0,0,0,0,0,0,0,0,0,0,0,0,0,0,0,0,0,0,0,0,130,249
170,85,3096,2966,2892,2966,4339,3029,2999,3032,0,0,0,0,0,0,0,0,0,0,0,0,0,0,0,0,0,0,0,0,0,0,0,0,0,0,0,254,249
170,85,3114,2931,2875,2957,4312,3044,2996,3026,0,0,0,0,0,0,0,0,0,0,0,0,0,0,0,0,0,0,0,0,0,0,0,0,0,0,0,86,249
170,85,3094,2984,2867,2956,4359,3044,2994,3029,0,0,0,0,0,0,0,0,0,0,0,0,0,0,0,0,0,0,0,0,0,0,0,0,0,0,0,103,248
170,85,3110,2963,2879,2955,4322,3028,2984,3032,0,0,0,0,0,0,0,0,0,0,0,0,0,0,0,0,0,0,0,0,0,0,0,0,0,0,0,164,249
170,85,3127,2987,2891,2985,4305,3032,2996,3072,0,0,0,0,0,0,0,0,0,0,0,0,0,0,0,0,0,0,0,0,0,0,0,0,0,0,0,39,249
170,85,3152,2964,2868,2957,4307,3032,2994,3045,0,0,0,0,0,0,0,0,0,0,0,0,0,0,0,0,0,0,0,0,0,0,0,0,0,0,0,194,249
170,85,3128,2950,2886,2958,4328,3029,2988,3016,0,0,0,0,0,0,0,0,0,0,0,0,0,0,0,0,0,0,0,0,0,0,0,0,0,0,0,204,249
170,85,3108,2948,2882,2956,4305,3028,3000,3069,0,0,0,0,0,0,0,0,0,0,0,0,0,0,0,0,0,0,0,0,0,0,0,0,0,0,0,205,249
170,85,3108,2939,2888,2964,4363,3030,2998,3027,0,0,0,0,0,0,0,0,0,0,0,0,0,0,0,0,0,0,0,0,0,0,0,0,0,0,0,217,249
170,85,3107,2948,2887,2943,4313,3033,2995,3030,0,0,0,0,0,0,0,0,0,0,0,0,0,0,0,0,0,0,0,0,0,0,0,0,0,0,0,25,249
170,85,3126,2971,2881,2954,4326,3029,2996,3027,0,0,0,0,0,0,0,0,0,0,0,0,0,0,0,0,0,0,0,0,0,0,0,0,0,0,0,209,249
170,85,3114,2949,2868,2947,4307,3026,3036,3046,0,0,0,0,0,0,0,0,0,0,0,0,0,0,0,0,0,0,0,0,0,0,0,0,0,0,0,192,248
170,85,3117,2948,2870,2958,4344,3046,3023,3029,0,0,0,0,0,0,0,0,0,0,0,0,0,0,0,0,0,0,0,0,0,0,0,0,0,0,0,246,249
170,85,3151,2951,2880,2941,4307,3070,2999,3032,0,0,0,0,0,0,0,0,0,0,0,0,0,0,0,0,0,0,0,0,0,0,0,0,0,0,0,84,249
170,85,3109,2950,2870,2959,4309,3036,2994,3031,0,0,0,0,0,0,0,0,0,0,0,0,0,0,0,0,0,0,0,0,0,0,0,0,0,0,0,149,248
170,85,3145,2931,2887,2943,4346,3030,3000,3046,0,0,0,0,0,0,0,0,0,0,0,0,0,0,0,0,0,0,0,0,0,0,0,0,0,0,0,147,249
170,85,3114,2954,2884,2962,4308,3035,3034,3027,0,0,0,0,0,0,0,0,0,0,0,0,0,0,0,0,0,0,0,0,0,0,0,0,0,0,0,147,249
170,85,3113,2964,2885,2961,4306,3031,3001,3071,0,0,0,0,0,0,0,0,0,0,0,0,0,0,0,0,0,0,0,0,0,0,0,0,0,0,0,201,249
170,85,3109,2932,2888,2953,4364,3029,3016,3050,0,0,0,0,0,0,0,0,0,0,0,0,0,0,0,0,0,0,0,0,0,0,0,0,0,0,0,137,249
170,85,3110,2950,2886,2947,4327,3028,2994,3028,0,0,0,0,0,0,0,0,0,0,0,0,0,0,0,0,0,0,0,0,0,0,0,0,0,0,0,211,249
170,85,3109,2947,2878,2958,4324,3028,3019,3019,0,0,0,0,0,0,0,0,0,0,0,0,0,0,0,0,0,0,0,0,0,0,0,0,0,0,0,197,249
170,85,3110,2931,2893,2980,4363,3035,3003,3034,0,0,0,0,0,0,0,0,0,0,0,0,0,0,0,0,0,0,0,0,0,0,0,0,0,0,0,239,249
170,85,3126,2971,2875,2977,4323,3067,3022,3043,0,0,0,0,0,0,0,0,0,0,0,0,0,0,0,0,0,0,0,0,0,0,0,0,0,0,0,225,248
170,85,3151,2955,2864,2959,4308,3026,3001,3044,0,0,0,0,0,0,0,0,0,0,0,0,0,0,0,0,0,0,0,0,0,0,0,0,0,0,0,195,249
170,85,3135,2947,2902,2941,4360,3049,2987,3051,0,0,0,0,0,0,0,0,0,0,0,0,0,0,0,0,0,0,0,0,0,0,0,0,0,0,0,212,249
170,85,3111,2962,2874,2986,4362,3044,2994,3013,0,0,0,0,0,0,0,0,0,0,0,0,0,0,0,0,0,0,0,0,0,0,0,0,0,0,0,94,248
170,85,3111,2972,2874,2971,4331,3023,2998,3065,0,0,0,0,0,0,0,0,0,0,0,0,0,0,0,0,0,0,0,0,0,0,0,0,0,0,0,146,249
170,85,3092,2961,2863,2977,4333,3061,2991,3024,0,0,0,0,0,0,0,0,0,0,0,0,0,0,0,0,0,0,0,0,0,0,0,0,0,0,0,143,249
170,85,3112,2953,2870,2964,4367,3027,2992,3027,0,0,0,0,0,0,0,0,0,0,0,0,0,0,0,0,0,0,0,0,0,0,0,0,0,0,0,94,249
170,85,3126,2961,2868,2951,4367,3048,2991,3033,0,0,0,0,0,0,0,0,0,0,0,0,0,0,0,0,0,0,0,0,0,0,0,0,0,0,0,103,249
170,85,3111,2927,2860,2973,4331,3023,2990,3017,0,0,0,0,0,0,0,0,0,0,0,0,0,0,0,0,0,0,0,0,0,0,0,0,0,0,0,89,249
170,85,3108,2968,2860,2990,4331,3022,2974,3040,0,0,0,0,0,0,0,0,0,0,0,0,0,0,0,0,0,0,0,0,0,0,0,0,0,0,0,134,249
170,85,3134,2946,2862,2948,4334,3046,2974,2994,0,0,0,0,0,0,0,0,0,0,0,0,0,0,0,0,0,0,0,0,0,0,0,0,0,0,0,209,249
170,85,3111,2942,2867,2952,4344,3023,2991,3022,0,0,0,0,0,0,0,0,0,0,0,0,0,0,0,0,0,0,0,0,0,0,0,0,0,0,0,87,248
170,85,3111,2942,2874,2947,4365,3029,3012,2995,0,0,0,0,0,0,0,0,0,0,0,0,0,0,0,0,0,0,0,0,0,0,0,0,0,0,0,173,249
170,85,3126,2942,2871,2975,4341,3039,3028,3037,0,0,0,0,0,0,0,0,0,0,0,0,0,0,0,0,0,0,0,0,0,0,0,0,0,0,0,32,249
170,85,3110,2958,2859,2968,4334,3045,2990,3033,0,0,0,0,0,0,0,0,0,0,0,0,0,0,0,0,0,0,0,0,0,0,0,0,0,0,0,132,249
170,85,3122,2955,2872,2953,4366,3006,2991,3023,0,0,0,0,0,0,0,0,0,0,0,0,0,0,0,0,0,0,0,0,0,0,0,0,0,0,0,58,249
170,85,3097,2965,2878,2948,4373,3023,3029,3020,0,0,0,0,0,0,0,0,0,0,0,0,0,0,0,0,0,0,0,0,0,0,0,0,0,0,0,23,249
170,85,3108,2959,2872,2982,4333,3023,2987,3010,0,0,0,0,0,0,0,0,0,0,0,0,0,0,0,0,0,0,0,0,0,0,0,0,0,0,0,157,249
170,85,3108,2949,2860,2969,4337,3039,2993,3037,0,0,0,0,0,0,0,0,0,0,0,0,0,0,0,0,0,0,0,0,0,0,0,0,0,0,0,181,248
170,85,3148,2933,2859,2947,4336,3043,2989,3035,0,0,0,0,0,0,0,0,0,0,0,0,0,0,0,0,0,0,0,0,0,0,0,0,0,0,0,23,249
170,85,3126,2942,2899,2937,4373,3024,3028,2995,0,0,0,0,0,0,0,0,0,0,0,0,0,0,0,0,0,0,0,0,0,0,0,0,0,0,0,34,249
170,85,3115,2944,2872,2963,4336,3008,2973,3023,0,0,0,0,0,0,0,0,0,0,0,0,0,0,0,0,0,0,0,0,0,0,0,0,0,0,0,129,249
170,85,3109,2972,2859,2976,4366,3025,2979,3030,0,0,0,0,0,0,0,0,0,0,0,0,0,0,0,0,0,0,0,0,0,0,0,0,0,0,0,122,249
170,85,3107,2927,2873,2947,4331,3025,3006,3062,0,0,0,0,0,0,0,0,0,0,0,0,0,0,0,0,0,0,0,0,0,0,0,0,0,0,0,103,249
170,85,3125,2958,2878,2947,4333,3029,3004,3024,0,0,0,0,0,0,0,0,0,0,0,0,0,0,0,0,0,0,0,0,0,0,0,0,0,0,0,177,249
170,85,3132,2925,2859,2968,4335,3025,2991,3023,0,0,0,0,0,0,0,0,0,0,0,0,0,0,0,0,0,0,0,0,0,0,0,0,0,0,0,95,249
170,85,3125,2958,2861,2954,4333,3025,2990,3011,0,0,0,0,0,0,0,0,0,0,0,0,0,0,0,0,0,0,0,0,0,0,0,0,0,0,0,174,249
170,85,3125,2959,2872,2942,4366,3010,2990,3011,0,0,0,0,0,0,0,0,0,0,0,0,0,0,0,0,0,0,0,0,0,0,0,0,0,0,0,191,249
170,85,3141,2937,2888,2948,4334,3023,2990,3006,0,0,0,0,0,0,0,0,0,0,0,0,0,0,0,0,0,0,0,0,0,0,0,0,0,0,0,34,249
170,85,3139,2925,2878,2953,4338,3027,2973,2988,0,0,0,0,0,0,0,0,0,0,0,0,0,0,0,0,0,0,0,0,0,0,0,0,0,0,0,106,249
170,85,3116,2941,2874,2969,4367,3066,2991,3049,0,0,0,0,0,0,0,0,0,0,0,0,0,0,0,0,0,0,0,0,0,0,0,0,0,0,0,163,248
170,85,3145,2966,2877,2944,4340,3043,2990,3022,0,0,0,0,0,0,0,0,0,0,0,0,0,0,0,0,0,0,0,0,0,0,0,0,0,0,0,246,249
170,85,3151,2940,2893,2967,4331,3025,2972,3003,0,0,0,0,0,0,0,0,0,0,0,0,0,0,0,0,0,0,0,0,0,0,0,0,0,0,0,23,249
170,85,3133,2942,2899,2947,4370,3024,2992,3021,0,0,0,0,0,0,0,0,0,0,0,0,0,0,0,0,0,0,0,0,0,0,0,0,0,0,0,206,249
170,85,3102,2964,2859,2970,4337,3025,3006,3006,0,0,0,0,0,0,0,0,0,0,0,0,0,0,0,0,0,0,0,0,0,0,0,0,0,0,0,248,248
170,85,3146,2972,2878,2969,4340,3069,2990,3012,0,0,0,0,0,0,0,0,0,0,0,0,0,0,0,0,0,0,0,0,0,0,0,0,0,0,0,241,249
170,85,3132,2964,2865,2969,4340,3022,2988,3026,0,0,0,0,0,0,0,0,0,0,0,0,0,0,0,0,0,0,0,0,0,0,0,0,0,0,0,167,249
170,85,3118,2940,2865,2960,4374,3069,2990,3032,0,0,0,0,0,0,0,0,0,0,0,0,0,0,0,0,0,0,0,0,0,0,0,0,0,0,0,140,249
170,85,3099,2944,2881,2976,4376,3045,2989,3011,0,0,0,0,0,0,0,0,0,0,0,0,0,0,0,0,0,0,0,0,0,0,0,0,0,0,0,11,249
170,85,3115,2962,2866,2964,4369,3025,2989,3025,0,0,0,0,0,0,0,0,0,0,0,0,0,0,0,0,0,0,0,0,0,0,0,0,0,0,0,65,248
170,85,3139,2942,2872,2966,4338,3029,3029,3015,0,0,0,0,0,0,0,0,0,0,0,0,0,0,0,0,0,0,0,0,0,0,0,0,0,0,0,69,249
170,85,3145,2933,2876,2943,4342,3042,3013,3038,0,0,0,0,0,0,0,0,0,0,0,0,0,0,0,0,0,0,0,0,0,0,0,0,0,0,0,147,249
170,85,3115,2932,2871,2946,4341,3025,3006,3023,0,0,0,0,0,0,0,0,0,0,0,0,0,0,0,0,0,0,0,0,0,0,0,0,0,0,0,92,249
170,85,3118,2943,2860,2949,4336,3060,2988,3010,0,0,0,0,0,0,0,0,0,0,0,0,0,0,0,0,0,0,0,0,0,0,0,0,0,0,0,113,248
170,85,3117,2938,2857,2942,4340,3016,2972,3007,0,0,0,0,0,0,0,0,0,0,0,0,0,0,0,0,0,0,0,0,0,0,0,0,0,0,0,252,249
170,85,3117,2966,2873,2972,4377,3050,2990,3037,0,0,0,0,0,0,0,0,0,0,0,0,0,0,0,0,0,0,0,0,0,0,0,0,0,0,0,124,249
170,85,3147,2958,2872,2944,4340,3028,2988,3037,0,0,0,0,0,0,0,0,0,0,0,0,0,0,0,0,0,0,0,0,0,0,0,0,0,0,0,207,248
170,85,3133,2965,2859,2948,4336,3028,2987,3036,0,0,0,0,0,0,0,0,0,0,0,0,0,0,0,0,0,0,0,0,0,0,0,0,0,0,0,183,249
170,85,3140,2926,2853,2945,4371,3027,3012,3016,0,0,0,0,0,0,0,0,0,0,0,0,0,0,0,0,0,0,0,0,0,0,0,0,0,0,0,160,249
170,85,3133,2963,2882,2965,4377,3027,2977,3011,0,0,0,0,0,0,0,0,0,0,0,0,0,0,0,0,0,0,0,0,0,0,0,0,0,0,0,51,249
170,85,3140,2943,2872,2947,4335,3033,2987,3016,0,0,0,0,0,0,0,0,0,0,0,0,0,0,0,0,0,0,0,0,0,0,0,0,0,0,0,54,249
170,85,3115,2924,2852,2976,4339,3011,2971,3019,0,0,0,0,0,0,0,0,0,0,0,0,0,0,0,0,0,0,0,0,0,0,0,0,0,0,0,64,248
170,85,3141,2941,2871,2952,4338,3045,2999,3060,0,0,0,0,0,0,0,0,0,0,0,0,0,0,0,0,0,0,0,0,0,0,0,0,0,0,0,48,249
170,85,3108,2940,2871,2955,4369,3020,3000,3013,0,0,0,0,0,0,0,0,0,0,0,0,0,0,0,0,0,0,0,0,0,0,0,0,0,0,0,166,248
170,85,3116,2932,2866,2965,4375,3002,3003,3019,0,0,0,0,0,0,0,0,0,0,0,0,0,0,0,0,0,0,0,0,0,0,0,0,0,0,0,192,249
170,85,3116,2964,2872,2936,4338,3038,2989,3022,0,0,0,0,0,0,0,0,0,0,0,0,0,0,0,0,0,0,0,0,0,0,0,0,0,0,0,84,247
170,85,3122,2960,2865,2976,4338,3010,2988,3010,0,0,0,0,0,0,0,0,0,0,0,0,0,0,0,0,0,0,0,0,0,0,0,0,0,0,0,142,249
170,85,3100,2942,2859,2968,4337,3011,2989,3003,0,0,0,0,0,0,0,0,0,0,0,0,0,0,0,0,0,0,0,0,0,0,0,0,0,0,0,22,249
170,85,3106,2926,2873,2933,4339,3022,2984,3021,0,0,0,0,0,0,0,0,0,0,0,0,0,0,0,0,0,0,0,0,0,0,0,0,0,0,0,187,249
170,85,3133,2941,2900,2948,4339,3025,2993,3022,0,0,0,0,0,0,0,0,0,0,0,0,0,0,0,0,0,0,0,0,0,0,0,0,0,0,0,46,249
170,85,3118,2926,2876,2975,4377,3022,3002,3031,0,0,0,0,0,0,0,0,0,0,0,0,0,0,0,0,0,0,0,0,0,0,0,0,0,0,0,187,248
170,85,3132,2925,2882,2953,4371,3022,2970,3020,0,0,0,0,0,0,0,0,0,0,0,0,0,0,0,0,0,0,0,0,0,0,0,0,0,0,0,243,249
170,85,3101,2952,2860,2975,4341,3032,3005,3029,0,0,0,0,0,0,0,0,0,0,0,0,0,0,0,0,0,0,0,0,0,0,0,0,0,0,0,128,249
170,85,3133,2926,2866,2966,4371,3045,2971,3025,0,0,0,0,0,0,0,0,0,0,0,0,0,0,0,0,0,0,0,0,0,0,0,0,0,0,0,169,249
170,85,3122,2941,2871,2964,4378,3020,2999,3031,0,0,0,0,0,0,0,0,0,0,0,0,0,0,0,0,0,0,0,0,0,0,0,0,0,0,0,184,249
170,85,3146,2932,2872,2975,4341,3022,2988,3010,0,0,0,0,0,0,0,0,0,0,0,0,0,0,0,0,0,0,0,0,0,0,0,0,0,0,0,47,249
170,85,3117,2964,2866,2952,4341,3011,3013,3010,0,0,0,0,0,0,0,0,0,0,0,0,0,0,0,0,0,0,0,0,0,0,0,0,0,0,0,209,248
170,85,3115,2942,2879,2982,4337,3033,2990,3026,0,0,0,0,0,0,0,0,0,0,0,0,0,0,0,0,0,0,0,0,0,0,0,0,0,0,0,123,249
170,85,3105,2925,2858,2934,4340,3021,2971,3009,0,0,0,0,0,0,0,0,0,0,0,0,0,0,0,0,0,0,0,0,0,0,0,0,0,0,0,144,249
170,85,3102,2963,2872,2942,4378,3020,3027,3042,0,0,0,0,0,0,0,0,0,0,0,0,0,0,0,0,0,0,0,0,0,0,0,0,0,0,0,206,249
170,85,3100,2963,2871,2950,4342,3050,2972,2996,0,0,0,0,0,0,0,0,0,0,0,0,0,0,0,0,0,0,0,0,0,0,0,0,0,0,0,233,249
170,85,3117,2937,2881,2964,4341,3010,2989,3016,0,0,0,0,0,0,0,0,0,0,0,0,0,0,0,0,0,0,0,0,0,0,0,0,0,0,0,48,249
170,85,3114,2932,2872,2951,4343,3019,3003,3036,0,0,0,0,0,0,0,0,0,0,0,0,0,0,0,0,0,0,0,0,0,0,0,0,0,0,0,89,249
170,85,3133,2942,2875,2965,4344,3022,2998,3032,0,0,0,0,0,0,0,0,0,0,0,0,0,0,0,0,0,0,0,0,0,0,0,0,0,0,0,86,249
170,85,3131,2965,2860,2949,4341,3021,3004,3036,0,0,0,0,0,0,0,0,0,0,0,0,0,0,0,0,0,0,0,0,0,0,0,0,0,0,0,188,249
170,85,3106,2941,2870,2958,4372,3021,2989,3032,0,0,0,0,0,0,0,0,0,0,0,0,0,0,0,0,0,0,0,0,0,0,0,0,0,0,0,169,248
170,85,3140,2930,2852,2952,4371,3020,2987,3030,0,0,0,0,0,0,0,0,0,0,0,0,0,0,0,0,0,0,0,0,0,0,0,0,0,0,0,218,248
170,85,3115,2953,2872,2942,4379,3035,2989,3019,0,0,0,0,0,0,0,0,0,0,0,0,0,0,0,0,0,0,0,0,0,0,0,0,0,0,0,160,248
170,85,3115,2941,2872,2945,4378,3039,2998,3015,0,0,0,0,0,0,0,0,0,0,0,0,0,0,0,0,0,0,0,0,0,0,0,0,0,0,0,185,248
170,85,3140,2955,2873,2937,4340,3023,2987,3022,0,0,0,0,0,0,0,0,0,0,0,0,0,0,0,0,0,0,0,0,0,0,0,0,0,0,0,50,248
170,85,3115,2941,2881,2951,4336,3022,3026,3020,0,0,0,0,0,0,0,0,0,0,0,0,0,0,0,0,0,0,0,0,0,0,0,0,0,0,0,83,249
170,85,3100,2942,2856,2950,4378,3027,2989,3009,0,0,0,0,0,0,0,0,0,0,0,0,0,0,0,0,0,0,0,0,0,0,0,0,0,0,0,139,249
170,85,3100,2926,2871,2949,4337,3020,2989,3018,0,0,0,0,0,0,0,0,0,0,0,0,0,0,0,0,0,0,0,0,0,0,0,0,0,0,0,121,249
170,85,3115,2964,2883,2935,4344,3022,2987,3020,0,0,0,0,0,0,0,0,0,0,0,0,0,0,0,0,0,0,0,0,0,0,0,0,0,0,0,57,249
170,85,3147,2940,2859,2934,4344,3011,2971,2994,0,0,0,0,0,0,0,0,0,0,0,0,0,0,0,0,0,0,0,0,0,0,0,0,0,0,0,155,249
170,85,3115,2941,2855,2949,4379,3020,3004,3021,0,0,0,0,0,0,0,0,0,0,0,0,0,0,0,0,0,0,0,0,0,0,0,0,0,0,0,176,249
170,85,3145,2971,2872,2950,4373,3027,2987,3007,0,0,0,0,0,0,0,0,0,0,0,0,0,0,0,0,0,0,0,0,0,0,0,0,0,0,0,92,249
170,85,3116,2939,2877,2975,4373,3026,2988,2993,0,0,0,0,0,0,0,0,0,0,0,0,0,0,0,0,0,0,0,0,0,0,0,0,0,0,0,205,249
170,85,3157,2941,2865,2936,4343,3024,3013,3016,0,0,0,0,0,0,0,0,0,0,0,0,0,0,0,0,0,0,0,0,0,0,0,0,0,0,0,168,249
170,85,3116,2957,2853,2966,4337,3020,3008,3020,0,0,0,0,0,0,0,0,0,0,0,0,0,0,0,0,0,0,0,0,0,0,0,0,0,0,0,192,249
170,85,3114,2936,2878,2952,4364,3009,2977,3011,0,0,0,0,0,0,0,0,0,0,0,0,0,0,0,0,0,0,0,0,0,0,0,0,0,0,0,169,248
170,85,3132,2926,2871,2947,4364,3051,2987,2999,0,0,0,0,0,0,0,0,0,0,0,0,0,0,0,0,0,0,0,0,0,0,0,0,0,0,0,255,249
170,85,3114,2942,2871,2952,4366,3037,2988,3021,0,0,0,0,0,0,0,0,0,0,0,0,0,0,0,0,0,0,0,0,0,0,0,0,0,0,0,187,249
170,85,3156,2942,2877,2964,4331,3020,2990,3036,0,0,0,0,0,0,0,0,0,0,0,0,0,0,0,0,0,0,0,0,0,0,0,0,0,0,0,53,249
170,85,3143,2970,2853,2933,4366,3023,3003,3011,0,0,0,0,0,0,0,0,0,0,0,0,0,0,0,0,0,0,0,0,0,0,0,0,0,0,0,214,249
170,85,3117,2964,2865,2981,4331,3034,2986,3022,0,0,0,0,0,0,0,0,0,0,0,0,0,0,0,0,0,0,0,0,0,0,0,0,0,0,0,155,249
170,85,3131,2942,2871,2963,4337,3022,2993,3026,0,0,0,0,0,0,0,0,0,0,0,0,0,0,0,0,0,0,0,0,0,0,0,0,0,0,0,94,249
170,85,3116,2957,2900,2964,4332,3032,3012,2999,0,0,0,0,0,0,0,0,0,0,0,0,0,0,0,0,0,0,0,0,0,0,0,0,0,0,0,197,249
170,85,3132,2957,2872,2949,4334,3005,2986,3011,0,0,0,0,0,0,0,0,0,0,0,0,0,0,0,0,0,0,0,0,0,0,0,0,0,0,0,213,249
170,85,3116,2956,2878,2947,4330,3019,2972,3011,0,0,0,0,0,0,0,0,0,0,0,0,0,0,0,0,0,0,0,0,0,0,0,0,0,0,0,128,248
170,85,3115,2941,2878,2937,4334,3005,2997,3044,0,0,0,0,0,0,0,0,0,0,0,0,0,0,0,0,0,0,0,0,0,0,0,0,0,0,0,240,249
170,85,3118,2925,2851,2963,4331,3026,2988,3010,0,0,0,0,0,0,0,0,0,0,0,0,0,0,0,0,0,0,0,0,0,0,0,0,0,0,0,71,249
170,85,3099,2940,2860,2949,4335,3032,3010,3012,0,0,0,0,0,0,0,0,0,0,0,0,0,0,0,0,0,0,0,0,0,0,0,0,0,0,0,28,249
170,85,3106,2965,2900,2943,4331,3032,2975,3029,0,0,0,0,0,0,0,0,0,0,0,0,0,0,0,0,0,0,0,0,0,0,0,0,0,0,0,6,249
170,85,3118,2971,2861,2935,4339,3026,2988,3020,0,0,0,0,0,0,0,0,0,0,0,0,0,0,0,0,0,0,0,0,0,0,0,0,0,0,0,77,248
170,85,3147,2940,2873,2952,4366,3022,2990,3022,0,0,0,0,0,0,0,0,0,0,0,0,0,0,0,0,0,0,0,0,0,0,0,0,0,0,0,196,249
170,85,3140,2926,2872,2933,4339,3020,2999,3031,0,0,0,0,0,0,0,0,0,0,0,0,0,0,0,0,0,0,0,0,0,0,0,0,0,0,0,219,248
170,85,3147,2941,2871,2947,4341,3024,2983,3017,0,0,0,0,0,0,0,0,0,0,0,0,0,0,0,0,0,0,0,0,0,0,0,0,0,0,0,42,248
170,85,3100,2953,2866,2979,4380,3060,2987,3023,0,0,0,0,0,0,0,0,0,0,0,0,0,0,0,0,0,0,0,0,0,0,0,0,0,0,0,106,249
170,85,3122,2965,2900,2968,4339,3038,2999,3021,0,0,0,0,0,0,0,0,0,0,0,0,0,0,0,0,0,0,0,0,0,0,0,0,0,0,0,223,249
170,85,3116,2926,2861,2945,4341,3044,2986,3009,0,0,0,0,0,0,0,0,0,0,0,0,0,0,0,0,0,0,0,0,0,0,0,0,0,0,0,119,248
170,85,3115,2942,2866,2974,4342,3033,2989,3021,0,0,0,0,0,0,0,0,0,0,0,0,0,0,0,0,0,0,0,0,0,0,0,0,0,0,0,85,249
170,85,3133,2958,2858,2947,4339,3015,2989,3020,0,0,0,0,0,0,0,0,0,0,0,0,0,0,0,0,0,0,0,0,0,0,0,0,0,0,0,172,249
170,85,3116,2957,2866,2947,4373,3027,2993,3044,0,0,0,0,0,0,0,0,0,0,0,0,0,0,0,0,0,0,0,0,0,0,0,0,0,0,0,97,249
170,85,3116,2954,2871,2963,4340,3020,2988,3029,0,0,0,0,0,0,0,0,0,0,0,0,0,0,0,0,0,0,0,0,0,0,0,0,0,0,0,160,249
170,85,3134,2966,2859,2963,4338,3022,3011,3022,0,0,0,0,0,0,0,0,0,0,0,0,0,0,0,0,0,0,0,0,0,0,0,0,0,0,0,194,249
170,85,3114,2943,2853,2974,4341,3020,3003,3031,0,0,0,0,0,0,0,0,0,0,0,0,0,0,0,0,0,0,0,0,0,0,0,0,0,0,0,88,249
170,85,3116,2940,2872,2934,4335,3022,3026,3010,0,0,0,0,0,0,0,0,0,0,0,0,0,0,0,0,0,0,0,0,0,0,0,0,0,0,0,204,249
170,85,3133,2936,2860,2944,4334,3021,2971,2999,0,0,0,0,0,0,0,0,0,0,0,0,0,0,0,0,0,0,0,0,0,0,0,0,0,0,0,5,249
170,85,3104,2940,2900,2976,4342,3020,2969,2999,0,0,0,0,0,0,0,0,0,0,0,0,0,0,0,0,0,0,0,0,0,0,0,0,0,0,0,95,249
170,85,3133,2936,2878,2936,4334,3019,2986,2987,0,0,0,0,0,0,0,0,0,0,0,0,0,0,0,0,0,0,0,0,0,0,0,0,0,0,0,196,249
170,85,3139,2932,2899,2967,4332,3009,3011,3012,0,0,0,0,0,0,0,0,0,0,0,0,0,0,0,0,0,0,0,0,0,0,0,0,0,0,0,58,249
170,85,3140,2957,2878,2981,4338,3023,2973,3002,0,0,0,0,0,0,0,0,0,0,0,0,0,0,0,0,0,0,0,0,0,0,0,0,0,0,0,171,249
170,85,3106,2937,2865,2965,4366,3003,2972,2986,0,0,0,0,0,0,0,0,0,0,0,0,0,0,0,0,0,0,0,0,0,0,0,0,0,0,0,158,249
170,85,3117,2972,2868,2974,4335,3020,2987,3038,0,0,0,0,0,0,0,0,0,0,0,0,0,0,0,0,0,0,0,0,0,0,0,0,0,0,0,174,249
170,85,3139,2942,2860,2968,4372,3043,2989,3028,0,0,0,0,0,0,0,0,0,0,0,0,0,0,0,0,0,0,0,0,0,0,0,0,0,0,0,229,249
170,85,3118,2943,2871,2948,4335,3021,2971,3018,0,0,0,0,0,0,0,0,0,0,0,0,0,0,0,0,0,0,0,0,0,0,0,0,0,0,0,114,248
170,85,3116,2936,2871,2947,4334,3019,2998,3043,0,0,0,0,0,0,0,0,0,0,0,0,0,0,0,0,0,0,0,0,0,0,0,0,0,0,0,115,249
170,85,3115,2972,2857,2931,4331,3005,2988,3024,0,0,0,0,0,0,0,0,0,0,0,0,0,0,0,0,0,0,0,0,0,0,0,0,0,0,0,36,249
170,85,3116,2924,2872,2965,4345,3027,2970,2987,0,0,0,0,0,0,0,0,0,0,0,0,0,0,0,0,0,0,0,0,0,0,0,0,0,0,0,21,249
170,85,3100,2958,2883,2963,4342,3010,3013,3008,0,0,0,0,0,0,0,0,0,0,0,0,0,0,0,0,0,0,0,0,0,0,0,0,0,0,0,144,250
170,85,3116,2943,2860,2933,4339,3023,2989,3042,0,0,0,0,0,0,0,0,0,0,0,0,0,0,0,0,0,0,0,0,0,0,0,0,0,0,0,154,250
170,85,3140,2925,2871,2950,4344,3045,2986,3021,0,0,0,0,0,0,0,0,0,0,0,0,0,0,0,0,0,0,0,0,0,0,0,0,0,0,0,1,250
170,85,3106,2956,2866,2943,4380,3010,2988,3031,0,0,0,0,0,0,0,0,0,0,0,0,0,0,0,0,0,0,0,0,0,0,0,0,0,0,0,164,250
170,85,3133,2964,2872,2945,4339,3049,2988,3001,0,0,0,0,0,0,0,0,0,0,0,0,0,0,0,0,0,0,0,0,0,0,0,0,0,0,0,252,250
170,85,3115,2926,2870,2936,4374,3045,2998,3027,0,0,0,0,0,0,0,0,0,0,0,0,0,0,0,0,0,0,0,0,0,0,0,0,0,0,0,127,250
170,85,3118,2957,2875,2964,4374,3022,2988,2985,0,0,0,0,0,0,0,0,0,0,0,0,0,0,0,0,0,0,0,0,0,0,0,0,0,0,0,51,250
170,85,3145,2963,2856,2953,4374,3032,2969,2998,0,0,0,0,0,0,0,0,0,0,0,0,0,0,0,0,0,0,0,0,0,0,0,0,0,0,0,120,250
170,85,3116,2936,2871,2964,4380,3024,2989,2997,0,0,0,0,0,0,0,0,0,0,0,0,0,0,0,0,0,0,0,0,0,0,0,0,0,0,0,193,250
170,85,3122,2926,2872,2974,4343,3019,2988,3010,0,0,0,0,0,0,0,0,0,0,0,0,0,0,0,0,0,0,0,0,0,0,0,0,0,0,0,75,250
170,85,3106,2930,2880,2964,4339,3036,2983,3005,0,0,0,0,0,0,0,0,0,0,0,0,0,0,0,0,0,0,0,0,0,0,0,0,0,0,0,82,250
170,85,3115,2940,2860,2953,4341,3021,2994,3018,0,0,0,0,0,0,0,0,0,0,0,0,0,0,0,0,0,0,0,0,0,0,0,0,0,0,0,81,250
170,85,3114,2953,2861,2947,4380,3019,2990,3026,0,0,0,0,0,0,0,0,0,0,0,0,0,0,0,0,0,0,0,0,0,0,0,0,0,0,0,68,250
170,85,3133,2965,2853,2975,4338,3009,2970,2984,0,0,0,0,0,0,0,0,0,0,0,0,0,0,0,0,0,0,0,0,0,0,0,0,0,0,0,240,250
170,85,3104,2963,2858,2934,4371,3033,3004,3042,0,0,0,0,0,0,0,0,0,0,0,0,0,0,0,0,0,0,0,0,0,0,0,0,0,0,0,153,250
170,85,3157,2936,2877,2935,4342,3020,2998,3030,0,0,0,0,0,0,0,0,0,0,0,0,0,0,0,0,0,0,0,0,0,0,0,0,0,0,0,222,249
170,85,3115,2970,2878,2953,4371,3009,3010,3017,0,0,0,0,0,0,0,0,0,0,0,0,0,0,0,0,0,0,0,0,0,0,0,0,0,0,0,61,249
170,85,3133,2953,2872,2936,4340,3032,3010,3026,0,0,0,0,0,0,0,0,0,0,0,0,0,0,0,0,0,0,0,0,0,0,0,0,0,0,0,43,249
170,85,3122,2942,2858,2950,4377,3041,2987,3008,0,0,0,0,0,0,0,0,0,0,0,0,0,0,0,0,0,0,0,0,0,0,0,0,0,0,0,145,250
170,85,3139,2927,2871,2950,4371,3044,2972,2985,0,0,0,0,0,0,0,0,0,0,0,0,0,0,0,0,0,0,0,0,0,0,0,0,0,0,0,189,250
170,85,3117,2937,2899,2950,4336,3004,3010,3005,0,0,0,0,0,0,0,0,0,0,0,0,0,0,0,0,0,0,0,0,0,0,0,0,0,0,0,81,250
170,85,3118,2963,2853,2946,4337,3022,3011,3015,0,0,0,0,0,0,0,0,0,0,0,0,0,0,0,0,0,0,0,0,0,0,0,0,0,0,0,194,250
170,85,3114,2937,2899,2953,4376,3019,3012,3008,0,0,0,0,0,0,0,0,0,0,0,0,0,0,0,0,0,0,0,0,0,0,0,0,0,0,0,188,250
170,85,3133,2925,2858,2947,4378,3003,2980,3006,0,0,0,0,0,0,0,0,0,0,0,0,0,0,0,0,0,0,0,0,0,0,0,0,0,0,0,160,250
170,85,3151,2958,2872,2973,4341,3050,3011,3031,0,0,0,0,0,0,0,0,0,0,0,0,0,0,0,0,0,0,0,0,0,0,0,0,0,0,0,140,250
170,85,3125,2943,2858,2951,4373,3019,2988,2986,0,0,0,0,0,0,0,0,0,0,0,0,0,0,0,0,0,0,0,0,0,0,0,0,0,0,0,221,250
170,85,3118,2940,2887,2937,4338,3027,2987,3010,0,0,0,0,0,0,0,0,0,0,0,0,0,0,0,0,0,0,0,0,0,0,0,0,0,0,0,199,250
170,85,3115,2943,2853,2952,4337,3038,2987,3003,0,0,0,0,0,0,0,0,0,0,0,0,0,0,0,0,0,0,0,0,0,0,0,0,0,0,0,37,249
170,85,3099,2942,2881,2976,4379,3038,2987,3020,0,0,0,0,0,0,0,0,0,0,0,0,0,0,0,0,0,0,0,0,0,0,0,0,0,0,0,196,249
170,85,3099,2972,2865,2947,4372,3028,2988,3005,0,0,0,0,0,0,0,0,0,0,0,0,0,0,0,0,0,0,0,0,0,0,0,0,0,0,0,6,250
170,85,3123,2954,2874,2969,4343,3033,2990,3012,0,0,0,0,0,0,0,0,0,0,0,0,0,0,0,0,0,0,0,0,0,0,0,0,0,0,0,189,250
170,85,3115,2924,2860,2942,4371,3022,3012,3010,0,0,0,0,0,0,0,0,0,0,0,0,0,0,0,0,0,0,0,0,0,0,0,0,0,0,0,44,250
170,85,3115,2966,2866,2936,4340,3039,3011,2979,0,0,0,0,0,0,0,0,0,0,0,0,0,0,0,0,0,0,0,0,0,0,0,0,0,0,0,95,250
170,85,3112,2964,2877,2936,4371,3022,2990,3011,0,0,0,0,0,0,0,0,0,0,0,0,0,0,0,0,0,0,0,0,0,0,0,0,0,0,0,171,250
170,85,3108,2964,2873,2969,4340,3021,2989,3027,0,0,0,0,0,0,0,0,0,0,0,0,0,0,0,0,0,0,0,0,0,0,0,0,0,0,0,180,250
170,85,3126,2953,2872,2975,4340,3024,2974,3023,0,0,0,0,0,0,0,0,0,0,0,0,0,0,0,0,0,0,0,0,0,0,0,0,0,0,0,142,250
170,85,3131,2942,2860,2975,4333,3021,2991,3004,0,0,0,0,0,0,0,0,0,0,0,0,0,0,0,0,0,0,0,0,0,0,0,0,0,0,0,38,250
170,85,3120,2927,2858,2975,4326,3020,3028,3007,0,0,0,0,0,0,0,0,0,0,0,0,0,0,0,0,0,0,0,0,0,0,0,0,0,0,0,72,250
170,85,3106,2929,2867,2946,4325,3043,3000,3013,0,0,0,0,0,0,0,0,0,0,0,0,0,0,0,0,0,0,0,0,0,0,0,0,0,0,0,122,250
170,85,3110,2934,2869,2954,4311,3069,2999,3026,0,0,0,0,0,0,0,0,0,0,0,0,0,0,0,0,0,0,0,0,0,0,0,0,0,0,0,67,250
170,85,3108,2948,2879,2957,4306,3069,2995,3016,0,0,0,0,0,0,0,0,0,0,0,0,0,0,0,0,0,0,0,0,0,0,0,0,0,0,0,165,250
170,85,3126,2953,2879,2982,4318,3032,2993,3018,0,0,0,0,0,0,0,0,0,0,0,0,0,0,0,0,0,0,0,0,0,0,0,0,0,0,0,184,250
170,85,3109,2942,2915,2942,4303,3029,2998,3023,0,0,0,0,0,0,0,0,0,0,0,0,0,0,0,0,0,0,0,0,0,0,0,0,0,0,0,198,250
170,85,3116,2946,2887,2965,4300,3070,2998,3068,0,0,0,0,0,0,0,0,0,0,0,0,0,0,0,0,0,0,0,0,0,0,0,0,0,0,0,231,250
170,85,3141,2945,2886,2989,4322,3035,2998,3029,0,0,0,0,0,0,0,0,0,0,0,0,0,0,0,0,0,0,0,0,0,0,0,0,0,0,0,150,249
170,85,3108,2979,2875,2991,4285,3026,2990,3026,0,0,0,0,0,0,0,0,0,0,0,0,0,0,0,0,0,0,0,0,0,0,0,0,0,0,0,227,249
170,85,3111,2975,2881,2946,4308,3035,2994,3018,0,0,0,0,0,0,0,0,0,0,0,0,0,0,0,0,0,0,0,0,0,0,0,0,0,0,0,239,249
170,85,3139,2949,2891,2962,4292,3028,3013,3013,0,0,0,0,0,0,0,0,0,0,0,0,0,0,0,0,0,0,0,0,0,0,0,0,0,0,0,236,248
170,85,3093,2951,2892,2968,4282,3022,3029,3023,0,0,0,0,0,0,0,0,0,0,0,0,0,0,0,0,0,0,0,0,0,0,0,0,0,0,0,203,248
170,85,3128,2966,2892,2971,4316,3036,3001,3031,0,0,0,0,0,0,0,0,0,0,0,0,0,0,0,0,0,0,0,0,0,0,0,0,0,0,0,244,248
170,85,3095,2962,2898,2973,4265,3058,3040,3048,0,0,0,0,0,0,0,0,0,0,0,0,0,0,0,0,0,0,0,0,0,0,0,0,0,0,0,250,249
170,85,3112,2950,2871,2963,4291,3050,3036,3015,0,0,0,0,0,0,0,0,0,0,0,0,0,0,0,0,0,0,0,0,0,0,0,0,0,0,0,219,249
170,85,3102,2979,2871,2982,4327,3069,2981,3028,0,0,0,0,0,0,0,0,0,0,0,0,0,0,0,0,0,0,0,0,0,0,0,0,0,0,0,164,249
170,85,3102,2973,2890,2967,4290,3066,2997,3055,0,0,0,0,0,0,0,0,0,0,0,0,0,0,0,0,0,0,0,0,0,0,0,0,0,0,0,223,249
170,85,3094,2970,2904,2959,4302,3043,2994,3016,0,0,0,0,0,0,0,0,0,0,0,0,0,0,0,0,0,0,0,0,0,0,0,0,0,0,0,239,249
170,85,3111,2947,2889,2984,4300,3069,2995,3017,0,0,0,0,0,0,0,0,0,0,0,0,0,0,0,0,0,0,0,0,0,0,0,0,0,0,0,237,249
170,85,3105,2949,2882,2960,4290,3029,3022,3025,0,0,0,0,0,0,0,0,0,0,0,0,0,0,0,0,0,0,0,0,0,0,0,0,0,0,0,157,249
170,85,3101,2954,2926,2960,4269,3068,3035,3022,0,0,0,0,0,0,0,0,0,0,0,0,0,0,0,0,0,0,0,0,0,0,0,0,0,0,0,206,249
170,85,3098,2961,2904,2994,4244,3049,2997,3071,0,0,0,0,0,0,0,0,0,0,0,0,0,0,0,0,0,0,0,0,0,0,0,0,0,0,0,181,249
170,85,3105,2952,2884,2971,4278,3020,3009,3027,0,0,0,0,0,0,0,0,0,0,0,0,0,0,0,0,0,0,0,0,0,0,0,0,0,0,0,253,249
170,85,3096,2952,2894,2974,4295,3029,3043,3035,0,0,0,0,0,0,0,0,0,0,0,0,0,0,0,0,0,0,0,0,0,0,0,0,0,0,0,137,249
170,85,3105,2965,2902,2984,4217,3064,3053,3037,0,0,0,0,0,0,0,0,0,0,0,0,0,0,0,0,0,0,0,0,0,0,0,0,0,0,0,24,249
170,85,3098,2963,2906,3021,4211,3035,3019,3038,0,0,0,0,0,0,0,0,0,0,0,0,0,0,0,0,0,0,0,0,0,0,0,0,0,0,0,64,249
170,85,3136,2971,2906,2985,4195,3034,3021,3081,0,0,0,0,0,0,0,0,0,0,0,0,0,0,0,0,0,0,0,0,0,0,0,0,0,0,0,177,249
170,85,3097,2969,2912,2990,4218,3034,3014,3049,0,0,0,0,0,0,0,0,0,0,0,0,0,0,0,0,0,0,0,0,0,0,0,0,0,0,0,34,248
170,85,3112,2962,2879,2952,4344,3024,3000,3026,0,0,0,0,0,0,0,0,0,0,0,0,0,0,0,0,0,0,0,0,0,0,0,0,0,0,0,172,249
170,85,3108,2929,2862,2952,4309,3029,2992,3044,0,0,0,0,0,0,0,0,0,0,0,0,0,0,0,0,0,0,0,0,0,0,0,0,0,0,0,68,249
170,85,3125,2975,2857,2952,4312,3025,2975,3013,0,0,0,0,0,0,0,0,0,0,0,0,0,0,0,0,0,0,0,0,0,0,0,0,0,0,0,187,249
170,85,3110,2930,2869,2972,4323,3031,2985,3011,0,0,0,0,0,0,0,0,0,0,0,0,0,0,0,0,0,0,0,0,0,0,0,0,0,0,0,64,249
170,85,3108,2944,2881,2957,4344,3028,2991,3019,0,0,0,0,0,0,0,0,0,0,0,0,0,0,0,0,0,0,0,0,0,0,0,0,0,0,0,195,249
170,85,3112,2930,2881,2958,4318,3024,3015,3013,0,0,0,0,0,0,0,0,0,0,0,0,0,0,0,0,0,0,0,0,0,0,0,0,0,0,0,122,249
170,85,3106,2947,2877,2950,4310,3027,2993,3011,0,0,0,0,0,0,0,0,0,0,0,0,0,0,0,0,0,0,0,0,0,0,0,0,0,0,0,142,249
170,85,3108,2947,2861,2951,4313,3023,2993,3012,0,0,0,0,0,0,0,0,0,0,0,0,0,0,0,0,0,0,0,0,0,0,0,0,0,0,0,141,249
170,85,3111,2951,2892,2967,4288,3069,3023,3004,0,0,0,0,0,0,0,0,0,0,0,0,0,0,0,0,0,0,0,0,0,0,0,0,0,0,0,214,249
170,85,3109,2972,2891,2968,4291,3032,3019,3043,0,0,0,0,0,0,0,0,0,0,0,0,0,0,0,0,0,0,0,0,0,0,0,0,0,0,0,186,249
170,85,3117,2949,2880,2999,4306,3028,2994,2999,0,0,0,0,0,0,0,0,0,0,0,0,0,0,0,0,0,0,0,0,0,0,0,0,0,0,0,191,249
170,85,3092,2949,2872,2952,4307,3027,2995,3002,0,0,0,0,0,0,0,0,0,0,0,0,0,0,0,0,0,0,0,0,0,0,0,0,0,0,0,203,249
170,85,3126,2963,2880,2964,4309,3047,2994,3036,0,0,0,0,0,0,0,0,0,0,0,0,0,0,0,0,0,0,0,0,0,0,0,0,0,0,0,206,249
170,85,3126,2966,2879,2971,4355,3021,3014,3013,0,0,0,0,0,0,0,0,0,0,0,0,0,0,0,0,0,0,0,0,0,0,0,0,0,0,0,43,249
170,85,3133,2961,2875,2950,4355,3023,2975,3010,0,0,0,0,0,0,0,0,0,0,0,0,0,0,0,0,0,0,0,0,0,0,0,0,0,0,0,98,249
