170,85,2965,2806,2737,2813,3296,2878,2863,2875,0,0,0,0,0,0,0,0,0,0,0,0,0,0,0,0,0,0,0,0,0,0,0,0,0,0,0,28,212
170,85,2979,2802,2755,2809,3237,2859,2842,2865,0,0,0,0,0,0,0,0,0,0,0,0,0,0,0,0,0,0,0,0,0,0,0,0,0,0,0,55,212
170,85,2964,2819,2737,2796,3187,2860,2845,2876,0,0,0,0,0,0,0,0,0,0,0,0,0,0,0,0,0,0,0,0,0,0,0,0,0,0,0,76,211
170,85,2966,2796,2743,2810,3185,2860,2881,2870,0,0,0,0,0,0,0,0,0,0,0,0,0,0,0,0,0,0,0,0,0,0,0,0,0,0,0,228,210
170,85,2966,2808,2745,2815,3201,2875,2869,2884,0,0,0,0,0,0,0,0,0,0,0,0,0,0,0,0,0,0,0,0,0,0,0,0,0,0,0,26,210
170,85,2965,2809,2731,2804,3219,2867,2864,2875,0,0,0,0,0,0,0,0,0,0,0,0,0,0,0,0,0,0,0,0,0,0,0,0,0,0,0,97,211
170,85,2997,2796,2741,2824,3201,2869,2859,2861,0,0,0,0,0,0,0,0,0,0,0,0,0,0,0,0,0,0,0,0,0,0,0,0,0,0,0,174,211
170,85,2989,2824,2757,2802,3210,2853,2844,2879,0,0,0,0,0,0,0,0,0,0,0,0,0,0,0,0,0,0,0,0,0,0,0,0,0,0,0,230,211
170,85,2959,2813,2741,2801,3201,2873,2871,2860,0,0,0,0,0,0,0,0,0,0,0,0,0,0,0,0,0,0,0,0,0,0,0,0,0,0,0,108,211
170,85,2961,2799,2731,2826,3200,2857,2872,2869,0,0,0,0,0,0,0,0,0,0,0,0,0,0,0,0,0,0,0,0,0,0,0,0,0,0,0,131,211
170,85,2961,2800,2746,2816,3214,2856,2866,2870,0,0,0,0,0,0,0,0,0,0,0,0,0,0,0,0,0,0,0,0,0,0,0,0,0,0,0,129,211
170,85,2966,2824,2757,2816,3214,2856,2843,2872,0,0,0,0,0,0,0,0,0,0,0,0,0,0,0,0,0,0,0,0,0,0,0,0,0,0,0,39,211
170,85,2960,2805,2761,2814,3225,2876,2858,2857,0,0,0,0,0,0,0,0,0,0,0,0,0,0,0,0,0,0,0,0,0,0,0,0,0,0,0,13,211
170,85,2967,2809,2769,2814,3224,2863,2849,2866,0,0,0,0,0,0,0,0,0,0,0,0,0,0,0,0,0,0,0,0,0,0,0,0,0,0,0,28,211
170,85,2982,2812,2759,2815,3210,2866,2865,2870,0,0,0,0,0,0,0,0,0,0,0,0,0,0,0,0,0,0,0,0,0,0,0,0,0,0,0,36,211
170,85,2996,2799,2757,2803,3190,2869,2870,2884,0,0,0,0,0,0,0,0,0,0,0,0,0,0,0,0,0,0,0,0,0,0,0,0,0,0,0,165,211
170,85,2967,2800,2755,2816,3201,2870,2846,2879,0,0,0,0,0,0,0,0,0,0,0,0,0,0,0,0,0,0,0,0,0,0,0,0,0,0,0,202,211
170,85,2982,2797,2742,2802,3202,2867,2846,2886,0,0,0,0,0,0,0,0,0,0,0,0,0,0,0,0,0,0,0,0,0,0,0,0,0,0,0,31,211
170,85,2979,2811,2740,2828,3202,2862,2849,2878,0,0,0,0,0,0,0,0,0,0,0,0,0,0,0,0,0,0,0,0,0,0,0,0,0,0,0,171,210
170,85,2966,2813,2757,2815,3186,2871,2879,2878,0,0,0,0,0,0,0,0,0,0,0,0,0,0,0,0,0,0,0,0,0,0,0,0,0,0,0,236,211
170,85,2965,2799,2733,2801,3203,2853,2867,2877,0,0,0,0,0,0,0,0,0,0,0,0,0,0,0,0,0,0,0,0,0,0,0,0,0,0,0,119,211
170,85,2993,2800,2733,2799,3217,2864,2865,2884,0,0,0,0,0,0,0,0,0,0,0,0,0,0,0,0,0,0,0,0,0,0,0,0,0,0,0,46,211
170,85,2964,2806,2747,2813,3190,2853,2866,2889,0,0,0,0,0,0,0,0,0,0,0,0,0,0,0,0,0,0,0,0,0,0,0,0,0,0,0,245,211
170,85,2988,2821,2743,2812,3213,2882,2866,2859,0,0,0,0,0,0,0,0,0,0,0,0,0,0,0,0,0,0,0,0,0,0,0,0,0,0,0,204,211
170,85,2970,2803,2728,2802,3206,2882,2855,2879,0,0,0,0,0,0,0,0,0,0,0,0,0,0,0,0,0,0,0,0,0,0,0,0,0,0,0,22,212
170,85,2962,2803,2734,2799,3221,2854,2844,2870,0,0,0,0,0,0,0,0,0,0,0,0,0,0,0,0,0,0,0,0,0,0,0,0,0,0,0,64,212
170,85,2990,2811,2757,2806,3220,2870,2855,2887,0,0,0,0,0,0,0,0,0,0,0,0,0,0,0,0,0,0,0,0,0,0,0,0,0,0,0,93,212
170,85,2977,2797,2733,2800,3209,2882,2866,2867,0,0,0,0,0,0,0,0,0,0,0,0,0,0,0,0,0,0,0,0,0,0,0,0,0,0,0,34,212
170,85,2978,2803,2757,2815,3212,2869,2854,2878,0,0,0,0,0,0,0,0,0,0,0,0,0,0,0,0,0,0,0,0,0,0,0,0,0,0,0,51,212
170,85,2978,2803,2746,2801,3212,2878,2861,2877,0,0,0,0,0,0,0,0,0,0,0,0,0,0,0,0,0,0,0,0,0,0,0,0,0,0,0,65,214
170,85,2970,2822,2734,2828,3221,2854,2837,2874,0,0,0,0,0,0,0,0,0,0,0,0,0,0,0,0,0,0,0,0,0,0,0,0,0,0,0,91,214
170,85,2978,2809,2744,2812,3213,2867,2843,2857,0,0,0,0,0,0,0,0,0,0,0,0,0,0,0,0,0,0,0,0,0,0,0,0,0,0,0,106,215
170,85,2978,2803,2744,2813,3206,2868,2841,2870,0,0,0,0,0,0,0,0,0,0,0,0,0,0,0,0,0,0,0,0,0,0,0,0,0,0,0,112,215
170,85,2964,2803,2733,2800,3218,2868,2853,2875,0,0,0,0,0,0,0,0,0,0,0,0,0,0,0,0,0,0,0,0,0,0,0,0,0,0,0,123,215
170,85,2971,2796,2745,2810,3210,2850,2871,2854,0,0,0,0,0,0,0,0,0,0,0,0,0,0,0,0,0,0,0,0,0,0,0,0,0,0,0,116,215
170,85,2966,2820,2733,2809,3217,2870,2864,2873,0,0,0,0,0,0,0,0,0,0,0,0,0,0,0,0,0,0,0,0,0,0,0,0,0,0,0,144,216
170,85,2989,2788,2754,2797,3194,2852,2851,2872,0,0,0,0,0,0,0,0,0,0,0,0,0,0,0,0,0,0,0,0,0,0,0,0,0,0,0,218,216
170,85,2971,2809,2721,2809,3189,2868,2864,2880,0,0,0,0,0,0,0,0,0,0,0,0,0,0,0,0,0,0,0,0,0,0,0,0,0,0,0,242,216
170,85,2988,2808,2723,2810,3209,2843,2873,2871,0,0,0,0,0,0,0,0,0,0,0,0,0,0,0,0,0,0,0,0,0,0,0,0,0,0,0,104,216
170,85,2970,2819,2745,2797,3189,2861,2853,2871,0,0,0,0,0,0,0,0,0,0,0,0,0,0,0,0,0,0,0,0,0,0,0,0,0,0,0,127,215
170,85,2971,2799,2756,2797,3207,2849,2846,2877,0,0,0,0,0,0,0,0,0,0,0,0,0,0,0,0,0,0,0,0,0,0,0,0,0,0,0,33,216
170,85,2965,2796,2755,2811,3220,2861,2835,2853,0,0,0,0,0,0,0,0,0,0,0,0,0,0,0,0,0,0,0,0,0,0,0,0,0,0,0,55,215
170,85,2971,2795,2722,2810,3191,2860,2854,2852,0,0,0,0,0,0,0,0,0,0,0,0,0,0,0,0,0,0,0,0,0,0,0,0,0,0,0,136,215
170,85,2971,2795,2730,2809,3208,2867,2854,2875,0,0,0,0,0,0,0,0,0,0,0,0,0,0,0,0,0,0,0,0,0,0,0,0,0,0,0,124,215
170,85,2972,2796,2733,2810,3208,2866,2845,2861,0,0,0,0,0,0,0,0,0,0,0,0,0,0,0,0,0,0,0,0,0,0,0,0,0,0,0,84,214
170,85,2979,2821,2743,2798,3221,2868,2846,2869,0,0,0,0,0,0,0,0,0,0,0,0,0,0,0,0,0,0,0,0,0,0,0,0,0,0,0,141,215
170,85,2966,2819,2732,2808,3198,2864,2851,2851,0,0,0,0,0,0,0,0,0,0,0,0,0,0,0,0,0,0,0,0,0,0,0,0,0,0,0,119,215
170,85,2964,2794,2719,2803,3235,2849,2876,2869,0,0,0,0,0,0,0,0,0,0,0,0,0,0,0,0,0,0,0,0,0,0,0,0,0,0,0,96,215
170,85,2978,2796,2719,2797,3245,2860,2852,2854,0,0,0,0,0,0,0,0,0,0,0,0,0,0,0,0,0,0,0,0,0,0,0,0,0,0,0,70,214
170,85,2976,2808,2732,2803,3215,2859,2864,2869,0,0,0,0,0,0,0,0,0,0,0,0,0,0,0,0,0,0,0,0,0,0,0,0,0,0,0,95,214
170,85,2976,2800,2732,2810,3222,2874,2833,2878,0,0,0,0,0,0,0,0,0,0,0,0,0,0,0,0,0,0,0,0,0,0,0,0,0,0,0,124,215
170,85,2992,2820,2745,2810,3210,2875,2854,2861,0,0,0,0,0,0,0,0,0,0,0,0,0,0,0,0,0,0,0,0,0,0,0,0,0,0,0,181,215
170,85,2965,2796,2729,2798,3214,2866,2859,2869,0,0,0,0,0,0,0,0,0,0,0,0,0,0,0,0,0,0,0,0,0,0,0,0,0,0,0,101,215
170,85,2968,2821,2744,2804,3224,2860,2861,2876,0,0,0,0,0,0,0,0,0,0,0,0,0,0,0,0,0,0,0,0,0,0,0,0,0,0,0,140,215
170,85,2978,2811,2758,2824,3211,2860,2855,2875,0,0,0,0,0,0,0,0,0,0,0,0,0,0,0,0,0,0,0,0,0,0,0,0,0,0,0,212,215
170,85,2976,2788,2745,2801,3195,2849,2858,2877,0,0,0,0,0,0,0,0,0,0,0,0,0,0,0,0,0,0,0,0,0,0,0,0,0,0,0,184,215
170,85,2970,2803,2758,2809,3215,2863,2854,2879,0,0,0,0,0,0,0,0,0,0,0,0,0,0,0,0,0,0,0,0,0,0,0,0,0,0,0,22,216
170,85,2976,2811,2757,2823,3212,2879,2855,2882,0,0,0,0,0,0,0,0,0,0,0,0,0,0,0,0,0,0,0,0,0,0,0,0,0,0,0,183,217
170,85,2976,2797,2732,2812,3207,2853,2856,2858,0,0,0,0,0,0,0,0,0,0,0,0,0,0,0,0,0,0,0,0,0,0,0,0,0,0,0,68,217
170,85,2970,2805,2747,2811,3207,2868,2866,2860,0,0,0,0,0,0,0,0,0,0,0,0,0,0,0,0,0,0,0,0,0,0,0,0,0,0,0,123,217
170,85,2993,2798,2745,2824,3212,2852,2836,2870,0,0,0,0,0,0,0,0,0,0,0,0,0,0,0,0,0,0,0,0,0,0,0,0,0,0,0,156,217
170,85,2977,2823,2723,2823,3212,2869,2861,2879,0,0,0,0,0,0,0,0,0,0,0,0,0,0,0,0,0,0,0,0,0,0,0,0,0,0,0,80,217
170,85,2962,2799,2744,2811,3192,2877,2853,2870,0,0,0,0,0,0,0,0,0,0,0,0,0,0,0,0,0,0,0,0,0,0,0,0,0,0,0,145,217
170,85,2976,2811,2731,2805,3207,2869,2847,2868,0,0,0,0,0,0,0,0,0,0,0,0,0,0,0,0,0,0,0,0,0,0,0,0,0,0,0,101,217
170,85,2970,2796,2738,2812,3205,2852,2837,2858,0,0,0,0,0,0,0,0,0,0,0,0,0,0,0,0,0,0,0,0,0,0,0,0,0,0,0,95,217
170,85,2985,2810,2757,2824,3191,2870,2853,2886,0,0,0,0,0,0,0,0,0,0,0,0,0,0,0,0,0,0,0,0,0,0,0,0,0,0,0,68,217
170,85,2989,2797,2724,2812,3205,2867,2855,2879,0,0,0,0,0,0,0,0,0,0,0,0,0,0,0,0,0,0,0,0,0,0,0,0,0,0,0,79,217
170,85,2977,2797,2735,2812,3218,2875,2856,2877,0,0,0,0,0,0,0,0,0,0,0,0,0,0,0,0,0,0,0,0,0,0,0,0,0,0,0,90,217
170,85,2975,2810,2747,2813,3205,2868,2855,2873,0,0,0,0,0,0,0,0,0,0,0,0,0,0,0,0,0,0,0,0,0,0,0,0,0,0,0,117,218
170,85,2968,2810,2746,2826,3192,2868,2861,2867,0,0,0,0,0,0,0,0,0,0,0,0,0,0,0,0,0,0,0,0,0,0,0,0,0,0,0,120,218
170,85,2977,2811,2740,2815,3203,2868,2837,2861,0,0,0,0,0,0,0,0,0,0,0,0,0,0,0,0,0,0,0,0,0,0,0,0,0,0,0,103,218
170,85,2978,2811,2740,2806,3203,2874,2835,2857,0,0,0,0,0,0,0,0,0,0,0,0,0,0,0,0,0,0,0,0,0,0,0,0,0,0,0,97,218
170,85,2966,2822,2736,2814,3187,2852,2853,2884,0,0,0,0,0,0,0,0,0,0,0,0,0,0,0,0,0,0,0,0,0,0,0,0,0,0,0,16,218
170,85,2954,2822,2734,2813,3201,2852,2867,2884,0,0,0,0,0,0,0,0,0,0,0,0,0,0,0,0,0,0,0,0,0,0,0,0,0,0,0,245,218
170,85,2972,2798,2748,2814,3206,2863,2837,2879,0,0,0,0,0,0,0,0,0,0,0,0,0,0,0,0,0,0,0,0,0,0,0,0,0,0,0,74,219
170,85,2970,2805,2745,2800,3207,2877,2878,2872,0,0,0,0,0,0,0,0,0,0,0,0,0,0,0,0,0,0,0,0,0,0,0,0,0,0,0,99,219
170,85,2979,2810,2748,2814,3221,2865,2838,2900,0,0,0,0,0,0,0,0,0,0,0,0,0,0,0,0,0,0,0,0,0,0,0,0,0,0,0,4,219
170,85,2993,2820,2740,2826,3207,2869,2840,2875,0,0,0,0,0,0,0,0,0,0,0,0,0,0,0,0,0,0,0,0,0,0,0,0,0,0,0,99,219
170,85,2969,2811,2735,2814,3205,2870,2859,2860,0,0,0,0,0,0,0,0,0,0,0,0,0,0,0,0,0,0,0,0,0,0,0,0,0,0,0,126,219
170,85,2970,2798,2732,2832,3208,2881,2848,2879,0,0,0,0,0,0,0,0,0,0,0,0,0,0,0,0,0,0,0,0,0,0,0,0,0,0,0,230,219
170,85,2963,2799,2747,2812,3212,2872,2845,2879,0,0,0,0,0,0,0,0,0,0,0,0,0,0,0,0,0,0,0,0,0,0,0,0,0,0,0,84,219
170,85,2978,2799,2735,2815,3225,2871,2868,2879,0,0,0,0,0,0,0,0,0,0,0,0,0,0,0,0,0,0,0,0,0,0,0,0,0,0,0,65,218
170,85,2979,2805,2733,2831,3218,2872,2834,2880,0,0,0,0,0,0,0,0,0,0,0,0,0,0,0,0,0,0,0,0,0,0,0,0,0,0,0,244,218
170,85,2978,2807,2723,2815,3209,2865,2857,2884,0,0,0,0,0,0,0,0,0,0,0,0,0,0,0,0,0,0,0,0,0,0,0,0,0,0,0,37,218
170,85,2965,2797,2742,2801,3212,2869,2863,2877,0,0,0,0,0,0,0,0,0,0,0,0,0,0,0,0,0,0,0,0,0,0,0,0,0,0,0,109,218
170,85,2993,2789,2747,2815,3216,2870,2839,2890,0,0,0,0,0,0,0,0,0,0,0,0,0,0,0,0,0,0,0,0,0,0,0,0,0,0,0,18,218
170,85,2971,2813,2736,2800,3235,2871,2849,2889,0,0,0,0,0,0,0,0,0,0,0,0,0,0,0,0,0,0,0,0,0,0,0,0,0,0,0,35,218
170,85,2977,2799,2741,2806,3232,2850,2878,2862,0,0,0,0,0,0,0,0,0,0,0,0,0,0,0,0,0,0,0,0,0,0,0,0,0,0,0,102,218
170,85,2988,2813,2748,2813,3228,2855,2859,2871,0,0,0,0,0,0,0,0,0,0,0,0,0,0,0,0,0,0,0,0,0,0,0,0,0,0,0,78,218
170,85,2969,2824,2735,2813,3214,2872,2869,2867,0,0,0,0,0,0,0,0,0,0,0,0,0,0,0,0,0,0,0,0,0,0,0,0,0,0,0,139,218
170,85,2993,2805,2748,2827,3216,2855,2867,2878,0,0,0,0,0,0,0,0,0,0,0,0,0,0,0,0,0,0,0,0,0,0,0,0,0,0,0,177,218
170,85,2963,2805,2721,2834,3210,2871,2860,2892,0,0,0,0,0,0,0,0,0,0,0,0,0,0,0,0,0,0,0,0,0,0,0,0,0,0,0,240,218
170,85,2989,2793,2748,2813,3224,2871,2866,2887,0,0,0,0,0,0,0,0,0,0,0,0,0,0,0,0,0,0,0,0,0,0,0,0,0,0,0,38,218
170,85,2975,2809,2721,2799,3226,2854,2865,2879,0,0,0,0,0,0,0,0,0,0,0,0,0,0,0,0,0,0,0,0,0,0,0,0,0,0,0,99,218
170,85,2977,2805,2759,2812,3211,2855,2848,2861,0,0,0,0,0,0,0,0,0,0,0,0,0,0,0,0,0,0,0,0,0,0,0,0,0,0,0,55,218
170,85,2988,2800,2758,2805,3240,2872,2851,2872,0,0,0,0,0,0,0,0,0,0,0,0,0,0,0,0,0,0,0,0,0,0,0,0,0,0,0,29,218
170,85,2977,2799,2746,2815,3239,2855,2865,2879,0,0,0,0,0,0,0,0,0,0,0,0,0,0,0,0,0,0,0,0,0,0,0,0,0,0,0,124,218
170,85,2971,2804,2744,2825,3228,2872,2838,2883,0,0,0,0,0,0,0,0,0,0,0,0,0,0,0,0,0,0,0,0,0,0,0,0,0,0,0,215,218
170,85,2964,2810,2758,2799,3232,2865,2854,2878,0,0,0,0,0,0,0,0,0,0,0,0,0,0,0,0,0,0,0,0,0,0,0,0,0,0,0,55,219
170,85,2972,2790,2732,2806,3240,2852,2848,2863,0,0,0,0,0,0,0,0,0,0,0,0,0,0,0,0,0,0,0,0,0,0,0,0,0,0,0,90,218
170,85,2964,2806,2734,2813,3211,2848,2868,2874,0,0,0,0,0,0,0,0,0,0,0,0,0,0,0,0,0,0,0,0,0,0,0,0,0,0,0,109,219
170,85,2969,2821,2739,2811,3224,2870,2859,2875,0,0,0,0,0,0,0,0,0,0,0,0,0,0,0,0,0,0,0,0,0,0,0,0,0,0,0,146,219
170,85,2963,2804,2735,2805,3223,2852,2857,2878,0,0,0,0,0,0,0,0,0,0,0,0,0,0,0,0,0,0,0,0,0,0,0,0,0,0,0,96,219
170,85,2977,2799,2733,2813,3224,2878,2837,2884,0,0,0,0,0,0,0,0,0,0,0,0,0,0,0,0,0,0,0,0,0,0,0,0,0,0,0,16,219
170,85,2965,2805,2748,2799,3237,2871,2849,2878,0,0,0,0,0,0,0,0,0,0,0,0,0,0,0,0,0,0,0,0,0,0,0,0,0,0,0,71,219
170,85,2977,2810,2757,2813,3232,2854,2838,2881,0,0,0,0,0,0,0,0,0,0,0,0,0,0,0,0,0,0,0,0,0,0,0,0,0,0,0,75,219
170,85,2977,2805,2734,2805,3217,2858,2864,2873,0,0,0,0,0,0,0,0,0,0,0,0,0,0,0,0,0,0,0,0,0,0,0,0,0,0,0,68,219
170,85,2988,2810,2745,2799,3202,2854,2859,2861,0,0,0,0,0,0,0,0,0,0,0,0,0,0,0,0,0,0,0,0,0,0,0,0,0,0,0,91,219
170,85,2970,2806,2761,2800,3220,2882,2853,2875,0,0,0,0,0,0,0,0,0,0,0,0,0,0,0,0,0,0,0,0,0,0,0,0,0,0,0,100,219
170,85,2977,2798,2743,2812,3214,2854,2841,2880,0,0,0,0,0,0,0,0,0,0,0,0,0,0,0,0,0,0,0,0,0,0,0,0,0,0,0,12,219
170,85,2969,2804,2738,2799,3218,2876,2854,2855,0,0,0,0,0,0,0,0,0,0,0,0,0,0,0,0,0,0,0,0,0,0,0,0,0,0,0,102,219
170,85,2970,2808,2733,2801,3201,2852,2861,2881,0,0,0,0,0,0,0,0,0,0,0,0,0,0,0,0,0,0,0,0,0,0,0,0,0,0,0,14,219
170,85,2965,2821,2756,2812,3196,2881,2848,2867,0,0,0,0,0,0,0,0,0,0,0,0,0,0,0,0,0,0,0,0,0,0,0,0,0,0,0,126,219
170,85,2993,2812,2747,2811,3232,2883,2876,2857,0,0,0,0,0,0,0,0,0,0,0,0,0,0,0,0,0,0,0,0,0,0,0,0,0,0,0,2,219
170,85,2993,2818,2745,2812,3223,2869,2867,2880,0,0,0,0,0,0,0,0,0,0,0,0,0,0,0,0,0,0,0,0,0,0,0,0,0,0,0,223,219
170,85,2993,2798,2747,2811,3224,2882,2880,2878,0,0,0,0,0,0,0,0,0,0,0,0,0,0,0,0,0,0,0,0,0,0,0,0,0,0,0,66,219
170,85,2972,2821,2734,2825,3220,2854,2873,2876,0,0,0,0,0,0,0,0,0,0,0,0,0,0,0,0,0,0,0,0,0,0,0,0,0,0,0,112,219
170,85,2988,2799,2745,2812,3210,2881,2864,2882,0,0,0,0,0,0,0,0,0,0,0,0,0,0,0,0,0,0,0,0,0,0,0,0,0,0,0,70,219
170,85,2972,2811,2735,2814,3211,2858,2866,2878,0,0,0,0,0,0,0,0,0,0,0,0,0,0,0,0,0,0,0,0,0,0,0,0,0,0,0,98,219
170,85,2963,2821,2733,2814,3224,2853,2842,2872,0,0,0,0,0,0,0,0,0,0,0,0,0,0,0,0,0,0,0,0,0,0,0,0,0,0,0,162,219
170,85,2977,2799,2725,2800,3236,2852,2849,2871,0,0,0,0,0,0,0,0,0,0,0,0,0,0,0,0,0,0,0,0,0,0,0,0,0,0,0,116,219
170,85,2976,2810,2720,2812,3210,2853,2868,2877,0,0,0,0,0,0,0,0,0,0,0,0,0,0,0,0,0,0,0,0,0,0,0,0,0,0,0,89,219
170,85,2988,2823,2746,2825,3206,2883,2854,2876,0,0,0,0,0,0,0,0,0,0,0,0,0,0,0,0,0,0,0,0,0,0,0,0,0,0,0,62,218
170,85,2963,2813,2734,2806,3222,2856,2841,2861,0,0,0,0,0,0,0,0,0,0,0,0,0,0,0,0,0,0,0,0,0,0,0,0,0,0,0,69,218
170,85,2972,2798,2732,2812,3216,2853,2850,2875,0,0,0,0,0,0,0,0,0,0,0,0,0,0,0,0,0,0,0,0,0,0,0,0,0,0,0,119,218
170,85,2993,2805,2733,2793,3216,2881,2859,2875,0,0,0,0,0,0,0,0,0,0,0,0,0,0,0,0,0,0,0,0,0,0,0,0,0,0,0,56,218
170,85,2989,2811,2733,2824,3217,2872,2858,2872,0,0,0,0,0,0,0,0,0,0,0,0,0,0,0,0,0,0,0,0,0,0,0,0,0,0,0,176,218
170,85,2970,2798,2746,2811,3238,2865,2865,2875,0,0,0,0,0,0,0,0,0,0,0,0,0,0,0,0,0,0,0,0,0,0,0,0,0,0,0,81,218
170,85,2970,2798,2743,2823,3224,2851,2866,2857,0,0,0,0,0,0,0,0,0,0,0,0,0,0,0,0,0,0,0,0,0,0,0,0,0,0,0,156,218
170,85,2989,2803,2732,2813,3221,2880,2865,2871,0,0,0,0,0,0,0,0,0,0,0,0,0,0,0,0,0,0,0,0,0,0,0,0,0,0,0,37,218
170,85,2989,2811,2746,2800,3231,2846,2859,2865,0,0,0,0,0,0,0,0,0,0,0,0,0,0,0,0,0,0,0,0,0,0,0,0,0,0,0,126,219
170,85,2989,2810,2755,2813,3202,2869,2837,2866,0,0,0,0,0,0,0,0,0,0,0,0,0,0,0,0,0,0,0,0,0,0,0,0,0,0,0,0,218
170,85,2976,2804,2723,2824,3206,2870,2865,2882,0,0,0,0,0,0,0,0,0,0,0,0,0,0,0,0,0,0,0,0,0,0,0,0,0,0,0,196,219
170,85,2977,2803,2732,2812,3222,2863,2870,2860,0,0,0,0,0,0,0,0,0,0,0,0,0,0,0,0,0,0,0,0,0,0,0,0,0,0,0,88,218
170,85,2970,2797,2746,2800,3238,2870,2854,2855,0,0,0,0,0,0,0,0,0,0,0,0,0,0,0,0,0,0,0,0,0,0,0,0,0,0,0,85,218
170,85,2987,2796,2745,2801,3231,2848,2838,2865,0,0,0,0,0,0,0,0,0,0,0,0,0,0,0,0,0,0,0,0,0,0,0,0,0,0,0,110,218
170,85,2971,2797,2730,2812,3230,2881,2858,2873,0,0,0,0,0,0,0,0,0,0,0,0,0,0,0,0,0,0,0,0,0,0,0,0,0,0,0,21,218
170,85,2988,2804,2745,2798,3217,2870,2876,2855,0,0,0,0,0,0,0,0,0,0,0,0,0,0,0,0,0,0,0,0,0,0,0,0,0,0,0,74,218
170,85,2957,2802,2724,2804,3202,2862,2837,2864,0,0,0,0,0,0,0,0,0,0,0,0,0,0,0,0,0,0,0,0,0,0,0,0,0,0,0,95,219
170,85,2992,2797,2744,2812,3223,2851,2853,2856,0,0,0,0,0,0,0,0,0,0,0,0,0,0,0,0,0,0,0,0,0,0,0,0,0,0,0,89,219
170,85,2956,2794,2732,2823,3234,2870,2853,2884,0,0,0,0,0,0,0,0,0,0,0,0,0,0,0,0,0,0,0,0,0,0,0,0,0,0,0,192,219
170,85,2969,2804,2734,2806,3223,2871,2855,2854,0,0,0,0,0,0,0,0,0,0,0,0,0,0,0,0,0,0,0,0,0,0,0,0,0,0,0,109,219
170,85,2987,2810,2758,2798,3216,2881,2850,2881,0,0,0,0,0,0,0,0,0,0,0,0,0,0,0,0,0,0,0,0,0,0,0,0,0,0,0,50,219
170,85,2976,2804,2745,2813,3220,2881,2838,2856,0,0,0,0,0,0,0,0,0,0,0,0,0,0,0,0,0,0,0,0,0,0,0,0,0,0,0,2,219
170,85,2969,2797,2743,2824,3239,2863,2856,2855,0,0,0,0,0,0,0,0,0,0,0,0,0,0,0,0,0,0,0,0,0,0,0,0,0,0,0,180,218
170,85,2969,2799,2747,2811,3218,2863,2856,2870,0,0,0,0,0,0,0,0,0,0,0,0,0,0,0,0,0,0,0,0,0,0,0,0,0,0,0,108,219
170,85,2989,2797,2732,2812,3237,2853,2866,2870,0,0,0,0,0,0,0,0,0,0,0,0,0,0,0,0,0,0,0,0,0,0,0,0,0,0,0,109,218
170,85,2969,2811,2755,2803,3219,2855,2873,2855,0,0,0,0,0,0,0,0,0,0,0,0,0,0,0,0,0,0,0,0,0,0,0,0,0,0,0,1,219
170,85,2970,2797,2732,2812,3217,2863,2858,2891,0,0,0,0,0,0,0,0,0,0,0,0,0,0,0,0,0,0,0,0,0,0,0,0,0,0,0,1,218
170,85,2963,2820,2747,2808,3217,2854,2846,2866,0,0,0,0,0,0,0,0,0,0,0,0,0,0,0,0,0,0,0,0,0,0,0,0,0,0,0,183,219
170,85,2969,2823,2734,2795,3231,2870,2836,2880,0,0,0,0,0,0,0,0,0,0,0,0,0,0,0,0,0,0,0,0,0,0,0,0,0,0,0,222,219
170,85,2976,2807,2758,2826,3219,2865,2841,2864,0,0,0,0,0,0,0,0,0,0,0,0,0,0,0,0,0,0,0,0,0,0,0,0,0,0,0,232,219
170,85,2995,2787,2732,2808,3230,2850,2858,2880,0,0,0,0,0,0,0,0,0,0,0,0,0,0,0,0,0,0,0,0,0,0,0,0,0,0,0,43,219
170,85,2970,2803,2733,2807,3236,2880,2846,2854,0,0,0,0,0,0,0,0,0,0,0,0,0,0,0,0,0,0,0,0,0,0,0,0,0,0,0,22,219
170,85,2995,2822,2733,2813,3209,2871,2875,2860,0,0,0,0,0,0,0,0,0,0,0,0,0,0,0,0,0,0,0,0,0,0,0,0,0,0,0,180,219
170,85,2963,2797,2745,2805,3230,2863,2864,2857,0,0,0,0,0,0,0,0,0,0,0,0,0,0,0,0,0,0,0,0,0,0,0,0,0,0,0,99,220
170,85,2962,2798,2733,2811,3239,2871,2850,2903,0,0,0,0,0,0,0,0,0,0,0,0,0,0,0,0,0,0,0,0,0,0,0,0,0,0,0,54,219
170,85,2988,2823,2734,2811,3239,2864,2855,2891,0,0,0,0,0,0,0,0,0,0,0,0,0,0,0,0,0,0,0,0,0,0,0,0,0,0,0,253,219
170,85,2970,2788,2732,2822,3237,2880,2872,2870,0,0,0,0,0,0,0,0,0,0,0,0,0,0,0,0,0,0,0,0,0,0,0,0,0,0,0,199,219
170,85,2976,2811,2743,2811,3210,2853,2858,2889,0,0,0,0,0,0,0,0,0,0,0,0,0,0,0,0,0,0,0,0,0,0,0,0,0,0,0,34,219
170,85,2976,2798,2722,2807,3216,2870,2872,2857,0,0,0,0,0,0,0,0,0,0,0,0,0,0,0,0,0,0,0,0,0,0,0,0,0,0,0,85,219
170,85,2970,2797,2744,2823,3250,2871,2862,2880,0,0,0,0,0,0,0,0,0,0,0,0,0,0,0,0,0,0,0,0,0,0,0,0,0,0,0,219,219
170,85,2994,2798,2738,2812,3226,2871,2859,2884,0,0,0,0,0,0,0,0,0,0,0,0,0,0,0,0,0,0,0,0,0,0,0,0,0,0,0,41,219
170,85,2970,2803,2758,2804,3239,2852,2866,2874,0,0,0,0,0,0,0,0,0,0,0,0,0,0,0,0,0,0,0,0,0,0,0,0,0,0,0,41,219
170,85,2976,2798,2757,2805,3231,2854,2858,2883,0,0,0,0,0,0,0,0,0,0,0,0,0,0,0,0,0,0,0,0,0,0,0,0,0,0,0,87,219
170,85,2989,2798,2743,2810,3250,2870,2836,2860,0,0,0,0,0,0,0,0,0,0,0,0,0,0,0,0,0,0,0,0,0,0,0,0,0,0,0,75,219
170,85,2971,2804,2733,2813,3236,2852,2851,2858,0,0,0,0,0,0,0,0,0,0,0,0,0,0,0,0,0,0,0,0,0,0,0,0,0,0,0,79,219
170,85,2977,2811,2732,2813,3231,2870,2858,2880,0,0,0,0,0,0,0,0,0,0,0,0,0,0,0,0,0,0,0,0,0,0,0,0,0,0,0,49,219
170,85,2977,2806,2718,2792,3236,2881,2858,2877,0,0,0,0,0,0,0,0,0,0,0,0,0,0,0,0,0,0,0,0,0,0,0,0,0,0,0,42,219
170,85,2978,2797,2732,2798,3241,2847,2849,2871,0,0,0,0,0,0,0,0,0,0,0,0,0,0,0,0,0,0,0,0,0,0,0,0,0,0,0,84,219
170,85,2964,2798,2757,2812,3252,2870,2864,2877,0,0,0,0,0,0,0,0,0,0,0,0,0,0,0,0,0,0,0,0,0,0,0,0,0,0,0,53,218
170,85,2987,2811,2734,2800,3233,2881,2866,2887,0,0,0,0,0,0,0,0,0,0,0,0,0,0,0,0,0,0,0,0,0,0,0,0,0,0,0,98,218
170,85,2977,2798,2746,2823,3234,2870,2862,2868,0,0,0,0,0,0,0,0,0,0,0,0,0,0,0,0,0,0,0,0,0,0,0,0,0,0,0,132,218
170,85,2978,2822,2745,2824,3210,2870,2868,2873,0,0,0,0,0,0,0,0,0,0,0,0,0,0,0,0,0,0,0,0,0,0,0,0,0,0,0,93,218
170,85,2977,2797,2755,2813,3235,2871,2869,2888,0,0,0,0,0,0,0,0,0,0,0,0,0,0,0,0,0,0,0,0,0,0,0,0,0,0,0,98,218
170,85,2991,2821,2738,2804,3229,2853,2862,2877,0,0,0,0,0,0,0,0,0,0,0,0,0,0,0,0,0,0,0,0,0,0,0,0,0,0,0,191,218
170,85,2987,2805,2757,2797,3226,2869,2859,2873,0,0,0,0,0,0,0,0,0,0,0,0,0,0,0,0,0,0,0,0,0,0,0,0,0,0,0,50,218
170,85,2978,2805,2747,2826,3226,2881,2867,2861,0,0,0,0,0,0,0,0,0,0,0,0,0,0,0,0,0,0,0,0,0,0,0,0,0,0,0,219,218
170,85,2963,2823,2735,2813,3253,2871,2850,2879,0,0,0,0,0,0,0,0,0,0,0,0,0,0,0,0,0,0,0,0,0,0,0,0,0,0,0,161,218
170,85,2969,2806,2735,2800,3226,2855,2866,2879,0,0,0,0,0,0,0,0,0,0,0,0,0,0,0,0,0,0,0,0,0,0,0,0,0,0,0,121,218
170,85,2971,2805,2745,2811,3226,2872,2860,2872,0,0,0,0,0,0,0,0,0,0,0,0,0,0,0,0,0,0,0,0,0,0,0,0,0,0,0,99,218
170,85,2956,2811,2733,2813,3237,2854,2877,2879,0,0,0,0,0,0,0,0,0,0,0,0,0,0,0,0,0,0,0,0,0,0,0,0,0,0,0,95,218
170,85,2976,2788,2733,2813,3223,2855,2853,2861,0,0,0,0,0,0,0,0,0,0,0,0,0,0,0,0,0,0,0,0,0,0,0,0,0,0,0,85,218
170,85,2969,2798,2759,2813,3231,2883,2867,2879,0,0,0,0,0,0,0,0,0,0,0,0,0,0,0,0,0,0,0,0,0,0,0,0,0,0,0,100,218
170,85,2977,2812,2747,2804,3212,2869,2864,2874,0,0,0,0,0,0,0,0,0,0,0,0,0,0,0,0,0,0,0,0,0,0,0,0,0,0,0,88,218
170,85,2969,2788,2734,2799,3235,2872,2848,2870,0,0,0,0,0,0,0,0,0,0,0,0,0,0,0,0,0,0,0,0,0,0,0,0,0,0,0,72,218
170,85,2987,2797,2724,2824,3230,2850,2854,2890,0,0,0,0,0,0,0,0,0,0,0,0,0,0,0,0,0,0,0,0,0,0,0,0,0,0,0,194,218
170,85,2958,2796,2734,2812,3231,2871,2862,2889,0,0,0,0,0,0,0,0,0,0,0,0,0,0,0,0,0,0,0,0,0,0,0,0,0,0,0,6,218
170,85,2963,2797,2746,2811,3221,2849,2867,2879,0,0,0,0,0,0,0,0,0,0,0,0,0,0,0,0,0,0,0,0,0,0,0,0,0,0,0,126,218
170,85,2970,2796,2735,2810,3219,2855,2848,2884,0,0,0,0,0,0,0,0,0,0,0,0,0,0,0,0,0,0,0,0,0,0,0,0,0,0,0,10,218
170,85,2988,2802,2734,2812,3223,2871,2869,2887,0,0,0,0,0,0,0,0,0,0,0,0,0,0,0,0,0,0,0,0,0,0,0,0,0,0,0,39,218
170,85,2988,2789,2734,2805,3219,2855,2867,2868,0,0,0,0,0,0,0,0,0,0,0,0,0,0,0,0,0,0,0,0,0,0,0,0,0,0,0,88,218
170,85,2962,2797,2756,2813,3218,2872,2861,2873,0,0,0,0,0,0,0,0,0,0,0,0,0,0,0,0,0,0,0,0,0,0,0,0,0,0,0,1,218
170,85,2970,2803,2747,2799,3197,2870,2855,2857,0,0,0,0,0,0,0,0,0,0,0,0,0,0,0,0,0,0,0,0,0,0,0,0,0,0,0,129,218
170,85,2969,2803,2744,2813,3218,2883,2839,2858,0,0,0,0,0,0,0,0,0,0,0,0,0,0,0,0,0,0,0,0,0,0,0,0,0,0,0,58,218
170,85,2986,2809,2733,2824,3209,2870,2862,2859,0,0,0,0,0,0,0,0,0,0,0,0,0,0,0,0,0,0,0,0,0,0,0,0,0,0,0,180,218
170,85,2971,2810,2759,2812,3217,2872,2865,2881,0,0,0,0,0,0,0,0,0,0,0,0,0,0,0,0,0,0,0,0,0,0,0,0,0,0,0,122,218
170,85,2989,2811,2747,2812,3224,2870,2856,2872,0,0,0,0,0,0,0,0,0,0,0,0,0,0,0,0,0,0,0,0,0,0,0,0,0,0,0,86,218
170,85,2977,2803,2733,2800,3213,2853,2876,2899,0,0,0,0,0,0,0,0,0,0,0,0,0,0,0,0,0,0,0,0,0,0,0,0,0,0,0,49,218
170,85,2968,2822,2734,2811,3222,2858,2858,2856,0,0,0,0,0,0,0,0,0,0,0,0,0,0,0,0,0,0,0,0,0,0,0,0,0,0,0,141,218
170,85,2972,2807,2741,2812,3217,2854,2868,2873,0,0,0,0,0,0,0,0,0,0,0,0,0,0,0,0,0,0,0,0,0,0,0,0,0,0,0,97,218
170,85,2965,2820,2736,2802,3235,2881,2867,2873,0,0,0,0,0,0,0,0,0,0,0,0,0,0,0,0,0,0,0,0,0,0,0,0,0,0,0,195,218
170,85,2988,2803,2733,2799,3220,2870,2838,2898,0,0,0,0,0,0,0,0,0,0,0,0,0,0,0,0,0,0,0,0,0,0,0,0,0,0,0,2,218
170,85,2976,2810,2747,2811,3211,2871,2866,2870,0,0,0,0,0,0,0,0,0,0,0,0,0,0,0,0,0,0,0,0,0,0,0,0,0,0,0,91,218
170,85,2963,2809,2745,2800,3230,2847,2858,2882,0,0,0,0,0,0,0,0,0,0,0,0,0,0,0,0,0,0,0,0,0,0,0,0,0,0,0,51,218
170,85,2976,2811,2722,2812,3200,2854,2865,2878,0,0,0,0,0,0,0,0,0,0,0,0,0,0,0,0,0,0,0,0,0,0,0,0,0,0,0,85,218
170,85,2969,2803,2743,2812,3222,2851,2836,2879,0,0,0,0,0,0,0,0,0,0,0,0,0,0,0,0,0,0,0,0,0,0,0,0,0,0,0,70,218
170,85,2977,2796,2743,2804,3217,2868,2866,2854,0,0,0,0,0,0,0,0,0,0,0,0,0,0,0,0,0,0,0,0,0,0,0,0,0,0,0,70,218
170,85,2987,2823,2724,2798,3211,2868,2837,2883,0,0,0,0,0,0,0,0,0,0,0,0,0,0,0,0,0,0,0,0,0,0,0,0,0,0,0,247,218
170,85,2972,2796,2759,2803,3207,2882,2864,2880,0,0,0,0,0,0,0,0,0,0,0,0,0,0,0,0,0,0,0,0,0,0,0,0,0,0,0,8,218
170,85,2963,2821,2745,2823,3190,2876,2856,2877,0,0,0,0,0,0,0,0,0,0,0,0,0,0,0,0,0,0,0,0,0,0,0,0,0,0,0,142,218
170,85,2993,2809,2758,2799,3207,2852,2858,2873,0,0,0,0,0,0,0,0,0,0,0,0,0,0,0,0,0,0,0,0,0,0,0,0,0,0,0,40,217
170,85,2969,2802,2732,2799,3190,2870,2858,2855,0,0,0,0,0,0,0,0,0,0,0,0,0,0,0,0,0,0,0,0,0,0,0,0,0,0,0,156,217
170,85,2991,2796,2731,2804,3208,2870,2854,2874,0,0,0,0,0,0,0,0,0,0,0,0,0,0,0,0,0,0,0,0,0,0,0,0,0,0,0,71,217
170,85,2979,2789,2718,2811,3208,2854,2874,2896,0,0,0,0,0,0,0,0,0,0,0,0,0,0,0,0,0,0,0,0,0,0,0,0,0,0,0,30,218
170,85,2970,2797,2754,2798,3222,2871,2878,2873,0,0,0,0,0,0,0,0,0,0,0,0,0,0,0,0,0,0,0,0,0,0,0,0,0,0,0,4,217
170,85,2989,2808,2732,2814,3220,2868,2847,2878,0,0,0,0,0,0,0,0,0,0,0,0,0,0,0,0,0,0,0,0,0,0,0,0,0,0,0,127,217
170,85,2971,2821,2734,2826,3225,2870,2847,2890,0,0,0,0,0,0,0,0,0,0,0,0,0,0,0,0,0,0,0,0,0,0,0,0,0,0,0,57,217
170,85,2970,2802,2755,2811,3195,2852,2857,2890,0,0,0,0,0,0,0,0,0,0,0,0,0,0,0,0,0,0,0,0,0,0,0,0,0,0,0,149,217
170,85,2977,2804,2743,2811,3196,2869,2857,2898,0,0,0,0,0,0,0,0,0,0,0,0,0,0,0,0,0,0,0,0,0,0,0,0,0,0,0,210,217
170,85,2963,2788,2745,2824,3224,2872,2856,2856,0,0,0,0,0,0,0,0,0,0,0,0,0,0,0,0,0,0,0,0,0,0,0,0,0,0,0,158,217
170,85,2972,2805,2743,2812,3225,2880,2858,2866,0,0,0,0,0,0,0,0,0,0,0,0,0,0,0,0,0,0,0,0,0,0,0,0,0,0,0,26,217
170,85,2958,2821,2723,2811,3215,2863,2859,2867,0,0,0,0,0,0,0,0,0,0,0,0,0,0,0,0,0,0,0,0,0,0,0,0,0,0,0,147,217
170,85,2968,2796,2732,2804,3191,2852,2867,2893,0,0,0,0,0,0,0,0,0,0,0,0,0,0,0,0,0,0,0,0,0,0,0,0,0,0,0,248,217
170,85,2970,2803,2732,2815,3211,2848,2866,2879,0,0,0,0,0,0,0,0,0,0,0,0,0,0,0,0,0,0,0,0,0,0,0,0,0,0,0,101,218
170,85,2992,2805,2745,2822,3222,2870,2846,2873,0,0,0,0,0,0,0,0,0,0,0,0,0,0,0,0,0,0,0,0,0,0,0,0,0,0,0,133,218
170,85,2977,2804,2731,2822,3235,2870,2865,2860,0,0,0,0,0,0,0,0,0,0,0,0,0,0,0,0,0,0,0,0,0,0,0,0,0,0,0,136,218
170,85,2971,2809,2732,2797,3191,2871,2864,2866,0,0,0,0,0,0,0,0,0,0,0,0,0,0,0,0,0,0,0,0,0,0,0,0,0,0,0,152,218
170,85,2971,2821,2733,2811,3195,2848,2879,2878,0,0,0,0,0,0,0,0,0,0,0,0,0,0,0,0,0,0,0,0,0,0,0,0,0,0,0,106,218
170,85,2963,2809,2745,2812,3224,2881,2848,2885,0,0,0,0,0,0,0,0,0,0,0,0,0,0,0,0,0,0,0,0,0,0,0,0,0,0,0,106,218
170,85,2964,2805,2732,2799,3218,2878,2856,2877,0,0,0,0,0,0,0,0,0,0,0,0,0,0,0,0,0,0,0,0,0,0,0,0,0,0,0,98,218
170,85,2971,2810,2733,2804,3211,2871,2864,2872,0,0,0,0,0,0,0,0,0,0,0,0,0,0,0,0,0,0,0,0,0,0,0,0,0,0,0,117,218
170,85,2972,2810,2733,2813,3211,2872,2879,2891,0,0,0,0,0,0,0,0,0,0,0,0,0,0,0,0,0,0,0,0,0,0,0,0,0,0,0,8,218
170,85,2987,2789,2754,2812,3208,2871,2864,2879,0,0,0,0,0,0,0,0,0,0,0,0,0,0,0,0,0,0,0,0,0,0,0,0,0,0,0,57,218
170,85,2989,2811,2756,2812,3214,2882,2869,2856,0,0,0,0,0,0,0,0,0,0,0,0,0,0,0,0,0,0,0,0,0,0,0,0,0,0,0,70,218
170,85,2977,2809,2733,2813,3215,2872,2867,2875,0,0,0,0,0,0,0,0,0,0,0,0,0,0,0,0,0,0,0,0,0,0,0,0,0,0,0,78,218
170,85,2970,2801,2744,2814,3208,2878,2878,2877,0,0,0,0,0,0,0,0,0,0,0,0,0,0,0,0,0,0,0,0,0,0,0,0,0,0,0,97,218
170,85,2993,2808,2733,2829,3224,2855,2856,2891,0,0,0,0,0,0,0,0,0,0,0,0,0,0,0,0,0,0,0,0,0,0,0,0,0,0,0,205,218
170,85,2969,2810,2746,2814,3223,2873,2868,2884,0,0,0,0,0,0,0,0,0,0,0,0,0,0,0,0,0,0,0,0,0,0,0,0,0,0,0,0,218
170,85,2971,2803,2733,2806,3210,2874,2866,2889,0,0,0,0,0,0,0,0,0,0,0,0,0,0,0,0,0,0,0,0,0,0,0,0,0,0,0,1,218
170,85,2978,2799,2733,2812,3216,2870,2866,2855,0,0,0,0,0,0,0,0,0,0,0,0,0,0,0,0,0,0,0,0,0,0,0,0,0,0,0,86,218
170,85,2978,2823,2743,2826,3225,2870,2851,2875,0,0,0,0,0,0,0,0,0,0,0,0,0,0,0,0,0,0,0,0,0,0,0,0,0,0,0,86,218
170,85,2965,2793,2753,2801,3217,2857,2867,2862,0,0,0,0,0,0,0,0,0,0,0,0,0,0,0,0,0,0,0,0,0,0,0,0,0,0,0,16,218
170,85,2992,2804,2741,2806,3236,2871,2866,2899,0,0,0,0,0,0,0,0,0,0,0,0,0,0,0,0,0,0,0,0,0,0,0,0,0,0,0,12,218
170,85,2965,2800,2734,2801,3226,2867,2879,2885,0,0,0,0,0,0,0,0,0,0,0,0,0,0,0,0,0,0,0,0,0,0,0,0,0,0,0,16,219
170,85,2989,2812,2744,2811,3235,2866,2880,2893,0,0,0,0,0,0,0,0,0,0,0,0,0,0,0,0,0,0,0,0,0,0,0,0,0,0,0,119,219
170,85,2965,2812,2757,2825,3225,2853,2879,2859,0,0,0,0,0,0,0,0,0,0,0,0,0,0,0,0,0,0,0,0,0,0,0,0,0,0,0,245,219
170,85,2971,2805,2747,2812,3217,2854,2869,2862,0,0,0,0,0,0,0,0,0,0,0,0,0,0,0,0,0,0,0,0,0,0,0,0,0,0,0,124,219
170,85,2966,2823,2735,2824,3215,2872,2868,2874,0,0,0,0,0,0,0,0,0,0,0,0,0,0,0,0,0,0,0,0,0,0,0,0,0,0,0,118,219
170,85,2972,2800,2758,2807,3223,2883,2849,2862,0,0,0,0,0,0,0,0,0,0,0,0,0,0,0,0,0,0,0,0,0,0,0,0,0,0,0,127,219
170,85,2965,2825,2747,2812,3196,2872,2862,2885,0,0,0,0,0,0,0,0,0,0,0,0,0,0,0,0,0,0,0,0,0,0,0,0,0,0,0,12,219
170,85,2965,2826,2724,2824,3217,2885,2879,2874,0,0,0,0,0,0,0,0,0,0,0,0,0,0,0,0,0,0,0,0,0,0,0,0,0,0,0,27,219
170,85,2964,2812,2746,2800,3218,2865,2848,2862,0,0,0,0,0,0,0,0,0,0,0,0,0,0,0,0,0,0,0,0,0,0,0,0,0,0,0,118,219
170,85,2978,2806,2766,2813,3236,2856,2853,2868,0,0,0,0,0,0,0,0,0,0,0,0,0,0,0,0,0,0,0,0,0,0,0,0,0,0,0,3,219
170,85,2965,2821,2752,2827,3216,2857,2874,2884,0,0,0,0,0,0,0,0,0,0,0,0,0,0,0,0,0,0,0,0,0,0,0,0,0,0,0,101,219
170,85,2965,2825,2737,2830,3216,2855,2880,2885,0,0,0,0,0,0,0,0,0,0,0,0,0,0,0,0,0,0,0,0,0,0,0,0,0,0,0,104,219
170,85,2979,2823,2746,2812,3238,2866,2866,2861,0,0,0,0,0,0,0,0,0,0,0,0,0,0,0,0,0,0,0,0,0,0,0,0,0,0,0,145,219
170,85,2972,2804,2733,2825,3224,2874,2866,2883,0,0,0,0,0,0,0,0,0,0,0,0,0,0,0,0,0,0,0,0,0,0,0,0,0,0,0,231,219
170,85,2997,2810,2757,2804,3197,2850,2851,2860,0,0,0,0,0,0,0,0,0,0,0,0,0,0,0,0,0,0,0,0,0,0,0,0,0,0,0,215,219
170,85,2971,2799,2736,2801,3223,2876,2853,2878,0,0,0,0,0,0,0,0,0,0,0,0,0,0,0,0,0,0,0,0,0,0,0,0,0,0,0,124,219
170,85,2975,2800,2734,2800,3217,2866,2860,2883,0,0,0,0,0,0,0,0,0,0,0,0,0,0,0,0,0,0,0,0,0,0,0,0,0,0,0,4,219
170,85,2978,2807,2732,2806,3216,2855,2881,2887,0,0,0,0,0,0,0,0,0,0,0,0,0,0,0,0,0,0,0,0,0,0,0,0,0,0,0,71,219
170,85,2979,2805,2740,2815,3224,2866,2861,2878,0,0,0,0,0,0,0,0,0,0,0,0,0,0,0,0,0,0,0,0,0,0,0,0,0,0,0,93,219
170,85,2980,2805,2736,2813,3211,2874,2860,2892,0,0,0,0,0,0,0,0,0,0,0,0,0,0,0,0,0,0,0,0,0,0,0,0,0,0,0,52,219
170,85,2973,2806,2745,2827,3219,2855,2868,2899,0,0,0,0,0,0,0,0,0,0,0,0,0,0,0,0,0,0,0,0,0,0,0,0,0,0,0,242,219
170,85,2990,2798,2754,2815,3237,2856,2863,2863,0,0,0,0,0,0,0,0,0,0,0,0,0,0,0,0,0,0,0,0,0,0,0,0,0,0,0,9,218
170,85,2978,2811,2745,2806,3217,2883,2867,2863,0,0,0,0,0,0,0,0,0,0,0,0,0,0,0,0,0,0,0,0,0,0,0,0,0,0,0,33,218
170,85,2963,2811,2759,2813,3223,2873,2868,2894,0,0,0,0,0,0,0,0,0,0,0,0,0,0,0,0,0,0,0,0,0,0,0,0,0,0,0,127,218
170,85,2979,2798,2733,2826,3226,2870,2867,2893,0,0,0,0,0,0,0,0,0,0,0,0,0,0,0,0,0,0,0,0,0,0,0,0,0,0,0,192,218
170,85,2964,2811,2734,2806,3224,2874,2867,2890,0,0,0,0,0,0,0,0,0,0,0,0,0,0,0,0,0,0,0,0,0,0,0,0,0,0,0,21,218
170,85,2978,2824,2733,2809,3212,2874,2879,2873,0,0,0,0,0,0,0,0,0,0,0,0,0,0,0,0,0,0,0,0,0,0,0,0,0,0,0,182,217
170,85,2977,2798,2747,2814,3210,2856,2866,2904,0,0,0,0,0,0,0,0,0,0,0,0,0,0,0,0,0,0,0,0,0,0,0,0,0,0,0,59,217
170,85,2979,2805,2759,2813,3219,2856,2868,2883,0,0,0,0,0,0,0,0,0,0,0,0,0,0,0,0,0,0,0,0,0,0,0,0,0,0,0,89,217
170,85,2971,2825,2732,2814,3193,2857,2878,2880,0,0,0,0,0,0,0,0,0,0,0,0,0,0,0,0,0,0,0,0,0,0,0,0,0,0,0,22,217
170,85,2963,2805,2759,2803,3225,2856,2869,2877,0,0,0,0,0,0,0,0,0,0,0,0,0,0,0,0,0,0,0,0,0,0,0,0,0,0,0,18,217
170,85,2971,2792,2762,2816,3227,2881,2879,2874,0,0,0,0,0,0,0,0,0,0,0,0,0,0,0,0,0,0,0,0,0,0,0,0,0,0,0,158,217
170,85,2965,2804,2755,2839,3224,2873,2870,2876,0,0,0,0,0,0,0,0,0,0,0,0,0,0,0,0,0,0,0,0,0,0,0,0,0,0,0,230,217
170,85,2979,2813,2733,2813,3215,2872,2851,2863,0,0,0,0,0,0,0,0,0,0,0,0,0,0,0,0,0,0,0,0,0,0,0,0,0,0,0,76,217
170,85,2972,2811,2747,2826,3237,2885,2868,2878,0,0,0,0,0,0,0,0,0,0,0,0,0,0,0,0,0,0,0,0,0,0,0,0,0,0,0,196,217
170,85,2971,2812,2740,2815,3211,2885,2851,2856,0,0,0,0,0,0,0,0,0,0,0,0,0,0,0,0,0,0,0,0,0,0,0,0,0,0,0,16,217
170,85,2979,2824,2727,2800,3227,2872,2869,2858,0,0,0,0,0,0,0,0,0,0,0,0,0,0,0,0,0,0,0,0,0,0,0,0,0,0,0,184,217
170,85,2979,2812,2749,2812,3223,2872,2869,2860,0,0,0,0,0,0,0,0,0,0,0,0,0,0,0,0,0,0,0,0,0,0,0,0,0,0,0,81,217
170,85,2977,2799,2753,2827,3216,2873,2860,2901,0,0,0,0,0,0,0,0,0,0,0,0,0,0,0,0,0,0,0,0,0,0,0,0,0,0,0,172,217
170,85,2978,2823,2734,2826,3235,2872,2865,2867,0,0,0,0,0,0,0,0,0,0,0,0,0,0,0,0,0,0,0,0,0,0,0,0,0,0,0,97,217
170,85,2978,2822,2735,2813,3215,2873,2867,2863,0,0,0,0,0,0,0,0,0,0,0,0,0,0,0,0,0,0,0,0,0,0,0,0,0,0,0,164,217
170,85,2989,2805,2734,2802,3224,2856,2860,2866,0,0,0,0,0,0,0,0,0,0,0,0,0,0,0,0,0,0,0,0,0,0,0,0,0,0,0,83,217
170,85,2993,2812,2748,2806,3213,2872,2851,2862,0,0,0,0,0,0,0,0,0,0,0,0,0,0,0,0,0,0,0,0,0,0,0,0,0,0,0,70,217
170,85,2972,2800,2734,2809,3223,2883,2851,2883,0,0,0,0,0,0,0,0,0,0,0,0,0,0,0,0,0,0,0,0,0,0,0,0,0,0,0,118,217
170,85,2971,2824,2747,2806,3211,2873,2886,2883,0,0,0,0,0,0,0,0,0,0,0,0,0,0,0,0,0,0,0,0,0,0,0,0,0,0,0,145,217
170,85,2989,2811,2740,2813,3222,2865,2867,2862,0,0,0,0,0,0,0,0,0,0,0,0,0,0,0,0,0,0,0,0,0,0,0,0,0,0,0,92,217
170,85,2979,2799,2738,2801,3212,2857,2869,2879,0,0,0,0,0,0,0,0,0,0,0,0,0,0,0,0,0,0,0,0,0,0,0,0,0,0,0,89,217
170,85,2971,2805,2733,2833,3233,2873,2860,2884,0,0,0,0,0,0,0,0,0,0,0,0,0,0,0,0,0,0,0,0,0,0,0,0,0,0,0,218,217
170,85,2978,2804,2744,2825,3212,2871,2860,2878,0,0,0,0,0,0,0,0,0,0,0,0,0,0,0,0,0,0,0,0,0,0,0,0,0,0,0,182,217
170,85,2965,2798,2747,2814,3217,2874,2867,2869,0,0,0,0,0,0,0,0,0,0,0,0,0,0,0,0,0,0,0,0,0,0,0,0,0,0,0,106,217
170,85,2993,2806,2757,2825,3224,2873,2866,2882,0,0,0,0,0,0,0,0,0,0,0,0,0,0,0,0,0,0,0,0,0,0,0,0,0,0,0,162,217
170,85,2970,2822,2759,2798,3214,2883,2869,2883,0,0,0,0,0,0,0,0,0,0,0,0,0,0,0,0,0,0,0,0,0,0,0,0,0,0,0,246,217
170,85,2979,2811,2732,2816,3237,2856,2867,2869,0,0,0,0,0,0,0,0,0,0,0,0,0,0,0,0,0,0,0,0,0,0,0,0,0,0,0,135,217
170,85,2978,2812,2733,2801,3212,2872,2880,2879,0,0,0,0,0,0,0,0,0,0,0,0,0,0,0,0,0,0,0,0,0,0,0,0,0,0,0,48,217
170,85,2972,2812,2733,2826,3219,2873,2849,2880,0,0,0,0,0,0,0,0,0,0,0,0,0,0,0,0,0,0,0,0,0,0,0,0,0,0,0,244,217
170,85,2970,2811,2745,2814,3198,2867,2885,2877,0,0,0,0,0,0,0,0,0,0,0,0,0,0,0,0,0,0,0,0,0,0,0,0,0,0,0,234,217
170,85,2964,2813,2732,2816,3225,2856,2869,2884,0,0,0,0,0,0,0,0,0,0,0,0,0,0,0,0,0,0,0,0,0,0,0,0,0,0,0,253,218
170,85,2958,2800,2743,2831,3212,2872,2868,2884,0,0,0,0,0,0,0,0,0,0,0,0,0,0,0,0,0,0,0,0,0,0,0,0,0,0,0,250,218
170,85,2964,2797,2744,2801,3224,2855,2872,2898,0,0,0,0,0,0,0,0,0,0,0,0,0,0,0,0,0,0,0,0,0,0,0,0,0,0,0,28,218
170,85,2977,2812,2741,2815,3217,2874,2854,2878,0,0,0,0,0,0,0,0,0,0,0,0,0,0,0,0,0,0,0,0,0,0,0,0,0,0,0,93,218
170,85,2978,2800,2733,2800,3235,2883,2862,2867,0,0,0,0,0,0,0,0,0,0,0,0,0,0,0,0,0,0,0,0,0,0,0,0,0,0,0,11,218
170,85,2989,2799,2735,2837,3225,2871,2866,2880,0,0,0,0,0,0,0,0,0,0,0,0,0,0,0,0,0,0,0,0,0,0,0,0,0,0,0,220,218
170,85,2979,2814,2748,2832,3214,2873,2871,2880,0,0,0,0,0,0,0,0,0,0,0,0,0,0,0,0,0,0,0,0,0,0,0,0,0,0,0,201,218
170,85,2965,2805,2733,2814,3238,2885,2876,2901,0,0,0,0,0,0,0,0,0,0,0,0,0,0,0,0,0,0,0,0,0,0,0,0,0,0,0,64,218
170,85,2989,2824,2734,2800,3212,2867,2870,2871,0,0,0,0,0,0,0,0,0,0,0,0,0,0,0,0,0,0,0,0,0,0,0,0,0,0,0,189,218
170,85,2978,2800,2739,2814,3225,2866,2869,2878,0,0,0,0,0,0,0,0,0,0,0,0,0,0,0,0,0,0,0,0,0,0,0,0,0,0,0,70,218
170,85,3004,2805,2734,2807,3225,2858,2851,2879,0,0,0,0,0,0,0,0,0,0,0,0,0,0,0,0,0,0,0,0,0,0,0,0,0,0,0,70,218
170,85,2964,2823,2735,2813,3216,2856,2869,2861,0,0,0,0,0,0,0,0,0,0,0,0,0,0,0,0,0,0,0,0,0,0,0,0,0,0,0,153,218
170,85,2973,2800,2758,2813,3213,2856,2869,2863,0,0,0,0,0,0,0,0,0,0,0,0,0,0,0,0,0,0,0,0,0,0,0,0,0,0,0,16,218
170,85,2964,2812,2745,2815,3216,2886,2880,2862,0,0,0,0,0,0,0,0,0,0,0,0,0,0,0,0,0,0,0,0,0,0,0,0,0,0,0,111,218
170,85,2982,2806,2736,2813,3222,2872,2881,2880,0,0,0,0,0,0,0,0,0,0,0,0,0,0,0,0,0,0,0,0,0,0,0,0,0,0,0,75,218
170,85,2979,2799,2745,2814,3214,2885,2863,2886,0,0,0,0,0,0,0,0,0,0,0,0,0,0,0,0,0,0,0,0,0,0,0,0,0,0,0,80,218
170,85,2965,2801,2755,2820,3225,2885,2869,2879,0,0,0,0,0,0,0,0,0,0,0,0,0,0,0,0,0,0,0,0,0,0,0,0,0,0,0,141,218
170,85,2979,2823,2733,2833,3224,2873,2878,2889,0,0,0,0,0,0,0,0,0,0,0,0,0,0,0,0,0,0,0,0,0,0,0,0,0,0,0,55,218
170,85,2993,2811,2745,2827,3224,2873,2870,2880,0,0,0,0,0,0,0,0,0,0,0,0,0,0,0,0,0,0,0,0,0,0,0,0,0,0,0,215,218
170,85,2965,2813,2742,2805,3218,2875,2866,2864,0,0,0,0,0,0,0,0,0,0,0,0,0,0,0,0,0,0,0,0,0,0,0,0,0,0,0,121,218
170,85,2980,2799,2756,2815,3238,2885,2871,2880,0,0,0,0,0,0,0,0,0,0,0,0,0,0,0,0,0,0,0,0,0,0,0,0,0,0,0,29,218
170,85,2973,2799,2735,2815,3225,2884,2880,2880,0,0,0,0,0,0,0,0,0,0,0,0,0,0,0,0,0,0,0,0,0,0,0,0,0,0,0,6,218
170,85,2979,2825,2740,2831,3213,2858,2870,2886,0,0,0,0,0,0,0,0,0,0,0,0,0,0,0,0,0,0,0,0,0,0,0,0,0,0,0,63,218
170,85,2979,2800,2756,2814,3197,2873,2849,2887,0,0,0,0,0,0,0,0,0,0,0,0,0,0,0,0,0,0,0,0,0,0,0,0,0,0,0,178,218
170,85,2965,2800,2743,2817,3227,2855,2880,2879,0,0,0,0,0,0,0,0,0,0,0,0,0,0,0,0,0,0,0,0,0,0,0,0,0,0,0,232,218
170,85,2971,2813,2742,2807,3230,2871,2869,2875,0,0,0,0,0,0,0,0,0,0,0,0,0,0,0,0,0,0,0,0,0,0,0,0,0,0,0,121,218
170,85,2990,2794,2756,2826,3217,2874,2869,2860,0,0,0,0,0,0,0,0,0,0,0,0,0,0,0,0,0,0,0,0,0,0,0,0,0,0,0,192,218
170,85,2966,2812,2746,2815,3197,2873,2849,2879,0,0,0,0,0,0,0,0,0,0,0,0,0,0,0,0,0,0,0,0,0,0,0,0,0,0,0,140,218
170,85,2973,2790,2735,2828,3217,2873,2868,2880,0,0,0,0,0,0,0,0,0,0,0,0,0,0,0,0,0,0,0,0,0,0,0,0,0,0,0,252,218
170,85,2993,2811,2735,2815,3213,2857,2852,2880,0,0,0,0,0,0,0,0,0,0,0,0,0,0,0,0,0,0,0,0,0,0,0,0,0,0,0,35,218
170,85,2972,2800,2748,2803,3212,2857,2880,2880,0,0,0,0,0,0,0,0,0,0,0,0,0,0,0,0,0,0,0,0,0,0,0,0,0,0,0,127,218
170,85,2995,2791,2742,2802,3238,2858,2870,2879,0,0,0,0,0,0,0,0,0,0,0,0,0,0,0,0,0,0,0,0,0,0,0,0,0,0,0,108,218
170,85,2966,2810,2748,2800,3238,2873,2868,2877,0,0,0,0,0,0,0,0,0,0,0,0,0,0,0,0,0,0,0,0,0,0,0,0,0,0,0,79,218
170,85,2963,2805,2733,2808,3221,2872,2871,2879,0,0,0,0,0,0,0,0,0,0,0,0,0,0,0,0,0,0,0,0,0,0,0,0,0,0,0,111,218
170,85,2995,2799,2753,2808,3198,2872,2868,2867,0,0,0,0,0,0,0,0,0,0,0,0,0,0,0,0,0,0,0,0,0,0,0,0,0,0,0,221,218
170,85,2972,2798,2766,2801,3212,2874,2867,2858,0,0,0,0,0,0,0,0,0,0,0,0,0,0,0,0,0,0,0,0,0,0,0,0,0,0,0,27,218
170,85,2979,2822,2745,2815,3218,2859,2861,2858,0,0,0,0,0,0,0,0,0,0,0,0,0,0,0,0,0,0,0,0,0,0,0,0,0,0,0,165,218
170,85,2993,2812,2746,2815,3216,2885,2879,2869,0,0,0,0,0,0,0,0,0,0,0,0,0,0,0,0,0,0,0,0,0,0,0,0,0,0,0,46,218
170,85,2980,2807,2733,2807,3224,2856,2867,2884,0,0,0,0,0,0,0,0,0,0,0,0,0,0,0,0,0,0,0,0,0,0,0,0,0,0,0,55,218
170,85,2979,2823,2739,2802,3222,2856,2864,2863,0,0,0,0,0,0,0,0,0,0,0,0,0,0,0,0,0,0,0,0,0,0,0,0,0,0,0,188,218
170,85,2996,2812,2742,2817,3213,2856,2871,2877,0,0,0,0,0,0,0,0,0,0,0,0,0,0,0,0,0,0,0,0,0,0,0,0,0,0,0,168,218
170,85,2994,2799,2734,2816,3213,2884,2879,2901,0,0,0,0,0,0,0,0,0,0,0,0,0,0,0,0,0,0,0,0,0,0,0,0,0,0,0,168,218
170,85,2988,2811,2733,2827,3213,2873,2887,2901,0,0,0,0,0,0,0,0,0,0,0,0,0,0,0,0,0,0,0,0,0,0,0,0,0,0,0,175,218
170,85,2980,2799,2746,2827,3219,2875,2887,2901,0,0,0,0,0,0,0,0,0,0,0,0,0,0,0,0,0,0,0,0,0,0,0,0,0,0,0,184,218
170,85,2971,2805,2736,2815,3236,2872,2853,2858,0,0,0,0,0,0,0,0,0,0,0,0,0,0,0,0,0,0,0,0,0,0,0,0,0,0,0,75,218
170,85,2978,2807,2736,2818,3211,2873,2870,2896,0,0,0,0,0,0,0,0,0,0,0,0,0,0,0,0,0,0,0,0,0,0,0,0,0,0,0,203,218
170,85,2993,2805,2742,2832,3236,2875,2881,2885,0,0,0,0,0,0,0,0,0,0,0,0,0,0,0,0,0,0,0,0,0,0,0,0,0,0,0,129,218
170,85,2972,2824,2756,2814,3224,2874,2868,2864,0,0,0,0,0,0,0,0,0,0,0,0,0,0,0,0,0,0,0,0,0,0,0,0,0,0,0,240,218
170,85,2978,2807,2754,2801,3237,2876,2852,2865,0,0,0,0,0,0,0,0,0,0,0,0,0,0,0,0,0,0,0,0,0,0,0,0,0,0,0,19,218
170,85,2980,2797,2742,2811,3218,2872,2853,2879,0,0,0,0,0,0,0,0,0,0,0,0,0,0,0,0,0,0,0,0,0,0,0,0,0,0,0,77,218
170,85,2972,2825,2761,2826,3227,2857,2854,2894,0,0,0,0,0,0,0,0,0,0,0,0,0,0,0,0,0,0,0,0,0,0,0,0,0,0,0,117,218
170,85,2980,2799,2755,2814,3218,2875,2880,2881,0,0,0,0,0,0,0,0,0,0,0,0,0,0,0,0,0,0,0,0,0,0,0,0,0,0,0,39,218
170,85,2994,2798,2768,2808,3219,2875,2868,2901,0,0,0,0,0,0,0,0,0,0,0,0,0,0,0,0,0,0,0,0,0,0,0,0,0,0,0,68,218
170,85,2967,2823,2750,2815,3225,2874,2869,2875,0,0,0,0,0,0,0,0,0,0,0,0,0,0,0,0,0,0,0,0,0,0,0,0,0,0,0,132,218
170,85,2980,2806,2722,2815,3212,2872,2882,2864,0,0,0,0,0,0,0,0,0,0,0,0,0,0,0,0,0,0,0,0,0,0,0,0,0,0,0,48,218
170,85,2978,2814,2756,2818,3217,2859,2870,2887,0,0,0,0,0,0,0,0,0,0,0,0,0,0,0,0,0,0,0,0,0,0,0,0,0,0,0,169,218
170,85,2967,2807,2736,2802,3225,2858,2871,2900,0,0,0,0,0,0,0,0,0,0,0,0,0,0,0,0,0,0,0,0,0,0,0,0,0,0,0,11,218
170,85,2974,2811,2749,2802,3219,2874,2876,2880,0,0,0,0,0,0,0,0,0,0,0,0,0,0,0,0,0,0,0,0,0,0,0,0,0,0,0,6,218
170,85,2995,2799,2758,2816,3220,2886,2870,2881,0,0,0,0,0,0,0,0,0,0,0,0,0,0,0,0,0,0,0,0,0,0,0,0,0,0,0,199,218
170,85,2989,2812,2742,2815,3226,2857,2870,2890,0,0,0,0,0,0,0,0,0,0,0,0,0,0,0,0,0,0,0,0,0,0,0,0,0,0,0,46,218
170,85,2993,2800,2756,2813,3227,2859,2882,2862,0,0,0,0,0,0,0,0,0,0,0,0,0,0,0,0,0,0,0,0,0,0,0,0,0,0,0,93,218
170,85,2973,2824,2747,2829,3225,2886,2871,2881,0,0,0,0,0,0,0,0,0,0,0,0,0,0,0,0,0,0,0,0,0,0,0,0,0,0,0,115,218
170,85,2994,2800,2736,2844,3226,2876,2882,2880,0,0,0,0,0,0,0,0,0,0,0,0,0,0,0,0,0,0,0,0,0,0,0,0,0,0,0,178,218
170,85,2990,2812,2735,2817,3223,2856,2869,2878,0,0,0,0,0,0,0,0,0,0,0,0,0,0,0,0,0,0,0,0,0,0,0,0,0,0,0,176,218
170,85,2966,2804,2734,2820,3213,2866,2853,2883,0,0,0,0,0,0,0,0,0,0,0,0,0,0,0,0,0,0,0,0,0,0,0,0,0,0,0,233,218
170,85,2979,2802,2745,2815,3221,2866,2867,2886,0,0,0,0,0,0,0,0,0,0,0,0,0,0,0,0,0,0,0,0,0,0,0,0,0,0,0,60,218
170,85,2973,2804,2727,2837,3216,2873,2871,2893,0,0,0,0,0,0,0,0,0,0,0,0,0,0,0,0,0,0,0,0,0,0,0,0,0,0,0,240,218
170,85,2992,2812,2757,2808,3219,2874,2880,2880,0,0,0,0,0,0,0,0,0,0,0,0,0,0,0,0,0,0,0,0,0,0,0,0,0,0,0,33,218
170,85,2989,2824,2755,2815,3237,2855,2872,2879,0,0,0,0,0,0,0,0,0,0,0,0,0,0,0,0,0,0,0,0,0,0,0,0,0,0,0,228,218
170,85,2980,2804,2756,2814,3235,2858,2868,2880,0,0,0,0,0,0,0,0,0,0,0,0,0,0,0,0,0,0,0,0,0,0,0,0,0,0,0,110,218
170,85,2967,2813,2760,2827,3211,2871,2851,2879,0,0,0,0,0,0,0,0,0,0,0,0,0,0,0,0,0,0,0,0,0,0,0,0,0,0,0,241,218
170,85,2973,2813,2735,2830,3225,2856,2867,2886,0,0,0,0,0,0,0,0,0,0,0,0,0,0,0,0,0,0,0,0,0,0,0,0,0,0,0,253,218
170,85,2997,2813,2740,2809,3224,2885,2869,2877,0,0,0,0,0,0,0,0,0,0,0,0,0,0,0,0,0,0,0,0,0,0,0,0,0,0,0,41,218
170,85,2980,2813,2757,2815,3211,2883,2881,2878,0,0,0,0,0,0,0,0,0,0,0,0,0,0,0,0,0,0,0,0,0,0,0,0,0,0,0,45,218
170,85,2974,2824,2736,2830,3216,2872,2870,2890,0,0,0,0,0,0,0,0,0,0,0,0,0,0,0,0,0,0,0,0,0,0,0,0,0,0,0,5,218
170,85,2972,2807,2748,2829,3211,2873,2852,2863,0,0,0,0,0,0,0,0,0,0,0,0,0,0,0,0,0,0,0,0,0,0,0,0,0,0,0,155,218
170,85,2979,2807,2743,2813,3210,2872,2863,2884,0,0,0,0,0,0,0,0,0,0,0,0,0,0,0,0,0,0,0,0,0,0,0,0,0,0,0,62,218
170,85,2989,2799,2749,2815,3212,2858,2884,2882,0,0,0,0,0,0,0,0,0,0,0,0,0,0,0,0,0,0,0,0,0,0,0,0,0,0,0,89,218
170,85,2970,2801,2758,2827,3216,2883,2851,2879,0,0,0,0,0,0,0,0,0,0,0,0,0,0,0,0,0,0,0,0,0,0,0,0,0,0,0,145,218
170,85,2971,2805,2748,2814,3217,2884,2861,2861,0,0,0,0,0,0,0,0,0,0,0,0,0,0,0,0,0,0,0,0,0,0,0,0,0,0,0,0,218
170,85,2971,2805,2755,2805,3221,2854,2850,2871,0,0,0,0,0,0,0,0,0,0,0,0,0,0,0,0,0,0,0,0,0,0,0,0,0,0,0,7,218
170,85,2992,2793,2745,2827,3209,2872,2867,2862,0,0,0,0,0,0,0,0,0,0,0,0,0,0,0,0,0,0,0,0,0,0,0,0,0,0,0,191,218
170,85,2974,2813,2746,2807,3213,2856,2869,2878,0,0,0,0,0,0,0,0,0,0,0,0,0,0,0,0,0,0,0,0,0,0,0,0,0,0,0,121,218
170,85,2980,2824,2733,2827,3216,2855,2861,2856,0,0,0,0,0,0,0,0,0,0,0,0,0,0,0,0,0,0,0,0,0,0,0,0,0,0,0,65,218
170,85,2978,2812,2736,2826,3213,2855,2861,2880,0,0,0,0,0,0,0,0,0,0,0,0,0,0,0,0,0,0,0,0,0,0,0,0,0,0,0,219,218
170,85,2991,2806,2734,2804,3213,2872,2869,2879,0,0,0,0,0,0,0,0,0,0,0,0,0,0,0,0,0,0,0,0,0,0,0,0,0,0,0,69,218
170,85,2965,2811,2769,2827,3217,2872,2849,2861,0,0,0,0,0,0,0,0,0,0,0,0,0,0,0,0,0,0,0,0,0,0,0,0,0,0,0,233,218
170,85,2993,2822,2748,2807,3211,2871,2874,2884,0,0,0,0,0,0,0,0,0,0,0,0,0,0,0,0,0,0,0,0,0,0,0,0,0,0,0,198,218
170,85,2964,2798,2756,2802,3215,2872,2873,2878,0,0,0,0,0,0,0,0,0,0,0,0,0,0,0,0,0,0,0,0,0,0,0,0,0,0,0,5,218
170,85,2964,2799,2729,2815,3212,2865,2869,2878,0,0,0,0,0,0,0,0,0,0,0,0,0,0,0,0,0,0,0,0,0,0,0,0,0,0,0,98,218
170,85,2971,2806,2747,2814,3224,2872,2878,2879,0,0,0,0,0,0,0,0,0,0,0,0,0,0,0,0,0,0,0,0,0,0,0,0,0,0,0,112,218
170,85,2972,2798,2747,2807,3212,2871,2878,2874,0,0,0,0,0,0,0,0,0,0,0,0,0,0,0,0,0,0,0,0,0,0,0,0,0,0,0,120,217
170,85,2963,2806,2734,2815,3211,2872,2866,2889,0,0,0,0,0,0,0,0,0,0,0,0,0,0,0,0,0,0,0,0,0,0,0,0,0,0,0,5,217
170,85,2978,2805,2755,2826,3219,2865,2866,2878,0,0,0,0,0,0,0,0,0,0,0,0,0,0,0,0,0,0,0,0,0,0,0,0,0,0,0,200,217
170,85,2965,2799,2758,2814,3224,2873,2837,2881,0,0,0,0,0,0,0,0,0,0,0,0,0,0,0,0,0,0,0,0,0,0,0,0,0,0,0,78,218
170,85,2989,2822,2732,2803,3217,2857,2868,2871,0,0,0,0,0,0,0,0,0,0,0,0,0,0,0,0,0,0,0,0,0,0,0,0,0,0,0,183,218
170,85,2988,2789,2735,2825,3212,2872,2867,2882,0,0,0,0,0,0,0,0,0,0,0,0,0,0,0,0,0,0,0,0,0,0,0,0,0,0,0,210,218
170,85,2978,2800,2746,2813,3218,2855,2868,2875,0,0,0,0,0,0,0,0,0,0,0,0,0,0,0,0,0,0,0,0,0,0,0,0,0,0,0,86,218
170,85,2988,2797,2745,2801,3219,2872,2867,2859,0,0,0,0,0,0,0,0,0,0,0,0,0,0,0,0,0,0,0,0,0,0,0,0,0,0,0,67,218
170,85,2964,2799,2720,2799,3213,2880,2864,2871,0,0,0,0,0,0,0,0,0,0,0,0,0,0,0,0,0,0,0,0,0,0,0,0,0,0,0,7,218
170,85,2970,2805,2754,2799,3216,2877,2866,2867,0,0,0,0,0,0,0,0,0,0,0,0,0,0,0,0,0,0,0,0,0,0,0,0,0,0,0,23,218
170,85,2994,2811,2758,2812,3215,2869,2860,2856,0,0,0,0,0,0,0,0,0,0,0,0,0,0,0,0,0,0,0,0,0,0,0,0,0,0,0,52,218
170,85,2970,2803,2745,2806,3192,2855,2847,2883,0,0,0,0,0,0,0,0,0,0,0,0,0,0,0,0,0,0,0,0,0,0,0,0,0,0,0,220,218
170,85,2963,2811,2746,2813,3195,2880,2868,2872,0,0,0,0,0,0,0,0,0,0,0,0,0,0,0,0,0,0,0,0,0,0,0,0,0,0,0,225,218
170,85,2971,2800,2736,2826,3188,2868,2835,2876,0,0,0,0,0,0,0,0,0,0,0,0,0,0,0,0,0,0,0,0,0,0,0,0,0,0,0,70,218
170,85,2979,2811,2734,2807,3207,2869,2859,2857,0,0,0,0,0,0,0,0,0,0,0,0,0,0,0,0,0,0,0,0,0,0,0,0,0,0,0,72,218
170,85,2958,2810,2720,2805,3207,2872,2867,2873,0,0,0,0,0,0,0,0,0,0,0,0,0,0,0,0,0,0,0,0,0,0,0,0,0,0,0,109,218
170,85,2977,2803,2733,2801,3208,2867,2861,2878,0,0,0,0,0,0,0,0,0,0,0,0,0,0,0,0,0,0,0,0,0,0,0,0,0,0,0,95,218
170,85,2971,2812,2747,2794,3195,2852,2840,2856,0,0,0,0,0,0,0,0,0,0,0,0,0,0,0,0,0,0,0,0,0,0,0,0,0,0,0,160,219
170,85,2963,2800,2746,2802,3208,2859,2864,2872,0,0,0,0,0,0,0,0,0,0,0,0,0,0,0,0,0,0,0,0,0,0,0,0,0,0,0,121,219
170,85,2989,2787,2746,2811,3215,2883,2858,2873,0,0,0,0,0,0,0,0,0,0,0,0,0,0,0,0,0,0,0,0,0,0,0,0,0,0,0,41,219
170,85,2963,2797,2739,2798,3235,2854,2855,2899,0,0,0,0,0,0,0,0,0,0,0,0,0,0,0,0,0,0,0,0,0,0,0,0,0,0,0,43,219
170,85,2963,2822,2746,2813,3210,2868,2841,2886,0,0,0,0,0,0,0,0,0,0,0,0,0,0,0,0,0,0,0,0,0,0,0,0,0,0,0,203,219
170,85,2971,2810,2745,2813,3221,2870,2865,2880,0,0,0,0,0,0,0,0,0,0,0,0,0,0,0,0,0,0,0,0,0,0,0,0,0,0,0,14,219
170,85,2966,2805,2748,2799,3213,2852,2873,2878,0,0,0,0,0,0,0,0,0,0,0,0,0,0,0,0,0,0,0,0,0,0,0,0,0,0,0,103,219
170,85,2952,2823,2750,2815,3204,2881,2868,2881,0,0,0,0,0,0,0,0,0,0,0,0,0,0,0,0,0,0,0,0,0,0,0,0,0,0,0,134,219
170,85,2950,2798,2756,2808,3208,2845,2865,2857,0,0,0,0,0,0,0,0,0,0,0,0,0,0,0,0,0,0,0,0,0,0,0,0,0,0,0,32,219
170,85,2964,2792,2762,2827,3207,2857,2864,2881,0,0,0,0,0,0,0,0,0,0,0,0,0,0,0,0,0,0,0,0,0,0,0,0,0,0,0,154,219
170,85,2965,2811,2745,2803,3197,2854,2877,2863,0,0,0,0,0,0,0,0,0,0,0,0,0,0,0,0,0,0,0,0,0,0,0,0,0,0,0,148,219
170,85,2950,2826,2758,2810,3213,2872,2851,2882,0,0,0,0,0,0,0,0,0,0,0,0,0,0,0,0,0,0,0,0,0,0,0,0,0,0,0,156,219
170,85,2980,2813,2738,2832,3208,2882,2878,2862,0,0,0,0,0,0,0,0,0,0,0,0,0,0,0,0,0,0,0,0,0,0,0,0,0,0,0,217,219
170,85,2951,2801,2759,2811,3203,2873,2860,2878,0,0,0,0,0,0,0,0,0,0,0,0,0,0,0,0,0,0,0,0,0,0,0,0,0,0,0,27,219
170,85,2953,2815,2760,2817,3213,2858,2870,2880,0,0,0,0,0,0,0,0,0,0,0,0,0,0,0,0,0,0,0,0,0,0,0,0,0,0,0,150,219
170,85,2958,2816,2768,2808,3218,2872,2869,2880,0,0,0,0,0,0,0,0,0,0,0,0,0,0,0,0,0,0,0,0,0,0,0,0,0,0,0,129,219
170,85,2966,2815,2762,2822,3222,2858,2881,2879,0,0,0,0,0,0,0,0,0,0,0,0,0,0,0,0,0,0,0,0,0,0,0,0,0,0,0,159,219
170,85,2966,2815,2739,2806,3220,2857,2871,2862,0,0,0,0,0,0,0,0,0,0,0,0,0,0,0,0,0,0,0,0,0,0,0,0,0,0,0,113,219
170,85,2953,2813,2759,2818,3220,2875,2869,2864,0,0,0,0,0,0,0,0,0,0,0,0,0,0,0,0,0,0,0,0,0,0,0,0,0,0,0,227,219
170,85,2965,2826,2746,2829,3226,2856,2870,2862,0,0,0,0,0,0,0,0,0,0,0,0,0,0,0,0,0,0,0,0,0,0,0,0,0,0,0,123,219
170,85,2980,2815,2762,2818,3221,2859,2869,2879,0,0,0,0,0,0,0,0,0,0,0,0,0,0,0,0,0,0,0,0,0,0,0,0,0,0,0,223,219
170,85,2966,2815,2741,2832,3219,2849,2870,2892,0,0,0,0,0,0,0,0,0,0,0,0,0,0,0,0,0,0,0,0,0,0,0,0,0,0,0,252,219
170,85,2975,2816,2764,2809,3212,2874,2871,2859,0,0,0,0,0,0,0,0,0,0,0,0,0,0,0,0,0,0,0,0,0,0,0,0,0,0,0,248,219
170,85,2966,2804,2748,2835,3213,2874,2858,2885,0,0,0,0,0,0,0,0,0,0,0,0,0,0,0,0,0,0,0,0,0,0,0,0,0,0,0,237,219
170,85,2983,2804,2755,2819,3214,2873,2872,2862,0,0,0,0,0,0,0,0,0,0,0,0,0,0,0,0,0,0,0,0,0,0,0,0,0,0,0,202,219
170,85,2981,2817,2760,2814,3214,2883,2882,2896,0,0,0,0,0,0,0,0,0,0,0,0,0,0,0,0,0,0,0,0,0,0,0,0,0,0,0,181,219
170,85,2981,2808,2748,2808,3209,2884,2855,2880,0,0,0,0,0,0,0,0,0,0,0,0,0,0,0,0,0,0,0,0,0,0,0,0,0,0,0,74,218
170,85,2952,2815,2744,2818,3220,2871,2850,2863,0,0,0,0,0,0,0,0,0,0,0,0,0,0,0,0,0,0,0,0,0,0,0,0,0,0,0,155,219
170,85,2982,2803,2762,2809,3204,2856,2853,2863,0,0,0,0,0,0,0,0,0,0,0,0,0,0,0,0,0,0,0,0,0,0,0,0,0,0,0,57,219
170,85,2951,2809,2741,2833,3210,2871,2869,2879,0,0,0,0,0,0,0,0,0,0,0,0,0,0,0,0,0,0,0,0,0,0,0,0,0,0,0,149,219
170,85,2976,2829,2749,2826,3219,2849,2872,2891,0,0,0,0,0,0,0,0,0,0,0,0,0,0,0,0,0,0,0,0,0,0,0,0,0,0,0,34,219
170,85,2965,2826,2747,2809,3206,2873,2850,2879,0,0,0,0,0,0,0,0,0,0,0,0,0,0,0,0,0,0,0,0,0,0,0,0,0,0,0,135,219
170,85,2958,2817,2771,2808,3190,2854,2882,2889,0,0,0,0,0,0,0,0,0,0,0,0,0,0,0,0,0,0,0,0,0,0,0,0,0,0,0,7,219
170,85,2965,2800,2749,2833,3218,2870,2867,2859,0,0,0,0,0,0,0,0,0,0,0,0,0,0,0,0,0,0,0,0,0,0,0,0,0,0,0,141,219
170,85,2971,2827,2759,2817,3211,2873,2849,2891,0,0,0,0,0,0,0,0,0,0,0,0,0,0,0,0,0,0,0,0,0,0,0,0,0,0,0,119,219
170,85,2980,2815,2739,2808,3211,2870,2852,2882,0,0,0,0,0,0,0,0,0,0,0,0,0,0,0,0,0,0,0,0,0,0,0,0,0,0,0,50,219
170,85,2959,2814,2738,2832,3220,2884,2870,2864,0,0,0,0,0,0,0,0,0,0,0,0,0,0,0,0,0,0,0,0,0,0,0,0,0,0,0,253,219
170,85,2965,2802,2748,2831,3191,2872,2865,2880,0,0,0,0,0,0,0,0,0,0,0,0,0,0,0,0,0,0,0,0,0,0,0,0,0,0,0,18,219
170,85,2966,2816,2739,2819,3210,2881,2888,2878,0,0,0,0,0,0,0,0,0,0,0,0,0,0,0,0,0,0,0,0,0,0,0,0,0,0,0,98,219
170,85,2966,2823,2743,2810,3192,2873,2843,2889,0,0,0,0,0,0,0,0,0,0,0,0,0,0,0,0,0,0,0,0,0,0,0,0,0,0,0,55,219
170,85,2976,2806,2749,2816,3216,2872,2872,2879,0,0,0,0,0,0,0,0,0,0,0,0,0,0,0,0,0,0,0,0,0,0,0,0,0,0,0,188,219
170,85,2945,2810,2752,2818,3209,2885,2870,2889,0,0,0,0,0,0,0,0,0,0,0,0,0,0,0,0,0,0,0,0,0,0,0,0,0,0,0,242,219
170,85,2975,2812,2739,2810,3219,2865,2886,2879,0,0,0,0,0,0,0,0,0,0,0,0,0,0,0,0,0,0,0,0,0,0,0,0,0,0,0,8,219
170,85,2957,2813,2762,2798,3221,2872,2859,2890,0,0,0,0,0,0,0,0,0,0,0,0,0,0,0,0,0,0,0,0,0,0,0,0,0,0,0,97,219
170,85,2957,2824,2750,2818,3210,2871,2864,2890,0,0,0,0,0,0,0,0,0,0,0,0,0,0,0,0,0,0,0,0,0,0,0,0,0,0,0,7,219
170,85,2963,2807,2738,2804,3217,2853,2877,2890,0,0,0,0,0,0,0,0,0,0,0,0,0,0,0,0,0,0,0,0,0,0,0,0,0,0,0,24,219
170,85,2975,2800,2746,2831,3218,2853,2867,2889,0,0,0,0,0,0,0,0,0,0,0,0,0,0,0,0,0,0,0,0,0,0,0,0,0,0,0,239,219
170,85,2966,2823,2759,2817,3221,2871,2870,2880,0,0,0,0,0,0,0,0,0,0,0,0,0,0,0,0,0,0,0,0,0,0,0,0,0,0,0,122,219
170,85,2965,2825,2736,2828,3215,2869,2860,2879,0,0,0,0,0,0,0,0,0,0,0,0,0,0,0,0,0,0,0,0,0,0,0,0,0,0,0,112,219
170,85,2956,2812,2723,2817,3195,2881,2869,2877,0,0,0,0,0,0,0,0,0,0,0,0,0,0,0,0,0,0,0,0,0,0,0,0,0,0,0,24,219
170,85,2964,2805,2737,2816,3201,2870,2850,2873,0,0,0,0,0,0,0,0,0,0,0,0,0,0,0,0,0,0,0,0,0,0,0,0,0,0,0,132,219
170,85,2976,2811,2736,2828,3217,2866,2888,2874,0,0,0,0,0,0,0,0,0,0,0,0,0,0,0,0,0,0,0,0,0,0,0,0,0,0,0,206,219
170,85,2952,2797,2743,2806,3208,2875,2868,2874,0,0,0,0,0,0,0,0,0,0,0,0,0,0,0,0,0,0,0,0,0,0,0,0,0,0,0,96,219
170,85,2971,2810,2758,2806,3204,2869,2876,2872,0,0,0,0,0,0,0,0,0,0,0,0,0,0,0,0,0,0,0,0,0,0,0,0,0,0,0,29,219
170,85,2964,2805,2740,2812,3204,2869,2868,2885,0,0,0,0,0,0,0,0,0,0,0,0,0,0,0,0,0,0,0,0,0,0,0,0,0,0,0,16,219
170,85,2986,2797,2744,2810,3207,2877,2857,2882,0,0,0,0,0,0,0,0,0,0,0,0,0,0,0,0,0,0,0,0,0,0,0,0,0,0,0,45,219
170,85,2977,2788,2746,2805,3212,2870,2867,2899,0,0,0,0,0,0,0,0,0,0,0,0,0,0,0,0,0,0,0,0,0,0,0,0,0,0,0,41,219
170,85,2958,2797,2734,2814,3206,2875,2854,2873,0,0,0,0,0,0,0,0,0,0,0,0,0,0,0,0,0,0,0,0,0,0,0,0,0,0,0,104,219
170,85,2981,2810,2748,2828,3205,2871,2864,2874,0,0,0,0,0,0,0,0,0,0,0,0,0,0,0,0,0,0,0,0,0,0,0,0,0,0,0,175,219
170,85,2957,2802,2732,2819,3222,2882,2851,2878,0,0,0,0,0,0,0,0,0,0,0,0,0,0,0,0,0,0,0,0,0,0,0,0,0,0,0,225,219
170,85,2970,2812,2735,2821,3213,2872,2859,2890,0,0,0,0,0,0,0,0,0,0,0,0,0,0,0,0,0,0,0,0,0,0,0,0,0,0,0,224,219
170,85,2963,2826,2749,2802,3218,2873,2851,2885,0,0,0,0,0,0,0,0,0,0,0,0,0,0,0,0,0,0,0,0,0,0,0,0,0,0,0,227,219
170,85,2979,2827,2738,2818,3190,2871,2872,2879,0,0,0,0,0,0,0,0,0,0,0,0,0,0,0,0,0,0,0,0,0,0,0,0,0,0,0,167,219
170,85,2970,2825,2725,2829,3219,2874,2867,2882,0,0,0,0,0,0,0,0,0,0,0,0,0,0,0,0,0,0,0,0,0,0,0,0,0,0,0,26,219
170,85,2975,2811,2758,2812,3221,2872,2867,2880,0,0,0,0,0,0,0,0,0,0,0,0,0,0,0,0,0,0,0,0,0,0,0,0,0,0,0,121,218
170,85,2993,2796,2745,2806,3203,2872,2837,2882,0,0,0,0,0,0,0,0,0,0,0,0,0,0,0,0,0,0,0,0,0,0,0,0,0,0,0,7,218
170,85,2972,2820,2748,2812,3212,2870,2838,2879,0,0,0,0,0,0,0,0,0,0,0,0,0,0,0,0,0,0,0,0,0,0,0,0,0,0,0,179,218
170,85,2965,2809,2735,2825,3202,2851,2865,2855,0,0,0,0,0,0,0,0,0,0,0,0,0,0,0,0,0,0,0,0,0,0,0,0,0,0,0,133,218
170,85,2974,2797,2747,2813,3206,2854,2860,2875,0,0,0,0,0,0,0,0,0,0,0,0,0,0,0,0,0,0,0,0,0,0,0,0,0,0,0,123,218
170,85,2958,2824,2732,2815,3211,2871,2837,2881,0,0,0,0,0,0,0,0,0,0,0,0,0,0,0,0,0,0,0,0,0,0,0,0,0,0,0,197,218
170,85,2970,2818,2731,2800,3212,2853,2862,2850,0,0,0,0,0,0,0,0,0,0,0,0,0,0,0,0,0,0,0,0,0,0,0,0,0,0,0,158,218
170,85,2987,2801,2743,2821,3195,2852,2860,2854,0,0,0,0,0,0,0,0,0,0,0,0,0,0,0,0,0,0,0,0,0,0,0,0,0,0,0,69,218
170,85,2959,2820,2736,2823,3221,2869,2854,2872,0,0,0,0,0,0,0,0,0,0,0,0,0,0,0,0,0,0,0,0,0,0,0,0,0,0,0,123,218
170,85,2977,2801,2731,2811,3216,2868,2836,2854,0,0,0,0,0,0,0,0,0,0,0,0,0,0,0,0,0,0,0,0,0,0,0,0,0,0,0,111,218
170,85,2962,2819,2735,2808,3243,2872,2858,2868,0,0,0,0,0,0,0,0,0,0,0,0,0,0,0,0,0,0,0,0,0,0,0,0,0,0,0,179,218
170,85,2970,2819,2729,2808,3233,2865,2855,2868,0,0,0,0,0,0,0,0,0,0,0,0,0,0,0,0,0,0,0,0,0,0,0,0,0,0,0,179,218
170,85,2969,2799,2727,2819,3242,2856,2854,2866,0,0,0,0,0,0,0,0,0,0,0,0,0,0,0,0,0,0,0,0,0,0,0,0,0,0,0,188,218
170,85,2971,2818,2728,2804,3229,2845,2856,2881,0,0,0,0,0,0,0,0,0,0,0,0,0,0,0,0,0,0,0,0,0,0,0,0,0,0,0,212,218
170,85,2963,2807,2729,2809,3224,2847,2869,2864,0,0,0,0,0,0,0,0,0,0,0,0,0,0,0,0,0,0,0,0,0,0,0,0,0,0,0,79,218
170,85,2969,2796,2732,2801,3198,2843,2834,2855,0,0,0,0,0,0,0,0,0,0,0,0,0,0,0,0,0,0,0,0,0,0,0,0,0,0,0,129,218
170,85,2970,2806,2744,2809,3205,2857,2851,2878,0,0,0,0,0,0,0,0,0,0,0,0,0,0,0,0,0,0,0,0,0,0,0,0,0,0,0,101,218
170,85,2965,2803,2731,2811,3208,2850,2861,2888,0,0,0,0,0,0,0,0,0,0,0,0,0,0,0,0,0,0,0,0,0,0,0,0,0,0,0,0,218
170,85,2950,2800,2740,2812,3204,2851,2853,2854,0,0,0,0,0,0,0,0,0,0,0,0,0,0,0,0,0,0,0,0,0,0,0,0,0,0,0,99,218
170,85,2975,2797,2734,2800,3206,2868,2874,2873,0,0,0,0,0,0,0,0,0,0,0,0,0,0,0,0,0,0,0,0,0,0,0,0,0,0,0,100,218
170,85,2973,2792,2747,2817,3225,2872,2866,2879,0,0,0,0,0,0,0,0,0,0,0,0,0,0,0,0,0,0,0,0,0,0,0,0,0,0,0,155,218
170,85,2968,2814,2759,2831,3203,2882,2867,2890,0,0,0,0,0,0,0,0,0,0,0,0,0,0,0,0,0,0,0,0,0,0,0,0,0,0,0,238,218
170,85,2966,2812,2749,2818,3206,2870,2856,2878,0,0,0,0,0,0,0,0,0,0,0,0,0,0,0,0,0,0,0,0,0,0,0,0,0,0,0,139,218
170,85,2959,2800,2750,2817,3216,2883,2858,2889,0,0,0,0,0,0,0,0,0,0,0,0,0,0,0,0,0,0,0,0,0,0,0,0,0,0,0,136,218
170,85,2966,2813,2749,2830,3207,2855,2868,2888,0,0,0,0,0,0,0,0,0,0,0,0,0,0,0,0,0,0,0,0,0,0,0,0,0,0,0,252,218
170,85,2944,2826,2731,2818,3209,2872,2879,2878,0,0,0,0,0,0,0,0,0,0,0,0,0,0,0,0,0,0,0,0,0,0,0,0,0,0,0,106,218
170,85,2980,2800,2760,2819,3189,2872,2853,2859,0,0,0,0,0,0,0,0,0,0,0,0,0,0,0,0,0,0,0,0,0,0,0,0,0,0,0,36,218
170,85,2946,2807,2758,2832,3207,2872,2878,2880,0,0,0,0,0,0,0,0,0,0,0,0,0,0,0,0,0,0,0,0,0,0,0,0,0,0,0,154,218
170,85,2965,2805,2739,2818,3216,2882,2867,2862,0,0,0,0,0,0,0,0,0,0,0,0,0,0,0,0,0,0,0,0,0,0,0,0,0,0,0,230,218
170,85,2980,2802,2771,2819,3204,2855,2879,2869,0,0,0,0,0,0,0,0,0,0,0,0,0,0,0,0,0,0,0,0,0,0,0,0,0,0,0,215,218
170,85,2957,2804,2736,2805,3217,2873,2851,2885,0,0,0,0,0,0,0,0,0,0,0,0,0,0,0,0,0,0,0,0,0,0,0,0,0,0,0,11,219
170,85,2968,2803,2728,2806,3208,2872,2869,2861,0,0,0,0,0,0,0,0,0,0,0,0,0,0,0,0,0,0,0,0,0,0,0,0,0,0,0,100,219
170,85,2979,2802,2759,2818,3187,2871,2846,2861,0,0,0,0,0,0,0,0,0,0,0,0,0,0,0,0,0,0,0,0,0,0,0,0,0,0,0,27,219
170,85,2979,2800,2740,2830,3216,2856,2865,2874,0,0,0,0,0,0,0,0,0,0,0,0,0,0,0,0,0,0,0,0,0,0,0,0,0,0,0,162,218
170,85,2952,2815,2737,2818,3208,2855,2868,2890,0,0,0,0,0,0,0,0,0,0,0,0,0,0,0,0,0,0,0,0,0,0,0,0,0,0,0,237,219
170,85,2952,2814,2740,2816,3187,2870,2847,2860,0,0,0,0,0,0,0,0,0,0,0,0,0,0,0,0,0,0,0,0,0,0,0,0,0,0,0,76,218
170,85,2951,2803,2759,2818,3214,2857,2838,2877,0,0,0,0,0,0,0,0,0,0,0,0,0,0,0,0,0,0,0,0,0,0,0,0,0,0,0,197,218
170,85,2971,2807,2740,2806,3203,2871,2839,2877,0,0,0,0,0,0,0,0,0,0,0,0,0,0,0,0,0,0,0,0,0,0,0,0,0,0,0,73,219
170,85,2966,2824,2759,2826,3186,2869,2839,2868,0,0,0,0,0,0,0,0,0,0,0,0,0,0,0,0,0,0,0,0,0,0,0,0,0,0,0,206,219
170,85,2980,2811,2733,2813,3213,2851,2864,2872,0,0,0,0,0,0,0,0,0,0,0,0,0,0,0,0,0,0,0,0,0,0,0,0,0,0,0,80,218
170,85,2975,2818,2748,2813,3202,2880,2871,2874,0,0,0,0,0,0,0,0,0,0,0,0,0,0,0,0,0,0,0,0,0,0,0,0,0,0,0,235,218
170,85,2963,2820,2740,2810,3206,2869,2848,2855,0,0,0,0,0,0,0,0,0,0,0,0,0,0,0,0,0,0,0,0,0,0,0,0,0,0,0,149,218
170,85,2975,2822,2746,2825,3224,2854,2854,2879,0,0,0,0,0,0,0,0,0,0,0,0,0,0,0,0,0,0,0,0,0,0,0,0,0,0,0,116,218
170,85,2972,2796,2745,2809,3196,2861,2846,2873,0,0,0,0,0,0,0,0,0,0,0,0,0,0,0,0,0,0,0,0,0,0,0,0,0,0,0,191,218
170,85,2963,2790,2730,2820,3206,2864,2831,2874,0,0,0,0,0,0,0,0,0,0,0,0,0,0,0,0,0,0,0,0,0,0,0,0,0,0,0,160,218
170,85,2971,2784,2728,2808,3214,2851,2855,2861,0,0,0,0,0,0,0,0,0,0,0,0,0,0,0,0,0,0,0,0,0,0,0,0,0,0,0,117,218
170,85,2986,2782,2720,2809,3194,2846,2860,2855,0,0,0,0,0,0,0,0,0,0,0,0,0,0,0,0,0,0,0,0,0,0,0,0,0,0,0,187,218
170,85,2987,2798,2738,2806,3210,2855,2833,2876,0,0,0,0,0,0,0,0,0,0,0,0,0,0,0,0,0,0,0,0,0,0,0,0,0,0,0,120,218
170,85,2970,2807,2729,2823,3206,2861,2834,2869,0,0,0,0,0,0,0,0,0,0,0,0,0,0,0,0,0,0,0,0,0,0,0,0,0,0,0,183,218
170,85,2976,2796,2732,2809,3207,2870,2845,2872,0,0,0,0,0,0,0,0,0,0,0,0,0,0,0,0,0,0,0,0,0,0,0,0,0,0,0,116,219
170,85,2970,2801,2745,2798,3192,2866,2854,2853,0,0,0,0,0,0,0,0,0,0,0,0,0,0,0,0,0,0,0,0,0,0,0,0,0,0,0,140,219
170,85,2973,2823,2737,2801,3188,2855,2867,2863,0,0,0,0,0,0,0,0,0,0,0,0,0,0,0,0,0,0,0,0,0,0,0,0,0,0,0,109,219
170,85,2972,2815,2740,2819,3209,2870,2867,2882,0,0,0,0,0,0,0,0,0,0,0,0,0,0,0,0,0,0,0,0,0,0,0,0,0,0,0,226,219
170,85,2974,2787,2740,2803,3187,2875,2850,2873,0,0,0,0,0,0,0,0,0,0,0,0,0,0,0,0,0,0,0,0,0,0,0,0,0,0,0,144,219
170,85,2975,2804,2739,2812,3204,2874,2833,2871,0,0,0,0,0,0,0,0,0,0,0,0,0,0,0,0,0,0,0,0,0,0,0,0,0,0,0,69,219
170,85,2970,2796,2741,2807,3214,2874,2857,2863,0,0,0,0,0,0,0,0,0,0,0,0,0,0,0,0,0,0,0,0,0,0,0,0,0,0,0,127,219
170,85,2964,2801,2742,2816,3211,2870,2861,2876,0,0,0,0,0,0,0,0,0,0,0,0,0,0,0,0,0,0,0,0,0,0,0,0,0,0,0,135,219
170,85,2963,2824,2752,2818,3207,2880,2838,2858,0,0,0,0,0,0,0,0,0,0,0,0,0,0,0,0,0,0,0,0,0,0,0,0,0,0,0,91,219
170,85,2943,2790,2728,2829,3215,2884,2852,2883,0,0,0,0,0,0,0,0,0,0,0,0,0,0,0,0,0,0,0,0,0,0,0,0,0,0,0,104,219
170,85,2985,2800,2752,2826,3218,2856,2867,2872,0,0,0,0,0,0,0,0,0,0,0,0,0,0,0,0,0,0,0,0,0,0,0,0,0,0,0,218,219
170,85,2958,2803,2735,2802,3204,2848,2853,2855,0,0,0,0,0,0,0,0,0,0,0,0,0,0,0,0,0,0,0,0,0,0,0,0,0,0,0,127,219
170,85,2948,2817,2728,2816,3209,2855,2852,2880,0,0,0,0,0,0,0,0,0,0,0,0,0,0,0,0,0,0,0,0,0,0,0,0,0,0,0,30,218
170,85,2962,2830,2752,2817,3216,2873,2852,2896,0,0,0,0,0,0,0,0,0,0,0,0,0,0,0,0,0,0,0,0,0,0,0,0,0,0,0,121,218
170,85,2955,2797,2772,2819,3201,2877,2880,2865,0,0,0,0,0,0,0,0,0,0,0,0,0,0,0,0,0,0,0,0,0,0,0,0,0,0,0,132,218
170,85,2978,2830,2748,2829,3200,2885,2867,2894,0,0,0,0,0,0,0,0,0,0,0,0,0,0,0,0,0,0,0,0,0,0,0,0,0,0,0,92,218
170,85,2955,2826,2764,2819,3212,2883,2880,2876,0,0,0,0,0,0,0,0,0,0,0,0,0,0,0,0,0,0,0,0,0,0,0,0,0,0,0,4,218
170,85,2952,2829,2724,2824,3189,2847,2867,2891,0,0,0,0,0,0,0,0,0,0,0,0,0,0,0,0,0,0,0,0,0,0,0,0,0,0,0,194,218
170,85,2974,2800,2749,2817,3188,2882,2866,2862,0,0,0,0,0,0,0,0,0,0,0,0,0,0,0,0,0,0,0,0,0,0,0,0,0,0,0,0,218
170,85,2957,2802,2770,2805,3201,2869,2867,2874,0,0,0,0,0,0,0,0,0,0,0,0,0,0,0,0,0,0,0,0,0,0,0,0,0,0,0,28,218
170,85,2959,2826,2735,2829,3186,2853,2874,2867,0,0,0,0,0,0,0,0,0,0,0,0,0,0,0,0,0,0,0,0,0,0,0,0,0,0,0,128,218
170,85,2956,2801,2735,2804,3206,2856,2851,2869,0,0,0,0,0,0,0,0,0,0,0,0,0,0,0,0,0,0,0,0,0,0,0,0,0,0,0,103,218
170,85,2962,2824,2730,2831,3214,2856,2867,2858,0,0,0,0,0,0,0,0,0,0,0,0,0,0,0,0,0,0,0,0,0,0,0,0,0,0,0,121,218
170,85,2964,2791,2736,2818,3215,2881,2877,2879,0,0,0,0,0,0,0,0,0,0,0,0,0,0,0,0,0,0,0,0,0,0,0,0,0,0,0,245,218
170,85,2960,2806,2742,2817,3206,2871,2875,2864,0,0,0,0,0,0,0,0,0,0,0,0,0,0,0,0,0,0,0,0,0,0,0,0,0,0,0,147,218
170,85,2960,2813,2753,2832,3203,2882,2872,2878,0,0,0,0,0,0,0,0,0,0,0,0,0,0,0,0,0,0,0,0,0,0,0,0,0,0,0,131,218
170,85,2968,2825,2750,2829,3211,2863,2861,2881,0,0,0,0,0,0,0,0,0,0,0,0,0,0,0,0,0,0,0,0,0,0,0,0,0,0,0,19,218
170,85,2975,2799,2751,2809,3208,2871,2840,2859,0,0,0,0,0,0,0,0,0,0,0,0,0,0,0,0,0,0,0,0,0,0,0,0,0,0,0,67,218
170,85,2960,2829,2752,2814,3208,2858,2878,2880,0,0,0,0,0,0,0,0,0,0,0,0,0,0,0,0,0,0,0,0,0,0,0,0,0,0,0,135,218
170,85,2966,2817,2754,2837,3208,2873,2853,2882,0,0,0,0,0,0,0,0,0,0,0,0,0,0,0,0,0,0,0,0,0,0,0,0,0,0,0,111,218
170,85,2959,2826,2763,2834,3208,2857,2855,2881,0,0,0,0,0,0,0,0,0,0,0,0,0,0,0,0,0,0,0,0,0,0,0,0,0,0,0,98,218
170,85,2953,2797,2746,2819,3207,2886,2852,2877,0,0,0,0,0,0,0,0,0,0,0,0,0,0,0,0,0,0,0,0,0,0,0,0,0,0,0,253,218
170,85,2953,2817,2736,2838,3202,2873,2853,2886,0,0,0,0,0,0,0,0,0,0,0,0,0,0,0,0,0,0,0,0,0,0,0,0,0,0,0,15,217
170,85,2953,2831,2768,2815,3202,2859,2877,2897,0,0,0,0,0,0,0,0,0,0,0,0,0,0,0,0,0,0,0,0,0,0,0,0,0,0,0,148,217
170,85,2965,2817,2762,2811,3211,2860,2866,2869,0,0,0,0,0,0,0,0,0,0,0,0,0,0,0,0,0,0,0,0,0,0,0,0,0,0,0,253,218
170,85,2970,2804,2772,2834,3202,2886,2881,2869,0,0,0,0,0,0,0,0,0,0,0,0,0,0,0,0,0,0,0,0,0,0,0,0,0,0,0,224,218
170,85,2972,2831,2752,2839,3181,2876,2879,2908,0,0,0,0,0,0,0,0,0,0,0,0,0,0,0,0,0,0,0,0,0,0,0,0,0,0,0,143,218
170,85,2971,2804,2748,2828,3198,2886,2869,2869,0,0,0,0,0,0,0,0,0,0,0,0,0,0,0,0,0,0,0,0,0,0,0,0,0,0,0,31,218
170,85,2959,2806,2750,2838,3198,2855,2870,2879,0,0,0,0,0,0,0,0,0,0,0,0,0,0,0,0,0,0,0,0,0,0,0,0,0,0,0,121,218
170,85,2953,2827,2761,2826,3197,2872,2879,2903,0,0,0,0,0,0,0,0,0,0,0,0,0,0,0,0,0,0,0,0,0,0,0,0,0,0,0,149,218
170,85,2968,2805,2748,2807,3201,2858,2869,2867,0,0,0,0,0,0,0,0,0,0,0,0,0,0,0,0,0,0,0,0,0,0,0,0,0,0,0,114,218
170,85,2982,2802,2750,2808,3200,2855,2872,2897,0,0,0,0,0,0,0,0,0,0,0,0,0,0,0,0,0,0,0,0,0,0,0,0,0,0,0,37,218
170,85,2965,2805,2746,2811,3182,2874,2870,2898,0,0,0,0,0,0,0,0,0,0,0,0,0,0,0,0,0,0,0,0,0,0,0,0,0,0,0,232,218
170,85,2966,2815,2750,2820,3200,2872,2868,2893,0,0,0,0,0,0,0,0,0,0,0,0,0,0,0,0,0,0,0,0,0,0,0,0,0,0,0,234,218
170,85,2971,2797,2760,2831,3201,2875,2878,2881,0,0,0,0,0,0,0,0,0,0,0,0,0,0,0,0,0,0,0,0,0,0,0,0,0,0,0,140,218
170,85,2952,2813,2741,2806,3196,2881,2861,2880,0,0,0,0,0,0,0,0,0,0,0,0,0,0,0,0,0,0,0,0,0,0,0,0,0,0,0,159,218
170,85,2961,2809,2749,2821,3200,2873,2859,2861,0,0,0,0,0,0,0,0,0,0,0,0,0,0,0,0,0,0,0,0,0,0,0,0,0,0,0,151,218
170,85,2960,2830,2752,2819,3196,2873,2878,2891,0,0,0,0,0,0,0,0,0,0,0,0,0,0,0,0,0,0,0,0,0,0,0,0,0,0,0,148,219
170,85,2977,2803,2747,2833,3179,2883,2880,2870,0,0,0,0,0,0,0,0,0,0,0,0,0,0,0,0,0,0,0,0,0,0,0,0,0,0,0,94,218
170,85,2953,2804,2747,2806,3202,2872,2866,2861,0,0,0,0,0,0,0,0,0,0,0,0,0,0,0,0,0,0,0,0,0,0,0,0,0,0,0,108,218
170,85,2952,2816,2760,2818,3206,2871,2855,2857,0,0,0,0,0,0,0,0,0,0,0,0,0,0,0,0,0,0,0,0,0,0,0,0,0,0,0,4,218
170,85,2971,2816,2771,2825,3183,2873,2867,2895,0,0,0,0,0,0,0,0,0,0,0,0,0,0,0,0,0,0,0,0,0,0,0,0,0,0,0,146,218
170,85,2955,2805,2746,2825,3169,2866,2880,2895,0,0,0,0,0,0,0,0,0,0,0,0,0,0,0,0,0,0,0,0,0,0,0,0,0,0,0,105,218
170,85,2980,2815,2738,2827,3194,2859,2869,2887,0,0,0,0,0,0,0,0,0,0,0,0,0,0,0,0,0,0,0,0,0,0,0,0,0,0,0,57,218
170,85,2952,2804,2762,2825,3195,2875,2871,2868,0,0,0,0,0,0,0,0,0,0,0,0,0,0,0,0,0,0,0,0,0,0,0,0,0,0,0,4,218
170,85,2968,2801,2751,2833,3165,2882,2867,2885,0,0,0,0,0,0,0,0,0,0,0,0,0,0,0,0,0,0,0,0,0,0,0,0,0,0,0,86,218
170,85,2964,2815,2728,2825,3208,2869,2866,2887,0,0,0,0,0,0,0,0,0,0,0,0,0,0,0,0,0,0,0,0,0,0,0,0,0,0,0,250,218
170,85,2980,2809,2758,2806,3178,2871,2866,2887,0,0,0,0,0,0,0,0,0,0,0,0,0,0,0,0,0,0,0,0,0,0,0,0,0,0,0,188,218
170,85,2966,2802,2760,2819,3199,2864,2867,2880,0,0,0,0,0,0,0,0,0,0,0,0,0,0,0,0,0,0,0,0,0,0,0,0,0,0,0,107,218
170,85,2971,2815,2741,2809,3192,2856,2852,2878,0,0,0,0,0,0,0,0,0,0,0,0,0,0,0,0,0,0,0,0,0,0,0,0,0,0,0,155,218
170,85,2954,2802,2767,2831,3206,2854,2850,2877,0,0,0,0,0,0,0,0,0,0,0,0,0,0,0,0,0,0,0,0,0,0,0,0,0,0,0,255,218
170,85,2952,2829,2762,2822,3198,2872,2869,2891,0,0,0,0,0,0,0,0,0,0,0,0,0,0,0,0,0,0,0,0,0,0,0,0,0,0,0,136,218
170,85,2960,2829,2751,2821,3199,2883,2866,2890,0,0,0,0,0,0,0,0,0,0,0,0,0,0,0,0,0,0,0,0,0,0,0,0,0,0,0,154,218
170,85,2958,2809,2739,2820,3196,2857,2877,2879,0,0,0,0,0,0,0,0,0,0,0,0,0,0,0,0,0,0,0,0,0,0,0,0,0,0,0,111,218
170,85,2965,2815,2762,2818,3200,2856,2848,2885,0,0,0,0,0,0,0,0,0,0,0,0,0,0,0,0,0,0,0,0,0,0,0,0,0,0,0,151,218
170,85,2972,2804,2746,2809,3207,2854,2866,2880,0,0,0,0,0,0,0,0,0,0,0,0,0,0,0,0,0,0,0,0,0,0,0,0,0,0,0,1,218
170,85,2972,2816,2741,2835,3204,2873,2869,2867,0,0,0,0,0,0,0,0,0,0,0,0,0,0,0,0,0,0,0,0,0,0,0,0,0,0,0,120,218
170,85,2982,2817,2772,2819,3200,2872,2880,2862,0,0,0,0,0,0,0,0,0,0,0,0,0,0,0,0,0,0,0,0,0,0,0,0,0,0,0,95,218
170,85,2953,2802,2751,2838,3209,2886,2869,2895,0,0,0,0,0,0,0,0,0,0,0,0,0,0,0,0,0,0,0,0,0,0,0,0,0,0,0,159,218
170,85,2980,2818,2750,2820,3207,2872,2867,2888,0,0,0,0,0,0,0,0,0,0,0,0,0,0,0,0,0,0,0,0,0,0,0,0,0,0,0,33,218
170,85,2953,2804,2747,2824,3197,2873,2881,2870,0,0,0,0,0,0,0,0,0,0,0,0,0,0,0,0,0,0,0,0,0,0,0,0,0,0,0,5,218
170,85,2953,2811,2759,2808,3196,2872,2868,2885,0,0,0,0,0,0,0,0,0,0,0,0,0,0,0,0,0,0,0,0,0,0,0,0,0,0,0,129,218
170,85,2971,2816,2760,2828,3179,2872,2869,2897,0,0,0,0,0,0,0,0,0,0,0,0,0,0,0,0,0,0,0,0,0,0,0,0,0,0,0,145,218
170,85,2954,2819,2738,2826,3188,2873,2857,2892,0,0,0,0,0,0,0,0,0,0,0,0,0,0,0,0,0,0,0,0,0,0,0,0,0,0,0,224,218
170,85,2982,2817,2762,2834,3192,2873,2853,2900,0,0,0,0,0,0,0,0,0,0,0,0,0,0,0,0,0,0,0,0,0,0,0,0,0,0,0,182,217
170,85,2959,2804,2748,2825,3195,2878,2866,2884,0,0,0,0,0,0,0,0,0,0,0,0,0,0,0,0,0,0,0,0,0,0,0,0,0,0,0,5,218
170,85,2972,2816,2736,2820,3201,2847,2868,2887,0,0,0,0,0,0,0,0,0,0,0,0,0,0,0,0,0,0,0,0,0,0,0,0,0,0,0,60,218
170,85,2951,2804,2761,2821,3194,2872,2850,2860,0,0,0,0,0,0,0,0,0,0,0,0,0,0,0,0,0,0,0,0,0,0,0,0,0,0,0,11,217
170,85,2952,2802,2756,2807,3198,2857,2877,2877,0,0,0,0,0,0,0,0,0,0,0,0,0,0,0,0,0,0,0,0,0,0,0,0,0,0,0,231,218
170,85,2982,2814,2760,2820,3194,2885,2868,2879,0,0,0,0,0,0,0,0,0,0,0,0,0,0,0,0,0,0,0,0,0,0,0,0,0,0,0,88,217
170,85,2966,2815,2727,2801,3207,2884,2868,2884,0,0,0,0,0,0,0,0,0,0,0,0,0,0,0,0,0,0,0,0,0,0,0,0,0,0,0,117,217
170,85,2966,2816,2742,2807,3199,2872,2849,2876,0,0,0,0,0,0,0,0,0,0,0,0,0,0,0,0,0,0,0,0,0,0,0,0,0,0,0,117,217
170,85,2982,2829,2738,2820,3182,2872,2866,2896,0,0,0,0,0,0,0,0,0,0,0,0,0,0,0,0,0,0,0,0,0,0,0,0,0,0,0,208,217
170,85,2951,2798,2748,2838,3158,2849,2864,2883,0,0,0,0,0,0,0,0,0,0,0,0,0,0,0,0,0,0,0,0,0,0,0,0,0,0,0,63,217
170,85,2971,2834,2747,2838,3172,2858,2849,2896,0,0,0,0,0,0,0,0,0,0,0,0,0,0,0,0,0,0,0,0,0,0,0,0,0,0,0,226,217
170,85,2959,2824,2761,2807,3184,2872,2879,2862,0,0,0,0,0,0,0,0,0,0,0,0,0,0,0,0,0,0,0,0,0,0,0,0,0,0,0,24,217
170,85,2972,2828,2765,2811,3158,2870,2850,2868,0,0,0,0,0,0,0,0,0,0,0,0,0,0,0,0,0,0,0,0,0,0,0,0,0,0,0,40,217
170,85,2971,2829,2762,2812,3155,2875,2868,2883,0,0,0,0,0,0,0,0,0,0,0,0,0,0,0,0,0,0,0,0,0,0,0,0,0,0,0,71,217
170,85,2954,2818,2774,2828,3197,2857,2850,2897,0,0,0,0,0,0,0,0,0,0,0,0,0,0,0,0,0,0,0,0,0,0,0,0,0,0,0,140,217
170,85,2959,2819,2750,2836,3172,2867,2867,2863,0,0,0,0,0,0,0,0,0,0,0,0,0,0,0,0,0,0,0,0,0,0,0,0,0,0,0,148,216
170,85,2981,2816,2747,2828,3177,2857,2869,2899,0,0,0,0,0,0,0,0,0,0,0,0,0,0,0,0,0,0,0,0,0,0,0,0,0,0,0,205,215
170,85,2970,2808,2751,2822,3180,2873,2865,2886,0,0,0,0,0,0,0,0,0,0,0,0,0,0,0,0,0,0,0,0,0,0,0,0,0,0,0,1,215
170,85,2961,2815,2746,2838,3198,2874,2850,2891,0,0,0,0,0,0,0,0,0,0,0,0,0,0,0,0,0,0,0,0,0,0,0,0,0,0,0,23,215
170,85,2966,2804,2763,2808,3174,2872,2856,2899,0,0,0,0,0,0,0,0,0,0,0,0,0,0,0,0,0,0,0,0,0,0,0,0,0,0,0,141,215
170,85,2971,2806,2763,2825,3187,2861,2868,2886,0,0,0,0,0,0,0,0,0,0,0,0,0,0,0,0,0,0,0,0,0,0,0,0,0,0,0,123,214
170,85,2966,2804,2765,2836,3171,2874,2872,2888,0,0,0,0,0,0,0,0,0,0,0,0,0,0,0,0,0,0,0,0,0,0,0,0,0,0,0,106,214
170,85,2973,2819,2770,2824,3181,2859,2854,2892,0,0,0,0,0,0,0,0,0,0,0,0,0,0,0,0,0,0,0,0,0,0,0,0,0,0,0,145,214
170,85,2954,2807,2751,2812,3174,2889,2870,2886,0,0,0,0,0,0,0,0,0,0,0,0,0,0,0,0,0,0,0,0,0,0,0,0,0,0,0,152,214
170,85,2954,2806,2777,2823,3168,2876,2873,2892,0,0,0,0,0,0,0,0,0,0,0,0,0,0,0,0,0,0,0,0,0,0,0,0,0,0,0,115,214
170,85,2958,2817,2753,2824,3165,2887,2875,2890,0,0,0,0,0,0,0,0,0,0,0,0,0,0,0,0,0,0,0,0,0,0,0,0,0,0,0,212,214
170,85,2983,2826,2752,2825,3144,2876,2856,2871,0,0,0,0,0,0,0,0,0,0,0,0,0,0,0,0,0,0,0,0,0,0,0,0,0,0,0,246,214
170,85,2973,2839,2766,2838,3160,2877,2874,2898,0,0,0,0,0,0,0,0,0,0,0,0,0,0,0,0,0,0,0,0,0,0,0,0,0,0,0,166,213
170,85,2951,2813,2766,2843,3164,2860,2875,2897,0,0,0,0,0,0,0,0,0,0,0,0,0,0,0,0,0,0,0,0,0,0,0,0,0,0,0,77,213
170,85,2970,2821,2766,2814,3165,2873,2871,2890,0,0,0,0,0,0,0,0,0,0,0,0,0,0,0,0,0,0,0,0,0,0,0,0,0,0,0,78,214
170,85,2943,2819,2751,2841,3179,2868,2870,2870,0,0,0,0,0,0,0,0,0,0,0,0,0,0,0,0,0,0,0,0,0,0,0,0,0,0,0,124,214
170,85,2950,2808,2769,2823,3170,2875,2872,2869,0,0,0,0,0,0,0,0,0,0,0,0,0,0,0,0,0,0,0,0,0,0,0,0,0,0,0,4,214
170,85,2970,2805,2739,2830,3167,2877,2854,2889,0,0,0,0,0,0,0,0,0,0,0,0,0,0,0,0,0,0,0,0,0,0,0,0,0,0,0,39,214
170,85,2962,2817,2751,2811,3151,2875,2871,2899,0,0,0,0,0,0,0,0,0,0,0,0,0,0,0,0,0,0,0,0,0,0,0,0,0,0,0,63,215
170,85,2949,2819,2753,2841,3189,2875,2874,2889,0,0,0,0,0,0,0,0,0,0,0,0,0,0,0,0,0,0,0,0,0,0,0,0,0,0,0,154,216
170,85,2978,2818,2753,2815,3174,2858,2871,2898,0,0,0,0,0,0,0,0,0,0,0,0,0,0,0,0,0,0,0,0,0,0,0,0,0,0,0,79,216
170,85,2953,2807,2754,2831,3155,2887,2860,2898,0,0,0,0,0,0,0,0,0,0,0,0,0,0,0,0,0,0,0,0,0,0,0,0,0,0,0,33,216
170,85,2970,2809,2751,2830,3172,2861,2854,2878,0,0,0,0,0,0,0,0,0,0,0,0,0,0,0,0,0,0,0,0,0,0,0,0,0,0,0,123,215
170,85,2979,2831,2753,2831,3172,2876,2875,2889,0,0,0,0,0,0,0,0,0,0,0,0,0,0,0,0,0,0,0,0,0,0,0,0,0,0,0,177,216
170,85,2964,2837,2772,2814,3183,2857,2851,2885,0,0,0,0,0,0,0,0,0,0,0,0,0,0,0,0,0,0,0,0,0,0,0,0,0,0,0,115,217
170,85,2968,2821,2753,2831,3175,2888,2868,2887,0,0,0,0,0,0,0,0,0,0,0,0,0,0,0,0,0,0,0,0,0,0,0,0,0,0,0,246,216
170,85,2973,2818,2755,2830,3175,2861,2854,2889,0,0,0,0,0,0,0,0,0,0,0,0,0,0,0,0,0,0,0,0,0,0,0,0,0,0,0,142,216
170,85,2958,2801,2743,2835,3160,2877,2850,2887,0,0,0,0,0,0,0,0,0,0,0,0,0,0,0,0,0,0,0,0,0,0,0,0,0,0,0,35,217
170,85,2958,2820,2754,2812,3172,2885,2853,2886,0,0,0,0,0,0,0,0,0,0,0,0,0,0,0,0,0,0,0,0,0,0,0,0,0,0,0,14,217
170,85,2971,2799,2764,2813,3208,2875,2869,2884,0,0,0,0,0,0,0,0,0,0,0,0,0,0,0,0,0,0,0,0,0,0,0,0,0,0,0,126,217
170,85,2964,2817,2765,2812,3197,2872,2873,2864,0,0,0,0,0,0,0,0,0,0,0,0,0,0,0,0,0,0,0,0,0,0,0,0,0,0,0,16,217
170,85,2964,2818,2751,2826,3206,2872,2851,2894,0,0,0,0,0,0,0,0,0,0,0,0,0,0,0,0,0,0,0,0,0,0,0,0,0,0,0,9,217
170,85,2963,2804,2750,2827,3197,2883,2879,2864,0,0,0,0,0,0,0,0,0,0,0,0,0,0,0,0,0,0,0,0,0,0,0,0,0,0,0,27,218
170,85,2951,2817,2761,2828,3202,2872,2867,2868,0,0,0,0,0,0,0,0,0,0,0,0,0,0,0,0,0,0,0,0,0,0,0,0,0,0,0,7,217
170,85,2958,2807,2750,2809,3186,2881,2869,2861,0,0,0,0,0,0,0,0,0,0,0,0,0,0,0,0,0,0,0,0,0,0,0,0,0,0,0,236,218
170,85,2974,2813,2752,2825,3186,2870,2866,2889,0,0,0,0,0,0,0,0,0,0,0,0,0,0,0,0,0,0,0,0,0,0,0,0,0,0,0,109,218
170,85,2951,2830,2773,2832,3202,2879,2866,2879,0,0,0,0,0,0,0,0,0,0,0,0,0,0,0,0,0,0,0,0,0,0,0,0,0,0,0,5,218
170,85,2952,2815,2751,2819,3201,2853,2877,2875,0,0,0,0,0,0,0,0,0,0,0,0,0,0,0,0,0,0,0,0,0,0,0,0,0,0,0,145,218
170,85,2953,2828,2748,2806,3202,2854,2866,2890,0,0,0,0,0,0,0,0,0,0,0,0,0,0,0,0,0,0,0,0,0,0,0,0,0,0,0,235,218
170,85,2971,2805,2748,2833,3214,2871,2866,2861,0,0,0,0,0,0,0,0,0,0,0,0,0,0,0,0,0,0,0,0,0,0,0,0,0,0,0,157,219
170,85,2970,2809,2744,2830,3206,2870,2875,2858,0,0,0,0,0,0,0,0,0,0,0,0,0,0,0,0,0,0,0,0,0,0,0,0,0,0,0,140,217
170,85,2979,2816,2741,2821,3184,2855,2848,2877,0,0,0,0,0,0,0,0,0,0,0,0,0,0,0,0,0,0,0,0,0,0,0,0,0,0,0,160,218
170,85,2959,2827,2740,2805,3202,2880,2849,2858,0,0,0,0,0,0,0,0,0,0,0,0,0,0,0,0,0,0,0,0,0,0,0,0,0,0,0,244,219
170,85,2957,2814,2757,2808,3202,2871,2838,2856,0,0,0,0,0,0,0,0,0,0,0,0,0,0,0,0,0,0,0,0,0,0,0,0,0,0,0,60,218
170,85,2944,2812,2735,2825,3200,2849,2835,2865,0,0,0,0,0,0,0,0,0,0,0,0,0,0,0,0,0,0,0,0,0,0,0,0,0,0,0,161,218
170,85,2949,2798,2747,2814,3184,2854,2840,2852,0,0,0,0,0,0,0,0,0,0,0,0,0,0,0,0,0,0,0,0,0,0,0,0,0,0,0,189,218
170,85,2979,2798,2749,2802,3211,2879,2855,2866,0,0,0,0,0,0,0,0,0,0,0,0,0,0,0,0,0,0,0,0,0,0,0,0,0,0,0,90,219
170,85,2961,2811,2756,2816,3199,2851,2865,2855,0,0,0,0,0,0,0,0,0,0,0,0,0,0,0,0,0,0,0,0,0,0,0,0,0,0,0,28,218
170,85,2950,2816,2742,2830,3217,2869,2869,2887,0,0,0,0,0,0,0,0,0,0,0,0,0,0,0,0,0,0,0,0,0,0,0,0,0,0,0,17,219
170,85,2951,2797,2747,2818,3187,2866,2864,2861,0,0,0,0,0,0,0,0,0,0,0,0,0,0,0,0,0,0,0,0,0,0,0,0,0,0,0,119,218
170,85,2960,2819,2747,2822,3208,2875,2880,2896,0,0,0,0,0,0,0,0,0,0,0,0,0,0,0,0,0,0,0,0,0,0,0,0,0,0,0,116,218
170,85,2965,2829,2740,2830,3197,2887,2870,2887,0,0,0,0,0,0,0,0,0,0,0,0,0,0,0,0,0,0,0,0,0,0,0,0,0,0,0,144,217
170,85,2966,2818,2751,2822,3199,2873,2868,2884,0,0,0,0,0,0,0,0,0,0,0,0,0,0,0,0,0,0,0,0,0,0,0,0,0,0,0,226,218
170,85,2951,2828,2746,2820,3217,2870,2878,2897,0,0,0,0,0,0,0,0,0,0,0,0,0,0,0,0,0,0,0,0,0,0,0,0,0,0,0,4,218
170,85,2982,2804,2748,2821,3205,2871,2865,2863,0,0,0,0,0,0,0,0,0,0,0,0,0,0,0,0,0,0,0,0,0,0,0,0,0,0,0,191,218
170,85,2971,2802,2734,2805,3204,2850,2867,2881,0,0,0,0,0,0,0,0,0,0,0,0,0,0,0,0,0,0,0,0,0,0,0,0,0,0,0,31,219
170,85,2952,2816,2750,2819,3203,2870,2876,2875,0,0,0,0,0,0,0,0,0,0,0,0,0,0,0,0,0,0,0,0,0,0,0,0,0,0,0,126,220
170,85,2965,2809,2740,2816,3202,2870,2867,2876,0,0,0,0,0,0,0,0,0,0,0,0,0,0,0,0,0,0,0,0,0,0,0,0,0,0,0,155,219
170,85,2976,2802,2759,2805,3208,2855,2866,2857,0,0,0,0,0,0,0,0,0,0,0,0,0,0,0,0,0,0,0,0,0,0,0,0,0,0,0,45,219
170,85,2951,2809,2751,2805,3200,2880,2865,2857,0,0,0,0,0,0,0,0,0,0,0,0,0,0,0,0,0,0,0,0,0,0,0,0,0,0,0,21,219
170,85,2959,2814,2737,2806,3202,2872,2864,2877,0,0,0,0,0,0,0,0,0,0,0,0,0,0,0,0,0,0,0,0,0,0,0,0,0,0,0,120,219
170,85,2975,2815,2749,2806,3186,2853,2867,2877,0,0,0,0,0,0,0,0,0,0,0,0,0,0,0,0,0,0,0,0,0,0,0,0,0,0,0,139,220
170,85,2945,2809,2739,2830,3208,2853,2852,2887,0,0,0,0,0,0,0,0,0,0,0,0,0,0,0,0,0,0,0,0,0,0,0,0,0,0,0,243,219
170,85,2975,2826,2752,2824,3208,2854,2877,2877,0,0,0,0,0,0,0,0,0,0,0,0,0,0,0,0,0,0,0,0,0,0,0,0,0,0,0,10,219
170,85,2957,2803,2760,2806,3206,2874,2861,2878,0,0,0,0,0,0,0,0,0,0,0,0,0,0,0,0,0,0,0,0,0,0,0,0,0,0,0,22,219
170,85,2965,2804,2749,2812,3187,2872,2879,2878,0,0,0,0,0,0,0,0,0,0,0,0,0,0,0,0,0,0,0,0,0,0,0,0,0,0,0,147,219
170,85,2965,2801,2758,2807,3188,2856,2869,2861,0,0,0,0,0,0,0,0,0,0,0,0,0,0,0,0,0,0,0,0,0,0,0,0,0,0,0,232,219
170,85,2952,2816,2753,2809,3203,2858,2852,2884,0,0,0,0,0,0,0,0,0,0,0,0,0,0,0,0,0,0,0,0,0,0,0,0,0,0,0,129,219
170,85,2968,2815,2740,2801,3208,2845,2879,2863,0,0,0,0,0,0,0,0,0,0,0,0,0,0,0,0,0,0,0,0,0,0,0,0,0,0,0,94,219
170,85,2957,2825,2770,2809,3217,2869,2868,2877,0,0,0,0,0,0,0,0,0,0,0,0,0,0,0,0,0,0,0,0,0,0,0,0,0,0,0,250,219
170,85,2981,2814,2759,2832,3217,2870,2865,2863,0,0,0,0,0,0,0,0,0,0,0,0,0,0,0,0,0,0,0,0,0,0,0,0,0,0,0,205,219
170,85,2971,2829,2739,2826,3188,2881,2872,2901,0,0,0,0,0,0,0,0,0,0,0,0,0,0,0,0,0,0,0,0,0,0,0,0,0,0,0,142,219
170,85,2971,2828,2752,2825,3216,2883,2860,2877,0,0,0,0,0,0,0,0,0,0,0,0,0,0,0,0,0,0,0,0,0,0,0,0,0,0,0,101,219
170,85,2965,2795,2748,2832,3204,2872,2851,2861,0,0,0,0,0,0,0,0,0,0,0,0,0,0,0,0,0,0,0,0,0,0,0,0,0,0,0,152,219
170,85,2981,2829,2759,2831,3188,2871,2868,2860,0,0,0,0,0,0,0,0,0,0,0,0,0,0,0,0,0,0,0,0,0,0,0,0,0,0,0,194,219
170,85,2952,2808,2759,2807,3209,2883,2867,2890,0,0,0,0,0,0,0,0,0,0,0,0,0,0,0,0,0,0,0,0,0,0,0,0,0,0,0,10,219
170,85,2951,2809,2762,2809,3188,2853,2851,2891,0,0,0,0,0,0,0,0,0,0,0,0,0,0,0,0,0,0,0,0,0,0,0,0,0,0,0,141,219
170,85,2958,2824,2760,2807,3207,2872,2876,2862,0,0,0,0,0,0,0,0,0,0,0,0,0,0,0,0,0,0,0,0,0,0,0,0,0,0,0,236,219
170,85,2965,2803,2747,2818,3188,2882,2866,2886,0,0,0,0,0,0,0,0,0,0,0,0,0,0,0,0,0,0,0,0,0,0,0,0,0,0,0,101,218
170,85,2960,2801,2750,2819,3202,2872,2875,2879,0,0,0,0,0,0,0,0,0,0,0,0,0,0,0,0,0,0,0,0,0,0,0,0,0,0,0,154,218
170,85,2953,2803,2758,2805,3209,2855,2849,2864,0,0,0,0,0,0,0,0,0,0,0,0,0,0,0,0,0,0,0,0,0,0,0,0,0,0,0,15,218
170,85,2965,2807,2750,2806,3198,2855,2867,2869,0,0,0,0,0,0,0,0,0,0,0,0,0,0,0,0,0,0,0,0,0,0,0,0,0,0,0,140,219
170,85,2966,2814,2751,2818,3190,2855,2866,2877,0,0,0,0,0,0,0,0,0,0,0,0,0,0,0,0,0,0,0,0,0,0,0,0,0,0,0,115,218
170,85,2957,2814,2762,2812,3216,2864,2855,2861,0,0,0,0,0,0,0,0,0,0,0,0,0,0,0,0,0,0,0,0,0,0,0,0,0,0,0,22,219
170,85,2966,2815,2753,2824,3208,2871,2846,2889,0,0,0,0,0,0,0,0,0,0,0,0,0,0,0,0,0,0,0,0,0,0,0,0,0,0,0,176,218
170,85,2966,2826,2741,2827,3209,2872,2840,2877,0,0,0,0,0,0,0,0,0,0,0,0,0,0,0,0,0,0,0,0,0,0,0,0,0,0,0,79,218
170,85,2945,2814,2761,2828,3219,2853,2861,2876,0,0,0,0,0,0,0,0,0,0,0,0,0,0,0,0,0,0,0,0,0,0,0,0,0,0,0,229,218
170,85,2958,2794,2753,2831,3217,2855,2866,2874,0,0,0,0,0,0,0,0,0,0,0,0,0,0,0,0,0,0,0,0,0,0,0,0,0,0,0,236,218
170,85,2965,2802,2747,2818,3220,2874,2867,2858,0,0,0,0,0,0,0,0,0,0,0,0,0,0,0,0,0,0,0,0,0,0,0,0,0,0,0,145,219
170,85,2975,2815,2762,2824,3207,2882,2870,2877,0,0,0,0,0,0,0,0,0,0,0,0,0,0,0,0,0,0,0,0,0,0,0,0,0,0,0,148,219
170,85,2957,2825,2740,2808,3220,2880,2867,2882,0,0,0,0,0,0,0,0,0,0,0,0,0,0,0,0,0,0,0,0,0,0,0,0,0,0,0,149,218
170,85,2970,2825,2757,2804,3213,2852,2867,2873,0,0,0,0,0,0,0,0,0,0,0,0,0,0,0,0,0,0,0,0,0,0,0,0,0,0,0,249,219
170,85,2958,2827,2737,2819,3191,2881,2867,2890,0,0,0,0,0,0,0,0,0,0,0,0,0,0,0,0,0,0,0,0,0,0,0,0,0,0,0,129,219
170,85,2965,2825,2725,2805,3211,2870,2867,2878,0,0,0,0,0,0,0,0,0,0,0,0,0,0,0,0,0,0,0,0,0,0,0,0,0,0,0,132,219
170,85,2965,2802,2752,2806,3219,2872,2850,2876,0,0,0,0,0,0,0,0,0,0,0,0,0,0,0,0,0,0,0,0,0,0,0,0,0,0,0,29,219
170,85,2959,2815,2740,2831,3216,2883,2853,2876,0,0,0,0,0,0,0,0,0,0,0,0,0,0,0,0,0,0,0,0,0,0,0,0,0,0,0,249,219
170,85,2976,2800,2751,2808,3205,2869,2860,2858,0,0,0,0,0,0,0,0,0,0,0,0,0,0,0,0,0,0,0,0,0,0,0,0,0,0,0,88,219
170,85,2957,2801,2757,2806,3203,2858,2858,2875,0,0,0,0,0,0,0,0,0,0,0,0,0,0,0,0,0,0,0,0,0,0,0,0,0,0,0,14,219
170,85,2957,2801,2739,2806,3208,2855,2864,2876,0,0,0,0,0,0,0,0,0,0,0,0,0,0,0,0,0,0,0,0,0,0,0,0,0,0,0,99,219
170,85,2976,2800,2748,2818,3190,2871,2857,2876,0,0,0,0,0,0,0,0,0,0,0,0,0,0,0,0,0,0,0,0,0,0,0,0,0,0,0,66,219
170,85,2944,2813,2739,2827,3191,2867,2838,2877,0,0,0,0,0,0,0,0,0,0,0,0,0,0,0,0,0,0,0,0,0,0,0,0,0,0,0,82,219
170,85,2951,2801,2738,2817,3210,2856,2870,2879,0,0,0,0,0,0,0,0,0,0,0,0,0,0,0,0,0,0,0,0,0,0,0,0,0,0,0,150,219
170,85,2964,2812,2751,2830,3229,2862,2839,2860,0,0,0,0,0,0,0,0,0,0,0,0,0,0,0,0,0,0,0,0,0,0,0,0,0,0,0,169,219
170,85,2949,2824,2724,2816,3210,2857,2850,2886,0,0,0,0,0,0,0,0,0,0,0,0,0,0,0,0,0,0,0,0,0,0,0,0,0,0,0,23,219
170,85,2943,2811,2749,2815,3206,2875,2861,2876,0,0,0,0,0,0,0,0,0,0,0,0,0,0,0,0,0,0,0,0,0,0,0,0,0,0,0,147,219
170,85,2960,2812,2748,2804,3211,2854,2864,2880,0,0,0,0,0,0,0,0,0,0,0,0,0,0,0,0,0,0,0,0,0,0,0,0,0,0,0,0,219
170,85,2951,2801,2723,2817,3209,2855,2862,2890,0,0,0,0,0,0,0,0,0,0,0,0,0,0,0,0,0,0,0,0,0,0,0,0,0,0,0,230,219
170,85,2964,2813,2751,2804,3210,2853,2869,2875,0,0,0,0,0,0,0,0,0,0,0,0,0,0,0,0,0,0,0,0,0,0,0,0,0,0,0,122,219
170,85,2963,2811,2759,2816,3214,2882,2851,2886,0,0,0,0,0,0,0,0,0,0,0,0,0,0,0,0,0,0,0,0,0,0,0,0,0,0,0,254,219
170,85,2963,2789,2735,2828,3218,2856,2857,2877,0,0,0,0,0,0,0,0,0,0,0,0,0,0,0,0,0,0,0,0,0,0,0,0,0,0,0,131,219
170,85,2956,2825,2750,2817,3205,2852,2843,2872,0,0,0,0,0,0,0,0,0,0,0,0,0,0,0,0,0,0,0,0,0,0,0,0,0,0,0,65,219
170,85,2973,2801,2742,2804,3191,2883,2842,2886,0,0,0,0,0,0,0,0,0,0,0,0,0,0,0,0,0,0,0,0,0,0,0,0,0,0,0,191,219
170,85,2955,2812,2749,2809,3212,2870,2868,2875,0,0,0,0,0,0,0,0,0,0,0,0,0,0,0,0,0,0,0,0,0,0,0,0,0,0,0,127,219
170,85,2955,2801,2737,2809,3212,2865,2850,2858,0,0,0,0,0,0,0,0,0,0,0,0,0,0,0,0,0,0,0,0,0,0,0,0,0,0,0,126,219
170,85,2950,2812,2735,2808,3213,2872,2867,2874,0,0,0,0,0,0,0,0,0,0,0,0,0,0,0,0,0,0,0,0,0,0,0,0,0,0,0,104,219
170,85,2954,2824,2737,2817,3206,2871,2879,2874,0,0,0,0,0,0,0,0,0,0,0,0,0,0,0,0,0,0,0,0,0,0,0,0,0,0,0,127,219
170,85,2964,2807,2737,2818,3210,2871,2850,2867,0,0,0,0,0,0,0,0,0,0,0,0,0,0,0,0,0,0,0,0,0,0,0,0,0,0,0,132,219
170,85,2974,2799,2736,2815,3192,2872,2858,2876,0,0,0,0,0,0,0,0,0,0,0,0,0,0,0,0,0,0,0,0,0,0,0,0,0,0,0,145,219
170,85,2964,2806,2747,2815,3190,2854,2855,2858,0,0,0,0,0,0,0,0,0,0,0,0,0,0,0,0,0,0,0,0,0,0,0,0,0,0,0,130,219
170,85,2963,2805,2737,2815,3192,2853,2852,2854,0,0,0,0,0,0,0,0,0,0,0,0,0,0,0,0,0,0,0,0,0,0,0,0,0,0,0,142,219
170,85,2962,2822,2746,2816,3219,2870,2844,2886,0,0,0,0,0,0,0,0,0,0,0,0,0,0,0,0,0,0,0,0,0,0,0,0,0,0,0,40,219
170,85,2964,2800,2722,2830,3213,2870,2857,2857,0,0,0,0,0,0,0,0,0,0,0,0,0,0,0,0,0,0,0,0,0,0,0,0,0,0,0,139,219
170,85,2949,2804,2758,2803,3210,2851,2855,2875,0,0,0,0,0,0,0,0,0,0,0,0,0,0,0,0,0,0,0,0,0,0,0,0,0,0,0,8,219
170,85,2973,2790,2760,2802,3205,2855,2857,2887,0,0,0,0,0,0,0,0,0,0,0,0,0,0,0,0,0,0,0,0,0,0,0,0,0,0,0,116,219
170,85,2956,2824,2759,2803,3206,2853,2855,2873,0,0,0,0,0,0,0,0,0,0,0,0,0,0,0,0,0,0,0,0,0,0,0,0,0,0,0,245,219
170,85,2979,2798,2736,2808,3216,2880,2855,2866,0,0,0,0,0,0,0,0,0,0,0,0,0,0,0,0,0,0,0,0,0,0,0,0,0,0,0,57,219
170,85,2950,2799,2758,2813,3228,2868,2838,2872,0,0,0,0,0,0,0,0,0,0,0,0,0,0,0,0,0,0,0,0,0,0,0,0,0,0,0,45,219
170,85,2949,2797,2741,2813,3234,2869,2856,2872,0,0,0,0,0,0,0,0,0,0,0,0,0,0,0,0,0,0,0,0,0,0,0,0,0,0,0,94,219
170,85,2962,2824,2737,2827,3206,2850,2838,2873,0,0,0,0,0,0,0,0,0,0,0,0,0,0,0,0,0,0,0,0,0,0,0,0,0,0,0,82,219
170,85,2961,2812,2748,2825,3205,2875,2852,2872,0,0,0,0,0,0,0,0,0,0,0,0,0,0,0,0,0,0,0,0,0,0,0,0,0,0,0,130,218
170,85,2956,2810,2737,2813,3205,2851,2846,2878,0,0,0,0,0,0,0,0,0,0,0,0,0,0,0,0,0,0,0,0,0,0,0,0,0,0,0,69,218
170,85,2977,2797,2748,2795,3189,2879,2854,2854,0,0,0,0,0,0,0,0,0,0,0,0,0,0,0,0,0,0,0,0,0,0,0,0,0,0,0,168,218
170,85,2978,2803,2747,2794,3190,2877,2837,2854,0,0,0,0,0,0,0,0,0,0,0,0,0,0,0,0,0,0,0,0,0,0,0,0,0,0,0,129,218
170,85,2949,2822,2735,2803,3219,2861,2855,2855,0,0,0,0,0,0,0,0,0,0,0,0,0,0,0,0,0,0,0,0,0,0,0,0,0,0,0,153,218
170,85,2973,2804,2747,2826,3215,2869,2865,2856,0,0,0,0,0,0,0,0,0,0,0,0,0,0,0,0,0,0,0,0,0,0,0,0,0,0,0,131,218
170,85,2950,2798,2736,2814,3210,2879,2854,2867,0,0,0,0,0,0,0,0,0,0,0,0,0,0,0,0,0,0,0,0,0,0,0,0,0,0,0,127,218
170,85,2956,2811,2736,2814,3213,2880,2837,2866,0,0,0,0,0,0,0,0,0,0,0,0,0,0,0,0,0,0,0,0,0,0,0,0,0,0,0,42,218
170,85,2955,2811,2737,2798,3212,2871,2837,2873,0,0,0,0,0,0,0,0,0,0,0,0,0,0,0,0,0,0,0,0,0,0,0,0,0,0,0,65,218
170,85,2964,2798,2733,2813,3216,2866,2860,2866,0,0,0,0,0,0,0,0,0,0,0,0,0,0,0,0,0,0,0,0,0,0,0,0,0,0,0,111,218
170,85,2941,2798,2719,2802,3209,2851,2846,2854,0,0,0,0,0,0,0,0,0,0,0,0,0,0,0,0,0,0,0,0,0,0,0,0,0,0,0,149,218
170,85,2973,2810,2749,2794,3190,2851,2848,2872,0,0,0,0,0,0,0,0,0,0,0,0,0,0,0,0,0,0,0,0,0,0,0,0,0,0,0,132,218
170,85,2973,2811,2747,2814,3217,2883,2855,2866,0,0,0,0,0,0,0,0,0,0,0,0,0,0,0,0,0,0,0,0,0,0,0,0,0,0,0,29,219
170,85,2955,2812,2751,2808,3210,2863,2856,2880,0,0,0,0,0,0,0,0,0,0,0,0,0,0,0,0,0,0,0,0,0,0,0,0,0,0,0,4,218
170,85,2955,2789,2760,2802,3188,2871,2858,2875,0,0,0,0,0,0,0,0,0,0,0,0,0,0,0,0,0,0,0,0,0,0,0,0,0,0,0,255,218
170,85,2953,2811,2734,2827,3204,2854,2854,2875,0,0,0,0,0,0,0,0,0,0,0,0,0,0,0,0,0,0,0,0,0,0,0,0,0,0,0,144,218
170,85,2947,2803,2733,2794,3216,2870,2837,2858,0,0,0,0,0,0,0,0,0,0,0,0,0,0,0,0,0,0,0,0,0,0,0,0,0,0,0,87,218
170,85,2963,2822,2725,2804,3188,2869,2865,2855,0,0,0,0,0,0,0,0,0,0,0,0,0,0,0,0,0,0,0,0,0,0,0,0,0,0,0,107,218
170,85,2965,2789,2732,2809,3217,2882,2860,2872,0,0,0,0,0,0,0,0,0,0,0,0,0,0,0,0,0,0,0,0,0,0,0,0,0,0,0,27,218
170,85,2962,2798,2747,2826,3189,2868,2855,2874,0,0,0,0,0,0,0,0,0,0,0,0,0,0,0,0,0,0,0,0,0,0,0,0,0,0,0,105,218
170,85,2973,2798,2749,2815,3189,2869,2856,2886,0,0,0,0,0,0,0,0,0,0,0,0,0,0,0,0,0,0,0,0,0,0,0,0,0,0,0,230,218
170,85,2972,2797,2746,2803,3209,2871,2835,2875,0,0,0,0,0,0,0,0,0,0,0,0,0,0,0,0,0,0,0,0,0,0,0,0,0,0,0,87,218
170,85,2948,2809,2740,2814,3208,2879,2836,2864,0,0,0,0,0,0,0,0,0,0,0,0,0,0,0,0,0,0,0,0,0,0,0,0,0,0,0,93,218
170,85,2960,2803,2745,2801,3188,2844,2856,2884,0,0,0,0,0,0,0,0,0,0,0,0,0,0,0,0,0,0,0,0,0,0,0,0,0,0,0,214,218
170,85,2973,2813,2734,2803,3193,2868,2836,2871,0,0,0,0,0,0,0,0,0,0,0,0,0,0,0,0,0,0,0,0,0,0,0,0,0,0,0,170,218
170,85,2974,2797,2734,2803,3226,2875,2848,2855,0,0,0,0,0,0,0,0,0,0,0,0,0,0,0,0,0,0,0,0,0,0,0,0,0,0,0,113,219
170,85,2973,2804,2748,2815,3186,2854,2865,2873,0,0,0,0,0,0,0,0,0,0,0,0,0,0,0,0,0,0,0,0,0,0,0,0,0,0,0,143,219
170,85,2947,2808,2738,2808,3203,2864,2851,2867,0,0,0,0,0,0,0,0,0,0,0,0,0,0,0,0,0,0,0,0,0,0,0,0,0,0,0,107,219
170,85,2951,2809,2733,2814,3185,2853,2835,2876,0,0,0,0,0,0,0,0,0,0,0,0,0,0,0,0,0,0,0,0,0,0,0,0,0,0,0,175,219
170,85,2956,2795,2746,2824,3208,2867,2853,2855,0,0,0,0,0,0,0,0,0,0,0,0,0,0,0,0,0,0,0,0,0,0,0,0,0,0,0,148,219
170,85,2947,2796,2739,2814,3202,2851,2844,2871,0,0,0,0,0,0,0,0,0,0,0,0,0,0,0,0,0,0,0,0,0,0,0,0,0,0,0,81,219
170,85,2955,2808,2747,2811,3203,2858,2845,2870,0,0,0,0,0,0,0,0,0,0,0,0,0,0,0,0,0,0,0,0,0,0,0,0,0,0,0,72,219
170,85,2959,2802,2734,2806,3186,2865,2853,2871,0,0,0,0,0,0,0,0,0,0,0,0,0,0,0,0,0,0,0,0,0,0,0,0,0,0,0,141,219
170,85,2960,2788,2743,2826,3204,2866,2851,2877,0,0,0,0,0,0,0,0,0,0,0,0,0,0,0,0,0,0,0,0,0,0,0,0,0,0,0,153,219
170,85,2971,2807,2733,2796,3212,2870,2858,2863,0,0,0,0,0,0,0,0,0,0,0,0,0,0,0,0,0,0,0,0,0,0,0,0,0,0,0,107,219
170,85,2961,2808,2734,2814,3209,2851,2836,2847,0,0,0,0,0,0,0,0,0,0,0,0,0,0,0,0,0,0,0,0,0,0,0,0,0,0,0,97,219
170,85,2953,2809,2733,2799,3214,2854,2850,2853,0,0,0,0,0,0,0,0,0,0,0,0,0,0,0,0,0,0,0,0,0,0,0,0,0,0,0,100,219
170,85,2946,2802,2718,2801,3226,2849,2834,2847,0,0,0,0,0,0,0,0,0,0,0,0,0,0,0,0,0,0,0,0,0,0,0,0,0,0,0,80,219
170,85,2943,2808,2719,2805,3188,2854,2858,2854,0,0,0,0,0,0,0,0,0,0,0,0,0,0,0,0,0,0,0,0,0,0,0,0,0,0,0,74,219
170,85,2948,2802,2738,2812,3204,2860,2852,2869,0,0,0,0,0,0,0,0,0,0,0,0,0,0,0,0,0,0,0,0,0,0,0,0,0,0,0,120,219
170,85,2953,2802,2733,2811,3203,2853,2851,2877,0,0,0,0,0,0,0,0,0,0,0,0,0,0,0,0,0,0,0,0,0,0,0,0,0,0,0,108,219
170,85,2972,2796,2746,2824,3184,2867,2852,2852,0,0,0,0,0,0,0,0,0,0,0,0,0,0,0,0,0,0,0,0,0,0,0,0,0,0,0,121,220
170,85,2953,2803,2748,2814,3202,2869,2836,2870,0,0,0,0,0,0,0,0,0,0,0,0,0,0,0,0,0,0,0,0,0,0,0,0,0,0,0,84,218
170,85,2948,2825,2734,2807,3188,2844,2847,2852,0,0,0,0,0,0,0,0,0,0,0,0,0,0,0,0,0,0,0,0,0,0,0,0,0,0,0,127,220
170,85,2947,2821,2734,2799,3191,2880,2838,2872,0,0,0,0,0,0,0,0,0,0,0,0,0,0,0,0,0,0,0,0,0,0,0,0,0,0,0,38,219
170,85,2961,2810,2745,2806,3215,2867,2844,2856,0,0,0,0,0,0,0,0,0,0,0,0,0,0,0,0,0,0,0,0,0,0,0,0,0,0,0,85,220
170,85,2954,2797,2721,2803,3190,2879,2860,2879,0,0,0,0,0,0,0,0,0,0,0,0,0,0,0,0,0,0,0,0,0,0,0,0,0,0,0,150,219
170,85,2949,2802,2747,2792,3222,2858,2843,2852,0,0,0,0,0,0,0,0,0,0,0,0,0,0,0,0,0,0,0,0,0,0,0,0,0,0,0,94,219
170,85,2953,2803,2758,2824,3210,2867,2843,2864,0,0,0,0,0,0,0,0,0,0,0,0,0,0,0,0,0,0,0,0,0,0,0,0,0,0,0,222,220
170,85,2947,2791,2748,2807,3202,2866,2855,2877,0,0,0,0,0,0,0,0,0,0,0,0,0,0,0,0,0,0,0,0,0,0,0,0,0,0,0,124,218
170,85,2960,2796,2733,2811,3203,2845,2841,2863,0,0,0,0,0,0,0,0,0,0,0,0,0,0,0,0,0,0,0,0,0,0,0,0,0,0,0,123,219
170,85,2956,2791,2744,2811,3205,2858,2846,2878,0,0,0,0,0,0,0,0,0,0,0,0,0,0,0,0,0,0,0,0,0,0,0,0,0,0,0,94,219
170,85,2959,2796,2732,2800,3200,2849,2852,2864,0,0,0,0,0,0,0,0,0,0,0,0,0,0,0,0,0,0,0,0,0,0,0,0,0,0,0,115,219
170,85,2955,2807,2720,2813,3215,2859,2832,2863,0,0,0,0,0,0,0,0,0,0,0,0,0,0,0,0,0,0,0,0,0,0,0,0,0,0,0,67,219
170,85,2961,2819,2747,2814,3187,2868,2853,2869,0,0,0,0,0,0,0,0,0,0,0,0,0,0,0,0,0,0,0,0,0,0,0,0,0,0,0,120,219
170,85,2953,2796,2734,2800,3219,2868,2836,2872,0,0,0,0,0,0,0,0,0,0,0,0,0,0,0,0,0,0,0,0,0,0,0,0,0,0,0,73,219
170,85,2972,2797,2719,2813,3214,2864,2829,2876,0,0,0,0,0,0,0,0,0,0,0,0,0,0,0,0,0,0,0,0,0,0,0,0,0,0,0,101,218
170,85,2947,2804,2733,2805,3208,2848,2832,2871,0,0,0,0,0,0,0,0,0,0,0,0,0,0,0,0,0,0,0,0,0,0,0,0,0,0,0,89,219
170,85,2953,2809,2745,2823,3214,2865,2860,2852,0,0,0,0,0,0,0,0,0,0,0,0,0,0,0,0,0,0,0,0,0,0,0,0,0,0,0,129,218
170,85,2954,2801,2732,2824,3214,2865,2828,2854,0,0,0,0,0,0,0,0,0,0,0,0,0,0,0,0,0,0,0,0,0,0,0,0,0,0,0,178,219
170,85,2962,2809,2746,2800,3213,2877,2859,2858,0,0,0,0,0,0,0,0,0,0,0,0,0,0,0,0,0,0,0,0,0,0,0,0,0,0,0,105,219
170,85,2953,2796,2749,2791,3209,2849,2853,2853,0,0,0,0,0,0,0,0,0,0,0,0,0,0,0,0,0,0,0,0,0,0,0,0,0,0,0,110,219
170,85,2946,2810,2735,2812,3187,2854,2840,2876,0,0,0,0,0,0,0,0,0,0,0,0,0,0,0,0,0,0,0,0,0,0,0,0,0,0,0,163,219
170,85,2959,2808,2744,2824,3207,2859,2845,2877,0,0,0,0,0,0,0,0,0,0,0,0,0,0,0,0,0,0,0,0,0,0,0,0,0,0,0,179,219
170,85,2940,2796,2734,2800,3202,2865,2858,2851,0,0,0,0,0,0,0,0,0,0,0,0,0,0,0,0,0,0,0,0,0,0,0,0,0,0,0,141,219
170,85,2960,2810,2746,2812,3202,2849,2850,2864,0,0,0,0,0,0,0,0,0,0,0,0,0,0,0,0,0,0,0,0,0,0,0,0,0,0,0,100,219
170,85,2971,2820,2733,2804,3184,2839,2828,2850,0,0,0,0,0,0,0,0,0,0,0,0,0,0,0,0,0,0,0,0,0,0,0,0,0,0,0,119,219
170,85,2947,2794,2717,2821,3184,2851,2844,2870,0,0,0,0,0,0,0,0,0,0,0,0,0,0,0,0,0,0,0,0,0,0,0,0,0,0,0,112,219
170,85,2960,2795,2732,2822,3211,2857,2856,2850,0,0,0,0,0,0,0,0,0,0,0,0,0,0,0,0,0,0,0,0,0,0,0,0,0,0,0,129,219
170,85,2974,2803,2719,2812,3200,2872,2833,2863,0,0,0,0,0,0,0,0,0,0,0,0,0,0,0,0,0,0,0,0,0,0,0,0,0,0,0,113,218
170,85,2949,2794,2737,2796,3205,2866,2857,2878,0,0,0,0,0,0,0,0,0,0,0,0,0,0,0,0,0,0,0,0,0,0,0,0,0,0,0,107,219
170,85,2950,2818,2742,2808,3208,2865,2853,2877,0,0,0,0,0,0,0,0,0,0,0,0,0,0,0,0,0,0,0,0,0,0,0,0,0,0,0,147,218
170,85,2949,2813,2742,2781,3192,2850,2844,2854,0,0,0,0,0,0,0,0,0,0,0,0,0,0,0,0,0,0,0,0,0,0,0,0,0,0,0,138,218
170,85,2956,2802,2730,2797,3202,2854,2850,2866,0,0,0,0,0,0,0,0,0,0,0,0,0,0,0,0,0,0,0,0,0,0,0,0,0,0,0,116,218
170,85,2973,2790,2729,2820,3212,2866,2833,2854,0,0,0,0,0,0,0,0,0,0,0,0,0,0,0,0,0,0,0,0,0,0,0,0,0,0,0,167,218
170,85,2984,2796,2742,2792,3208,2860,2835,2864,0,0,0,0,0,0,0,0,0,0,0,0,0,0,0,0,0,0,0,0,0,0,0,0,0,0,0,100,219
170,85,2964,2799,2754,2794,3188,2873,2852,2872,0,0,0,0,0,0,0,0,0,0,0,0,0,0,0,0,0,0,0,0,0,0,0,0,0,0,0,251,218
170,85,2943,2790,2735,2818,3205,2843,2850,2863,0,0,0,0,0,0,0,0,0,0,0,0,0,0,0,0,0,0,0,0,0,0,0,0,0,0,0,95,219
170,85,2954,2789,2721,2796,3193,2841,2857,2853,0,0,0,0,0,0,0,0,0,0,0,0,0,0,0,0,0,0,0,0,0,0,0,0,0,0,0,183,219
170,85,2959,2790,2728,2795,3210,2855,2840,2857,0,0,0,0,0,0,0,0,0,0,0,0,0,0,0,0,0,0,0,0,0,0,0,0,0,0,0,79,218
170,85,2969,2789,2735,2793,3194,2866,2843,2877,0,0,0,0,0,0,0,0,0,0,0,0,0,0,0,0,0,0,0,0,0,0,0,0,0,0,0,173,218
170,85,2960,2790,2734,2803,3216,2846,2840,2861,0,0,0,0,0,0,0,0,0,0,0,0,0,0,0,0,0,0,0,0,0,0,0,0,0,0,0,105,218
170,85,2969,2790,2719,2806,3210,2854,2832,2853,0,0,0,0,0,0,0,0,0,0,0,0,0,0,0,0,0,0,0,0,0,0,0,0,0,0,0,118,219
170,85,2960,2790,2743,2787,3215,2852,2844,2856,0,0,0,0,0,0,0,0,0,0,0,0,0,0,0,0,0,0,0,0,0,0,0,0,0,0,0,68,219
170,85,2955,2795,2735,2809,3215,2853,2852,2863,0,0,0,0,0,0,0,0,0,0,0,0,0,0,0,0,0,0,0,0,0,0,0,0,0,0,0,110,219
170,85,2967,2813,2730,2806,3189,2853,2855,2863,0,0,0,0,0,0,0,0,0,0,0,0,0,0,0,0,0,0,0,0,0,0,0,0,0,0,0,151,219
170,85,2966,2796,2720,2804,3216,2873,2839,2853,0,0,0,0,0,0,0,0,0,0,0,0,0,0,0,0,0,0,0,0,0,0,0,0,0,0,0,76,219
170,85,2991,2803,2728,2786,3208,2860,2837,2863,0,0,0,0,0,0,0,0,0,0,0,0,0,0,0,0,0,0,0,0,0,0,0,0,0,0,0,113,219
170,85,2986,2781,2729,2819,3205,2859,2829,2854,0,0,0,0,0,0,0,0,0,0,0,0,0,0,0,0,0,0,0,0,0,0,0,0,0,0,0,160,219
170,85,2985,2796,2733,2795,3194,2840,2842,2862,0,0,0,0,0,0,0,0,0,0,0,0,0,0,0,0,0,0,0,0,0,0,0,0,0,0,0,172,219
170,85,2955,2790,2741,2807,3204,2860,2837,2868,0,0,0,0,0,0,0,0,0,0,0,0,0,0,0,0,0,0,0,0,0,0,0,0,0,0,0,95,219
170,85,2966,2796,2728,2802,3205,2841,2850,2851,0,0,0,0,0,0,0,0,0,0,0,0,0,0,0,0,0,0,0,0,0,0,0,0,0,0,0,68,219
170,85,2970,2787,2733,2789,3188,2848,2836,2876,0,0,0,0,0,0,0,0,0,0,0,0,0,0,0,0,0,0,0,0,0,0,0,0,0,0,0,180,219
170,85,2970,2794,2718,2807,3204,2845,2852,2875,0,0,0,0,0,0,0,0,0,0,0,0,0,0,0,0,0,0,0,0,0,0,0,0,0,0,0,102,219
170,85,2967,2794,2733,2800,3215,2849,2842,2870,0,0,0,0,0,0,0,0,0,0,0,0,0,0,0,0,0,0,0,0,0,0,0,0,0,0,0,91,219
170,85,2959,2795,2741,2802,3193,2861,2851,2861,0,0,0,0,0,0,0,0,0,0,0,0,0,0,0,0,0,0,0,0,0,0,0,0,0,0,0,128,219
170,85,2966,2813,2728,2805,3217,2866,2844,2870,0,0,0,0,0,0,0,0,0,0,0,0,0,0,0,0,0,0,0,0,0,0,0,0,0,0,0,70,219
170,85,2966,2781,2718,2792,3193,2854,2827,2863,0,0,0,0,0,0,0,0,0,0,0,0,0,0,0,0,0,0,0,0,0,0,0,0,0,0,0,191,219
170,85,2959,2797,2727,2794,3203,2848,2837,2868,0,0,0,0,0,0,0,0,0,0,0,0,0,0,0,0,0,0,0,0,0,0,0,0,0,0,0,84,219
170,85,2968,2796,2727,2807,3209,2838,2838,2853,0,0,0,0,0,0,0,0,0,0,0,0,0,0,0,0,0,0,0,0,0,0,0,0,0,0,0,113,219
170,85,2984,2791,2741,2798,3216,2848,2843,2877,0,0,0,0,0,0,0,0,0,0,0,0,0,0,0,0,0,0,0,0,0,0,0,0,0,0,0,123,219
170,85,2960,2796,2715,2792,3204,2866,2845,2864,0,0,0,0,0,0,0,0,0,0,0,0,0,0,0,0,0,0,0,0,0,0,0,0,0,0,0,109,219
170,85,2969,2797,2718,2790,3215,2848,2834,2853,0,0,0,0,0,0,0,0,0,0,0,0,0,0,0,0,0,0,0,0,0,0,0,0,0,0,0,109,219
170,85,2986,2797,2741,2813,3215,2861,2828,2872,0,0,0,0,0,0,0,0,0,0,0,0,0,0,0,0,0,0,0,0,0,0,0,0,0,0,0,96,219
170,85,2962,2802,2728,2794,3217,2848,2852,2857,0,0,0,0,0,0,0,0,0,0,0,0,0,0,0,0,0,0,0,0,0,0,0,0,0,0,0,103,219
170,85,2977,2803,2741,2802,3216,2849,2824,2856,0,0,0,0,0,0,0,0,0,0,0,0,0,0,0,0,0,0,0,0,0,0,0,0,0,0,0,125,219
170,85,2968,2794,2729,2807,3206,2849,2832,2846,0,0,0,0,0,0,0,0,0,0,0,0,0,0,0,0,0,0,0,0,0,0,0,0,0,0,0,124,219
170,85,2969,2818,2730,2807,3217,2867,2844,2865,0,0,0,0,0,0,0,0,0,0,0,0,0,0,0,0,0,0,0,0,0,0,0,0,0,0,0,177,219
170,85,2968,2809,2730,2809,3219,2856,2830,2854,0,0,0,0,0,0,0,0,0,0,0,0,0,0,0,0,0,0,0,0,0,0,0,0,0,0,0,88,219
170,85,2960,2795,2731,2822,3198,2869,2854,2878,0,0,0,0,0,0,0,0,0,0,0,0,0,0,0,0,0,0,0,0,0,0,0,0,0,0,0,125,219
170,85,2957,2797,2729,2821,3219,2850,2851,2867,0,0,0,0,0,0,0,0,0,0,0,0,0,0,0,0,0,0,0,0,0,0,0,0,0,0,0,149,219
170,85,2941,2800,2738,2810,3201,2847,2852,2852,0,0,0,0,0,0,0,0,0,0,0,0,0,0,0,0,0,0,0,0,0,0,0,0,0,0,0,162,219
170,85,2957,2802,2719,2811,3209,2847,2864,2865,0,0,0,0,0,0,0,0,0,0,0,0,0,0,0,0,0,0,0,0,0,0,0,0,0,0,0,117,219
170,85,2973,2809,2746,2811,3203,2865,2852,2858,0,0,0,0,0,0,0,0,0,0,0,0,0,0,0,0,0,0,0,0,0,0,0,0,0,0,0,96,219
170,85,2955,2786,2745,2805,3203,2874,2834,2873,0,0,0,0,0,0,0,0,0,0,0,0,0,0,0,0,0,0,0,0,0,0,0,0,0,0,0,78,220
170,85,2958,2795,2733,2812,3195,2866,2834,2864,0,0,0,0,0,0,0,0,0,0,0,0,0,0,0,0,0,0,0,0,0,0,0,0,0,0,0,166,220
170,85,2975,2799,2724,2798,3199,2866,2851,2856,0,0,0,0,0,0,0,0,0,0,0,0,0,0,0,0,0,0,0,0,0,0,0,0,0,0,0,133,220
170,85,2974,2802,2747,2811,3224,2853,2853,2864,0,0,0,0,0,0,0,0,0,0,0,0,0,0,0,0,0,0,0,0,0,0,0,0,0,0,0,125,220
170,85,2963,2800,2733,2813,3225,2847,2835,2864,0,0,0,0,0,0,0,0,0,0,0,0,0,0,0,0,0,0,0,0,0,0,0,0,0,0,0,111,220
170,85,2951,2794,2735,2822,3201,2868,2852,2861,0,0,0,0,0,0,0,0,0,0,0,0,0,0,0,0,0,0,0,0,0,0,0,0,0,0,0,128,219
170,85,2943,2807,2744,2790,3214,2854,2844,2864,0,0,0,0,0,0,0,0,0,0,0,0,0,0,0,0,0,0,0,0,0,0,0,0,0,0,0,171,219
170,85,2978,2807,2732,2812,3193,2855,2848,2857,0,0,0,0,0,0,0,0,0,0,0,0,0,0,0,0,0,0,0,0,0,0,0,0,0,0,0,171,219
170,85,2949,2799,2738,2804,3187,2867,2860,2854,0,0,0,0,0,0,0,0,0,0,0,0,0,0,0,0,0,0,0,0,0,0,0,0,0,0,0,159,220
170,85,2974,2802,2736,2810,3192,2865,2851,2868,0,0,0,0,0,0,0,0,0,0,0,0,0,0,0,0,0,0,0,0,0,0,0,0,0,0,0,129,219
170,85,2961,2801,2744,2809,3201,2848,2851,2860,0,0,0,0,0,0,0,0,0,0,0,0,0,0,0,0,0,0,0,0,0,0,0,0,0,0,0,118,219
170,85,2955,2802,2732,2796,3186,2865,2839,2871,0,0,0,0,0,0,0,0,0,0,0,0,0,0,0,0,0,0,0,0,0,0,0,0,0,0,0,163,219
170,85,2955,2801,2732,2822,3203,2865,2847,2871,0,0,0,0,0,0,0,0,0,0,0,0,0,0,0,0,0,0,0,0,0,0,0,0,0,0,0,178,219
170,85,2961,2807,2732,2821,3204,2848,2851,2864,0,0,0,0,0,0,0,0,0,0,0,0,0,0,0,0,0,0,0,0,0,0,0,0,0,0,0,128,219
170,85,2955,2821,2718,2812,3190,2875,2831,2870,0,0,0,0,0,0,0,0,0,0,0,0,0,0,0,0,0,0,0,0,0,0,0,0,0,0,0,96,219
170,85,2956,2796,2724,2810,3224,2865,2844,2874,0,0,0,0,0,0,0,0,0,0,0,0,0,0,0,0,0,0,0,0,0,0,0,0,0,0,0,72,219
170,85,2953,2787,2724,2804,3202,2872,2853,2871,0,0,0,0,0,0,0,0,0,0,0,0,0,0,0,0,0,0,0,0,0,0,0,0,0,0,0,107,219
170,85,2952,2786,2719,2804,3205,2847,2840,2884,0,0,0,0,0,0,0,0,0,0,0,0,0,0,0,0,0,0,0,0,0,0,0,0,0,0,0,62,219
170,85,2952,2821,2734,2812,3226,2849,2861,2865,0,0,0,0,0,0,0,0,0,0,0,0,0,0,0,0,0,0,0,0,0,0,0,0,0,0,0,128,219
170,85,2972,2802,2732,2823,3204,2872,2867,2876,0,0,0,0,0,0,0,0,0,0,0,0,0,0,0,0,0,0,0,0,0,0,0,0,0,0,0,142,219
170,85,2956,2795,2745,2800,3215,2866,2837,2879,0,0,0,0,0,0,0,0,0,0,0,0,0,0,0,0,0,0,0,0,0,0,0,0,0,0,0,64,219
170,85,2954,2821,2746,2799,3205,2855,2854,2860,0,0,0,0,0,0,0,0,0,0,0,0,0,0,0,0,0,0,0,0,0,0,0,0,0,0,0,138,219
170,85,2956,2796,2735,2811,3205,2873,2854,2865,0,0,0,0,0,0,0,0,0,0,0,0,0,0,0,0,0,0,0,0,0,0,0,0,0,0,0,102,219
170,85,2974,2810,2734,2825,3209,2856,2859,2879,0,0,0,0,0,0,0,0,0,0,0,0,0,0,0,0,0,0,0,0,0,0,0,0,0,0,0,142,219
170,85,2973,2810,2733,2829,3207,2855,2858,2853,0,0,0,0,0,0,0,0,0,0,0,0,0,0,0,0,0,0,0,0,0,0,0,0,0,0,0,144,219
170,85,2944,2800,2747,2827,3204,2871,2857,2867,0,0,0,0,0,0,0,0,0,0,0,0,0,0,0,0,0,0,0,0,0,0,0,0,0,0,0,145,219
170,85,2956,2823,2748,2801,3207,2843,2868,2868,0,0,0,0,0,0,0,0,0,0,0,0,0,0,0,0,0,0,0,0,0,0,0,0,0,0,0,162,219
170,85,2973,2798,2759,2814,3211,2868,2839,2874,0,0,0,0,0,0,0,0,0,0,0,0,0,0,0,0,0,0,0,0,0,0,0,0,0,0,0,33,219
170,85,2953,2822,2735,2815,3203,2854,2837,2858,0,0,0,0,0,0,0,0,0,0,0,0,0,0,0,0,0,0,0,0,0,0,0,0,0,0,0,189,219
170,85,2955,2812,2721,2813,3202,2853,2863,2874,0,0,0,0,0,0,0,0,0,0,0,0,0,0,0,0,0,0,0,0,0,0,0,0,0,0,0,96,219
170,85,2950,2812,2748,2826,3207,2871,2854,2870,0,0,0,0,0,0,0,0,0,0,0,0,0,0,0,0,0,0,0,0,0,0,0,0,0,0,0,148,219
170,85,2963,2803,2747,2806,3186,2844,2856,2872,0,0,0,0,0,0,0,0,0,0,0,0,0,0,0,0,0,0,0,0,0,0,0,0,0,0,0,170,219
170,85,2973,2798,2759,2807,3204,2869,2837,2857,0,0,0,0,0,0,0,0,0,0,0,0,0,0,0,0,0,0,0,0,0,0,0,0,0,0,0,55,219
170,85,2961,2812,2734,2807,3206,2849,2865,2858,0,0,0,0,0,0,0,0,0,0,0,0,0,0,0,0,0,0,0,0,0,0,0,0,0,0,0,113,219
170,85,2974,2812,2738,2823,3207,2855,2857,2855,0,0,0,0,0,0,0,0,0,0,0,0,0,0,0,0,0,0,0,0,0,0,0,0,0,0,0,129,219
170,85,2956,2825,2738,2816,3216,2869,2864,2874,0,0,0,0,0,0,0,0,0,0,0,0,0,0,0,0,0,0,0,0,0,0,0,0,0,0,0,97,219
170,85,2979,2800,2741,2813,3204,2869,2860,2875,0,0,0,0,0,0,0,0,0,0,0,0,0,0,0,0,0,0,0,0,0,0,0,0,0,0,0,68,219
170,85,2955,2799,2737,2816,3209,2870,2856,2857,0,0,0,0,0,0,0,0,0,0,0,0,0,0,0,0,0,0,0,0,0,0,0,0,0,0,0,147,219
170,85,2963,2805,2749,2830,3198,2854,2838,2873,0,0,0,0,0,0,0,0,0,0,0,0,0,0,0,0,0,0,0,0,0,0,0,0,0,0,0,90,219
170,85,2954,2803,2748,2798,3188,2850,2854,2854,0,0,0,0,0,0,0,0,0,0,0,0,0,0,0,0,0,0,0,0,0,0,0,0,0,0,0,132,219
170,85,2973,2803,2735,2803,3207,2881,2855,2876,0,0,0,0,0,0,0,0,0,0,0,0,0,0,0,0,0,0,0,0,0,0,0,0,0,0,0,22,219
170,85,2950,2799,2736,2805,3206,2881,2847,2874,0,0,0,0,0,0,0,0,0,0,0,0,0,0,0,0,0,0,0,0,0,0,0,0,0,0,0,55,219
170,85,2973,2823,2736,2803,3193,2879,2862,2876,0,0,0,0,0,0,0,0,0,0,0,0,0,0,0,0,0,0,0,0,0,0,0,0,0,0,0,117,219
170,85,2957,2811,2735,2810,3212,2872,2850,2875,0,0,0,0,0,0,0,0,0,0,0,0,0,0,0,0,0,0,0,0,0,0,0,0,0,0,0,119,219
170,85,2955,2801,2723,2804,3215,2870,2865,2859,0,0,0,0,0,0,0,0,0,0,0,0,0,0,0,0,0,0,0,0,0,0,0,0,0,0,0,119,219
170,85,2962,2797,2749,2815,3205,2851,2865,2860,0,0,0,0,0,0,0,0,0,0,0,0,0,0,0,0,0,0,0,0,0,0,0,0,0,0,0,127,219
170,85,2956,2809,2747,2807,3217,2850,2848,2878,0,0,0,0,0,0,0,0,0,0,0,0,0,0,0,0,0,0,0,0,0,0,0,0,0,0,0,109,219
170,85,2974,2823,2736,2810,3212,2882,2848,2877,0,0,0,0,0,0,0,0,0,0,0,0,0,0,0,0,0,0,0,0,0,0,0,0,0,0,0,248,219
170,85,2950,2806,2749,2803,3191,2880,2878,2859,0,0,0,0,0,0,0,0,0,0,0,0,0,0,0,0,0,0,0,0,0,0,0,0,0,0,0,229,219
170,85,2963,2802,2736,2830,3192,2847,2851,2863,0,0,0,0,0,0,0,0,0,0,0,0,0,0,0,0,0,0,0,0,0,0,0,0,0,0,0,76,219
170,85,2943,2815,2751,2815,3205,2853,2865,2875,0,0,0,0,0,0,0,0,0,0,0,0,0,0,0,0,0,0,0,0,0,0,0,0,0,0,0,147,219
170,85,2949,2798,2748,2803,3190,2881,2849,2858,0,0,0,0,0,0,0,0,0,0,0,0,0,0,0,0,0,0,0,0,0,0,0,0,0,0,0,225,219
170,85,2962,2805,2735,2816,3212,2871,2866,2860,0,0,0,0,0,0,0,0,0,0,0,0,0,0,0,0,0,0,0,0,0,0,0,0,0,0,0,149,219
170,85,2963,2813,2743,2826,3213,2870,2844,2875,0,0,0,0,0,0,0,0,0,0,0,0,0,0,0,0,0,0,0,0,0,0,0,0,0,0,0,183,219
170,85,2955,2812,2749,2809,3191,2868,2866,2881,0,0,0,0,0,0,0,0,0,0,0,0,0,0,0,0,0,0,0,0,0,0,0,0,0,0,0,250,219
170,85,2955,2803,2738,2809,3190,2870,2879,2867,0,0,0,0,0,0,0,0,0,0,0,0,0,0,0,0,0,0,0,0,0,0,0,0,0,0,0,134,219
170,85,2972,2791,2737,2827,3211,2853,2855,2872,0,0,0,0,0,0,0,0,0,0,0,0,0,0,0,0,0,0,0,0,0,0,0,0,0,0,0,136,219
170,85,2961,2800,2736,2810,3212,2870,2857,2884,0,0,0,0,0,0,0,0,0,0,0,0,0,0,0,0,0,0,0,0,0,0,0,0,0,0,0,5,219
170,85,2962,2822,2735,2816,3207,2869,2838,2857,0,0,0,0,0,0,0,0,0,0,0,0,0,0,0,0,0,0,0,0,0,0,0,0,0,0,0,79,219
170,85,2949,2810,2737,2804,3207,2852,2861,2874,0,0,0,0,0,0,0,0,0,0,0,0,0,0,0,0,0,0,0,0,0,0,0,0,0,0,0,119,219
170,85,2961,2804,2749,2815,3218,2868,2837,2858,0,0,0,0,0,0,0,0,0,0,0,0,0,0,0,0,0,0,0,0,0,0,0,0,0,0,0,71,219
170,85,2974,2803,2735,2815,3210,2870,2863,2866,0,0,0,0,0,0,0,0,0,0,0,0,0,0,0,0,0,0,0,0,0,0,0,0,0,0,0,101,219
170,85,2971,2798,2733,2796,3206,2869,2847,2873,0,0,0,0,0,0,0,0,0,0,0,0,0,0,0,0,0,0,0,0,0,0,0,0,0,0,0,88,219
170,85,2976,2795,2735,2801,3211,2873,2854,2866,0,0,0,0,0,0,0,0,0,0,0,0,0,0,0,0,0,0,0,0,0,0,0,0,0,0,0,74,219
170,85,2962,2811,2759,2816,3209,2877,2856,2868,0,0,0,0,0,0,0,0,0,0,0,0,0,0,0,0,0,0,0,0,0,0,0,0,0,0,0,254,218
170,85,2948,2806,2748,2827,3207,2851,2863,2858,0,0,0,0,0,0,0,0,0,0,0,0,0,0,0,0,0,0,0,0,0,0,0,0,0,0,0,156,219
170,85,2964,2802,2748,2800,3211,2851,2857,2872,0,0,0,0,0,0,0,0,0,0,0,0,0,0,0,0,0,0,0,0,0,0,0,0,0,0,0,106,218
170,85,2954,2809,2749,2815,3212,2851,2847,2866,0,0,0,0,0,0,0,0,0,0,0,0,0,0,0,0,0,0,0,0,0,0,0,0,0,0,0,74,218
170,85,2955,2805,2743,2816,3207,2863,2857,2870,0,0,0,0,0,0,0,0,0,0,0,0,0,0,0,0,0,0,0,0,0,0,0,0,0,0,0,134,218
170,85,2950,2805,2722,2829,3190,2853,2870,2856,0,0,0,0,0,0,0,0,0,0,0,0,0,0,0,0,0,0,0,0,0,0,0,0,0,0,0,105,218
170,85,2956,2798,2728,2815,3221,2851,2853,2865,0,0,0,0,0,0,0,0,0,0,0,0,0,0,0,0,0,0,0,0,0,0,0,0,0,0,0,110,219
170,85,2946,2797,2760,2803,3220,2869,2857,2857,0,0,0,0,0,0,0,0,0,0,0,0,0,0,0,0,0,0,0,0,0,0,0,0,0,0,0,12,218
170,85,2962,2799,2736,2804,3208,2855,2851,2857,0,0,0,0,0,0,0,0,0,0,0,0,0,0,0,0,0,0,0,0,0,0,0,0,0,0,0,101,218
170,85,2975,2813,2722,2815,3215,2851,2856,2858,0,0,0,0,0,0,0,0,0,0,0,0,0,0,0,0,0,0,0,0,0,0,0,0,0,0,0,104,218
170,85,2948,2800,2722,2826,3220,2845,2837,2857,0,0,0,0,0,0,0,0,0,0,0,0,0,0,0,0,0,0,0,0,0,0,0,0,0,0,0,145,218
170,85,2949,2811,2746,2794,3190,2868,2853,2878,0,0,0,0,0,0,0,0,0,0,0,0,0,0,0,0,0,0,0,0,0,0,0,0,0,0,0,142,218
170,85,2956,2812,2727,2815,3205,2850,2844,2873,0,0,0,0,0,0,0,0,0,0,0,0,0,0,0,0,0,0,0,0,0,0,0,0,0,0,0,83,219
170,85,2962,2824,2722,2803,3220,2879,2868,2875,0,0,0,0,0,0,0,0,0,0,0,0,0,0,0,0,0,0,0,0,0,0,0,0,0,0,0,151,219
170,85,2954,2798,2736,2809,3193,2869,2865,2881,0,0,0,0,0,0,0,0,0,0,0,0,0,0,0,0,0,0,0,0,0,0,0,0,0,0,0,232,219
170,85,2977,2813,2738,2814,3189,2881,2849,2886,0,0,0,0,0,0,0,0,0,0,0,0,0,0,0,0,0,0,0,0,0,0,0,0,0,0,0,186,219
170,85,2948,2825,2737,2804,3207,2870,2864,2859,0,0,0,0,0,0,0,0,0,0,0,0,0,0,0,0,0,0,0,0,0,0,0,0,0,0,0,154,219
170,85,2974,2813,2736,2815,3206,2854,2860,2886,0,0,0,0,0,0,0,0,0,0,0,0,0,0,0,0,0,0,0,0,0,0,0,0,0,0,0,31,219
170,85,2962,2813,2737,2814,3208,2853,2848,2856,0,0,0,0,0,0,0,0,0,0,0,0,0,0,0,0,0,0,0,0,0,0,0,0,0,0,0,124,219
170,85,2949,2800,2735,2815,3212,2863,2844,2873,0,0,0,0,0,0,0,0,0,0,0,0,0,0,0,0,0,0,0,0,0,0,0,0,0,0,0,90,219
170,85,2955,2823,2741,2803,3208,2869,2850,2868,0,0,0,0,0,0,0,0,0,0,0,0,0,0,0,0,0,0,0,0,0,0,0,0,0,0,0,153,219
170,85,2977,2791,2751,2814,3192,2869,2862,2853,0,0,0,0,0,0,0,0,0,0,0,0,0,0,0,0,0,0,0,0,0,0,0,0,0,0,0,184,219
170,85,2971,2811,2748,2804,3206,2854,2875,2877,0,0,0,0,0,0,0,0,0,0,0,0,0,0,0,0,0,0,0,0,0,0,0,0,0,0,0,119,219
170,85,2961,2812,2735,2814,3190,2870,2844,2878,0,0,0,0,0,0,0,0,0,0,0,0,0,0,0,0,0,0,0,0,0,0,0,0,0,0,0,167,219
170,85,2949,2799,2760,2826,3208,2857,2842,2885,0,0,0,0,0,0,0,0,0,0,0,0,0,0,0,0,0,0,0,0,0,0,0,0,0,0,0,174,219
170,85,2953,2821,2759,2814,3205,2863,2856,2884,0,0,0,0,0,0,0,0,0,0,0,0,0,0,0,0,0,0,0,0,0,0,0,0,0,0,0,139,219
170,85,2956,2798,2735,2816,3212,2854,2865,2875,0,0,0,0,0,0,0,0,0,0,0,0,0,0,0,0,0,0,0,0,0,0,0,0,0,0,0,149,219
170,85,2972,2824,2723,2827,3220,2863,2846,2860,0,0,0,0,0,0,0,0,0,0,0,0,0,0,0,0,0,0,0,0,0,0,0,0,0,0,0,76,219
170,85,2977,2805,2723,2803,3189,2854,2873,2869,0,0,0,0,0,0,0,0,0,0,0,0,0,0,0,0,0,0,0,0,0,0,0,0,0,0,0,162,219
170,85,2949,2800,2760,2821,3206,2869,2850,2876,0,0,0,0,0,0,0,0,0,0,0,0,0,0,0,0,0,0,0,0,0,0,0,0,0,0,0,237,219
170,85,2949,2805,2755,2828,3208,2853,2871,2878,0,0,0,0,0,0,0,0,0,0,0,0,0,0,0,0,0,0,0,0,0,0,0,0,0,0,0,227,219
170,85,2962,2801,2738,2814,3188,2853,2860,2877,0,0,0,0,0,0,0,0,0,0,0,0,0,0,0,0,0,0,0,0,0,0,0,0,0,0,0,150,219
170,85,2977,2814,2737,2815,3211,2845,2850,2875,0,0,0,0,0,0,0,0,0,0,0,0,0,0,0,0,0,0,0,0,0,0,0,0,0,0,0,103,219
170,85,2955,2811,2742,2815,3190,2853,2845,2859,0,0,0,0,0,0,0,0,0,0,0,0,0,0,0,0,0,0,0,0,0,0,0,0,0,0,0,165,219
170,85,2955,2813,2760,2803,3220,2852,2848,2880,0,0,0,0,0,0,0,0,0,0,0,0,0,0,0,0,0,0,0,0,0,0,0,0,0,0,0,100,219
170,85,2963,2790,2735,2803,3206,2851,2864,2872,0,0,0,0,0,0,0,0,0,0,0,0,0,0,0,0,0,0,0,0,0,0,0,0,0,0,0,125,219
170,85,2956,2813,2735,2816,3209,2852,2845,2875,0,0,0,0,0,0,0,0,0,0,0,0,0,0,0,0,0,0,0,0,0,0,0,0,0,0,0,173,219
170,85,2977,2800,2737,2800,3207,2872,2854,2862,0,0,0,0,0,0,0,0,0,0,0,0,0,0,0,0,0,0,0,0,0,0,0,0,0,0,0,94,219
170,85,2962,2811,2750,2817,3205,2852,2851,2879,0,0,0,0,0,0,0,0,0,0,0,0,0,0,0,0,0,0,0,0,0,0,0,0,0,0,0,147,219
170,85,2961,2812,2734,2816,3218,2871,2849,2874,0,0,0,0,0,0,0,0,0,0,0,0,0,0,0,0,0,0,0,0,0,0,0,0,0,0,0,133,219
170,85,2956,2807,2738,2816,3218,2870,2865,2876,0,0,0,0,0,0,0,0,0,0,0,0,0,0,0,0,0,0,0,0,0,0,0,0,0,0,0,152,219
170,85,2962,2793,2734,2816,3206,2868,2840,2858,0,0,0,0,0,0,0,0,0,0,0,0,0,0,0,0,0,0,0,0,0,0,0,0,0,0,0,173,219
170,85,2944,2823,2736,2815,3218,2867,2838,2886,0,0,0,0,0,0,0,0,0,0,0,0,0,0,0,0,0,0,0,0,0,0,0,0,0,0,0,193,219
170,85,2971,2804,2747,2815,3193,2845,2855,2857,0,0,0,0,0,0,0,0,0,0,0,0,0,0,0,0,0,0,0,0,0,0,0,0,0,0,0,184,218
170,85,2957,2798,2745,2801,3211,2868,2859,2886,0,0,0,0,0,0,0,0,0,0,0,0,0,0,0,0,0,0,0,0,0,0,0,0,0,0,0,0,218
170,85,2955,2813,2735,2802,3190,2852,2868,2861,0,0,0,0,0,0,0,0,0,0,0,0,0,0,0,0,0,0,0,0,0,0,0,0,0,0,0,153,218
170,85,2947,2820,2736,2813,3204,2870,2846,2857,0,0,0,0,0,0,0,0,0,0,0,0,0,0,0,0,0,0,0,0,0,0,0,0,0,0,0,183,218
170,85,2948,2798,2735,2826,3218,2853,2854,2860,0,0,0,0,0,0,0,0,0,0,0,0,0,0,0,0,0,0,0,0,0,0,0,0,0,0,0,138,218
170,85,2973,2798,2738,2815,3216,2880,2857,2857,0,0,0,0,0,0,0,0,0,0,0,0,0,0,0,0,0,0,0,0,0,0,0,0,0,0,0,23,218
170,85,2955,2788,2722,2815,3209,2845,2866,2879,0,0,0,0,0,0,0,0,0,0,0,0,0,0,0,0,0,0,0,0,0,0,0,0,0,0,0,82,219
170,85,2972,2803,2736,2826,3219,2871,2864,2875,0,0,0,0,0,0,0,0,0,0,0,0,0,0,0,0,0,0,0,0,0,0,0,0,0,0,0,130,218
170,85,2942,2822,2735,2816,3205,2854,2866,2862,0,0,0,0,0,0,0,0,0,0,0,0,0,0,0,0,0,0,0,0,0,0,0,0,0,0,0,145,219
170,85,2978,2799,2761,2802,3205,2854,2866,2891,0,0,0,0,0,0,0,0,0,0,0,0,0,0,0,0,0,0,0,0,0,0,0,0,0,0,0,85,219
170,85,2955,2801,2735,2827,3205,2852,2850,2858,0,0,0,0,0,0,0,0,0,0,0,0,0,0,0,0,0,0,0,0,0,0,0,0,0,0,0,143,219
170,85,2952,2812,2749,2826,3211,2866,2841,2875,0,0,0,0,0,0,0,0,0,0,0,0,0,0,0,0,0,0,0,0,0,0,0,0,0,0,0,160,219
170,85,2949,2812,2747,2807,3206,2850,2876,2873,0,0,0,0,0,0,0,0,0,0,0,0,0,0,0,0,0,0,0,0,0,0,0,0,0,0,0,109,219
170,85,2961,2811,2746,2812,3212,2868,2836,2864,0,0,0,0,0,0,0,0,0,0,0,0,0,0,0,0,0,0,0,0,0,0,0,0,0,0,0,73,219
170,85,2948,2798,2745,2811,3212,2853,2868,2872,0,0,0,0,0,0,0,0,0,0,0,0,0,0,0,0,0,0,0,0,0,0,0,0,0,0,0,116,219
170,85,2953,2802,2735,2811,3218,2851,2830,2874,0,0,0,0,0,0,0,0,0,0,0,0,0,0,0,0,0,0,0,0,0,0,0,0,0,0,0,83,219
170,85,2954,2796,2735,2824,3190,2850,2867,2858,0,0,0,0,0,0,0,0,0,0,0,0,0,0,0,0,0,0,0,0,0,0,0,0,0,0,0,116,219
170,85,2972,2809,2749,2808,3212,2850,2854,2886,0,0,0,0,0,0,0,0,0,0,0,0,0,0,0,0,0,0,0,0,0,0,0,0,0,0,0,23,219
170,85,2949,2803,2745,2823,3210,2867,2854,2872,0,0,0,0,0,0,0,0,0,0,0,0,0,0,0,0,0,0,0,0,0,0,0,0,0,0,0,151,219
170,85,2948,2797,2747,2802,3213,2866,2846,2874,0,0,0,0,0,0,0,0,0,0,0,0,0,0,0,0,0,0,0,0,0,0,0,0,0,0,0,66,219
170,85,2954,2810,2749,2812,3206,2874,2848,2873,0,0,0,0,0,0,0,0,0,0,0,0,0,0,0,0,0,0,0,0,0,0,0,0,0,0,0,109,219
170,85,2948,2788,2733,2802,3206,2863,2840,2873,0,0,0,0,0,0,0,0,0,0,0,0,0,0,0,0,0,0,0,0,0,0,0,0,0,0,0,78,218
170,85,2976,2802,2748,2813,3214,2871,2837,2873,0,0,0,0,0,0,0,0,0,0,0,0,0,0,0,0,0,0,0,0,0,0,0,0,0,0,0,127,218
170,85,2956,2811,2748,2814,3219,2868,2854,2872,0,0,0,0,0,0,0,0,0,0,0,0,0,0,0,0,0,0,0,0,0,0,0,0,0,0,0,117,218
170,85,2955,2796,2748,2815,3219,2853,2849,2857,0,0,0,0,0,0,0,0,0,0,0,0,0,0,0,0,0,0,0,0,0,0,0,0,0,0,0,99,218
170,85,2962,2804,2734,2813,3237,2869,2839,2886,0,0,0,0,0,0,0,0,0,0,0,0,0,0,0,0,0,0,0,0,0,0,0,0,0,0,0,13,218
170,85,2956,2811,2735,2806,3230,2869,2857,2873,0,0,0,0,0,0,0,0,0,0,0,0,0,0,0,0,0,0,0,0,0,0,0,0,0,0,0,108,218
170,85,2973,2796,2747,2823,3207,2851,2867,2853,0,0,0,0,0,0,0,0,0,0,0,0,0,0,0,0,0,0,0,0,0,0,0,0,0,0,0,135,218
170,85,2961,2802,2735,2814,3188,2868,2836,2875,0,0,0,0,0,0,0,0,0,0,0,0,0,0,0,0,0,0,0,0,0,0,0,0,0,0,0,164,218
170,85,2961,2810,2735,2801,3220,2879,2861,2854,0,0,0,0,0,0,0,0,0,0,0,0,0,0,0,0,0,0,0,0,0,0,0,0,0,0,0,108,218
170,85,2947,2796,2747,2823,3222,2869,2856,2856,0,0,0,0,0,0,0,0,0,0,0,0,0,0,0,0,0,0,0,0,0,0,0,0,0,0,0,136,218
170,85,2961,2787,2734,2813,3211,2878,2856,2880,0,0,0,0,0,0,0,0,0,0,0,0,0,0,0,0,0,0,0,0,0,0,0,0,0,0,0,5,218
170,85,2955,2794,2719,2812,3187,2862,2854,2858,0,0,0,0,0,0,0,0,0,0,0,0,0,0,0,0,0,0,0,0,0,0,0,0,0,0,0,170,218
170,85,2960,2803,2735,2798,3221,2868,2835,2864,0,0,0,0,0,0,0,0,0,0,0,0,0,0,0,0,0,0,0,0,0,0,0,0,0,0,0,89,218
170,85,2962,2820,2739,2800,3197,2861,2854,2871,0,0,0,0,0,0,0,0,0,0,0,0,0,0,0,0,0,0,0,0,0,0,0,0,0,0,0,108,218
170,85,2952,2796,2735,2800,3207,2853,2840,2874,0,0,0,0,0,0,0,0,0,0,0,0,0,0,0,0,0,0,0,0,0,0,0,0,0,0,0,66,218
170,85,2976,2802,2736,2807,3207,2868,2856,2880,0,0,0,0,0,0,0,0,0,0,0,0,0,0,0,0,0,0,0,0,0,0,0,0,0,0,0,55,219
170,85,2962,2797,2736,2828,3220,2853,2844,2875,0,0,0,0,0,0,0,0,0,0,0,0,0,0,0,0,0,0,0,0,0,0,0,0,0,0,0,173,219
170,85,2949,2824,2759,2816,3230,2845,2844,2874,0,0,0,0,0,0,0,0,0,0,0,0,0,0,0,0,0,0,0,0,0,0,0,0,0,0,0,22,219
170,85,2961,2798,2722,2828,3208,2870,2866,2859,0,0,0,0,0,0,0,0,0,0,0,0,0,0,0,0,0,0,0,0,0,0,0,0,0,0,0,142,219
