170,85,3151,2809,2854,2871,12466,4229,3123,3251,0,0,0,0,0,0,0,0,0,0,0,0,0,0,0,0,0,0,0,0,0,0,0,0,0,0,0,201,223
170,85,3131,2867,2843,2810,12483,4094,3125,3258,0,0,0,0,0,0,0,0,0,0,0,0,0,0,0,0,0,0,0,0,0,0,0,0,0,0,0,157,238
170,85,3139,2859,2830,2841,12484,4049,3118,3263,0,0,0,0,0,0,0,0,0,0,0,0,0,0,0,0,0,0,0,0,0,0,0,0,0,0,0,60,240
170,85,3150,2878,2832,2843,12504,4042,3132,3269,0,0,0,0,0,0,0,0,0,0,0,0,0,0,0,0,0,0,0,0,0,0,0,0,0,0,0,87,239
170,85,3151,2860,2851,2811,12506,4076,3120,3242,0,0,0,0,0,0,0,0,0,0,0,0,0,0,0,0,0,0,0,0,0,0,0,0,0,0,0,209,241
170,85,3145,2873,2882,2814,12511,4044,3127,3273,0,0,0,0,0,0,0,0,0,0,0,0,0,0,0,0,0,0,0,0,0,0,0,0,0,0,0,231,240
170,85,3143,2855,2877,2849,12528,4031,3112,3270,0,0,0,0,0,0,0,0,0,0,0,0,0,0,0,0,0,0,0,0,0,0,0,0,0,0,0,26,242
170,85,3137,2881,2831,2844,12517,4046,3114,3258,0,0,0,0,0,0,0,0,0,0,0,0,0,0,0,0,0,0,0,0,0,0,0,0,0,0,0,111,241
170,85,3143,2893,2832,2851,12532,4040,3122,3260,0,0,0,0,0,0,0,0,0,0,0,0,0,0,0,0,0,0,0,0,0,0,0,0,0,0,0,76,242
170,85,3129,2858,2864,2844,12535,4039,3117,3266,0,0,0,0,0,0,0,0,0,0,0,0,0,0,0,0,0,0,0,0,0,0,0,0,0,0,0,39,241
170,85,3119,2872,2863,2809,12533,4041,3121,3241,0,0,0,0,0,0,0,0,0,0,0,0,0,0,0,0,0,0,0,0,0,0,0,0,0,0,0,163,242
170,85,3148,2870,2855,2850,12543,4044,3121,3233,0,0,0,0,0,0,0,0,0,0,0,0,0,0,0,0,0,0,0,0,0,0,0,0,0,0,0,27,241
170,85,3129,2881,2851,2823,12538,4018,3118,3275,0,0,0,0,0,0,0,0,0,0,0,0,0,0,0,0,0,0,0,0,0,0,0,0,0,0,0,54,243
170,85,3136,2889,2864,2823,12552,4021,3114,3261,0,0,0,0,0,0,0,0,0,0,0,0,0,0,0,0,0,0,0,0,0,0,0,0,0,0,0,210,241
170,85,3154,2895,2878,2836,12542,4056,3127,3264,0,0,0,0,0,0,0,0,0,0,0,0,0,0,0,0,0,0,0,0,0,0,0,0,0,0,0,33,243
170,85,3136,2893,2874,2847,12535,4019,3114,3253,0,0,0,0,0,0,0,0,0,0,0,0,0,0,0,0,0,0,0,0,0,0,0,0,0,0,0,52,241
170,85,3152,2871,2851,2836,12543,4055,3120,3247,0,0,0,0,0,0,0,0,0,0,0,0,0,0,0,0,0,0,0,0,0,0,0,0,0,0,0,32,241
170,85,3151,2895,2831,2843,12539,4044,3137,3263,0,0,0,0,0,0,0,0,0,0,0,0,0,0,0,0,0,0,0,0,0,0,0,0,0,0,0,26,243
170,85,3131,2863,2831,2829,12542,4043,3120,3266,0,0,0,0,0,0,0,0,0,0,0,0,0,0,0,0,0,0,0,0,0,0,0,0,0,0,0,22,241
170,85,3144,2895,2863,2849,12552,4040,3119,3263,0,0,0,0,0,0,0,0,0,0,0,0,0,0,0,0,0,0,0,0,0,0,0,0,0,0,0,159,243
170,85,3151,2873,2831,2820,12548,4013,3112,3266,0,0,0,0,0,0,0,0,0,0,0,0,0,0,0,0,0,0,0,0,0,0,0,0,0,0,0,248,241
170,85,3135,2882,2863,2836,12549,4016,3146,3251,0,0,0,0,0,0,0,0,0,0,0,0,0,0,0,0,0,0,0,0,0,0,0,0,0,0,0,204,241
170,85,3152,2856,2829,2828,12553,4042,3142,3261,0,0,0,0,0,0,0,0,0,0,0,0,0,0,0,0,0,0,0,0,0,0,0,0,0,0,0,135,241
170,85,3130,2883,2876,2806,12545,4044,3113,3268,0,0,0,0,0,0,0,0,0,0,0,0,0,0,0,0,0,0,0,0,0,0,0,0,0,0,0,84,241
170,85,3154,2884,2862,2837,12537,4041,3114,3245,0,0,0,0,0,0,0,0,0,0,0,0,0,0,0,0,0,0,0,0,0,0,0,0,0,0,0,93,241
170,85,3152,2856,2831,2836,12527,4060,3113,3267,0,0,0,0,0,0,0,0,0,0,0,0,0,0,0,0,0,0,0,0,0,0,0,0,0,0,0,125,241
170,85,3149,2870,2863,2848,12534,4049,3114,3238,0,0,0,0,0,0,0,0,0,0,0,0,0,0,0,0,0,0,0,0,0,0,0,0,0,0,0,24,241
170,85,3150,2896,2870,2843,12547,4053,3143,3266,0,0,0,0,0,0,0,0,0,0,0,0,0,0,0,0,0,0,0,0,0,0,0,0,0,0,0,166,241
170,85,3119,2871,2850,2843,12538,4039,3122,3269,0,0,0,0,0,0,0,0,0,0,0,0,0,0,0,0,0,0,0,0,0,0,0,0,0,0,0,44,241
170,85,3130,2854,2852,2834,12522,4017,3120,3258,0,0,0,0,0,0,0,0,0,0,0,0,0,0,0,0,0,0,0,0,0,0,0,0,0,0,0,60,241
170,85,3154,2895,2876,2827,12536,4041,3120,3260,0,0,0,0,0,0,0,0,0,0,0,0,0,0,0,0,0,0,0,0,0,0,0,0,0,0,0,80,241
170,85,3142,2896,2861,2810,12518,4018,3120,3234,0,0,0,0,0,0,0,0,0,0,0,0,0,0,0,0,0,0,0,0,0,0,0,0,0,0,0,193,241
170,85,3149,2883,2854,2844,12535,4041,3121,3263,0,0,0,0,0,0,0,0,0,0,0,0,0,0,0,0,0,0,0,0,0,0,0,0,0,0,0,67,243
170,85,3131,2893,2830,2828,12530,4053,3117,3247,0,0,0,0,0,0,0,0,0,0,0,0,0,0,0,0,0,0,0,0,0,0,0,0,0,0,0,22,241
170,85,3148,2874,2830,2811,12527,4042,3145,3255,0,0,0,0,0,0,0,0,0,0,0,0,0,0,0,0,0,0,0,0,0,0,0,0,0,0,0,158,241
170,85,3153,2856,2863,2834,12527,4042,3144,3259,0,0,0,0,0,0,0,0,0,0,0,0,0,0,0,0,0,0,0,0,0,0,0,0,0,0,0,85,241
170,85,3152,2856,2861,2842,12529,4039,3119,3239,0,0,0,0,0,0,0,0,0,0,0,0,0,0,0,0,0,0,0,0,0,0,0,0,0,0,0,54,241
170,85,3135,2858,2862,2849,12531,4039,3122,3264,0,0,0,0,0,0,0,0,0,0,0,0,0,0,0,0,0,0,0,0,0,0,0,0,0,0,0,27,241
170,85,3149,2844,2862,2850,12525,4018,3119,3245,0,0,0,0,0,0,0,0,0,0,0,0,0,0,0,0,0,0,0,0,0,0,0,0,0,0,0,71,241
170,85,3131,2882,2851,2830,12516,4044,3138,3242,0,0,0,0,0,0,0,0,0,0,0,0,0,0,0,0,0,0,0,0,0,0,0,0,0,0,0,83,243
170,85,3143,2888,2830,2827,12516,4048,3137,3230,0,0,0,0,0,0,0,0,0,0,0,0,0,0,0,0,0,0,0,0,0,0,0,0,0,0,0,38,241
170,85,3152,2892,2877,2842,12518,4056,3107,3242,0,0,0,0,0,0,0,0,0,0,0,0,0,0,0,0,0,0,0,0,0,0,0,0,0,0,0,75,241
170,85,3131,2882,2863,2843,12518,4037,3114,3272,0,0,0,0,0,0,0,0,0,0,0,0,0,0,0,0,0,0,0,0,0,0,0,0,0,0,0,75,241
170,85,3151,2895,2852,2836,12506,4041,3123,3238,0,0,0,0,0,0,0,0,0,0,0,0,0,0,0,0,0,0,0,0,0,0,0,0,0,0,0,113,241
170,85,3148,2896,2877,2823,12526,4040,3147,3271,0,0,0,0,0,0,0,0,0,0,0,0,0,0,0,0,0,0,0,0,0,0,0,0,0,0,0,75,241
170,85,3130,2874,2831,2842,12510,4041,3142,3254,0,0,0,0,0,0,0,0,0,0,0,0,0,0,0,0,0,0,0,0,0,0,0,0,0,0,0,53,241
170,85,3143,2884,2870,2844,12518,4042,3141,3261,0,0,0,0,0,0,0,0,0,0,0,0,0,0,0,0,0,0,0,0,0,0,0,0,0,0,0,58,241
170,85,3130,2842,2851,2810,12515,4016,3141,3241,0,0,0,0,0,0,0,0,0,0,0,0,0,0,0,0,0,0,0,0,0,0,0,0,0,0,0,128,241
170,85,3129,2861,2863,2837,12512,4057,3131,3264,0,0,0,0,0,0,0,0,0,0,0,0,0,0,0,0,0,0,0,0,0,0,0,0,0,0,0,43,241
170,85,3157,2874,2864,2836,12502,4039,3120,3269,0,0,0,0,0,0,0,0,0,0,0,0,0,0,0,0,0,0,0,0,0,0,0,0,0,0,0,104,241
170,85,3157,2895,2877,2824,12533,4039,3119,3259,0,0,0,0,0,0,0,0,0,0,0,0,0,0,0,0,0,0,0,0,0,0,0,0,0,0,0,78,241
170,85,3153,2845,2850,2824,12509,4054,3143,3263,0,0,0,0,0,0,0,0,0,0,0,0,0,0,0,0,0,0,0,0,0,0,0,0,0,0,0,82,241
170,85,3145,2896,2863,2823,12508,4019,3137,3260,0,0,0,0,0,0,0,0,0,0,0,0,0,0,0,0,0,0,0,0,0,0,0,0,0,0,0,100,241
170,85,3130,2863,2856,2843,12510,4045,3122,3258,0,0,0,0,0,0,0,0,0,0,0,0,0,0,0,0,0,0,0,0,0,0,0,0,0,0,0,122,241
170,85,3155,2885,2850,2837,12507,4039,3144,3259,0,0,0,0,0,0,0,0,0,0,0,0,0,0,0,0,0,0,0,0,0,0,0,0,0,0,0,9,241
170,85,3151,2895,2862,2849,12522,4041,3119,3262,0,0,0,0,0,0,0,0,0,0,0,0,0,0,0,0,0,0,0,0,0,0,0,0,0,0,0,122,241
170,85,3122,2881,2869,2843,12505,4018,3142,3258,0,0,0,0,0,0,0,0,0,0,0,0,0,0,0,0,0,0,0,0,0,0,0,0,0,0,0,13,241
170,85,3150,2869,2831,2840,12503,4017,3114,3261,0,0,0,0,0,0,0,0,0,0,0,0,0,0,0,0,0,0,0,0,0,0,0,0,0,0,0,90,241
170,85,3143,2883,2852,2824,12503,4042,3109,3237,0,0,0,0,0,0,0,0,0,0,0,0,0,0,0,0,0,0,0,0,0,0,0,0,0,0,0,114,241
170,85,3119,2872,2860,2823,12513,4017,3120,3231,0,0,0,0,0,0,0,0,0,0,0,0,0,0,0,0,0,0,0,0,0,0,0,0,0,0,0,4,241
170,85,3148,2833,2843,2828,12505,4042,3121,3272,0,0,0,0,0,0,0,0,0,0,0,0,0,0,0,0,0,0,0,0,0,0,0,0,0,0,0,103,241
170,85,3152,2874,2866,2821,12526,4032,3144,3251,0,0,0,0,0,0,0,0,0,0,0,0,0,0,0,0,0,0,0,0,0,0,0,0,0,0,0,79,241
170,85,3151,2897,2869,2837,12505,4041,3127,3234,0,0,0,0,0,0,0,0,0,0,0,0,0,0,0,0,0,0,0,0,0,0,0,0,0,0,0,124,241
170,85,3153,2894,2876,2811,12502,4036,3114,3236,0,0,0,0,0,0,0,0,0,0,0,0,0,0,0,0,0,0,0,0,0,0,0,0,0,0,0,130,241
170,85,3158,2891,2852,2817,12520,4039,3143,3247,0,0,0,0,0,0,0,0,0,0,0,0,0,0,0,0,0,0,0,0,0,0,0,0,0,0,0,56,243
170,85,3130,2873,2875,2830,12510,4040,3115,3242,0,0,0,0,0,0,0,0,0,0,0,0,0,0,0,0,0,0,0,0,0,0,0,0,0,0,0,102,241
170,85,3159,2856,2876,2849,12510,4043,3143,3259,0,0,0,0,0,0,0,0,0,0,0,0,0,0,0,0,0,0,0,0,0,0,0,0,0,0,0,76,241
170,85,3149,2860,2867,2849,12500,4039,3126,3270,0,0,0,0,0,0,0,0,0,0,0,0,0,0,0,0,0,0,0,0,0,0,0,0,0,0,0,87,241
170,85,3137,2894,2877,2823,12515,4052,3131,3262,0,0,0,0,0,0,0,0,0,0,0,0,0,0,0,0,0,0,0,0,0,0,0,0,0,0,0,64,243
170,85,3155,2846,2850,2812,12499,4039,3137,3246,0,0,0,0,0,0,0,0,0,0,0,0,0,0,0,0,0,0,0,0,0,0,0,0,0,0,0,174,241
170,85,3152,2872,2854,2810,12495,4062,3142,3261,0,0,0,0,0,0,0,0,0,0,0,0,0,0,0,0,0,0,0,0,0,0,0,0,0,0,0,152,241
170,85,3152,2869,2839,2849,12487,4040,3122,3257,0,0,0,0,0,0,0,0,0,0,0,0,0,0,0,0,0,0,0,0,0,0,0,0,0,0,0,16,241
170,85,3149,2895,2862,2848,12495,4038,3115,3264,0,0,0,0,0,0,0,0,0,0,0,0,0,0,0,0,0,0,0,0,0,0,0,0,0,0,0,41,243
170,85,3149,2868,2877,2848,12488,4017,3112,3263,0,0,0,0,0,0,0,0,0,0,0,0,0,0,0,0,0,0,0,0,0,0,0,0,0,0,0,77,241
170,85,3151,2864,2821,2856,12494,4041,3114,3235,0,0,0,0,0,0,0,0,0,0,0,0,0,0,0,0,0,0,0,0,0,0,0,0,0,0,0,27,241
170,85,3166,2845,2852,2850,12485,4057,3132,3271,0,0,0,0,0,0,0,0,0,0,0,0,0,0,0,0,0,0,0,0,0,0,0,0,0,0,0,101,241
170,85,3145,2845,2863,2823,12493,4033,3144,3235,0,0,0,0,0,0,0,0,0,0,0,0,0,0,0,0,0,0,0,0,0,0,0,0,0,0,0,92,241
170,85,3136,2874,2863,2836,12492,4040,3145,3265,0,0,0,0,0,0,0,0,0,0,0,0,0,0,0,0,0,0,0,0,0,0,0,0,0,0,0,10,241
170,85,3166,2894,2876,2849,12482,4018,3115,3248,0,0,0,0,0,0,0,0,0,0,0,0,0,0,0,0,0,0,0,0,0,0,0,0,0,0,0,33,241
170,85,3151,2873,2851,2841,12483,4051,3121,3264,0,0,0,0,0,0,0,0,0,0,0,0,0,0,0,0,0,0,0,0,0,0,0,0,0,0,0,106,243
170,85,3131,2897,2860,2834,12491,4058,3118,3257,0,0,0,0,0,0,0,0,0,0,0,0,0,0,0,0,0,0,0,0,0,0,0,0,0,0,0,21,241
170,85,3156,2894,2830,2836,12494,4043,3123,3268,0,0,0,0,0,0,0,0,0,0,0,0,0,0,0,0,0,0,0,0,0,0,0,0,0,0,0,53,241
170,85,3136,2890,2830,2841,12498,4019,3137,3261,0,0,0,0,0,0,0,0,0,0,0,0,0,0,0,0,0,0,0,0,0,0,0,0,0,0,0,71,241
170,85,3152,2874,2828,2849,12502,4042,3122,3253,0,0,0,0,0,0,0,0,0,0,0,0,0,0,0,0,0,0,0,0,0,0,0,0,0,0,0,27,241
170,85,3159,2889,2830,2845,12486,4039,3120,3263,0,0,0,0,0,0,0,0,0,0,0,0,0,0,0,0,0,0,0,0,0,0,0,0,0,0,0,68,241
170,85,3153,2885,2862,2841,12490,4042,3121,3269,0,0,0,0,0,0,0,0,0,0,0,0,0,0,0,0,0,0,0,0,0,0,0,0,0,0,0,16,241
170,85,3153,2846,2863,2841,12495,4039,3121,3230,0,0,0,0,0,0,0,0,0,0,0,0,0,0,0,0,0,0,0,0,0,0,0,0,0,0,0,25,241
170,85,3149,2896,2823,2842,12490,4017,3124,3263,0,0,0,0,0,0,0,0,0,0,0,0,0,0,0,0,0,0,0,0,0,0,0,0,0,0,0,55,241
170,85,3150,2883,2853,2857,12497,4043,3128,3271,0,0,0,0,0,0,0,0,0,0,0,0,0,0,0,0,0,0,0,0,0,0,0,0,0,0,0,35,241
170,85,3166,2880,2877,2849,12485,4038,3120,3258,0,0,0,0,0,0,0,0,0,0,0,0,0,0,0,0,0,0,0,0,0,0,0,0,0,0,0,76,241
170,85,3151,2894,2869,2842,12486,4053,3143,3267,0,0,0,0,0,0,0,0,0,0,0,0,0,0,0,0,0,0,0,0,0,0,0,0,0,0,0,126,241
170,85,3152,2874,2852,2840,12494,4019,3122,3260,0,0,0,0,0,0,0,0,0,0,0,0,0,0,0,0,0,0,0,0,0,0,0,0,0,0,0,98,241
170,85,3148,2858,2855,2821,12486,4038,3139,3242,0,0,0,0,0,0,0,0,0,0,0,0,0,0,0,0,0,0,0,0,0,0,0,0,0,0,0,106,241
170,85,3149,2895,2862,2851,12486,4041,3116,3269,0,0,0,0,0,0,0,0,0,0,0,0,0,0,0,0,0,0,0,0,0,0,0,0,0,0,0,46,241
170,85,3149,2858,2862,2848,12479,4042,3138,3247,0,0,0,0,0,0,0,0,0,0,0,0,0,0,0,0,0,0,0,0,0,0,0,0,0,0,0,54,241
170,85,3150,2892,2843,2830,12477,4044,3124,3247,0,0,0,0,0,0,0,0,0,0,0,0,0,0,0,0,0,0,0,0,0,0,0,0,0,0,0,58,241
170,85,3150,2873,2877,2835,12492,4039,3116,3260,0,0,0,0,0,0,0,0,0,0,0,0,0,0,0,0,0,0,0,0,0,0,0,0,0,0,0,5,241
170,85,3153,2884,2877,2837,12488,4018,3121,3247,0,0,0,0,0,0,0,0,0,0,0,0,0,0,0,0,0,0,0,0,0,0,0,0,0,0,0,30,241
170,85,3150,2889,2862,2841,12473,4072,3115,3268,0,0,0,0,0,0,0,0,0,0,0,0,0,0,0,0,0,0,0,0,0,0,0,0,0,0,0,73,243
170,85,3152,2857,2875,2850,12500,4027,3110,3236,0,0,0,0,0,0,0,0,0,0,0,0,0,0,0,0,0,0,0,0,0,0,0,0,0,0,0,74,241
170,85,3121,2873,2849,2838,12481,4039,3109,3267,0,0,0,0,0,0,0,0,0,0,0,0,0,0,0,0,0,0,0,0,0,0,0,0,0,0,0,24,241
170,85,3152,2873,2862,2825,12471,4038,3113,3258,0,0,0,0,0,0,0,0,0,0,0,0,0,0,0,0,0,0,0,0,0,0,0,0,0,0,0,107,241
170,85,3150,2842,2843,2851,12476,4039,3144,3259,0,0,0,0,0,0,0,0,0,0,0,0,0,0,0,0,0,0,0,0,0,0,0,0,0,0,0,35,241
170,85,3135,2859,2863,2843,12492,4054,3138,3253,0,0,0,0,0,0,0,0,0,0,0,0,0,0,0,0,0,0,0,0,0,0,0,0,0,0,0,10,241
170,85,3150,2873,2876,2822,12471,4055,3138,3236,0,0,0,0,0,0,0,0,0,0,0,0,0,0,0,0,0,0,0,0,0,0,0,0,0,0,0,12,241
170,85,3136,2888,2855,2825,12478,4017,3118,3240,0,0,0,0,0,0,0,0,0,0,0,0,0,0,0,0,0,0,0,0,0,0,0,0,0,0,0,104,241
170,85,3150,2872,2876,2845,12485,4039,3149,3235,0,0,0,0,0,0,0,0,0,0,0,0,0,0,0,0,0,0,0,0,0,0,0,0,0,0,0,124,241
170,85,3145,2858,2862,2840,12481,4038,3122,3264,0,0,0,0,0,0,0,0,0,0,0,0,0,0,0,0,0,0,0,0,0,0,0,0,0,0,0,103,241
170,85,3154,2874,2853,2823,12472,4018,3128,3264,0,0,0,0,0,0,0,0,0,0,0,0,0,0,0,0,0,0,0,0,0,0,0,0,0,0,0,127,241
170,85,3155,2886,2846,2834,12483,4053,3121,3261,0,0,0,0,0,0,0,0,0,0,0,0,0,0,0,0,0,0,0,0,0,0,0,0,0,0,0,68,241
170,85,3130,2882,2863,2844,12474,4041,3119,3264,0,0,0,0,0,0,0,0,0,0,0,0,0,0,0,0,0,0,0,0,0,0,0,0,0,0,0,16,241
170,85,3131,2867,2851,2825,12470,4038,3115,3241,0,0,0,0,0,0,0,0,0,0,0,0,0,0,0,0,0,0,0,0,0,0,0,0,0,0,0,23,242
170,85,3131,2892,2851,2810,12467,4017,3114,3262,0,0,0,0,0,0,0,0,0,0,0,0,0,0,0,0,0,0,0,0,0,0,0,0,0,0,0,254,241
170,85,3149,2872,2832,2807,12472,4043,3120,3262,0,0,0,0,0,0,0,0,0,0,0,0,0,0,0,0,0,0,0,0,0,0,0,0,0,0,0,169,241
170,85,3161,2858,2868,2836,12482,4020,3138,3267,0,0,0,0,0,0,0,0,0,0,0,0,0,0,0,0,0,0,0,0,0,0,0,0,0,0,0,99,241
170,85,3135,2857,2829,2841,12478,4039,3143,3247,0,0,0,0,0,0,0,0,0,0,0,0,0,0,0,0,0,0,0,0,0,0,0,0,0,0,0,84,241
170,85,3150,2882,2843,2815,12490,4034,3123,3256,0,0,0,0,0,0,0,0,0,0,0,0,0,0,0,0,0,0,0,0,0,0,0,0,0,0,0,173,241
170,85,3149,2890,2830,2810,12471,4018,3139,3254,0,0,0,0,0,0,0,0,0,0,0,0,0,0,0,0,0,0,0,0,0,0,0,0,0,0,0,197,241
170,85,3143,2858,2824,2849,12467,4041,3145,3264,0,0,0,0,0,0,0,0,0,0,0,0,0,0,0,0,0,0,0,0,0,0,0,0,0,0,0,112,243
170,85,3152,2858,2851,2841,12470,4021,3137,3272,0,0,0,0,0,0,0,0,0,0,0,0,0,0,0,0,0,0,0,0,0,0,0,0,0,0,0,13,241
170,85,3150,2874,2838,2841,12472,4036,3122,3237,0,0,0,0,0,0,0,0,0,0,0,0,0,0,0,0,0,0,0,0,0,0,0,0,0,0,0,87,241
170,85,3150,2896,2868,2829,12468,4017,3151,3260,0,0,0,0,0,0,0,0,0,0,0,0,0,0,0,0,0,0,0,0,0,0,0,0,0,0,0,22,241
170,85,3151,2857,2843,2848,12465,4041,3139,3271,0,0,0,0,0,0,0,0,0,0,0,0,0,0,0,0,0,0,0,0,0,0,0,0,0,0,0,102,241
170,85,3130,2843,2854,2828,12471,4059,3129,3271,0,0,0,0,0,0,0,0,0,0,0,0,0,0,0,0,0,0,0,0,0,0,0,0,0,0,0,94,242
170,85,3132,2873,2853,2843,12486,4039,3150,3267,0,0,0,0,0,0,0,0,0,0,0,0,0,0,0,0,0,0,0,0,0,0,0,0,0,0,0,112,242
170,85,3131,2847,2850,2844,12481,4019,3121,3266,0,0,0,0,0,0,0,0,0,0,0,0,0,0,0,0,0,0,0,0,0,0,0,0,0,0,0,92,242
170,85,3133,2859,2837,2812,12478,4040,3148,3241,0,0,0,0,0,0,0,0,0,0,0,0,0,0,0,0,0,0,0,0,0,0,0,0,0,0,0,170,241
170,85,3157,2875,2869,2843,12465,4049,3144,3269,0,0,0,0,0,0,0,0,0,0,0,0,0,0,0,0,0,0,0,0,0,0,0,0,0,0,0,106,242
170,85,3151,2889,2862,2829,12465,4043,3138,3240,0,0,0,0,0,0,0,0,0,0,0,0,0,0,0,0,0,0,0,0,0,0,0,0,0,0,0,114,242
170,85,3157,2899,2829,2824,12471,4039,3144,3265,0,0,0,0,0,0,0,0,0,0,0,0,0,0,0,0,0,0,0,0,0,0,0,0,0,0,0,61,242
170,85,3150,2872,2844,2848,12480,4019,3145,3259,0,0,0,0,0,0,0,0,0,0,0,0,0,0,0,0,0,0,0,0,0,0,0,0,0,0,0,12,242
170,85,3169,2859,2830,2847,12466,4040,3122,3234,0,0,0,0,0,0,0,0,0,0,0,0,0,0,0,0,0,0,0,0,0,0,0,0,0,0,0,118,241
170,85,3119,2861,2863,2835,12482,4040,3122,3272,0,0,0,0,0,0,0,0,0,0,0,0,0,0,0,0,0,0,0,0,0,0,0,0,0,0,0,9,242
170,85,3143,2882,2822,2822,12475,4043,3110,3259,0,0,0,0,0,0,0,0,0,0,0,0,0,0,0,0,0,0,0,0,0,0,0,0,0,0,0,47,242
170,85,3142,2883,2851,2835,12461,4041,3120,3246,0,0,0,0,0,0,0,0,0,0,0,0,0,0,0,0,0,0,0,0,0,0,0,0,0,0,0,8,241
170,85,3146,2868,2850,2836,12465,4044,3138,3257,0,0,0,0,0,0,0,0,0,0,0,0,0,0,0,0,0,0,0,0,0,0,0,0,0,0,0,9,242
170,85,3140,2884,2853,2825,12466,4036,3149,3245,0,0,0,0,0,0,0,0,0,0,0,0,0,0,0,0,0,0,0,0,0,0,0,0,0,0,0,125,243
170,85,3133,2896,2830,2823,12484,4049,3122,3265,0,0,0,0,0,0,0,0,0,0,0,0,0,0,0,0,0,0,0,0,0,0,0,0,0,0,0,69,242
170,85,3136,2856,2853,2847,12481,4046,3143,3246,0,0,0,0,0,0,0,0,0,0,0,0,0,0,0,0,0,0,0,0,0,0,0,0,0,0,0,115,243
170,85,3132,2887,2853,2835,12472,4019,3144,3269,0,0,0,0,0,0,0,0,0,0,0,0,0,0,0,0,0,0,0,0,0,0,0,0,0,0,0,12,242
170,85,3153,2894,2856,2841,12478,4042,3118,3272,0,0,0,0,0,0,0,0,0,0,0,0,0,0,0,0,0,0,0,0,0,0,0,0,0,0,0,123,242
170,85,3160,2860,2869,2843,12459,4054,3137,3269,0,0,0,0,0,0,0,0,0,0,0,0,0,0,0,0,0,0,0,0,0,0,0,0,0,0,0,100,242
170,85,3130,2874,2832,2844,12470,4039,3127,3268,0,0,0,0,0,0,0,0,0,0,0,0,0,0,0,0,0,0,0,0,0,0,0,0,0,0,0,73,242
170,85,3132,2890,2876,2823,12475,4042,3122,3258,0,0,0,0,0,0,0,0,0,0,0,0,0,0,0,0,0,0,0,0,0,0,0,0,0,0,0,115,242
170,85,3151,2883,2862,2835,12463,4054,3144,3262,0,0,0,0,0,0,0,0,0,0,0,0,0,0,0,0,0,0,0,0,0,0,0,0,0,0,0,121,241
170,85,3152,2881,2819,2833,12474,4044,3114,3245,0,0,0,0,0,0,0,0,0,0,0,0,0,0,0,0,0,0,0,0,0,0,0,0,0,0,0,53,241
170,85,3150,2896,2842,2837,12465,4020,3115,3259,0,0,0,0,0,0,0,0,0,0,0,0,0,0,0,0,0,0,0,0,0,0,0,0,0,0,0,67,241
170,85,3149,2891,2875,2822,12462,4038,3128,3267,0,0,0,0,0,0,0,0,0,0,0,0,0,0,0,0,0,0,0,0,0,0,0,0,0,0,0,111,241
170,85,3150,2860,2869,2836,12456,4038,3154,3271,0,0,0,0,0,0,0,0,0,0,0,0,0,0,0,0,0,0,0,0,0,0,0,0,0,0,0,127,241
170,85,3150,2895,2863,2842,12468,4037,3146,3265,0,0,0,0,0,0,0,0,0,0,0,0,0,0,0,0,0,0,0,0,0,0,0,0,0,0,0,9,241
170,85,3153,2891,2866,2840,12459,4039,3133,3277,0,0,0,0,0,0,0,0,0,0,0,0,0,0,0,0,0,0,0,0,0,0,0,0,0,0,0,107,241
170,85,3122,2895,2863,2823,12454,4038,3150,3264,0,0,0,0,0,0,0,0,0,0,0,0,0,0,0,0,0,0,0,0,0,0,0,0,0,0,0,124,242
170,85,3150,2858,2842,2838,12469,4048,3115,3233,0,0,0,0,0,0,0,0,0,0,0,0,0,0,0,0,0,0,0,0,0,0,0,0,0,0,0,64,242
170,85,3152,2895,2849,2811,12464,4041,3126,3257,0,0,0,0,0,0,0,0,0,0,0,0,0,0,0,0,0,0,0,0,0,0,0,0,0,0,0,245,242
170,85,3131,2875,2868,2837,12460,4043,3152,3240,0,0,0,0,0,0,0,0,0,0,0,0,0,0,0,0,0,0,0,0,0,0,0,0,0,0,0,121,242
170,85,3151,2856,2843,2824,12463,4043,3127,3252,0,0,0,0,0,0,0,0,0,0,0,0,0,0,0,0,0,0,0,0,0,0,0,0,0,0,0,84,241
170,85,3145,2874,2857,2842,12460,4028,3143,3268,0,0,0,0,0,0,0,0,0,0,0,0,0,0,0,0,0,0,0,0,0,0,0,0,0,0,0,20,244
170,85,3148,2891,2845,2842,12470,4043,3150,3264,0,0,0,0,0,0,0,0,0,0,0,0,0,0,0,0,0,0,0,0,0,0,0,0,0,0,0,52,241
170,85,3143,2872,2855,2835,12478,4040,3116,3259,0,0,0,0,0,0,0,0,0,0,0,0,0,0,0,0,0,0,0,0,0,0,0,0,0,0,0,109,242
170,85,3148,2871,2868,2842,12460,4041,3136,3251,0,0,0,0,0,0,0,0,0,0,0,0,0,0,0,0,0,0,0,0,0,0,0,0,0,0,0,4,242
170,85,3136,2855,2843,2842,12453,4055,3153,3258,0,0,0,0,0,0,0,0,0,0,0,0,0,0,0,0,0,0,0,0,0,0,0,0,0,0,0,56,242
170,85,3147,2859,2844,2826,12466,4041,3121,3246,0,0,0,0,0,0,0,0,0,0,0,0,0,0,0,0,0,0,0,0,0,0,0,0,0,0,0,85,242
170,85,3132,2890,2844,2805,12456,4029,3121,3234,0,0,0,0,0,0,0,0,0,0,0,0,0,0,0,0,0,0,0,0,0,0,0,0,0,0,0,223,242
170,85,3152,2874,2860,2836,12444,4039,3122,3259,0,0,0,0,0,0,0,0,0,0,0,0,0,0,0,0,0,0,0,0,0,0,0,0,0,0,0,71,242
170,85,3151,2834,2867,2837,12478,4210,3164,3262,0,0,0,0,0,0,0,0,0,0,0,0,0,0,0,0,0,0,0,0,0,0,0,0,0,0,0,141,242
170,85,3132,2847,2862,2823,12465,4060,3137,3246,0,0,0,0,0,0,0,0,0,0,0,0,0,0,0,0,0,0,0,0,0,0,0,0,0,0,0,79,241
170,85,3132,2862,2869,2841,12458,4073,3128,3234,0,0,0,0,0,0,0,0,0,0,0,0,0,0,0,0,0,0,0,0,0,0,0,0,0,0,0,32,241
170,85,3152,2858,2829,2823,12464,4053,3152,3269,0,0,0,0,0,0,0,0,0,0,0,0,0,0,0,0,0,0,0,0,0,0,0,0,0,0,0,71,242
170,85,3135,2890,2862,2829,12458,4039,3128,3264,0,0,0,0,0,0,0,0,0,0,0,0,0,0,0,0,0,0,0,0,0,0,0,0,0,0,0,4,241
170,85,3148,2884,2863,2824,12459,4020,3139,3246,0,0,0,0,0,0,0,0,0,0,0,0,0,0,0,0,0,0,0,0,0,0,0,0,0,0,0,26,242
170,85,3149,2882,2851,2841,12462,4063,3155,3241,0,0,0,0,0,0,0,0,0,0,0,0,0,0,0,0,0,0,0,0,0,0,0,0,0,0,0,121,242
170,85,3157,2889,2851,2842,12455,4039,3121,3247,0,0,0,0,0,0,0,0,0,0,0,0,0,0,0,0,0,0,0,0,0,0,0,0,0,0,0,28,241
170,85,3131,2894,2878,2829,12443,4042,3125,3263,0,0,0,0,0,0,0,0,0,0,0,0,0,0,0,0,0,0,0,0,0,0,0,0,0,0,0,90,241
170,85,3133,2857,2850,2832,12455,4041,3109,3267,0,0,0,0,0,0,0,0,0,0,0,0,0,0,0,0,0,0,0,0,0,0,0,0,0,0,0,105,242
170,85,3150,2888,2862,2837,12450,4051,3134,3247,0,0,0,0,0,0,0,0,0,0,0,0,0,0,0,0,0,0,0,0,0,0,0,0,0,0,0,26,242
170,85,3139,2884,2830,2848,12439,4018,3148,3258,0,0,0,0,0,0,0,0,0,0,0,0,0,0,0,0,0,0,0,0,0,0,0,0,0,0,0,61,242
170,85,3147,2894,2854,2830,12449,4058,3143,3269,0,0,0,0,0,0,0,0,0,0,0,0,0,0,0,0,0,0,0,0,0,0,0,0,0,0,0,19,242
170,85,3130,2874,2863,2849,12460,4018,3109,3258,0,0,0,0,0,0,0,0,0,0,0,0,0,0,0,0,0,0,0,0,0,0,0,0,0,0,0,72,242
170,85,3151,2882,2853,2840,12433,4037,3143,3241,0,0,0,0,0,0,0,0,0,0,0,0,0,0,0,0,0,0,0,0,0,0,0,0,0,0,0,77,242
170,85,3153,2895,2862,2842,12431,4046,3121,3260,0,0,0,0,0,0,0,0,0,0,0,0,0,0,0,0,0,0,0,0,0,0,0,0,0,0,0,33,242
170,85,3153,2865,2822,2835,12440,4045,3135,3261,0,0,0,0,0,0,0,0,0,0,0,0,0,0,0,0,0,0,0,0,0,0,0,0,0,0,0,101,242
170,85,3130,2858,2851,2824,12440,4040,3124,3246,0,0,0,0,0,0,0,0,0,0,0,0,0,0,0,0,0,0,0,0,0,0,0,0,0,0,0,54,241
170,85,3136,2861,2851,2823,12431,4021,3143,3268,0,0,0,0,0,0,0,0,0,0,0,0,0,0,0,0,0,0,0,0,0,0,0,0,0,0,0,55,242
170,85,3148,2875,2862,2835,12434,4043,3144,3264,0,0,0,0,0,0,0,0,0,0,0,0,0,0,0,0,0,0,0,0,0,0,0,0,0,0,0,92,242
170,85,3149,2873,2854,2824,12428,4038,3145,3272,0,0,0,0,0,0,0,0,0,0,0,0,0,0,0,0,0,0,0,0,0,0,0,0,0,0,0,86,242
170,85,3157,2882,2838,2842,12447,4039,3151,3265,0,0,0,0,0,0,0,0,0,0,0,0,0,0,0,0,0,0,0,0,0,0,0,0,0,0,0,10,242
170,85,3143,2844,2862,2841,12435,4019,3137,3259,0,0,0,0,0,0,0,0,0,0,0,0,0,0,0,0,0,0,0,0,0,0,0,0,0,0,0,113,242
170,85,3150,2872,2854,2817,12429,4044,3127,3236,0,0,0,0,0,0,0,0,0,0,0,0,0,0,0,0,0,0,0,0,0,0,0,0,0,0,0,68,242
170,85,3144,2885,2823,2841,12445,4019,3117,3241,0,0,0,0,0,0,0,0,0,0,0,0,0,0,0,0,0,0,0,0,0,0,0,0,0,0,0,126,242
170,85,3151,2874,2829,2841,12442,4039,3137,3269,0,0,0,0,0,0,0,0,0,0,0,0,0,0,0,0,0,0,0,0,0,0,0,0,0,0,0,127,242
170,85,3120,2845,2850,2835,12413,4038,3119,3259,0,0,0,0,0,0,0,0,0,0,0,0,0,0,0,0,0,0,0,0,0,0,0,0,0,0,0,244,242
170,85,3150,2846,2863,2841,12435,4040,3121,3259,0,0,0,0,0,0,0,0,0,0,0,0,0,0,0,0,0,0,0,0,0,0,0,0,0,0,0,112,242
170,85,3119,2896,2854,2848,12370,4017,3121,3240,0,0,0,0,0,0,0,0,0,0,0,0,0,0,0,0,0,0,0,0,0,0,0,0,0,0,0,196,243
170,85,3159,2874,2877,2841,12424,4039,3125,3258,0,0,0,0,0,0,0,0,0,0,0,0,0,0,0,0,0,0,0,0,0,0,0,0,0,0,0,78,242
170,85,3153,2856,2820,2864,12435,4156,3156,3258,0,0,0,0,0,0,0,0,0,0,0,0,0,0,0,0,0,0,0,0,0,0,0,0,0,0,0,212,243
170,85,3151,2880,2869,2838,12428,4045,3152,3259,0,0,0,0,0,0,0,0,0,0,0,0,0,0,0,0,0,0,0,0,0,0,0,0,0,0,0,65,241
170,85,3139,2858,2877,2843,12377,4042,3123,3258,0,0,0,0,0,0,0,0,0,0,0,0,0,0,0,0,0,0,0,0,0,0,0,0,0,0,0,146,242
170,85,3151,2873,2844,2843,12432,4019,3142,3258,0,0,0,0,0,0,0,0,0,0,0,0,0,0,0,0,0,0,0,0,0,0,0,0,0,0,0,105,242
170,85,3166,2893,2831,2849,12385,4038,3118,3240,0,0,0,0,0,0,0,0,0,0,0,0,0,0,0,0,0,0,0,0,0,0,0,0,0,0,0,219,242
170,85,3143,2868,2875,2806,12431,4041,3128,3261,0,0,0,0,0,0,0,0,0,0,0,0,0,0,0,0,0,0,0,0,0,0,0,0,0,0,0,187,242
170,85,3144,2873,2850,2824,12423,4045,3120,3238,0,0,0,0,0,0,0,0,0,0,0,0,0,0,0,0,0,0,0,0,0,0,0,0,0,0,0,64,242
170,85,3137,2883,2854,2818,12418,4049,3128,3252,0,0,0,0,0,0,0,0,0,0,0,0,0,0,0,0,0,0,0,0,0,0,0,0,0,0,0,62,242
170,85,3150,2883,2830,2842,12416,4053,3146,3241,0,0,0,0,0,0,0,0,0,0,0,0,0,0,0,0,0,0,0,0,0,0,0,0,0,0,0,104,242
170,85,3151,2873,2854,2843,12418,4050,3148,3257,0,0,0,0,0,0,0,0,0,0,0,0,0,0,0,0,0,0,0,0,0,0,0,0,0,0,0,41,242
170,85,3144,2890,2871,2849,12401,4039,3143,3266,0,0,0,0,0,0,0,0,0,0,0,0,0,0,0,0,0,0,0,0,0,0,0,0,0,0,0,224,242
170,85,3131,2883,2851,2842,12395,4020,3128,3252,0,0,0,0,0,0,0,0,0,0,0,0,0,0,0,0,0,0,0,0,0,0,0,0,0,0,0,213,242
170,85,3159,2872,2868,2840,12413,4042,3141,3259,0,0,0,0,0,0,0,0,0,0,0,0,0,0,0,0,0,0,0,0,0,0,0,0,0,0,0,205,242
170,85,3155,2858,2869,2823,12410,4062,3128,3243,0,0,0,0,0,0,0,0,0,0,0,0,0,0,0,0,0,0,0,0,0,0,0,0,0,0,0,187,242
170,85,3131,2845,2820,2829,12396,4039,3134,3270,0,0,0,0,0,0,0,0,0,0,0,0,0,0,0,0,0,0,0,0,0,0,0,0,0,0,0,187,242
170,85,3151,2885,2845,2838,12412,4043,3149,3257,0,0,0,0,0,0,0,0,0,0,0,0,0,0,0,0,0,0,0,0,0,0,0,0,0,0,0,133,242
170,85,3158,2888,2831,2834,12379,4042,3150,3258,0,0,0,0,0,0,0,0,0,0,0,0,0,0,0,0,0,0,0,0,0,0,0,0,0,0,0,161,242
170,85,3146,2845,2852,2841,12368,4034,3114,3265,0,0,0,0,0,0,0,0,0,0,0,0,0,0,0,0,0,0,0,0,0,0,0,0,0,0,0,212,242
170,85,3152,2895,2844,2843,12382,4037,3136,3235,0,0,0,0,0,0,0,0,0,0,0,0,0,0,0,0,0,0,0,0,0,0,0,0,0,0,0,167,243
170,85,3152,2884,2830,2822,12412,4054,3139,3258,0,0,0,0,0,0,0,0,0,0,0,0,0,0,0,0,0,0,0,0,0,0,0,0,0,0,0,136,242
170,85,3155,2895,2850,2822,12349,4041,3121,3236,0,0,0,0,0,0,0,0,0,0,0,0,0,0,0,0,0,0,0,0,0,0,0,0,0,0,0,158,242
170,85,3130,2893,2870,2843,12423,4040,3154,3265,0,0,0,0,0,0,0,0,0,0,0,0,0,0,0,0,0,0,0,0,0,0,0,0,0,0,0,65,242
170,85,3130,2869,2869,2843,12392,4039,3143,3236,0,0,0,0,0,0,0,0,0,0,0,0,0,0,0,0,0,0,0,0,0,0,0,0,0,0,0,170,243
170,85,3131,2890,2877,2836,12405,4042,3127,3240,0,0,0,0,0,0,0,0,0,0,0,0,0,0,0,0,0,0,0,0,0,0,0,0,0,0,0,191,242
170,85,3148,2860,2822,2841,12408,4037,3142,3262,0,0,0,0,0,0,0,0,0,0,0,0,0,0,0,0,0,0,0,0,0,0,0,0,0,0,0,253,242
170,85,3143,2873,2861,2824,12400,4038,3144,3259,0,0,0,0,0,0,0,0,0,0,0,0,0,0,0,0,0,0,0,0,0,0,0,0,0,0,0,217,243
170,85,3153,2896,2854,2805,12404,4038,3120,3267,0,0,0,0,0,0,0,0,0,0,0,0,0,0,0,0,0,0,0,0,0,0,0,0,0,0,0,85,242
170,85,3137,2896,2876,2825,12405,4042,3119,3262,0,0,0,0,0,0,0,0,0,0,0,0,0,0,0,0,0,0,0,0,0,0,0,0,0,0,0,205,242
170,85,3149,2873,2869,2837,12403,4054,3114,3240,0,0,0,0,0,0,0,0,0,0,0,0,0,0,0,0,0,0,0,0,0,0,0,0,0,0,0,180,242
170,85,3153,2835,2842,2833,12406,4174,3126,3265,0,0,0,0,0,0,0,0,0,0,0,0,0,0,0,0,0,0,0,0,0,0,0,0,0,0,0,94,242
170,85,3122,2881,2862,2818,12394,4064,3144,3246,0,0,0,0,0,0,0,0,0,0,0,0,0,0,0,0,0,0,0,0,0,0,0,0,0,0,0,244,242
170,85,3132,2884,2831,2836,12391,4018,3145,3252,0,0,0,0,0,0,0,0,0,0,0,0,0,0,0,0,0,0,0,0,0,0,0,0,0,0,0,140,242
170,85,3119,2893,2853,2850,12402,4041,3142,3239,0,0,0,0,0,0,0,0,0,0,0,0,0,0,0,0,0,0,0,0,0,0,0,0,0,0,0,248,242
170,85,3133,2860,2846,2843,12398,4039,3147,3257,0,0,0,0,0,0,0,0,0,0,0,0,0,0,0,0,0,0,0,0,0,0,0,0,0,0,0,136,242
170,85,3146,2883,2863,2842,12396,4043,3125,3263,0,0,0,0,0,0,0,0,0,0,0,0,0,0,0,0,0,0,0,0,0,0,0,0,0,0,0,214,242
170,85,3159,2894,2855,2824,12393,4042,3122,3235,0,0,0,0,0,0,0,0,0,0,0,0,0,0,0,0,0,0,0,0,0,0,0,0,0,0,0,195,242
170,85,3152,2869,2829,2837,12405,4041,3123,3260,0,0,0,0,0,0,0,0,0,0,0,0,0,0,0,0,0,0,0,0,0,0,0,0,0,0,0,137,242
170,85,3157,2866,2850,2823,12370,4042,3151,3236,0,0,0,0,0,0,0,0,0,0,0,0,0,0,0,0,0,0,0,0,0,0,0,0,0,0,0,246,242
170,85,3159,2893,2823,2840,12377,4036,3122,3258,0,0,0,0,0,0,0,0,0,0,0,0,0,0,0,0,0,0,0,0,0,0,0,0,0,0,0,215,242
170,85,3151,2873,2844,2842,12373,4042,3150,3258,0,0,0,0,0,0,0,0,0,0,0,0,0,0,0,0,0,0,0,0,0,0,0,0,0,0,0,220,242
170,85,3143,2894,2839,2804,12389,4040,3145,3239,0,0,0,0,0,0,0,0,0,0,0,0,0,0,0,0,0,0,0,0,0,0,0,0,0,0,0,111,243
170,85,3156,2885,2852,2831,12373,4055,3115,3253,0,0,0,0,0,0,0,0,0,0,0,0,0,0,0,0,0,0,0,0,0,0,0,0,0,0,0,225,242
170,85,3166,2858,2870,2825,12400,4018,3121,3261,0,0,0,0,0,0,0,0,0,0,0,0,0,0,0,0,0,0,0,0,0,0,0,0,0,0,0,194,243
170,85,3150,2882,2850,2848,12389,4055,3141,3253,0,0,0,0,0,0,0,0,0,0,0,0,0,0,0,0,0,0,0,0,0,0,0,0,0,0,0,139,242
170,85,3160,2874,2844,2836,12394,4039,3143,3234,0,0,0,0,0,0,0,0,0,0,0,0,0,0,0,0,0,0,0,0,0,0,0,0,0,0,0,229,242
170,85,3137,2894,2828,2811,12370,4031,3151,3252,0,0,0,0,0,0,0,0,0,0,0,0,0,0,0,0,0,0,0,0,0,0,0,0,0,0,0,40,242
170,85,3151,2870,2829,2829,12380,4061,3117,3265,0,0,0,0,0,0,0,0,0,0,0,0,0,0,0,0,0,0,0,0,0,0,0,0,0,0,0,211,242
170,85,3131,2890,2864,2825,12375,4052,3134,3252,0,0,0,0,0,0,0,0,0,0,0,0,0,0,0,0,0,0,0,0,0,0,0,0,0,0,0,134,242
170,85,3131,2874,2862,2842,12397,4038,3118,3240,0,0,0,0,0,0,0,0,0,0,0,0,0,0,0,0,0,0,0,0,0,0,0,0,0,0,0,223,242
170,85,3138,2873,2861,2850,12379,4040,3146,3259,0,0,0,0,0,0,0,0,0,0,0,0,0,0,0,0,0,0,0,0,0,0,0,0,0,0,0,209,242
170,85,3133,2890,2870,2837,12363,4044,3115,3229,0,0,0,0,0,0,0,0,0,0,0,0,0,0,0,0,0,0,0,0,0,0,0,0,0,0,0,162,242
170,85,3138,2860,2864,2838,12379,4038,3122,3257,0,0,0,0,0,0,0,0,0,0,0,0,0,0,0,0,0,0,0,0,0,0,0,0,0,0,0,153,243
170,85,3153,2895,2877,2842,12334,4035,3136,3233,0,0,0,0,0,0,0,0,0,0,0,0,0,0,0,0,0,0,0,0,0,0,0,0,0,0,0,242,242
170,85,3149,2860,2838,2836,12327,4017,3146,3259,0,0,0,0,0,0,0,0,0,0,0,0,0,0,0,0,0,0,0,0,0,0,0,0,0,0,0,195,242
170,85,3153,2875,2869,2842,12349,4028,3116,3272,0,0,0,0,0,0,0,0,0,0,0,0,0,0,0,0,0,0,0,0,0,0,0,0,0,0,0,231,243
170,85,3152,2891,2853,2850,12326,4040,3138,3261,0,0,0,0,0,0,0,0,0,0,0,0,0,0,0,0,0,0,0,0,0,0,0,0,0,0,0,202,242
170,85,3158,2896,2828,2838,12343,4019,3121,3258,0,0,0,0,0,0,0,0,0,0,0,0,0,0,0,0,0,0,0,0,0,0,0,0,0,0,0,212,242
170,85,3150,2845,2869,2837,12332,4041,3132,3257,0,0,0,0,0,0,0,0,0,0,0,0,0,0,0,0,0,0,0,0,0,0,0,0,0,0,0,212,243
170,85,3151,2889,2862,2823,12339,4004,3116,3232,0,0,0,0,0,0,0,0,0,0,0,0,0,0,0,0,0,0,0,0,0,0,0,0,0,0,0,243,242
170,85,3119,2846,2841,2870,12326,4172,3157,3228,0,0,0,0,0,0,0,0,0,0,0,0,0,0,0,0,0,0,0,0,0,0,0,0,0,0,0,101,242
170,85,3150,2887,2855,2838,12320,4042,3116,3243,0,0,0,0,0,0,0,0,0,0,0,0,0,0,0,0,0,0,0,0,0,0,0,0,0,0,0,146,242
170,85,3150,2846,2853,2851,12333,4039,3135,3239,0,0,0,0,0,0,0,0,0,0,0,0,0,0,0,0,0,0,0,0,0,0,0,0,0,0,0,227,243
170,85,3129,2886,2830,2841,12324,4016,3115,3242,0,0,0,0,0,0,0,0,0,0,0,0,0,0,0,0,0,0,0,0,0,0,0,0,0,0,0,186,242
170,85,3150,2847,2854,2831,12330,4051,3138,3257,0,0,0,0,0,0,0,0,0,0,0,0,0,0,0,0,0,0,0,0,0,0,0,0,0,0,0,189,242
170,85,3155,2884,2830,2820,12333,4054,3147,3247,0,0,0,0,0,0,0,0,0,0,0,0,0,0,0,0,0,0,0,0,0,0,0,0,0,0,0,197,242
170,85,3145,2895,2847,2843,12324,4052,3140,3248,0,0,0,0,0,0,0,0,0,0,0,0,0,0,0,0,0,0,0,0,0,0,0,0,0,0,0,193,242
170,85,3129,2887,2878,2851,12312,4051,3144,3252,0,0,0,0,0,0,0,0,0,0,0,0,0,0,0,0,0,0,0,0,0,0,0,0,0,0,0,147,242
170,85,3152,2846,2869,2829,12352,4018,3145,3254,0,0,0,0,0,0,0,0,0,0,0,0,0,0,0,0,0,0,0,0,0,0,0,0,0,0,0,188,242
170,85,3152,2862,2853,2850,12348,4029,3144,3249,0,0,0,0,0,0,0,0,0,0,0,0,0,0,0,0,0,0,0,0,0,0,0,0,0,0,0,198,242
170,85,3158,2877,2844,2843,12344,4039,3111,3249,0,0,0,0,0,0,0,0,0,0,0,0,0,0,0,0,0,0,0,0,0,0,0,0,0,0,0,194,243
170,85,3137,2886,2844,2854,12337,4041,3142,3252,0,0,0,0,0,0,0,0,0,0,0,0,0,0,0,0,0,0,0,0,0,0,0,0,0,0,0,240,242
170,85,3154,2884,2869,2847,12333,4028,3140,3255,0,0,0,0,0,0,0,0,0,0,0,0,0,0,0,0,0,0,0,0,0,0,0,0,0,0,0,153,242
170,85,3150,2889,2876,2807,12347,4004,3138,3231,0,0,0,0,0,0,0,0,0,0,0,0,0,0,0,0,0,0,0,0,0,0,0,0,0,0,0,72,242
170,85,3118,2875,2844,2842,12336,4028,3116,3229,0,0,0,0,0,0,0,0,0,0,0,0,0,0,0,0,0,0,0,0,0,0,0,0,0,0,0,233,242
170,85,3157,2867,2863,2835,12336,4049,3146,3235,0,0,0,0,0,0,0,0,0,0,0,0,0,0,0,0,0,0,0,0,0,0,0,0,0,0,0,149,242
170,85,3131,2874,2860,2841,12329,4034,3143,3248,0,0,0,0,0,0,0,0,0,0,0,0,0,0,0,0,0,0,0,0,0,0,0,0,0,0,0,239,242
170,85,3156,2890,2870,2840,12372,4028,3144,3229,0,0,0,0,0,0,0,0,0,0,0,0,0,0,0,0,0,0,0,0,0,0,0,0,0,0,0,202,242
170,85,3148,2892,2844,2849,12328,4052,3145,3251,0,0,0,0,0,0,0,0,0,0,0,0,0,0,0,0,0,0,0,0,0,0,0,0,0,0,0,252,242
170,85,3151,2845,2863,2811,12364,4027,3117,3261,0,0,0,0,0,0,0,0,0,0,0,0,0,0,0,0,0,0,0,0,0,0,0,0,0,0,0,39,242
170,85,3149,2869,2844,2843,12331,4037,3121,3248,0,0,0,0,0,0,0,0,0,0,0,0,0,0,0,0,0,0,0,0,0,0,0,0,0,0,0,215,242
170,85,3157,2897,2869,2824,12322,4028,3143,3242,0,0,0,0,0,0,0,0,0,0,0,0,0,0,0,0,0,0,0,0,0,0,0,0,0,0,0,141,242
170,85,3150,2874,2844,2830,12313,4025,3145,3229,0,0,0,0,0,0,0,0,0,0,0,0,0,0,0,0,0,0,0,0,0,0,0,0,0,0,0,213,242
170,85,3151,2890,2829,2810,12344,4038,3129,3244,0,0,0,0,0,0,0,0,0,0,0,0,0,0,0,0,0,0,0,0,0,0,0,0,0,0,0,95,242
170,85,3150,2896,2841,2842,12336,4004,3116,3252,0,0,0,0,0,0,0,0,0,0,0,0,0,0,0,0,0,0,0,0,0,0,0,0,0,0,0,214,242
170,85,3119,2894,2853,2841,12339,4042,3115,3251,0,0,0,0,0,0,0,0,0,0,0,0,0,0,0,0,0,0,0,0,0,0,0,0,0,0,0,251,242
170,85,3151,2869,2854,2835,12336,4026,3125,3246,0,0,0,0,0,0,0,0,0,0,0,0,0,0,0,0,0,0,0,0,0,0,0,0,0,0,0,153,242
170,85,3148,2894,2822,2849,12330,4002,3132,3246,0,0,0,0,0,0,0,0,0,0,0,0,0,0,0,0,0,0,0,0,0,0,0,0,0,0,0,248,242
170,85,3143,2873,2861,2836,12323,4022,3143,3256,0,0,0,0,0,0,0,0,0,0,0,0,0,0,0,0,0,0,0,0,0,0,0,0,0,0,0,234,242
170,85,3153,2869,2861,2837,12339,4001,3143,3259,0,0,0,0,0,0,0,0,0,0,0,0,0,0,0,0,0,0,0,0,0,0,0,0,0,0,0,245,242
170,85,3136,2853,2840,2850,12335,4170,3159,3234,0,0,0,0,0,0,0,0,0,0,0,0,0,0,0,0,0,0,0,0,0,0,0,0,0,0,0,23,243
170,85,3150,2866,2862,2825,12326,4030,3122,3216,0,0,0,0,0,0,0,0,0,0,0,0,0,0,0,0,0,0,0,0,0,0,0,0,0,0,0,166,242
170,85,3143,2833,2868,2850,12346,4040,3139,3233,0,0,0,0,0,0,0,0,0,0,0,0,0,0,0,0,0,0,0,0,0,0,0,0,0,0,0,151,243
170,85,3130,2870,2831,2842,12331,4027,3144,3241,0,0,0,0,0,0,0,0,0,0,0,0,0,0,0,0,0,0,0,0,0,0,0,0,0,0,0,175,242
170,85,3153,2896,2855,2849,12336,4026,3121,3230,0,0,0,0,0,0,0,0,0,0,0,0,0,0,0,0,0,0,0,0,0,0,0,0,0,0,0,229,242
170,85,3136,2894,2842,2848,12344,4022,3139,3243,0,0,0,0,0,0,0,0,0,0,0,0,0,0,0,0,0,0,0,0,0,0,0,0,0,0,0,149,242
170,85,3151,2882,2860,2835,12309,4022,3113,3223,0,0,0,0,0,0,0,0,0,0,0,0,0,0,0,0,0,0,0,0,0,0,0,0,0,0,0,232,243
170,85,3137,2857,2831,2809,12299,4003,3115,3243,0,0,0,0,0,0,0,0,0,0,0,0,0,0,0,0,0,0,0,0,0,0,0,0,0,0,0,112,242
170,85,3128,2874,2845,2848,12312,3997,3144,3248,0,0,0,0,0,0,0,0,0,0,0,0,0,0,0,0,0,0,0,0,0,0,0,0,0,0,0,133,242
170,85,3142,2872,2829,2843,12321,4030,3145,3256,0,0,0,0,0,0,0,0,0,0,0,0,0,0,0,0,0,0,0,0,0,0,0,0,0,0,0,193,242
170,85,3154,2889,2844,2830,12300,4021,3138,3224,0,0,0,0,0,0,0,0,0,0,0,0,0,0,0,0,0,0,0,0,0,0,0,0,0,0,0,173,242
170,85,3149,2896,2843,2823,12328,4024,3119,3230,0,0,0,0,0,0,0,0,0,0,0,0,0,0,0,0,0,0,0,0,0,0,0,0,0,0,0,231,242
170,85,3150,2883,2829,2847,12329,4022,3122,3248,0,0,0,0,0,0,0,0,0,0,0,0,0,0,0,0,0,0,0,0,0,0,0,0,0,0,0,197,243
170,85,3149,2881,2854,2841,12312,4001,3119,3234,0,0,0,0,0,0,0,0,0,0,0,0,0,0,0,0,0,0,0,0,0,0,0,0,0,0,0,192,242
170,85,3151,2873,2851,2836,12326,4038,3143,3240,0,0,0,0,0,0,0,0,0,0,0,0,0,0,0,0,0,0,0,0,0,0,0,0,0,0,0,137,242
170,85,3150,2882,2832,2823,12328,4020,3120,3257,0,0,0,0,0,0,0,0,0,0,0,0,0,0,0,0,0,0,0,0,0,0,0,0,0,0,0,201,242
170,85,3130,2872,2852,2836,12292,4039,3142,3223,0,0,0,0,0,0,0,0,0,0,0,0,0,0,0,0,0,0,0,0,0,0,0,0,0,0,0,231,243
170,85,3156,2892,2860,2841,12308,4000,3119,3218,0,0,0,0,0,0,0,0,0,0,0,0,0,0,0,0,0,0,0,0,0,0,0,0,0,0,0,227,242
170,85,3156,2859,2862,2810,12310,4002,3136,3232,0,0,0,0,0,0,0,0,0,0,0,0,0,0,0,0,0,0,0,0,0,0,0,0,0,0,0,57,242
170,85,3130,2892,2862,2824,12306,4019,3131,3242,0,0,0,0,0,0,0,0,0,0,0,0,0,0,0,0,0,0,0,0,0,0,0,0,0,0,0,167,242
170,85,3158,2897,2824,2843,12318,4015,3143,3242,0,0,0,0,0,0,0,0,0,0,0,0,0,0,0,0,0,0,0,0,0,0,0,0,0,0,0,143,242
170,85,3133,2895,2830,2840,12295,4026,3123,3243,0,0,0,0,0,0,0,0,0,0,0,0,0,0,0,0,0,0,0,0,0,0,0,0,0,0,0,134,241
170,85,3157,2874,2862,2836,12292,4026,3140,3206,0,0,0,0,0,0,0,0,0,0,0,0,0,0,0,0,0,0,0,0,0,0,0,0,0,0,0,238,242
170,85,3152,2871,2841,2836,12316,4038,3110,3232,0,0,0,0,0,0,0,0,0,0,0,0,0,0,0,0,0,0,0,0,0,0,0,0,0,0,0,241,242
170,85,3166,2858,2845,2811,12314,3999,3136,3217,0,0,0,0,0,0,0,0,0,0,0,0,0,0,0,0,0,0,0,0,0,0,0,0,0,0,0,0,242
170,85,3149,2885,2861,2841,12291,4024,3114,3256,0,0,0,0,0,0,0,0,0,0,0,0,0,0,0,0,0,0,0,0,0,0,0,0,0,0,0,210,242
170,85,3158,2875,2858,2843,12308,4023,3136,3239,0,0,0,0,0,0,0,0,0,0,0,0,0,0,0,0,0,0,0,0,0,0,0,0,0,0,0,223,242
170,85,3150,2860,2823,2837,12301,4001,3114,3211,0,0,0,0,0,0,0,0,0,0,0,0,0,0,0,0,0,0,0,0,0,0,0,0,0,0,0,186,242
170,85,3131,2860,2876,2806,12294,4022,3116,3224,0,0,0,0,0,0,0,0,0,0,0,0,0,0,0,0,0,0,0,0,0,0,0,0,0,0,0,31,242
170,85,3150,2874,2857,2812,12290,4002,3114,3248,0,0,0,0,0,0,0,0,0,0,0,0,0,0,0,0,0,0,0,0,0,0,0,0,0,0,0,93,242
170,85,3153,2843,2825,2847,12269,4178,3122,3222,0,0,0,0,0,0,0,0,0,0,0,0,0,0,0,0,0,0,0,0,0,0,0,0,0,0,0,128,242
170,85,3144,2844,2844,2841,12308,4167,3146,3190,0,0,0,0,0,0,0,0,0,0,0,0,0,0,0,0,0,0,0,0,0,0,0,0,0,0,0,230,243
170,85,3152,2860,2855,2843,12297,4039,3120,3219,0,0,0,0,0,0,0,0,0,0,0,0,0,0,0,0,0,0,0,0,0,0,0,0,0,0,0,234,242
170,85,3122,2892,2861,2845,12298,4034,3114,3204,0,0,0,0,0,0,0,0,0,0,0,0,0,0,0,0,0,0,0,0,0,0,0,0,0,0,0,239,242
170,85,3150,2858,2852,2843,12315,4006,3140,3222,0,0,0,0,0,0,0,0,0,0,0,0,0,0,0,0,0,0,0,0,0,0,0,0,0,0,0,243,242
170,85,3152,2874,2864,2842,12306,4027,3125,3230,0,0,0,0,0,0,0,0,0,0,0,0,0,0,0,0,0,0,0,0,0,0,0,0,0,0,0,133,242
170,85,3151,2896,2862,2823,12296,4021,3144,3228,0,0,0,0,0,0,0,0,0,0,0,0,0,0,0,0,0,0,0,0,0,0,0,0,0,0,0,152,242
170,85,3151,2866,2863,2844,12307,4022,3112,3232,0,0,0,0,0,0,0,0,0,0,0,0,0,0,0,0,0,0,0,0,0,0,0,0,0,0,0,164,242
170,85,3151,2833,2870,2837,12283,4035,3136,3222,0,0,0,0,0,0,0,0,0,0,0,0,0,0,0,0,0,0,0,0,0,0,0,0,0,0,0,75,242
170,85,3132,2871,2843,2849,12302,4014,3137,3197,0,0,0,0,0,0,0,0,0,0,0,0,0,0,0,0,0,0,0,0,0,0,0,0,0,0,0,106,242
170,85,3133,2891,2859,2845,12288,4026,3119,3214,0,0,0,0,0,0,0,0,0,0,0,0,0,0,0,0,0,0,0,0,0,0,0,0,0,0,0,156,242
170,85,3159,2858,2829,2834,12287,4003,3130,3236,0,0,0,0,0,0,0,0,0,0,0,0,0,0,0,0,0,0,0,0,0,0,0,0,0,0,0,120,242
170,85,3131,2873,2876,2812,12293,4021,3143,3235,0,0,0,0,0,0,0,0,0,0,0,0,0,0,0,0,0,0,0,0,0,0,0,0,0,0,0,80,242
170,85,3134,2890,2840,2844,12312,4020,3120,3216,0,0,0,0,0,0,0,0,0,0,0,0,0,0,0,0,0,0,0,0,0,0,0,0,0,0,0,187,241
170,85,3167,2891,2845,2811,12311,4015,3137,3236,0,0,0,0,0,0,0,0,0,0,0,0,0,0,0,0,0,0,0,0,0,0,0,0,0,0,0,105,242
170,85,3150,2861,2868,2826,12292,4014,3138,3217,0,0,0,0,0,0,0,0,0,0,0,0,0,0,0,0,0,0,0,0,0,0,0,0,0,0,0,227,242
170,85,3159,2889,2854,2851,12307,4002,3113,3237,0,0,0,0,0,0,0,0,0,0,0,0,0,0,0,0,0,0,0,0,0,0,0,0,0,0,0,225,242
170,85,3129,2880,2850,2812,12300,4023,3143,3206,0,0,0,0,0,0,0,0,0,0,0,0,0,0,0,0,0,0,0,0,0,0,0,0,0,0,0,27,242
170,85,3129,2895,2864,2843,12305,4014,3118,3233,0,0,0,0,0,0,0,0,0,0,0,0,0,0,0,0,0,0,0,0,0,0,0,0,0,0,0,170,242
170,85,3137,2890,2874,2842,12294,4022,3145,3206,0,0,0,0,0,0,0,0,0,0,0,0,0,0,0,0,0,0,0,0,0,0,0,0,0,0,0,147,242
170,85,3149,2895,2855,2844,12307,4024,3129,3212,0,0,0,0,0,0,0,0,0,0,0,0,0,0,0,0,0,0,0,0,0,0,0,0,0,0,0,224,242
170,85,3152,2843,2844,2844,12286,4029,3136,3212,0,0,0,0,0,0,0,0,0,0,0,0,0,0,0,0,0,0,0,0,0,0,0,0,0,0,0,28,242
170,85,3131,2870,2853,2847,12286,4042,3136,3208,0,0,0,0,0,0,0,0,0,0,0,0,0,0,0,0,0,0,0,0,0,0,0,0,0,0,0,19,242
170,85,3165,2846,2855,2823,12292,4019,3114,3238,0,0,0,0,0,0,0,0,0,0,0,0,0,0,0,0,0,0,0,0,0,0,0,0,0,0,0,159,242
170,85,3142,2846,2861,2844,12296,3997,3118,3219,0,0,0,0,0,0,0,0,0,0,0,0,0,0,0,0,0,0,0,0,0,0,0,0,0,0,0,134,242
170,85,3157,2873,2822,2836,12297,4024,3138,3219,0,0,0,0,0,0,0,0,0,0,0,0,0,0,0,0,0,0,0,0,0,0,0,0,0,0,0,217,242
170,85,3131,2883,2866,2827,12297,4013,3135,3241,0,0,0,0,0,0,0,0,0,0,0,0,0,0,0,0,0,0,0,0,0,0,0,0,0,0,0,180,242
170,85,3156,2857,2875,2828,12307,4024,3137,3231,0,0,0,0,0,0,0,0,0,0,0,0,0,0,0,0,0,0,0,0,0,0,0,0,0,0,0,248,242
170,85,3143,2844,2855,2841,12309,4002,3142,3233,0,0,0,0,0,0,0,0,0,0,0,0,0,0,0,0,0,0,0,0,0,0,0,0,0,0,0,242,243
170,85,3130,2894,2854,2825,12301,4039,3113,3237,0,0,0,0,0,0,0,0,0,0,0,0,0,0,0,0,0,0,0,0,0,0,0,0,0,0,0,218,242
170,85,3167,2857,2841,2830,12304,4133,3139,3231,0,0,0,0,0,0,0,0,0,0,0,0,0,0,0,0,0,0,0,0,0,0,0,0,0,0,0,80,242
170,85,3132,2889,2856,2844,12311,4039,3119,3221,0,0,0,0,0,0,0,0,0,0,0,0,0,0,0,0,0,0,0,0,0,0,0,0,0,0,0,236,242
170,85,3149,2857,2869,2829,12301,4001,3108,3228,0,0,0,0,0,0,0,0,0,0,0,0,0,0,0,0,0,0,0,0,0,0,0,0,0,0,0,143,242
170,85,3133,2873,2854,2839,12293,4021,3121,3197,0,0,0,0,0,0,0,0,0,0,0,0,0,0,0,0,0,0,0,0,0,0,0,0,0,0,0,14,242
170,85,3147,2874,2856,2836,12282,4037,3136,3203,0,0,0,0,0,0,0,0,0,0,0,0,0,0,0,0,0,0,0,0,0,0,0,0,0,0,0,105,242
170,85,3152,2857,2874,2836,12284,4022,3118,3217,0,0,0,0,0,0,0,0,0,0,0,0,0,0,0,0,0,0,0,0,0,0,0,0,0,0,0,122,242
170,85,3152,2894,2829,2849,12289,4039,3109,3241,0,0,0,0,0,0,0,0,0,0,0,0,0,0,0,0,0,0,0,0,0,0,0,0,0,0,0,191,242
170,85,3132,2874,2829,2838,12294,4025,3122,3206,0,0,0,0,0,0,0,0,0,0,0,0,0,0,0,0,0,0,0,0,0,0,0,0,0,0,0,209,243
170,85,3152,2882,2870,2849,12284,4015,3136,3223,0,0,0,0,0,0,0,0,0,0,0,0,0,0,0,0,0,0,0,0,0,0,0,0,0,0,0,89,242
170,85,3143,2895,2850,2829,12295,4025,3142,3236,0,0,0,0,0,0,0,0,0,0,0,0,0,0,0,0,0,0,0,0,0,0,0,0,0,0,0,188,242
170,85,3142,2874,2865,2821,12289,4034,3115,3217,0,0,0,0,0,0,0,0,0,0,0,0,0,0,0,0,0,0,0,0,0,0,0,0,0,0,0,246,242
170,85,3153,2880,2821,2826,12287,4014,3118,3206,0,0,0,0,0,0,0,0,0,0,0,0,0,0,0,0,0,0,0,0,0,0,0,0,0,0,0,63,242
170,85,3160,2874,2867,2842,12288,4026,3113,3235,0,0,0,0,0,0,0,0,0,0,0,0,0,0,0,0,0,0,0,0,0,0,0,0,0,0,0,188,242
170,85,3150,2893,2846,2841,12295,4038,3127,3243,0,0,0,0,0,0,0,0,0,0,0,0,0,0,0,0,0,0,0,0,0,0,0,0,0,0,0,158,242
170,85,3151,2874,2854,2837,12293,4026,3138,3203,0,0,0,0,0,0,0,0,0,0,0,0,0,0,0,0,0,0,0,0,0,0,0,0,0,0,0,255,242
170,85,3153,2894,2869,2806,12293,4027,3121,3237,0,0,0,0,0,0,0,0,0,0,0,0,0,0,0,0,0,0,0,0,0,0,0,0,0,0,0,48,242
170,85,3154,2894,2844,2810,12292,4015,3119,3234,0,0,0,0,0,0,0,0,0,0,0,0,0,0,0,0,0,0,0,0,0,0,0,0,0,0,0,26,242
170,85,3169,2889,2853,2835,12304,4014,3114,3237,0,0,0,0,0,0,0,0,0,0,0,0,0,0,0,0,0,0,0,0,0,0,0,0,0,0,0,232,242
170,85,3166,2859,2831,2841,12293,4024,3143,3256,0,0,0,0,0,0,0,0,0,0,0,0,0,0,0,0,0,0,0,0,0,0,0,0,0,0,0,230,242
170,85,3142,2896,2845,2849,12296,4027,3120,3229,0,0,0,0,0,0,0,0,0,0,0,0,0,0,0,0,0,0,0,0,0,0,0,0,0,0,0,243,242
170,85,3136,2883,2821,2846,12294,4018,3143,3236,0,0,0,0,0,0,0,0,0,0,0,0,0,0,0,0,0,0,0,0,0,0,0,0,0,0,0,136,242
170,85,3166,2868,2842,2837,12279,4023,3121,3239,0,0,0,0,0,0,0,0,0,0,0,0,0,0,0,0,0,0,0,0,0,0,0,0,0,0,0,107,242
170,85,3130,2894,2835,2823,12294,4025,3114,3210,0,0,0,0,0,0,0,0,0,0,0,0,0,0,0,0,0,0,0,0,0,0,0,0,0,0,0,184,242
170,85,3131,2857,2822,2836,12290,4024,3119,3223,0,0,0,0,0,0,0,0,0,0,0,0,0,0,0,0,0,0,0,0,0,0,0,0,0,0,0,197,243
170,85,3152,2874,2854,2846,12291,4025,3137,3205,0,0,0,0,0,0,0,0,0,0,0,0,0,0,0,0,0,0,0,0,0,0,0,0,0,0,0,235,242
170,85,3156,2895,2854,2811,12293,4024,3132,3221,0,0,0,0,0,0,0,0,0,0,0,0,0,0,0,0,0,0,0,0,0,0,0,0,0,0,0,20,242
170,85,3149,2873,2834,2809,12283,4021,3122,3224,0,0,0,0,0,0,0,0,0,0,0,0,0,0,0,0,0,0,0,0,0,0,0,0,0,0,0,162,242
170,85,3166,2892,2851,2831,12296,4037,3138,3242,0,0,0,0,0,0,0,0,0,0,0,0,0,0,0,0,0,0,0,0,0,0,0,0,0,0,0,220,242
170,85,3149,2884,2862,2810,12299,4002,3119,3238,0,0,0,0,0,0,0,0,0,0,0,0,0,0,0,0,0,0,0,0,0,0,0,0,0,0,0,59,242
170,85,3150,2894,2825,2812,12290,4025,3138,3205,0,0,0,0,0,0,0,0,0,0,0,0,0,0,0,0,0,0,0,0,0,0,0,0,0,0,0,79,242
170,85,3143,2858,2844,2824,12282,4020,3112,3230,0,0,0,0,0,0,0,0,0,0,0,0,0,0,0,0,0,0,0,0,0,0,0,0,0,0,0,89,243
170,85,3150,2858,2875,2811,12293,4001,3119,3231,0,0,0,0,0,0,0,0,0,0,0,0,0,0,0,0,0,0,0,0,0,0,0,0,0,0,0,118,242
170,85,3148,2874,2828,2827,12291,4023,3119,3212,0,0,0,0,0,0,0,0,0,0,0,0,0,0,0,0,0,0,0,0,0,0,0,0,0,0,0,161,242
170,85,3150,2895,2867,2842,12287,4003,3121,3235,0,0,0,0,0,0,0,0,0,0,0,0,0,0,0,0,0,0,0,0,0,0,0,0,0,0,0,62,242
170,85,3166,2847,2851,2856,12292,4066,3143,3236,0,0,0,0,0,0,0,0,0,0,0,0,0,0,0,0,0,0,0,0,0,0,0,0,0,0,0,136,241
170,85,3151,2883,2854,2848,12291,4029,3114,3222,0,0,0,0,0,0,0,0,0,0,0,0,0,0,0,0,0,0,0,0,0,0,0,0,0,0,0,207,242
170,85,3151,2845,2821,2844,12300,4004,3137,3224,0,0,0,0,0,0,0,0,0,0,0,0,0,0,0,0,0,0,0,0,0,0,0,0,0,0,0,253,242
170,85,3166,2889,2854,2843,12294,4025,3132,3189,0,0,0,0,0,0,0,0,0,0,0,0,0,0,0,0,0,0,0,0,0,0,0,0,0,0,0,27,241
170,85,3143,2886,2828,2828,12284,4028,3122,3206,0,0,0,0,0,0,0,0,0,0,0,0,0,0,0,0,0,0,0,0,0,0,0,0,0,0,0,45,243
170,85,3136,2874,2854,2836,12288,4041,3142,3220,0,0,0,0,0,0,0,0,0,0,0,0,0,0,0,0,0,0,0,0,0,0,0,0,0,0,0,148,241
170,85,3151,2889,2867,2823,12276,4025,3122,3216,0,0,0,0,0,0,0,0,0,0,0,0,0,0,0,0,0,0,0,0,0,0,0,0,0,0,0,5,242
170,85,3144,2881,2829,2826,12284,4055,3119,3211,0,0,0,0,0,0,0,0,0,0,0,0,0,0,0,0,0,0,0,0,0,0,0,0,0,0,0,89,242
170,85,3131,2873,2855,2811,12297,4021,3143,3244,0,0,0,0,0,0,0,0,0,0,0,0,0,0,0,0,0,0,0,0,0,0,0,0,0,0,0,79,242
170,85,3151,2874,2832,2841,12289,4028,3119,3230,0,0,0,0,0,0,0,0,0,0,0,0,0,0,0,0,0,0,0,0,0,0,0,0,0,0,0,183,242
170,85,3149,2860,2845,2851,12282,4000,3120,3216,0,0,0,0,0,0,0,0,0,0,0,0,0,0,0,0,0,0,0,0,0,0,0,0,0,0,0,125,241
170,85,3150,2874,2844,2829,12284,4001,3141,3230,0,0,0,0,0,0,0,0,0,0,0,0,0,0,0,0,0,0,0,0,0,0,0,0,0,0,0,59,242
170,85,3153,2882,2862,2825,12289,3995,3124,3213,0,0,0,0,0,0,0,0,0,0,0,0,0,0,0,0,0,0,0,0,0,0,0,0,0,0,0,208,242
170,85,3131,2875,2870,2843,12284,4032,3143,3241,0,0,0,0,0,0,0,0,0,0,0,0,0,0,0,0,0,0,0,0,0,0,0,0,0,0,0,39,242
170,85,3153,2883,2868,2834,12280,4017,3144,3230,0,0,0,0,0,0,0,0,0,0,0,0,0,0,0,0,0,0,0,0,0,0,0,0,0,0,0,115,242
170,85,3137,2874,2853,2833,12289,4012,3119,3199,0,0,0,0,0,0,0,0,0,0,0,0,0,0,0,0,0,0,0,0,0,0,0,0,0,0,0,117,242
170,85,3137,2896,2821,2843,12268,4001,3141,3230,0,0,0,0,0,0,0,0,0,0,0,0,0,0,0,0,0,0,0,0,0,0,0,0,0,0,0,65,242
170,85,3153,2885,2820,2823,12288,4025,3143,3222,0,0,0,0,0,0,0,0,0,0,0,0,0,0,0,0,0,0,0,0,0,0,0,0,0,0,0,184,241
170,85,3150,2871,2823,2850,12290,4011,3145,3233,0,0,0,0,0,0,0,0,0,0,0,0,0,0,0,0,0,0,0,0,0,0,0,0,0,0,0,218,242
170,85,3150,2896,2848,2844,12315,4000,3117,3237,0,0,0,0,0,0,0,0,0,0,0,0,0,0,0,0,0,0,0,0,0,0,0,0,0,0,0,214,242
170,85,3140,2874,2842,2851,12266,4019,3121,3230,0,0,0,0,0,0,0,0,0,0,0,0,0,0,0,0,0,0,0,0,0,0,0,0,0,0,0,105,242
170,85,3130,2856,2842,2850,12285,4015,3117,3207,0,0,0,0,0,0,0,0,0,0,0,0,0,0,0,0,0,0,0,0,0,0,0,0,0,0,0,10,242
170,85,3144,2848,2831,2822,12300,3997,3119,3222,0,0,0,0,0,0,0,0,0,0,0,0,0,0,0,0,0,0,0,0,0,0,0,0,0,0,0,142,242
170,85,3151,2860,2846,2850,12285,4020,3137,3235,0,0,0,0,0,0,0,0,0,0,0,0,0,0,0,0,0,0,0,0,0,0,0,0,0,0,0,44,242
170,85,3150,2886,2870,2823,12279,4024,3143,3223,0,0,0,0,0,0,0,0,0,0,0,0,0,0,0,0,0,0,0,0,0,0,0,0,0,0,0,126,242
170,85,3146,2874,2877,2820,12287,4023,3139,3197,0,0,0,0,0,0,0,0,0,0,0,0,0,0,0,0,0,0,0,0,0,0,0,0,0,0,0,231,242
170,85,3151,2861,2851,2835,12298,3996,3117,3197,0,0,0,0,0,0,0,0,0,0,0,0,0,0,0,0,0,0,0,0,0,0,0,0,0,0,0,83,242
170,85,3144,2874,2854,2824,12281,4017,3138,3216,0,0,0,0,0,0,0,0,0,0,0,0,0,0,0,0,0,0,0,0,0,0,0,0,0,0,0,30,242
170,85,3129,2882,2868,2847,12289,4036,3109,3232,0,0,0,0,0,0,0,0,0,0,0,0,0,0,0,0,0,0,0,0,0,0,0,0,0,0,0,215,242
170,85,3138,2894,2822,2851,12281,4036,3137,3214,0,0,0,0,0,0,0,0,0,0,0,0,0,0,0,0,0,0,0,0,0,0,0,0,0,0,0,3,242
170,85,3154,2890,2831,2835,12304,4026,3121,3222,0,0,0,0,0,0,0,0,0,0,0,0,0,0,0,0,0,0,0,0,0,0,0,0,0,0,0,206,242
170,85,3157,2894,2855,2842,12293,4015,3138,3214,0,0,0,0,0,0,0,0,0,0,0,0,0,0,0,0,0,0,0,0,0,0,0,0,0,0,0,135,242
170,85,3121,2873,2854,2828,12293,4001,3109,3216,0,0,0,0,0,0,0,0,0,0,0,0,0,0,0,0,0,0,0,0,0,0,0,0,0,0,0,244,242
170,85,3157,2885,2877,2839,12296,4025,3136,3220,0,0,0,0,0,0,0,0,0,0,0,0,0,0,0,0,0,0,0,0,0,0,0,0,0,0,0,152,242
170,85,3130,2867,2855,2841,12292,4000,3141,3237,0,0,0,0,0,0,0,0,0,0,0,0,0,0,0,0,0,0,0,0,0,0,0,0,0,0,0,180,242
170,85,3144,2894,2867,2843,12292,4039,3117,3202,0,0,0,0,0,0,0,0,0,0,0,0,0,0,0,0,0,0,0,0,0,0,0,0,0,0,0,133,242
170,85,3168,2895,2854,2837,12271,4029,3139,3196,0,0,0,0,0,0,0,0,0,0,0,0,0,0,0,0,0,0,0,0,0,0,0,0,0,0,0,169,242
170,85,3157,2858,2824,2851,12278,4037,3137,3221,0,0,0,0,0,0,0,0,0,0,0,0,0,0,0,0,0,0,0,0,0,0,0,0,0,0,0,107,242
170,85,3146,2873,2823,2850,12270,4013,3141,3201,0,0,0,0,0,0,0,0,0,0,0,0,0,0,0,0,0,0,0,0,0,0,0,0,0,0,0,9,243
170,85,3121,2896,2868,2821,12295,3999,3149,3198,0,0,0,0,0,0,0,0,0,0,0,0,0,0,0,0,0,0,0,0,0,0,0,0,0,0,0,60,242
170,85,3136,2885,2832,2843,12287,4033,3121,3212,0,0,0,0,0,0,0,0,0,0,0,0,0,0,0,0,0,0,0,0,0,0,0,0,0,0,0,85,242
170,85,3149,2893,2845,2835,12283,4031,3120,3219,0,0,0,0,0,0,0,0,0,0,0,0,0,0,0,0,0,0,0,0,0,0,0,0,0,0,0,49,242
170,85,3118,2843,2854,2849,12277,4039,3144,3221,0,0,0,0,0,0,0,0,0,0,0,0,0,0,0,0,0,0,0,0,0,0,0,0,0,0,0,5,242
170,85,3153,2869,2823,2839,12280,4024,3120,3222,0,0,0,0,0,0,0,0,0,0,0,0,0,0,0,0,0,0,0,0,0,0,0,0,0,0,0,74,242
170,85,3132,2890,2832,2823,12283,4020,3114,3218,0,0,0,0,0,0,0,0,0,0,0,0,0,0,0,0,0,0,0,0,0,0,0,0,0,0,0,78,242
170,85,3152,2875,2856,2837,12284,4024,3143,3203,0,0,0,0,0,0,0,0,0,0,0,0,0,0,0,0,0,0,0,0,0,0,0,0,0,0,0,14,242
170,85,3146,2858,2863,2842,12290,4022,3119,3221,0,0,0,0,0,0,0,0,0,0,0,0,0,0,0,0,0,0,0,0,0,0,0,0,0,0,0,156,242
170,85,3149,2894,2869,2839,12276,3997,3139,3201,0,0,0,0,0,0,0,0,0,0,0,0,0,0,0,0,0,0,0,0,0,0,0,0,0,0,0,82,242
170,85,3152,2888,2853,2840,12291,4001,3119,3216,0,0,0,0,0,0,0,0,0,0,0,0,0,0,0,0,0,0,0,0,0,0,0,0,0,0,0,255,242
170,85,3130,2873,2849,2838,12289,4034,3121,3218,0,0,0,0,0,0,0,0,0,0,0,0,0,0,0,0,0,0,0,0,0,0,0,0,0,0,0,147,242
170,85,3160,2874,2870,2828,12289,4019,3142,3191,0,0,0,0,0,0,0,0,0,0,0,0,0,0,0,0,0,0,0,0,0,0,0,0,0,0,0,28,242
170,85,3150,2874,2822,2839,12285,4015,3109,3221,0,0,0,0,0,0,0,0,0,0,0,0,0,0,0,0,0,0,0,0,0,0,0,0,0,0,0,95,242
170,85,3158,2874,2868,2830,12291,4022,3121,3217,0,0,0,0,0,0,0,0,0,0,0,0,0,0,0,0,0,0,0,0,0,0,0,0,0,0,0,132,242
170,85,3131,2891,2854,2813,12285,4024,3144,3204,0,0,0,0,0,0,0,0,0,0,0,0,0,0,0,0,0,0,0,0,0,0,0,0,0,0,0,251,242
170,85,3150,2858,2861,2846,12281,4022,3138,3197,0,0,0,0,0,0,0,0,0,0,0,0,0,0,0,0,0,0,0,0,0,0,0,0,0,0,0,255,242
170,85,3156,2868,2822,2839,12281,4020,3106,3220,0,0,0,0,0,0,0,0,0,0,0,0,0,0,0,0,0,0,0,0,0,0,0,0,0,0,0,82,243
170,85,3157,2882,2853,2829,12270,4053,3138,3230,0,0,0,0,0,0,0,0,0,0,0,0,0,0,0,0,0,0,0,0,0,0,0,0,0,0,0,0,242
170,85,3155,2895,2844,2833,12287,4021,3137,3213,0,0,0,0,0,0,0,0,0,0,0,0,0,0,0,0,0,0,0,0,0,0,0,0,0,0,0,79,242
170,85,3149,2873,2855,2843,12282,3999,3120,3215,0,0,0,0,0,0,0,0,0,0,0,0,0,0,0,0,0,0,0,0,0,0,0,0,0,0,0,74,242
170,85,3131,2845,2870,2824,12278,4002,3138,3219,0,0,0,0,0,0,0,0,0,0,0,0,0,0,0,0,0,0,0,0,0,0,0,0,0,0,0,69,242
170,85,3149,2897,2844,2841,12276,4036,3120,3192,0,0,0,0,0,0,0,0,0,0,0,0,0,0,0,0,0,0,0,0,0,0,0,0,0,0,0,185,242
170,85,3131,2897,2854,2842,12278,4013,3141,3221,0,0,0,0,0,0,0,0,0,0,0,0,0,0,0,0,0,0,0,0,0,0,0,0,0,0,0,5,243
170,85,3142,2859,2861,2824,12278,4002,3128,3201,0,0,0,0,0,0,0,0,0,0,0,0,0,0,0,0,0,0,0,0,0,0,0,0,0,0,0,125,242
170,85,3132,2883,2842,2841,12269,4014,3118,3195,0,0,0,0,0,0,0,0,0,0,0,0,0,0,0,0,0,0,0,0,0,0,0,0,0,0,0,178,243
170,85,3157,2896,2854,2822,12282,4001,3113,3221,0,0,0,0,0,0,0,0,0,0,0,0,0,0,0,0,0,0,0,0,0,0,0,0,0,0,0,26,242
170,85,3151,2873,2856,2836,12286,4023,3129,3191,0,0,0,0,0,0,0,0,0,0,0,0,0,0,0,0,0,0,0,0,0,0,0,0,0,0,0,149,242
170,85,3120,2890,2857,2843,12279,4026,3119,3215,0,0,0,0,0,0,0,0,0,0,0,0,0,0,0,0,0,0,0,0,0,0,0,0,0,0,0,125,242
170,85,3149,2883,2869,2850,12264,4000,3124,3194,0,0,0,0,0,0,0,0,0,0,0,0,0,0,0,0,0,0,0,0,0,0,0,0,0,0,0,199,243
170,85,3151,2882,2870,2836,12269,4021,3143,3195,0,0,0,0,0,0,0,0,0,0,0,0,0,0,0,0,0,0,0,0,0,0,0,0,0,0,0,147,242
170,85,3150,2884,2823,2828,12278,4035,3142,3199,0,0,0,0,0,0,0,0,0,0,0,0,0,0,0,0,0,0,0,0,0,0,0,0,0,0,0,213,242
170,85,3167,2882,2821,2822,12282,4040,3114,3220,0,0,0,0,0,0,0,0,0,0,0,0,0,0,0,0,0,0,0,0,0,0,0,0,0,0,0,74,242
170,85,3136,2896,2861,2843,12284,4000,3113,3190,0,0,0,0,0,0,0,0,0,0,0,0,0,0,0,0,0,0,0,0,0,0,0,0,0,0,0,253,242
170,85,3143,2875,2820,2837,12268,4018,3120,3220,0,0,0,0,0,0,0,0,0,0,0,0,0,0,0,0,0,0,0,0,0,0,0,0,0,0,0,79,242
170,85,3138,2895,2854,2846,12278,3996,3119,3219,0,0,0,0,0,0,0,0,0,0,0,0,0,0,0,0,0,0,0,0,0,0,0,0,0,0,0,59,242
170,85,3131,2873,2863,2811,12287,4019,3144,3221,0,0,0,0,0,0,0,0,0,0,0,0,0,0,0,0,0,0,0,0,0,0,0,0,0,0,0,158,242
170,85,3150,2890,2845,2842,12266,4021,3115,3195,0,0,0,0,0,0,0,0,0,0,0,0,0,0,0,0,0,0,0,0,0,0,0,0,0,0,0,212,242
170,85,3150,2873,2842,2845,12273,4008,3142,3225,0,0,0,0,0,0,0,0,0,0,0,0,0,0,0,0,0,0,0,0,0,0,0,0,0,0,0,46,242
170,85,3153,2894,2820,2824,12263,4025,3122,3193,0,0,0,0,0,0,0,0,0,0,0,0,0,0,0,0,0,0,0,0,0,0,0,0,0,0,0,222,242
170,85,3150,2882,2840,2837,12268,4006,3120,3203,0,0,0,0,0,0,0,0,0,0,0,0,0,0,0,0,0,0,0,0,0,0,0,0,0,0,0,32,242
170,85,3135,2886,2823,2810,12278,4003,3119,3201,0,0,0,0,0,0,0,0,0,0,0,0,0,0,0,0,0,0,0,0,0,0,0,0,0,0,0,166,242
170,85,3148,2894,2869,2823,12278,4007,3120,3213,0,0,0,0,0,0,0,0,0,0,0,0,0,0,0,0,0,0,0,0,0,0,0,0,0,0,0,4,242
170,85,3143,2857,2855,2823,12275,4017,3143,3219,0,0,0,0,0,0,0,0,0,0,0,0,0,0,0,0,0,0,0,0,0,0,0,0,0,0,0,0,242
170,85,3150,2896,2843,2807,12277,4010,3110,3189,0,0,0,0,0,0,0,0,0,0,0,0,0,0,0,0,0,0,0,0,0,0,0,0,0,0,0,39,243
170,85,3152,2890,2869,2825,12262,3986,3107,3220,0,0,0,0,0,0,0,0,0,0,0,0,0,0,0,0,0,0,0,0,0,0,0,0,0,0,0,61,242
170,85,3152,2881,2867,2830,12275,4003,3120,3219,0,0,0,0,0,0,0,0,0,0,0,0,0,0,0,0,0,0,0,0,0,0,0,0,0,0,0,7,242
170,85,3151,2859,2860,2836,12258,4008,3144,3192,0,0,0,0,0,0,0,0,0,0,0,0,0,0,0,0,0,0,0,0,0,0,0,0,0,0,0,254,242
170,85,3148,2875,2829,2842,12277,4007,3146,3217,0,0,0,0,0,0,0,0,0,0,0,0,0,0,0,0,0,0,0,0,0,0,0,0,0,0,0,49,242
170,85,3131,2891,2869,2829,12273,4012,3113,3221,0,0,0,0,0,0,0,0,0,0,0,0,0,0,0,0,0,0,0,0,0,0,0,0,0,0,0,113,242
170,85,3136,2894,2858,2830,12266,4002,3143,3214,0,0,0,0,0,0,0,0,0,0,0,0,0,0,0,0,0,0,0,0,0,0,0,0,0,0,0,115,242
170,85,3149,2889,2843,2839,12279,4004,3114,3202,0,0,0,0,0,0,0,0,0,0,0,0,0,0,0,0,0,0,0,0,0,0,0,0,0,0,0,43,242
170,85,3151,2848,2854,2850,12274,4003,3142,3219,0,0,0,0,0,0,0,0,0,0,0,0,0,0,0,0,0,0,0,0,0,0,0,0,0,0,0,55,242
170,85,3153,2894,2841,2844,12266,3997,3121,3196,0,0,0,0,0,0,0,0,0,0,0,0,0,0,0,0,0,0,0,0,0,0,0,0,0,0,0,248,242
170,85,3157,2883,2830,2836,12262,3983,3142,3212,0,0,0,0,0,0,0,0,0,0,0,0,0,0,0,0,0,0,0,0,0,0,0,0,0,0,0,119,242
170,85,3152,2881,2861,2849,12272,4006,3123,3218,0,0,0,0,0,0,0,0,0,0,0,0,0,0,0,0,0,0,0,0,0,0,0,0,0,0,0,50,243
170,85,3149,2882,2844,2823,12276,4007,3115,3196,0,0,0,0,0,0,0,0,0,0,0,0,0,0,0,0,0,0,0,0,0,0,0,0,0,0,0,200,242
170,85,3128,2874,2869,2837,12281,4020,3120,3214,0,0,0,0,0,0,0,0,0,0,0,0,0,0,0,0,0,0,0,0,0,0,0,0,0,0,0,9,242
170,85,3144,2894,2842,2835,12272,4014,3120,3194,0,0,0,0,0,0,0,0,0,0,0,0,0,0,0,0,0,0,0,0,0,0,0,0,0,0,0,195,242
170,85,3132,2884,2824,2837,12274,3984,3112,3196,0,0,0,0,0,0,0,0,0,0,0,0,0,0,0,0,0,0,0,0,0,0,0,0,0,0,0,139,242
170,85,3149,2883,2829,2849,12258,4002,3123,3213,0,0,0,0,0,0,0,0,0,0,0,0,0,0,0,0,0,0,0,0,0,0,0,0,0,0,0,4,242
170,85,3128,2859,2868,2841,12259,4002,3140,3194,0,0,0,0,0,0,0,0,0,0,0,0,0,0,0,0,0,0,0,0,0,0,0,0,0,0,0,153,242
170,85,3149,2883,2853,2844,12276,3986,3135,3220,0,0,0,0,0,0,0,0,0,0,0,0,0,0,0,0,0,0,0,0,0,0,0,0,0,0,0,34,242
170,85,3151,2866,2823,2843,12272,4005,3109,3218,0,0,0,0,0,0,0,0,0,0,0,0,0,0,0,0,0,0,0,0,0,0,0,0,0,0,0,91,242
170,85,3151,2895,2868,2840,12259,4007,3120,3217,0,0,0,0,0,0,0,0,0,0,0,0,0,0,0,0,0,0,0,0,0,0,0,0,0,0,0,17,243
170,85,3153,2862,2843,2839,12275,4007,3145,3225,0,0,0,0,0,0,0,0,0,0,0,0,0,0,0,0,0,0,0,0,0,0,0,0,0,0,0,47,242
170,85,3148,2873,2854,2828,12263,3980,3117,3217,0,0,0,0,0,0,0,0,0,0,0,0,0,0,0,0,0,0,0,0,0,0,0,0,0,0,0,80,242
170,85,3149,2872,2851,2823,12266,4027,3119,3189,0,0,0,0,0,0,0,0,0,0,0,0,0,0,0,0,0,0,0,0,0,0,0,0,0,0,0,130,242
170,85,3166,2884,2854,2844,12274,3983,3135,3210,0,0,0,0,0,0,0,0,0,0,0,0,0,0,0,0,0,0,0,0,0,0,0,0,0,0,0,48,242
170,85,3148,2894,2823,2843,12275,4009,3136,3188,0,0,0,0,0,0,0,0,0,0,0,0,0,0,0,0,0,0,0,0,0,0,0,0,0,0,0,168,242
170,85,3152,2882,2823,2836,12258,4015,3119,3219,0,0,0,0,0,0,0,0,0,0,0,0,0,0,0,0,0,0,0,0,0,0,0,0,0,0,0,40,242
170,85,3147,2895,2823,2824,12257,4004,3115,3189,0,0,0,0,0,0,0,0,0,0,0,0,0,0,0,0,0,0,0,0,0,0,0,0,0,0,0,200,243
170,85,3152,2855,2854,2843,12272,4009,3136,3221,0,0,0,0,0,0,0,0,0,0,0,0,0,0,0,0,0,0,0,0,0,0,0,0,0,0,0,30,242
170,85,3152,2858,2854,2830,12253,4005,3119,3215,0,0,0,0,0,0,0,0,0,0,0,0,0,0,0,0,0,0,0,0,0,0,0,0,0,0,0,82,242
170,85,3157,2871,2851,2850,12255,4001,3125,3221,0,0,0,0,0,0,0,0,0,0,0,0,0,0,0,0,0,0,0,0,0,0,0,0,0,0,0,101,242
170,85,3157,2874,2844,2829,12272,3984,3142,3214,0,0,0,0,0,0,0,0,0,0,0,0,0,0,0,0,0,0,0,0,0,0,0,0,0,0,0,14,242
170,85,3171,2883,2844,2837,12275,4005,3113,3210,0,0,0,0,0,0,0,0,0,0,0,0,0,0,0,0,0,0,0,0,0,0,0,0,0,0,0,4,242
170,85,3150,2859,2831,2836,12270,4006,3144,3189,0,0,0,0,0,0,0,0,0,0,0,0,0,0,0,0,0,0,0,0,0,0,0,0,0,0,0,211,242
170,85,3150,2876,2853,2823,12255,4008,3140,3191,0,0,0,0,0,0,0,0,0,0,0,0,0,0,0,0,0,0,0,0,0,0,0,0,0,0,0,204,242
170,85,3151,2874,2821,2824,12267,4006,3136,3197,0,0,0,0,0,0,0,0,0,0,0,0,0,0,0,0,0,0,0,0,0,0,0,0,0,0,0,208,242
170,85,3150,2874,2855,2836,12260,3998,3115,3212,0,0,0,0,0,0,0,0,0,0,0,0,0,0,0,0,0,0,0,0,0,0,0,0,0,0,0,66,242
170,85,3167,2890,2853,2835,12250,4021,3114,3213,0,0,0,0,0,0,0,0,0,0,0,0,0,0,0,0,0,0,0,0,0,0,0,0,0,0,0,51,242
170,85,3119,2847,2853,2841,12259,4004,3145,3212,0,0,0,0,0,0,0,0,0,0,0,0,0,0,0,0,0,0,0,0,0,0,0,0,0,0,0,86,243
170,85,3155,2896,2869,2824,12257,3983,3117,3219,0,0,0,0,0,0,0,0,0,0,0,0,0,0,0,0,0,0,0,0,0,0,0,0,0,0,0,54,242
170,85,3147,2875,2842,2836,12267,4006,3120,3200,0,0,0,0,0,0,0,0,0,0,0,0,0,0,0,0,0,0,0,0,0,0,0,0,0,0,0,91,242
170,85,3149,2872,2855,2821,12270,4005,3143,3194,0,0,0,0,0,0,0,0,0,0,0,0,0,0,0,0,0,0,0,0,0,0,0,0,0,0,0,249,242
170,85,3169,2874,2854,2842,12261,4008,3108,3220,0,0,0,0,0,0,0,0,0,0,0,0,0,0,0,0,0,0,0,0,0,0,0,0,0,0,0,66,242
170,85,3149,2847,2853,2827,12254,3999,3144,3196,0,0,0,0,0,0,0,0,0,0,0,0,0,0,0,0,0,0,0,0,0,0,0,0,0,0,0,209,242
170,85,3127,2895,2841,2847,12264,4001,3143,3215,0,0,0,0,0,0,0,0,0,0,0,0,0,0,0,0,0,0,0,0,0,0,0,0,0,0,0,39,242
170,85,3122,2873,2843,2813,12251,4010,3137,3199,0,0,0,0,0,0,0,0,0,0,0,0,0,0,0,0,0,0,0,0,0,0,0,0,0,0,0,123,242
170,85,3136,2846,2855,2823,12256,4006,3118,3190,0,0,0,0,0,0,0,0,0,0,0,0,0,0,0,0,0,0,0,0,0,0,0,0,0,0,0,184,242
170,85,3157,2895,2847,2823,12265,4005,3144,3227,0,0,0,0,0,0,0,0,0,0,0,0,0,0,0,0,0,0,0,0,0,0,0,0,0,0,0,69,242
170,85,3129,2895,2860,2813,12252,4005,3120,3219,0,0,0,0,0,0,0,0,0,0,0,0,0,0,0,0,0,0,0,0,0,0,0,0,0,0,0,164,242
170,85,3147,2890,2854,2842,12254,4016,3117,3195,0,0,0,0,0,0,0,0,0,0,0,0,0,0,0,0,0,0,0,0,0,0,0,0,0,0,0,221,242
170,85,3151,2859,2868,2837,12267,3981,3122,3194,0,0,0,0,0,0,0,0,0,0,0,0,0,0,0,0,0,0,0,0,0,0,0,0,0,0,0,179,242
170,85,3152,2893,2841,2817,12265,4025,3145,3220,0,0,0,0,0,0,0,0,0,0,0,0,0,0,0,0,0,0,0,0,0,0,0,0,0,0,0,80,242
170,85,3151,2891,2844,2824,12251,4027,3121,3214,0,0,0,0,0,0,0,0,0,0,0,0,0,0,0,0,0,0,0,0,0,0,0,0,0,0,0,23,242
170,85,3151,2873,2868,2842,12265,3984,3113,3196,0,0,0,0,0,0,0,0,0,0,0,0,0,0,0,0,0,0,0,0,0,0,0,0,0,0,0,172,242
170,85,3130,2871,2853,2850,12248,3998,3115,3218,0,0,0,0,0,0,0,0,0,0,0,0,0,0,0,0,0,0,0,0,0,0,0,0,0,0,0,45,242
170,85,3150,2874,2844,2842,12268,4021,3119,3212,0,0,0,0,0,0,0,0,0,0,0,0,0,0,0,0,0,0,0,0,0,0,0,0,0,0,0,80,242
170,85,3151,2897,2843,2842,12254,4008,3143,3203,0,0,0,0,0,0,0,0,0,0,0,0,0,0,0,0,0,0,0,0,0,0,0,0,0,0,0,117,242
170,85,3129,2884,2848,2842,12250,3997,3142,3217,0,0,0,0,0,0,0,0,0,0,0,0,0,0,0,0,0,0,0,0,0,0,0,0,0,0,0,15,242
170,85,3129,2882,2853,2847,12251,4023,3146,3194,0,0,0,0,0,0,0,0,0,0,0,0,0,0,0,0,0,0,0,0,0,0,0,0,0,0,0,197,242
170,85,3150,2897,2822,2843,12268,4001,3117,3214,0,0,0,0,0,0,0,0,0,0,0,0,0,0,0,0,0,0,0,0,0,0,0,0,0,0,0,52,243
170,85,3142,2867,2855,2841,12257,4004,3121,3194,0,0,0,0,0,0,0,0,0,0,0,0,0,0,0,0,0,0,0,0,0,0,0,0,0,0,0,157,242
170,85,3158,2882,2868,2822,12277,4009,3139,3196,0,0,0,0,0,0,0,0,0,0,0,0,0,0,0,0,0,0,0,0,0,0,0,0,0,0,0,157,242
170,85,3136,2824,2863,2818,12256,4122,3143,3188,0,0,0,0,0,0,0,0,0,0,0,0,0,0,0,0,0,0,0,0,0,0,0,0,0,0,0,107,242
170,85,3138,2895,2823,2848,12258,4033,3136,3212,0,0,0,0,0,0,0,0,0,0,0,0,0,0,0,0,0,0,0,0,0,0,0,0,0,0,0,29,242
170,85,3152,2884,2843,2812,12255,4032,3113,3189,0,0,0,0,0,0,0,0,0,0,0,0,0,0,0,0,0,0,0,0,0,0,0,0,0,0,0,105,242
170,85,3149,2858,2852,2809,12260,4036,3143,3201,0,0,0,0,0,0,0,0,0,0,0,0,0,0,0,0,0,0,0,0,0,0,0,0,0,0,0,133,242
170,85,3149,2875,2855,2822,12258,4021,3145,3213,0,0,0,0,0,0,0,0,0,0,0,0,0,0,0,0,0,0,0,0,0,0,0,0,0,0,0,28,242
170,85,3147,2846,2862,2826,12267,4003,3137,3221,0,0,0,0,0,0,0,0,0,0,0,0,0,0,0,0,0,0,0,0,0,0,0,0,0,0,0,53,243
170,85,3134,2895,2845,2835,12252,4009,3131,3228,0,0,0,0,0,0,0,0,0,0,0,0,0,0,0,0,0,0,0,0,0,0,0,0,0,0,0,117,242
170,85,3129,2871,2867,2849,12274,4017,3144,3220,0,0,0,0,0,0,0,0,0,0,0,0,0,0,0,0,0,0,0,0,0,0,0,0,0,0,0,91,242
170,85,3150,2859,2844,2821,12272,3991,3120,3201,0,0,0,0,0,0,0,0,0,0,0,0,0,0,0,0,0,0,0,0,0,0,0,0,0,0,0,114,242
170,85,3158,2846,2827,2837,12270,3998,3114,3220,0,0,0,0,0,0,0,0,0,0,0,0,0,0,0,0,0,0,0,0,0,0,0,0,0,0,0,64,242
170,85,3144,2859,2854,2832,12252,4023,3142,3217,0,0,0,0,0,0,0,0,0,0,0,0,0,0,0,0,0,0,0,0,0,0,0,0,0,0,0,49,242
170,85,3131,2872,2844,2824,12251,3996,3113,3194,0,0,0,0,0,0,0,0,0,0,0,0,0,0,0,0,0,0,0,0,0,0,0,0,0,0,0,219,242
170,85,3151,2896,2823,2837,12252,4022,3114,3224,0,0,0,0,0,0,0,0,0,0,0,0,0,0,0,0,0,0,0,0,0,0,0,0,0,0,0,13,242
170,85,3152,2884,2841,2842,12268,4004,3140,3199,0,0,0,0,0,0,0,0,0,0,0,0,0,0,0,0,0,0,0,0,0,0,0,0,0,0,0,188,242
170,85,3158,2872,2854,2805,12270,4019,3138,3213,0,0,0,0,0,0,0,0,0,0,0,0,0,0,0,0,0,0,0,0,0,0,0,0,0,0,0,246,242
170,85,3158,2872,2841,2843,12253,4010,3122,3195,0,0,0,0,0,0,0,0,0,0,0,0,0,0,0,0,0,0,0,0,0,0,0,0,0,0,0,138,242
170,85,3149,2896,2855,2843,12254,3999,3142,3190,0,0,0,0,0,0,0,0,0,0,0,0,0,0,0,0,0,0,0,0,0,0,0,0,0,0,0,136,242
170,85,3151,2856,2851,2842,12259,4025,3128,3213,0,0,0,0,0,0,0,0,0,0,0,0,0,0,0,0,0,0,0,0,0,0,0,0,0,0,0,105,242
170,85,3150,2860,2842,2848,12272,4004,3136,3195,0,0,0,0,0,0,0,0,0,0,0,0,0,0,0,0,0,0,0,0,0,0,0,0,0,0,0,239,242
170,85,3154,2846,2822,2810,12251,3985,3136,3188,0,0,0,0,0,0,0,0,0,0,0,0,0,0,0,0,0,0,0,0,0,0,0,0,0,0,0,23,242
170,85,3153,2856,2829,2823,12256,4009,3139,3215,0,0,0,0,0,0,0,0,0,0,0,0,0,0,0,0,0,0,0,0,0,0,0,0,0,0,0,46,242
170,85,3130,2873,2868,2835,12259,4017,3128,3214,0,0,0,0,0,0,0,0,0,0,0,0,0,0,0,0,0,0,0,0,0,0,0,0,0,0,0,24,242
170,85,3150,2895,2822,2840,12252,4008,3128,3224,0,0,0,0,0,0,0,0,0,0,0,0,0,0,0,0,0,0,0,0,0,0,0,0,0,0,0,19,242
170,85,3142,2895,2861,2810,12254,4024,3115,3195,0,0,0,0,0,0,0,0,0,0,0,0,0,0,0,0,0,0,0,0,0,0,0,0,0,0,0,49,242
170,85,3150,2894,2829,2845,12255,4028,3142,3216,0,0,0,0,0,0,0,0,0,0,0,0,0,0,0,0,0,0,0,0,0,0,0,0,0,0,0,125,242
170,85,3154,2874,2854,2824,12263,3997,3146,3212,0,0,0,0,0,0,0,0,0,0,0,0,0,0,0,0,0,0,0,0,0,0,0,0,0,0,0,34,242
170,85,3152,2858,2868,2834,12267,3985,3115,3202,0,0,0,0,0,0,0,0,0,0,0,0,0,0,0,0,0,0,0,0,0,0,0,0,0,0,0,87,242
170,85,3129,2868,2840,2821,12256,3993,3143,3217,0,0,0,0,0,0,0,0,0,0,0,0,0,0,0,0,0,0,0,0,0,0,0,0,0,0,0,103,242
170,85,3142,2871,2841,2836,12275,3995,3141,3217,0,0,0,0,0,0,0,0,0,0,0,0,0,0,0,0,0,0,0,0,0,0,0,0,0,0,0,24,242
170,85,3130,2887,2853,2849,12251,3996,3145,3216,0,0,0,0,0,0,0,0,0,0,0,0,0,0,0,0,0,0,0,0,0,0,0,0,0,0,0,63,242
170,85,3144,2889,2839,2823,12252,4025,3139,3189,0,0,0,0,0,0,0,0,0,0,0,0,0,0,0,0,0,0,0,0,0,0,0,0,0,0,0,154,242
170,85,3151,2888,2861,2825,12263,4026,3122,3200,0,0,0,0,0,0,0,0,0,0,0,0,0,0,0,0,0,0,0,0,0,0,0,0,0,0,0,20,242
170,85,3135,2875,2841,2826,12251,4020,3143,3219,0,0,0,0,0,0,0,0,0,0,0,0,0,0,0,0,0,0,0,0,0,0,0,0,0,0,0,116,242
170,85,3130,2857,2854,2811,12269,4036,3115,3201,0,0,0,0,0,0,0,0,0,0,0,0,0,0,0,0,0,0,0,0,0,0,0,0,0,0,0,148,242
170,85,3149,2873,2868,2836,12270,4005,3121,3202,0,0,0,0,0,0,0,0,0,0,0,0,0,0,0,0,0,0,0,0,0,0,0,0,0,0,0,116,242
170,85,3150,2872,2867,2836,12268,4000,3116,3194,0,0,0,0,0,0,0,0,0,0,0,0,0,0,0,0,0,0,0,0,0,0,0,0,0,0,0,147,242
170,85,3151,2845,2855,2847,12256,3977,3121,3199,0,0,0,0,0,0,0,0,0,0,0,0,0,0,0,0,0,0,0,0,0,0,0,0,0,0,0,149,242
170,85,3152,2860,2852,2849,12255,4007,3139,3219,0,0,0,0,0,0,0,0,0,0,0,0,0,0,0,0,0,0,0,0,0,0,0,0,0,0,0,9,242
170,85,3148,2872,2868,2810,12263,4025,3121,3188,0,0,0,0,0,0,0,0,0,0,0,0,0,0,0,0,0,0,0,0,0,0,0,0,0,0,0,120,242
170,85,3151,2897,2867,2844,12261,3997,3115,3214,0,0,0,0,0,0,0,0,0,0,0,0,0,0,0,0,0,0,0,0,0,0,0,0,0,0,0,52,242
170,85,3152,2874,2822,2841,12254,4020,3120,3219,0,0,0,0,0,0,0,0,0,0,0,0,0,0,0,0,0,0,0,0,0,0,0,0,0,0,0,100,242
170,85,3150,2895,2840,2837,12260,4013,3144,3194,0,0,0,0,0,0,0,0,0,0,0,0,0,0,0,0,0,0,0,0,0,0,0,0,0,0,0,175,242
170,85,3129,2874,2844,2837,12271,4024,3110,3193,0,0,0,0,0,0,0,0,0,0,0,0,0,0,0,0,0,0,0,0,0,0,0,0,0,0,0,218,242
170,85,3148,2894,2824,2840,12264,4008,3144,3189,0,0,0,0,0,0,0,0,0,0,0,0,0,0,0,0,0,0,0,0,0,0,0,0,0,0,0,183,242
170,85,3132,2873,2843,2823,12267,3999,3124,3219,0,0,0,0,0,0,0,0,0,0,0,0,0,0,0,0,0,0,0,0,0,0,0,0,0,0,0,18,242
170,85,3147,2883,2869,2850,12266,4003,3119,3202,0,0,0,0,0,0,0,0,0,0,0,0,0,0,0,0,0,0,0,0,0,0,0,0,0,0,0,35,242
170,85,3130,2896,2854,2837,12264,4020,3115,3212,0,0,0,0,0,0,0,0,0,0,0,0,0,0,0,0,0,0,0,0,0,0,0,0,0,0,0,122,242
170,85,3131,2896,2854,2837,12257,4000,3115,3190,0,0,0,0,0,0,0,0,0,0,0,0,0,0,0,0,0,0,0,0,0,0,0,0,0,0,0,156,242
170,85,3151,2875,2854,2837,12263,4013,3144,3213,0,0,0,0,0,0,0,0,0,0,0,0,0,0,0,0,0,0,0,0,0,0,0,0,0,0,0,16,242
170,85,3149,2844,2853,2838,12261,4010,3145,3218,0,0,0,0,0,0,0,0,0,0,0,0,0,0,0,0,0,0,0,0,0,0,0,0,0,0,0,46,243
170,85,3149,2874,2861,2825,12279,3998,3137,3200,0,0,0,0,0,0,0,0,0,0,0,0,0,0,0,0,0,0,0,0,0,0,0,0,0,0,0,35,242
170,85,3130,2869,2855,2841,12281,4034,3109,3197,0,0,0,0,0,0,0,0,0,0,0,0,0,0,0,0,0,0,0,0,0,0,0,0,0,0,0,138,242
170,85,3151,2894,2867,2849,12261,4030,3110,3220,0,0,0,0,0,0,0,0,0,0,0,0,0,0,0,0,0,0,0,0,0,0,0,0,0,0,0,34,242
170,85,3159,2860,2842,2811,12280,3999,3142,3219,0,0,0,0,0,0,0,0,0,0,0,0,0,0,0,0,0,0,0,0,0,0,0,0,0,0,0,241,242
170,85,3153,2846,2832,2842,12254,4021,3119,3202,0,0,0,0,0,0,0,0,0,0,0,0,0,0,0,0,0,0,0,0,0,0,0,0,0,0,0,91,242
170,85,3135,2847,2844,2848,12253,4024,3146,3221,0,0,0,0,0,0,0,0,0,0,0,0,0,0,0,0,0,0,0,0,0,0,0,0,0,0,0,126,242
170,85,3152,2888,2856,2850,12271,3981,3144,3199,0,0,0,0,0,0,0,0,0,0,0,0,0,0,0,0,0,0,0,0,0,0,0,0,0,0,0,159,242
170,85,3120,2874,2853,2840,12261,4025,3139,3189,0,0,0,0,0,0,0,0,0,0,0,0,0,0,0,0,0,0,0,0,0,0,0,0,0,0,0,133,242
170,85,3149,2885,2868,2848,12257,4036,3121,3194,0,0,0,0,0,0,0,0,0,0,0,0,0,0,0,0,0,0,0,0,0,0,0,0,0,0,0,170,242
170,85,3148,2894,2852,2849,12266,4050,3138,3194,0,0,0,0,0,0,0,0,0,0,0,0,0,0,0,0,0,0,0,0,0,0,0,0,0,0,0,223,242
170,85,3149,2874,2829,2845,12275,4036,3127,3195,0,0,0,0,0,0,0,0,0,0,0,0,0,0,0,0,0,0,0,0,0,0,0,0,0,0,0,196,242
170,85,3156,2890,2855,2849,12256,4021,3138,3190,0,0,0,0,0,0,0,0,0,0,0,0,0,0,0,0,0,0,0,0,0,0,0,0,0,0,0,161,242
170,85,3152,2862,2867,2842,12256,4012,3119,3220,0,0,0,0,0,0,0,0,0,0,0,0,0,0,0,0,0,0,0,0,0,0,0,0,0,0,0,120,242
170,85,3152,2845,2871,2841,12267,4019,3140,3196,0,0,0,0,0,0,0,0,0,0,0,0,0,0,0,0,0,0,0,0,0,0,0,0,0,0,0,219,242
170,85,3151,2874,2841,2836,12262,4037,3133,3212,0,0,0,0,0,0,0,0,0,0,0,0,0,0,0,0,0,0,0,0,0,0,0,0,0,0,0,50,242
170,85,3131,2858,2868,2813,12262,4031,3123,3188,0,0,0,0,0,0,0,0,0,0,0,0,0,0,0,0,0,0,0,0,0,0,0,0,0,0,0,31,242
170,85,3132,2873,2828,2829,12272,4003,3140,3221,0,0,0,0,0,0,0,0,0,0,0,0,0,0,0,0,0,0,0,0,0,0,0,0,0,0,0,94,242
170,85,3152,2859,2845,2841,12257,4007,3123,3219,0,0,0,0,0,0,0,0,0,0,0,0,0,0,0,0,0,0,0,0,0,0,0,0,0,0,0,65,242
170,85,3154,2884,2822,2842,12258,4012,3125,3216,0,0,0,0,0,0,0,0,0,0,0,0,0,0,0,0,0,0,0,0,0,0,0,0,0,0,0,57,242
170,85,3142,2876,2869,2842,12271,4019,3122,3225,0,0,0,0,0,0,0,0,0,0,0,0,0,0,0,0,0,0,0,0,0,0,0,0,0,0,0,122,242
170,85,3150,2872,2841,2835,12274,4031,3139,3213,0,0,0,0,0,0,0,0,0,0,0,0,0,0,0,0,0,0,0,0,0,0,0,0,0,0,0,39,242
170,85,3160,2897,2869,2831,12266,4001,3136,3199,0,0,0,0,0,0,0,0,0,0,0,0,0,0,0,0,0,0,0,0,0,0,0,0,0,0,0,159,242
170,85,3154,2858,2823,2849,12262,4006,3144,3213,0,0,0,0,0,0,0,0,0,0,0,0,0,0,0,0,0,0,0,0,0,0,0,0,0,0,0,3,242
170,85,3145,2894,2852,2830,12257,4030,3122,3219,0,0,0,0,0,0,0,0,0,0,0,0,0,0,0,0,0,0,0,0,0,0,0,0,0,0,0,11,242
170,85,3137,2873,2853,2846,12258,3999,3116,3215,0,0,0,0,0,0,0,0,0,0,0,0,0,0,0,0,0,0,0,0,0,0,0,0,0,0,0,69,242
170,85,3148,2868,2870,2850,12247,4018,3143,3213,0,0,0,0,0,0,0,0,0,0,0,0,0,0,0,0,0,0,0,0,0,0,0,0,0,0,0,27,242
170,85,3143,2896,2853,2821,12268,4006,3134,3218,0,0,0,0,0,0,0,0,0,0,0,0,0,0,0,0,0,0,0,0,0,0,0,0,0,0,0,9,243
170,85,3158,2847,2862,2828,12270,4026,3119,3213,0,0,0,0,0,0,0,0,0,0,0,0,0,0,0,0,0,0,0,0,0,0,0,0,0,0,0,69,242
170,85,3145,2884,2854,2844,12247,4011,3114,3196,0,0,0,0,0,0,0,0,0,0,0,0,0,0,0,0,0,0,0,0,0,0,0,0,0,0,0,197,242
170,85,3151,2869,2823,2842,12270,3996,3118,3201,0,0,0,0,0,0,0,0,0,0,0,0,0,0,0,0,0,0,0,0,0,0,0,0,0,0,0,98,242
170,85,3131,2893,2831,2830,12271,4026,3142,3214,0,0,0,0,0,0,0,0,0,0,0,0,0,0,0,0,0,0,0,0,0,0,0,0,0,0,0,50,242
170,85,3153,2888,2854,2809,12251,4008,3144,3195,0,0,0,0,0,0,0,0,0,0,0,0,0,0,0,0,0,0,0,0,0,0,0,0,0,0,0,95,242
170,85,3146,2869,2830,2850,12267,3984,3138,3219,0,0,0,0,0,0,0,0,0,0,0,0,0,0,0,0,0,0,0,0,0,0,0,0,0,0,0,33,242
170,85,3150,2867,2853,2843,12273,4004,3138,3218,0,0,0,0,0,0,0,0,0,0,0,0,0,0,0,0,0,0,0,0,0,0,0,0,0,0,0,30,242
170,85,3136,2895,2843,2851,12254,3995,3121,3191,0,0,0,0,0,0,0,0,0,0,0,0,0,0,0,0,0,0,0,0,0,0,0,0,0,0,0,236,242
170,85,3142,2875,2853,2842,12258,4006,3115,3218,0,0,0,0,0,0,0,0,0,0,0,0,0,0,0,0,0,0,0,0,0,0,0,0,0,0,0,103,242
170,85,3152,2869,2868,2840,12249,3984,3118,3193,0,0,0,0,0,0,0,0,0,0,0,0,0,0,0,0,0,0,0,0,0,0,0,0,0,0,0,143,242
170,85,3151,2873,2843,2811,12246,4003,3114,3225,0,0,0,0,0,0,0,0,0,0,0,0,0,0,0,0,0,0,0,0,0,0,0,0,0,0,0,137,242
170,85,3133,2882,2868,2841,12262,3997,3122,3212,0,0,0,0,0,0,0,0,0,0,0,0,0,0,0,0,0,0,0,0,0,0,0,0,0,0,0,79,242
170,85,3152,2896,2844,2823,12277,4009,3120,3217,0,0,0,0,0,0,0,0,0,0,0,0,0,0,0,0,0,0,0,0,0,0,0,0,0,0,0,62,242
170,85,3168,2896,2855,2842,12272,3985,3120,3219,0,0,0,0,0,0,0,0,0,0,0,0,0,0,0,0,0,0,0,0,0,0,0,0,0,0,0,23,243
170,85,3153,2896,2843,2838,12267,4007,3121,3187,0,0,0,0,0,0,0,0,0,0,0,0,0,0,0,0,0,0,0,0,0,0,0,0,0,0,0,218,242
170,85,3139,2895,2855,2835,12265,3970,3121,3196,0,0,0,0,0,0,0,0,0,0,0,0,0,0,0,0,0,0,0,0,0,0,0,0,0,0,0,198,242
170,85,3152,2858,2867,2840,12267,3998,3144,3219,0,0,0,0,0,0,0,0,0,0,0,0,0,0,0,0,0,0,0,0,0,0,0,0,0,0,0,39,242
170,85,3150,2857,2851,2850,12258,4026,3137,3202,0,0,0,0,0,0,0,0,0,0,0,0,0,0,0,0,0,0,0,0,0,0,0,0,0,0,0,37,242
170,85,3155,2872,2853,2805,12255,3980,3121,3213,0,0,0,0,0,0,0,0,0,0,0,0,0,0,0,0,0,0,0,0,0,0,0,0,0,0,0,141,242
170,85,3150,2883,2823,2834,12254,4014,3119,3190,0,0,0,0,0,0,0,0,0,0,0,0,0,0,0,0,0,0,0,0,0,0,0,0,0,0,0,233,242
170,85,3142,2873,2853,2823,12247,4009,3114,3214,0,0,0,0,0,0,0,0,0,0,0,0,0,0,0,0,0,0,0,0,0,0,0,0,0,0,0,95,242
170,85,3153,2867,2853,2841,12248,3980,3118,3193,0,0,0,0,0,0,0,0,0,0,0,0,0,0,0,0,0,0,0,0,0,0,0,0,0,0,0,133,242
170,85,3151,2895,2843,2829,12263,4007,3119,3202,0,0,0,0,0,0,0,0,0,0,0,0,0,0,0,0,0,0,0,0,0,0,0,0,0,0,0,35,242
170,85,3166,2850,2850,2842,12250,4007,3136,3218,0,0,0,0,0,0,0,0,0,0,0,0,0,0,0,0,0,0,0,0,0,0,0,0,0,0,0,51,242
170,85,3118,2893,2867,2828,12257,3998,3143,3212,0,0,0,0,0,0,0,0,0,0,0,0,0,0,0,0,0,0,0,0,0,0,0,0,0,0,0,48,242
170,85,3150,2887,2867,2809,12260,4006,3136,3216,0,0,0,0,0,0,0,0,0,0,0,0,0,0,0,0,0,0,0,0,0,0,0,0,0,0,0,136,242
170,85,3152,2872,2854,2838,12258,4021,3143,3208,0,0,0,0,0,0,0,0,0,0,0,0,0,0,0,0,0,0,0,0,0,0,0,0,0,0,0,24,242
170,85,3150,2883,2819,2841,12239,4004,3120,3213,0,0,0,0,0,0,0,0,0,0,0,0,0,0,0,0,0,0,0,0,0,0,0,0,0,0,0,25,242
170,85,3142,2868,2868,2820,12248,4005,3120,3212,0,0,0,0,0,0,0,0,0,0,0,0,0,0,0,0,0,0,0,0,0,0,0,0,0,0,0,91,242
170,85,3156,2880,2868,2837,12250,4004,3136,3213,0,0,0,0,0,0,0,0,0,0,0,0,0,0,0,0,0,0,0,0,0,0,0,0,0,0,0,94,242
170,85,3150,2870,2855,2841,12243,3996,3145,3218,0,0,0,0,0,0,0,0,0,0,0,0,0,0,0,0,0,0,0,0,0,0,0,0,0,0,0,10,243
170,85,3153,2866,2860,2834,12253,4035,3126,3189,0,0,0,0,0,0,0,0,0,0,0,0,0,0,0,0,0,0,0,0,0,0,0,0,0,0,0,216,242
170,85,3146,2874,2854,2825,12251,4024,3118,3188,0,0,0,0,0,0,0,0,0,0,0,0,0,0,0,0,0,0,0,0,0,0,0,0,0,0,0,190,242
170,85,3131,2846,2843,2836,12264,4003,3138,3213,0,0,0,0,0,0,0,0,0,0,0,0,0,0,0,0,0,0,0,0,0,0,0,0,0,0,0,118,242
170,85,3142,2889,2869,2822,12268,3996,3140,3194,0,0,0,0,0,0,0,0,0,0,0,0,0,0,0,0,0,0,0,0,0,0,0,0,0,0,0,170,242
170,85,3135,2879,2843,2829,12251,4008,3136,3213,0,0,0,0,0,0,0,0,0,0,0,0,0,0,0,0,0,0,0,0,0,0,0,0,0,0,0,112,242
170,85,3150,2882,2841,2809,12261,4022,3132,3216,0,0,0,0,0,0,0,0,0,0,0,0,0,0,0,0,0,0,0,0,0,0,0,0,0,0,0,202,242
170,85,3135,2845,2854,2822,12254,4003,3114,3198,0,0,0,0,0,0,0,0,0,0,0,0,0,0,0,0,0,0,0,0,0,0,0,0,0,0,0,243,243
170,85,3119,2872,2842,2841,12253,4027,3138,3195,0,0,0,0,0,0,0,0,0,0,0,0,0,0,0,0,0,0,0,0,0,0,0,0,0,0,0,147,242
170,85,3144,2875,2854,2824,12274,4019,3143,3213,0,0,0,0,0,0,0,0,0,0,0,0,0,0,0,0,0,0,0,0,0,0,0,0,0,0,0,14,243
170,85,3149,2859,2870,2837,12244,3984,3113,3217,0,0,0,0,0,0,0,0,0,0,0,0,0,0,0,0,0,0,0,0,0,0,0,0,0,0,0,97,242
170,85,3167,2873,2844,2823,12247,4010,3144,3212,0,0,0,0,0,0,0,0,0,0,0,0,0,0,0,0,0,0,0,0,0,0,0,0,0,0,0,28,242
170,85,3134,2871,2822,2833,12239,4004,3143,3213,0,0,0,0,0,0,0,0,0,0,0,0,0,0,0,0,0,0,0,0,0,0,0,0,0,0,0,103,242
170,85,3151,2885,2840,2835,12247,3988,3119,3215,0,0,0,0,0,0,0,0,0,0,0,0,0,0,0,0,0,0,0,0,0,0,0,0,0,0,0,58,242
170,85,3149,2883,2855,2836,12262,4018,3120,3210,0,0,0,0,0,0,0,0,0,0,0,0,0,0,0,0,0,0,0,0,0,0,0,0,0,0,0,11,243
170,85,3151,2889,2854,2835,12231,3985,3120,3213,0,0,0,0,0,0,0,0,0,0,0,0,0,0,0,0,0,0,0,0,0,0,0,0,0,0,0,0,242
170,85,3156,2885,2830,2847,12253,3965,3139,3196,0,0,0,0,0,0,0,0,0,0,0,0,0,0,0,0,0,0,0,0,0,0,0,0,0,0,0,71,242
170,85,3134,2896,2859,2828,12252,3999,3121,3220,0,0,0,0,0,0,0,0,0,0,0,0,0,0,0,0,0,0,0,0,0,0,0,0,0,0,0,119,242
170,85,3152,2887,2849,2843,12244,4007,3143,3212,0,0,0,0,0,0,0,0,0,0,0,0,0,0,0,0,0,0,0,0,0,0,0,0,0,0,0,77,242
170,85,3149,2846,2822,2842,12258,4010,3137,3217,0,0,0,0,0,0,0,0,0,0,0,0,0,0,0,0,0,0,0,0,0,0,0,0,0,0,0,15,242
170,85,3153,2890,2822,2830,12245,4008,3143,3217,0,0,0,0,0,0,0,0,0,0,0,0,0,0,0,0,0,0,0,0,0,0,0,0,0,0,0,96,243
170,85,3151,2883,2868,2841,12244,4016,3145,3214,0,0,0,0,0,0,0,0,0,0,0,0,0,0,0,0,0,0,0,0,0,0,0,0,0,0,0,90,242
170,85,3143,2885,2855,2842,12233,4007,3141,3189,0,0,0,0,0,0,0,0,0,0,0,0,0,0,0,0,0,0,0,0,0,0,0,0,0,0,0,185,242
170,85,3141,2867,2820,2842,12241,4024,3120,3201,0,0,0,0,0,0,0,0,0,0,0,0,0,0,0,0,0,0,0,0,0,0,0,0,0,0,0,104,242
170,85,3150,2871,2819,2841,12234,4005,3137,3213,0,0,0,0,0,0,0,0,0,0,0,0,0,0,0,0,0,0,0,0,0,0,0,0,0,0,0,24,242
170,85,3151,2859,2843,2822,12241,3999,3108,3201,0,0,0,0,0,0,0,0,0,0,0,0,0,0,0,0,0,0,0,0,0,0,0,0,0,0,0,74,242
170,85,3136,2859,2854,2837,12239,4006,3121,3221,0,0,0,0,0,0,0,0,0,0,0,0,0,0,0,0,0,0,0,0,0,0,0,0,0,0,0,77,242
170,85,3121,2883,2869,2841,12242,3981,3119,3220,0,0,0,0,0,0,0,0,0,0,0,0,0,0,0,0,0,0,0,0,0,0,0,0,0,0,0,98,242
170,85,3152,2894,2829,2842,12237,3986,3121,3225,0,0,0,0,0,0,0,0,0,0,0,0,0,0,0,0,0,0,0,0,0,0,0,0,0,0,0,38,242
170,85,3133,2884,2870,2839,12248,3982,3140,3188,0,0,0,0,0,0,0,0,0,0,0,0,0,0,0,0,0,0,0,0,0,0,0,0,0,0,0,230,242
170,85,3136,2892,2841,2847,12235,4035,3139,3192,0,0,0,0,0,0,0,0,0,0,0,0,0,0,0,0,0,0,0,0,0,0,0,0,0,0,0,225,242
170,85,3151,2860,2868,2838,12233,4008,3114,3190,0,0,0,0,0,0,0,0,0,0,0,0,0,0,0,0,0,0,0,0,0,0,0,0,0,0,0,164,242
170,85,3153,2855,2851,2849,12221,3986,3136,3208,0,0,0,0,0,0,0,0,0,0,0,0,0,0,0,0,0,0,0,0,0,0,0,0,0,0,0,75,242
170,85,3143,2859,2854,2829,12222,4006,3120,3217,0,0,0,0,0,0,0,0,0,0,0,0,0,0,0,0,0,0,0,0,0,0,0,0,0,0,0,38,243
170,85,3150,2874,2869,2842,12232,4004,3110,3202,0,0,0,0,0,0,0,0,0,0,0,0,0,0,0,0,0,0,0,0,0,0,0,0,0,0,0,75,242
170,85,3157,2862,2818,2835,12234,3995,3135,3215,0,0,0,0,0,0,0,0,0,0,0,0,0,0,0,0,0,0,0,0,0,0,0,0,0,0,0,83,242
170,85,3150,2883,2869,2822,12243,4008,3145,3215,0,0,0,0,0,0,0,0,0,0,0,0,0,0,0,0,0,0,0,0,0,0,0,0,0,0,0,91,242
170,85,3151,2897,2821,2836,12239,4024,3120,3193,0,0,0,0,0,0,0,0,0,0,0,0,0,0,0,0,0,0,0,0,0,0,0,0,0,0,0,233,242
170,85,3151,2892,2855,2823,12258,3996,3131,3210,0,0,0,0,0,0,0,0,0,0,0,0,0,0,0,0,0,0,0,0,0,0,0,0,0,0,0,52,243
170,85,3155,2894,2830,2845,12238,4001,3136,3197,0,0,0,0,0,0,0,0,0,0,0,0,0,0,0,0,0,0,0,0,0,0,0,0,0,0,0,132,242
170,85,3133,2873,2821,2834,12233,4003,3113,3189,0,0,0,0,0,0,0,0,0,0,0,0,0,0,0,0,0,0,0,0,0,0,0,0,0,0,0,253,242
170,85,3129,2860,2827,2840,12236,3982,3135,3218,0,0,0,0,0,0,0,0,0,0,0,0,0,0,0,0,0,0,0,0,0,0,0,0,0,0,0,49,242
170,85,3136,2876,2821,2850,12241,4020,3140,3194,0,0,0,0,0,0,0,0,0,0,0,0,0,0,0,0,0,0,0,0,0,0,0,0,0,0,0,216,242
170,85,3149,2894,2854,2836,12237,4004,3141,3210,0,0,0,0,0,0,0,0,0,0,0,0,0,0,0,0,0,0,0,0,0,0,0,0,0,0,0,79,242
170,85,3154,2859,2852,2849,12257,4030,3115,3193,0,0,0,0,0,0,0,0,0,0,0,0,0,0,0,0,0,0,0,0,0,0,0,0,0,0,0,169,242
170,85,3154,2856,2854,2851,12235,4012,3143,3211,0,0,0,0,0,0,0,0,0,0,0,0,0,0,0,0,0,0,0,0,0,0,0,0,0,0,0,12,242
170,85,3152,2894,2853,2842,12237,4010,3114,3219,0,0,0,0,0,0,0,0,0,0,0,0,0,0,0,0,0,0,0,0,0,0,0,0,0,0,0,39,242
170,85,3152,2847,2858,2818,12246,4019,3118,3218,0,0,0,0,0,0,0,0,0,0,0,0,0,0,0,0,0,0,0,0,0,0,0,0,0,0,0,102,242
170,85,3151,2882,2843,2842,12229,4005,3113,3211,0,0,0,0,0,0,0,0,0,0,0,0,0,0,0,0,0,0,0,0,0,0,0,0,0,0,0,22,242
170,85,3151,2872,2854,2825,12227,4008,3113,3211,0,0,0,0,0,0,0,0,0,0,0,0,0,0,0,0,0,0,0,0,0,0,0,0,0,0,0,73,243
170,85,3141,2846,2855,2827,12214,4005,3137,3211,0,0,0,0,0,0,0,0,0,0,0,0,0,0,0,0,0,0,0,0,0,0,0,0,0,0,0,118,242
170,85,3154,2857,2852,2829,12229,4028,3120,3213,0,0,0,0,0,0,0,0,0,0,0,0,0,0,0,0,0,0,0,0,0,0,0,0,0,0,0,78,242
170,85,3118,2847,2842,2844,12222,3994,3142,3224,0,0,0,0,0,0,0,0,0,0,0,0,0,0,0,0,0,0,0,0,0,0,0,0,0,0,0,21,242
170,85,3134,2893,2868,2843,12223,4007,3113,3218,0,0,0,0,0,0,0,0,0,0,0,0,0,0,0,0,0,0,0,0,0,0,0,0,0,0,0,39,242
170,85,3132,2872,2867,2835,12216,4003,3116,3191,0,0,0,0,0,0,0,0,0,0,0,0,0,0,0,0,0,0,0,0,0,0,0,0,0,0,0,188,242
170,85,3131,2874,2822,2824,12215,4016,3118,3213,0,0,0,0,0,0,0,0,0,0,0,0,0,0,0,0,0,0,0,0,0,0,0,0,0,0,0,115,242
170,85,3157,2874,2841,2822,12227,4018,3121,3198,0,0,0,0,0,0,0,0,0,0,0,0,0,0,0,0,0,0,0,0,0,0,0,0,0,0,0,150,242
170,85,3129,2883,2845,2836,12229,4009,3142,3211,0,0,0,0,0,0,0,0,0,0,0,0,0,0,0,0,0,0,0,0,0,0,0,0,0,0,0,10,242
170,85,3151,2890,2842,2841,12234,4001,3136,3192,0,0,0,0,0,0,0,0,0,0,0,0,0,0,0,0,0,0,0,0,0,0,0,0,0,0,0,141,244
170,85,3152,2885,2869,2840,12223,4014,3132,3211,0,0,0,0,0,0,0,0,0,0,0,0,0,0,0,0,0,0,0,0,0,0,0,0,0,0,0,70,242
170,85,3132,2859,2831,2842,12229,4019,3134,3203,0,0,0,0,0,0,0,0,0,0,0,0,0,0,0,0,0,0,0,0,0,0,0,0,0,0,0,17,242
170,85,3152,2881,2842,2844,12221,3998,3136,3186,0,0,0,0,0,0,0,0,0,0,0,0,0,0,0,0,0,0,0,0,0,0,0,0,0,0,0,222,242
170,85,3131,2869,2853,2807,12234,4006,3114,3210,0,0,0,0,0,0,0,0,0,0,0,0,0,0,0,0,0,0,0,0,0,0,0,0,0,0,0,201,242
170,85,3157,2873,2860,2841,12226,3984,3142,3201,0,0,0,0,0,0,0,0,0,0,0,0,0,0,0,0,0,0,0,0,0,0,0,0,0,0,0,20,242
170,85,3154,2874,2856,2835,12218,4005,3142,3213,0,0,0,0,0,0,0,0,0,0,0,0,0,0,0,0,0,0,0,0,0,0,0,0,0,0,0,95,242
170,85,3138,2868,2828,2848,12224,4005,3119,3211,0,0,0,0,0,0,0,0,0,0,0,0,0,0,0,0,0,0,0,0,0,0,0,0,0,0,0,67,242
170,85,3131,2873,2866,2849,12220,4000,3114,3201,0,0,0,0,0,0,0,0,0,0,0,0,0,0,0,0,0,0,0,0,0,0,0,0,0,0,0,126,242
170,85,3150,2859,2844,2810,12218,4000,3127,3188,0,0,0,0,0,0,0,0,0,0,0,0,0,0,0,0,0,0,0,0,0,0,0,0,0,0,0,3,243
170,85,3150,2889,2868,2848,12220,4003,3112,3213,0,0,0,0,0,0,0,0,0,0,0,0,0,0,0,0,0,0,0,0,0,0,0,0,0,0,0,113,242
170,85,3146,2845,2823,2823,12229,3995,3113,3221,0,0,0,0,0,0,0,0,0,0,0,0,0,0,0,0,0,0,0,0,0,0,0,0,0,0,0,109,243
170,85,3170,2873,2868,2842,12226,4000,3138,3204,0,0,0,0,0,0,0,0,0,0,0,0,0,0,0,0,0,0,0,0,0,0,0,0,0,0,0,9,242
170,85,3149,2889,2845,2810,12221,3983,3138,3212,0,0,0,0,0,0,0,0,0,0,0,0,0,0,0,0,0,0,0,0,0,0,0,0,0,0,0,198,242
170,85,3144,2830,2829,2832,12232,4169,3096,3204,0,0,0,0,0,0,0,0,0,0,0,0,0,0,0,0,0,0,0,0,0,0,0,0,0,0,0,129,243
170,85,3151,2856,2856,2842,12222,4015,3113,3196,0,0,0,0,0,0,0,0,0,0,0,0,0,0,0,0,0,0,0,0,0,0,0,0,0,0,0,201,242
170,85,3121,2888,2863,2814,12222,4020,3114,3186,0,0,0,0,0,0,0,0,0,0,0,0,0,0,0,0,0,0,0,0,0,0,0,0,0,0,0,35,242
170,85,3149,2875,2869,2835,12232,4002,3145,3201,0,0,0,0,0,0,0,0,0,0,0,0,0,0,0,0,0,0,0,0,0,0,0,0,0,0,0,42,242
170,85,3167,2872,2852,2843,12224,4022,3126,3211,0,0,0,0,0,0,0,0,0,0,0,0,0,0,0,0,0,0,0,0,0,0,0,0,0,0,0,75,242
170,85,3151,2874,2842,2844,12216,3999,3145,3211,0,0,0,0,0,0,0,0,0,0,0,0,0,0,0,0,0,0,0,0,0,0,0,0,0,0,0,78,242
170,85,3156,2879,2861,2830,12220,4008,3118,3188,0,0,0,0,0,0,0,0,0,0,0,0,0,0,0,0,0,0,0,0,0,0,0,0,0,0,0,222,242
170,85,3158,2857,2868,2823,12223,4034,3143,3178,0,0,0,0,0,0,0,0,0,0,0,0,0,0,0,0,0,0,0,0,0,0,0,0,0,0,0,196,242
170,85,3157,2846,2870,2848,12237,3982,3119,3216,0,0,0,0,0,0,0,0,0,0,0,0,0,0,0,0,0,0,0,0,0,0,0,0,0,0,0,121,242
170,85,3151,2872,2832,2836,12226,4011,3120,3216,0,0,0,0,0,0,0,0,0,0,0,0,0,0,0,0,0,0,0,0,0,0,0,0,0,0,0,98,242
170,85,3151,2891,2846,2832,12232,4007,3119,3206,0,0,0,0,0,0,0,0,0,0,0,0,0,0,0,0,0,0,0,0,0,0,0,0,0,0,0,20,242
170,85,3117,2873,2828,2842,12222,4021,3118,3207,0,0,0,0,0,0,0,0,0,0,0,0,0,0,0,0,0,0,0,0,0,0,0,0,0,0,0,120,242
170,85,3143,2895,2844,2835,12229,3986,3112,3194,0,0,0,0,0,0,0,0,0,0,0,0,0,0,0,0,0,0,0,0,0,0,0,0,0,0,0,218,242
170,85,3133,2892,2825,2842,12228,4021,3118,3200,0,0,0,0,0,0,0,0,0,0,0,0,0,0,0,0,0,0,0,0,0,0,0,0,0,0,0,101,242
170,85,3161,2883,2825,2812,12230,4025,3135,3187,0,0,0,0,0,0,0,0,0,0,0,0,0,0,0,0,0,0,0,0,0,0,0,0,0,0,0,5,242
170,85,3152,2847,2867,2850,12233,4000,3112,3191,0,0,0,0,0,0,0,0,0,0,0,0,0,0,0,0,0,0,0,0,0,0,0,0,0,0,0,176,242
170,85,3136,2874,2854,2830,12222,4005,3141,3211,0,0,0,0,0,0,0,0,0,0,0,0,0,0,0,0,0,0,0,0,0,0,0,0,0,0,0,95,242
170,85,3160,2872,2866,2833,12224,3985,3140,3211,0,0,0,0,0,0,0,0,0,0,0,0,0,0,0,0,0,0,0,0,0,0,0,0,0,0,0,5,242
170,85,3152,2858,2854,2827,12226,4006,3143,3213,0,0,0,0,0,0,0,0,0,0,0,0,0,0,0,0,0,0,0,0,0,0,0,0,0,0,0,33,243
170,85,3151,2875,2844,2836,12226,3983,3136,3193,0,0,0,0,0,0,0,0,0,0,0,0,0,0,0,0,0,0,0,0,0,0,0,0,0,0,0,208,242
170,85,3144,2860,2854,2841,12241,3982,3144,3212,0,0,0,0,0,0,0,0,0,0,0,0,0,0,0,0,0,0,0,0,0,0,0,0,0,0,0,24,242
170,85,3131,2882,2852,2837,12230,4027,3119,3187,0,0,0,0,0,0,0,0,0,0,0,0,0,0,0,0,0,0,0,0,0,0,0,0,0,0,0,177,242
170,85,3146,2875,2855,2851,12225,3998,3143,3194,0,0,0,0,0,0,0,0,0,0,0,0,0,0,0,0,0,0,0,0,0,0,0,0,0,0,0,207,242
170,85,3168,2884,2855,2836,12227,4006,3108,3211,0,0,0,0,0,0,0,0,0,0,0,0,0,0,0,0,0,0,0,0,0,0,0,0,0,0,0,5,242
170,85,3120,2868,2839,2848,12223,4003,3140,3216,0,0,0,0,0,0,0,0,0,0,0,0,0,0,0,0,0,0,0,0,0,0,0,0,0,0,0,35,242
170,85,3142,2845,2843,2837,12234,4006,3115,3213,0,0,0,0,0,0,0,0,0,0,0,0,0,0,0,0,0,0,0,0,0,0,0,0,0,0,0,71,242
170,85,3150,2889,2822,2811,12233,4006,3140,3188,0,0,0,0,0,0,0,0,0,0,0,0,0,0,0,0,0,0,0,0,0,0,0,0,0,0,0,124,242
170,85,3151,2872,2854,2845,12220,4006,3121,3193,0,0,0,0,0,0,0,0,0,0,0,0,0,0,0,0,0,0,0,0,0,0,0,0,0,0,0,198,242
170,85,3151,2882,2841,2837,12219,3997,3136,3209,0,0,0,0,0,0,0,0,0,0,0,0,0,0,0,0,0,0,0,0,0,0,0,0,0,0,0,54,242
170,85,3150,2857,2854,2850,12221,4009,3118,3199,0,0,0,0,0,0,0,0,0,0,0,0,0,0,0,0,0,0,0,0,0,0,0,0,0,0,0,254,242
170,85,3119,2837,2820,2829,12240,4166,3126,3216,0,0,0,0,0,0,0,0,0,0,0,0,0,0,0,0,0,0,0,0,0,0,0,0,0,0,0,196,242
170,85,3133,2866,2822,2843,12222,4003,3129,3207,0,0,0,0,0,0,0,0,0,0,0,0,0,0,0,0,0,0,0,0,0,0,0,0,0,0,0,105,243
170,85,3150,2874,2842,2840,12233,3999,3136,3218,0,0,0,0,0,0,0,0,0,0,0,0,0,0,0,0,0,0,0,0,0,0,0,0,0,0,0,42,242
170,85,3160,2895,2862,2837,12232,4002,3137,3223,0,0,0,0,0,0,0,0,0,0,0,0,0,0,0,0,0,0,0,0,0,0,0,0,0,0,0,72,242
170,85,3130,2892,2830,2824,12226,3984,3107,3188,0,0,0,0,0,0,0,0,0,0,0,0,0,0,0,0,0,0,0,0,0,0,0,0,0,0,0,173,242
170,85,3151,2889,2823,2824,12222,4026,3136,3201,0,0,0,0,0,0,0,0,0,0,0,0,0,0,0,0,0,0,0,0,0,0,0,0,0,0,0,20,242
170,85,3165,2858,2856,2849,12218,4021,3140,3181,0,0,0,0,0,0,0,0,0,0,0,0,0,0,0,0,0,0,0,0,0,0,0,0,0,0,0,128,242
170,85,3119,2885,2844,2843,12221,4009,3113,3199,0,0,0,0,0,0,0,0,0,0,0,0,0,0,0,0,0,0,0,0,0,0,0,0,0,0,0,247,242
170,85,3119,2846,2851,2822,12226,4002,3120,3199,0,0,0,0,0,0,0,0,0,0,0,0,0,0,0,0,0,0,0,0,0,0,0,0,0,0,0,227,242
170,85,3148,2888,2851,2842,12218,3970,3117,3210,0,0,0,0,0,0,0,0,0,0,0,0,0,0,0,0,0,0,0,0,0,0,0,0,0,0,0,122,242
170,85,3131,2874,2854,2837,12235,4014,3114,3188,0,0,0,0,0,0,0,0,0,0,0,0,0,0,0,0,0,0,0,0,0,0,0,0,0,0,0,209,242
170,85,3148,2845,2822,2835,12229,3983,3137,3217,0,0,0,0,0,0,0,0,0,0,0,0,0,0,0,0,0,0,0,0,0,0,0,0,0,0,0,6,242
170,85,3149,2893,2840,2828,12222,4001,3141,3224,0,0,0,0,0,0,0,0,0,0,0,0,0,0,0,0,0,0,0,0,0,0,0,0,0,0,0,14,242
170,85,3149,2897,2868,2824,12211,4008,3141,3211,0,0,0,0,0,0,0,0,0,0,0,0,0,0,0,0,0,0,0,0,0,0,0,0,0,0,0,45,242
170,85,3149,2884,2849,2844,12222,4009,3136,3193,0,0,0,0,0,0,0,0,0,0,0,0,0,0,0,0,0,0,0,0,0,0,0,0,0,0,0,194,242
170,85,3130,2860,2856,2849,12226,4016,3114,3189,0,0,0,0,0,0,0,0,0,0,0,0,0,0,0,0,0,0,0,0,0,0,0,0,0,0,0,234,242
170,85,3169,2889,2848,2847,12226,3979,3113,3216,0,0,0,0,0,0,0,0,0,0,0,0,0,0,0,0,0,0,0,0,0,0,0,0,0,0,0,63,242
170,85,3150,2873,2851,2849,12219,3974,3135,3218,0,0,0,0,0,0,0,0,0,0,0,0,0,0,0,0,0,0,0,0,0,0,0,0,0,0,0,61,243
170,85,3130,2882,2857,2842,12222,3999,3136,3224,0,0,0,0,0,0,0,0,0,0,0,0,0,0,0,0,0,0,0,0,0,0,0,0,0,0,0,106,242
170,85,3129,2882,2853,2850,12231,4021,3114,3199,0,0,0,0,0,0,0,0,0,0,0,0,0,0,0,0,0,0,0,0,0,0,0,0,0,0,0,131,242
170,85,3132,2868,2869,2844,12224,3981,3135,3212,0,0,0,0,0,0,0,0,0,0,0,0,0,0,0,0,0,0,0,0,0,0,0,0,0,0,0,7,242
170,85,3156,2890,2854,2842,12218,4005,3137,3202,0,0,0,0,0,0,0,0,0,0,0,0,0,0,0,0,0,0,0,0,0,0,0,0,0,0,0,38,242
170,85,3128,2895,2875,2837,12224,3989,3142,3192,0,0,0,0,0,0,0,0,0,0,0,0,0,0,0,0,0,0,0,0,0,0,0,0,0,0,0,234,242
170,85,3139,2895,2854,2837,12217,4016,3135,3200,0,0,0,0,0,0,0,0,0,0,0,0,0,0,0,0,0,0,0,0,0,0,0,0,0,0,0,81,242
170,85,3119,2884,2844,2824,12226,3974,3116,3214,0,0,0,0,0,0,0,0,0,0,0,0,0,0,0,0,0,0,0,0,0,0,0,0,0,0,0,65,242
170,85,3131,2896,2823,2825,12224,3996,3114,3200,0,0,0,0,0,0,0,0,0,0,0,0,0,0,0,0,0,0,0,0,0,0,0,0,0,0,0,75,242
170,85,3149,2883,2853,2842,12219,3999,3126,3210,0,0,0,0,0,0,0,0,0,0,0,0,0,0,0,0,0,0,0,0,0,0,0,0,0,0,0,113,242
170,85,3150,2890,2854,2842,12221,4006,3118,3193,0,0,0,0,0,0,0,0,0,0,0,0,0,0,0,0,0,0,0,0,0,0,0,0,0,0,0,172,242
170,85,3149,2875,2854,2837,12229,4011,3137,3211,0,0,0,0,0,0,0,0,0,0,0,0,0,0,0,0,0,0,0,0,0,0,0,0,0,0,0,57,242
170,85,3152,2888,2855,2824,12245,4001,3118,3203,0,0,0,0,0,0,0,0,0,0,0,0,0,0,0,0,0,0,0,0,0,0,0,0,0,0,0,54,242
170,85,3151,2852,2841,2848,12227,4144,3098,3199,0,0,0,0,0,0,0,0,0,0,0,0,0,0,0,0,0,0,0,0,0,0,0,0,0,0,0,3,242
170,85,3151,2869,2851,2842,12224,4004,3124,3213,0,0,0,0,0,0,0,0,0,0,0,0,0,0,0,0,0,0,0,0,0,0,0,0,0,0,0,70,242
170,85,3147,2896,2869,2810,12229,4000,3142,3212,0,0,0,0,0,0,0,0,0,0,0,0,0,0,0,0,0,0,0,0,0,0,0,0,0,0,0,162,242
170,85,3167,2861,2830,2840,12218,4036,3113,3220,0,0,0,0,0,0,0,0,0,0,0,0,0,0,0,0,0,0,0,0,0,0,0,0,0,0,0,127,242
170,85,3147,2885,2852,2807,12218,4000,3143,3193,0,0,0,0,0,0,0,0,0,0,0,0,0,0,0,0,0,0,0,0,0,0,0,0,0,0,0,32,242
170,85,3158,2896,2831,2823,12225,4006,3119,3212,0,0,0,0,0,0,0,0,0,0,0,0,0,0,0,0,0,0,0,0,0,0,0,0,0,0,0,18,242
170,85,3152,2890,2855,2811,12232,4013,3112,3200,0,0,0,0,0,0,0,0,0,0,0,0,0,0,0,0,0,0,0,0,0,0,0,0,0,0,0,210,242
170,85,3151,2892,2844,2820,12219,3981,3128,3199,0,0,0,0,0,0,0,0,0,0,0,0,0,0,0,0,0,0,0,0,0,0,0,0,0,0,0,178,243
170,85,3151,2869,2839,2848,12221,4007,3109,3218,0,0,0,0,0,0,0,0,0,0,0,0,0,0,0,0,0,0,0,0,0,0,0,0,0,0,0,56,242
170,85,3150,2873,2852,2840,12221,3983,3118,3214,0,0,0,0,0,0,0,0,0,0,0,0,0,0,0,0,0,0,0,0,0,0,0,0,0,0,0,1,242
170,85,3149,2858,2868,2836,12219,4026,3140,3186,0,0,0,0,0,0,0,0,0,0,0,0,0,0,0,0,0,0,0,0,0,0,0,0,0,0,0,168,242
170,85,3130,2880,2862,2842,12220,4008,3136,3192,0,0,0,0,0,0,0,0,0,0,0,0,0,0,0,0,0,0,0,0,0,0,0,0,0,0,0,186,242
170,85,3153,2874,2822,2842,12220,3984,3118,3224,0,0,0,0,0,0,0,0,0,0,0,0,0,0,0,0,0,0,0,0,0,0,0,0,0,0,0,53,242
170,85,3150,2873,2854,2839,12221,3994,3133,3180,0,0,0,0,0,0,0,0,0,0,0,0,0,0,0,0,0,0,0,0,0,0,0,0,0,0,0,232,242
170,85,3150,2857,2842,2824,12239,4004,3140,3219,0,0,0,0,0,0,0,0,0,0,0,0,0,0,0,0,0,0,0,0,0,0,0,0,0,0,0,17,243
170,85,3137,2889,2868,2841,12230,4013,3137,3192,0,0,0,0,0,0,0,0,0,0,0,0,0,0,0,0,0,0,0,0,0,0,0,0,0,0,0,175,242
170,85,3137,2893,2823,2823,12209,4020,3118,3216,0,0,0,0,0,0,0,0,0,0,0,0,0,0,0,0,0,0,0,0,0,0,0,0,0,0,0,111,242
170,85,3134,2882,2822,2853,12220,4000,3125,3186,0,0,0,0,0,0,0,0,0,0,0,0,0,0,0,0,0,0,0,0,0,0,0,0,0,0,0,220,242
170,85,3149,2896,2854,2810,12227,4000,3118,3218,0,0,0,0,0,0,0,0,0,0,0,0,0,0,0,0,0,0,0,0,0,0,0,0,0,0,0,199,244
170,85,3150,2871,2870,2835,12213,4006,3131,3215,0,0,0,0,0,0,0,0,0,0,0,0,0,0,0,0,0,0,0,0,0,0,0,0,0,0,0,35,242
170,85,3150,2873,2854,2809,12209,4018,3113,3199,0,0,0,0,0,0,0,0,0,0,0,0,0,0,0,0,0,0,0,0,0,0,0,0,0,0,0,36,242
170,85,3151,2873,2842,2841,12223,4003,3113,3205,0,0,0,0,0,0,0,0,0,0,0,0,0,0,0,0,0,0,0,0,0,0,0,0,0,0,0,29,242
170,85,3151,2858,2850,2844,12219,3996,3142,3218,0,0,0,0,0,0,0,0,0,0,0,0,0,0,0,0,0,0,0,0,0,0,0,0,0,0,0,112,242
170,85,3155,2895,2842,2840,12217,3997,3138,3220,0,0,0,0,0,0,0,0,0,0,0,0,0,0,0,0,0,0,0,0,0,0,0,0,0,0,0,52,242
170,85,3150,2856,2867,2835,12209,4021,3135,3191,0,0,0,0,0,0,0,0,0,0,0,0,0,0,0,0,0,0,0,0,0,0,0,0,0,0,0,210,242
170,85,3149,2882,2821,2842,12217,4003,3119,3187,0,0,0,0,0,0,0,0,0,0,0,0,0,0,0,0,0,0,0,0,0,0,0,0,0,0,0,142,242
170,85,3130,2873,2855,2843,12215,4005,3119,3223,0,0,0,0,0,0,0,0,0,0,0,0,0,0,0,0,0,0,0,0,0,0,0,0,0,0,0,77,243
170,85,3149,2872,2863,2825,12221,4006,3114,3217,0,0,0,0,0,0,0,0,0,0,0,0,0,0,0,0,0,0,0,0,0,0,0,0,0,0,0,43,242
170,85,3152,2859,2843,2838,12222,4005,3118,3216,0,0,0,0,0,0,0,0,0,0,0,0,0,0,0,0,0,0,0,0,0,0,0,0,0,0,0,11,242
170,85,3131,2874,2851,2824,12228,4002,3113,3217,0,0,0,0,0,0,0,0,0,0,0,0,0,0,0,0,0,0,0,0,0,0,0,0,0,0,0,44,242
170,85,3149,2823,2819,2855,12227,4180,3121,3201,0,0,0,0,0,0,0,0,0,0,0,0,0,0,0,0,0,0,0,0,0,0,0,0,0,0,0,142,242
170,85,3151,2848,2831,2813,12224,4040,3117,3210,0,0,0,0,0,0,0,0,0,0,0,0,0,0,0,0,0,0,0,0,0,0,0,0,0,0,0,235,242
170,85,3152,2898,2830,2838,12223,4014,3143,3182,0,0,0,0,0,0,0,0,0,0,0,0,0,0,0,0,0,0,0,0,0,0,0,0,0,0,0,250,242
170,85,3152,2889,2856,2827,12218,4000,3112,3212,0,0,0,0,0,0,0,0,0,0,0,0,0,0,0,0,0,0,0,0,0,0,0,0,0,0,0,92,243
170,85,3145,2873,2863,2829,12228,3982,3120,3224,0,0,0,0,0,0,0,0,0,0,0,0,0,0,0,0,0,0,0,0,0,0,0,0,0,0,0,104,242
170,85,3165,2891,2870,2848,12222,3984,3144,3211,0,0,0,0,0,0,0,0,0,0,0,0,0,0,0,0,0,0,0,0,0,0,0,0,0,0,0,53,242
170,85,3151,2891,2832,2848,12218,4016,3119,3213,0,0,0,0,0,0,0,0,0,0,0,0,0,0,0,0,0,0,0,0,0,0,0,0,0,0,0,68,242
170,85,3148,2873,2868,2830,12218,4009,3139,3222,0,0,0,0,0,0,0,0,0,0,0,0,0,0,0,0,0,0,0,0,0,0,0,0,0,0,0,81,242
170,85,3133,2878,2854,2823,12230,4027,3126,3192,0,0,0,0,0,0,0,0,0,0,0,0,0,0,0,0,0,0,0,0,0,0,0,0,0,0,0,201,243
170,85,3160,2874,2856,2836,12218,3985,3141,3194,0,0,0,0,0,0,0,0,0,0,0,0,0,0,0,0,0,0,0,0,0,0,0,0,0,0,0,146,244
170,85,3151,2845,2861,2843,12217,3998,3118,3218,0,0,0,0,0,0,0,0,0,0,0,0,0,0,0,0,0,0,0,0,0,0,0,0,0,0,0,39,242
170,85,3151,2886,2855,2812,12226,4001,3126,3212,0,0,0,0,0,0,0,0,0,0,0,0,0,0,0,0,0,0,0,0,0,0,0,0,0,0,0,210,242
170,85,3138,2891,2860,2843,12219,4006,3113,3192,0,0,0,0,0,0,0,0,0,0,0,0,0,0,0,0,0,0,0,0,0,0,0,0,0,0,0,170,242
170,85,3156,2844,2844,2843,12220,3980,3135,3216,0,0,0,0,0,0,0,0,0,0,0,0,0,0,0,0,0,0,0,0,0,0,0,0,0,0,0,8,242
170,85,3129,2860,2863,2830,12219,4015,3113,3218,0,0,0,0,0,0,0,0,0,0,0,0,0,0,0,0,0,0,0,0,0,0,0,0,0,0,0,67,242
170,85,3151,2872,2867,2830,12222,4038,3142,3217,0,0,0,0,0,0,0,0,0,0,0,0,0,0,0,0,0,0,0,0,0,0,0,0,0,0,0,61,242
170,85,3168,2891,2823,2840,12223,4005,3118,3188,0,0,0,0,0,0,0,0,0,0,0,0,0,0,0,0,0,0,0,0,0,0,0,0,0,0,0,172,242
170,85,3132,2859,2839,2823,12228,4006,3141,3224,0,0,0,0,0,0,0,0,0,0,0,0,0,0,0,0,0,0,0,0,0,0,0,0,0,0,0,96,243
170,85,3151,2881,2844,2842,12225,4002,3118,3210,0,0,0,0,0,0,0,0,0,0,0,0,0,0,0,0,0,0,0,0,0,0,0,0,0,0,0,23,243
170,85,3151,2857,2857,2849,12233,4007,3119,3211,0,0,0,0,0,0,0,0,0,0,0,0,0,0,0,0,0,0,0,0,0,0,0,0,0,0,0,124,242
170,85,3154,2896,2862,2836,12231,4018,3119,3217,0,0,0,0,0,0,0,0,0,0,0,0,0,0,0,0,0,0,0,0,0,0,0,0,0,0,0,43,242
170,85,3151,2896,2854,2841,12220,4004,3138,3192,0,0,0,0,0,0,0,0,0,0,0,0,0,0,0,0,0,0,0,0,0,0,0,0,0,0,0,218,242
170,85,3153,2883,2842,2842,12228,4005,3141,3217,0,0,0,0,0,0,0,0,0,0,0,0,0,0,0,0,0,0,0,0,0,0,0,0,0,0,0,127,242
170,85,3157,2847,2822,2847,12226,4010,3109,3218,0,0,0,0,0,0,0,0,0,0,0,0,0,0,0,0,0,0,0,0,0,0,0,0,0,0,0,84,242
170,85,3166,2896,2870,2822,12244,3985,3132,3191,0,0,0,0,0,0,0,0,0,0,0,0,0,0,0,0,0,0,0,0,0,0,0,0,0,0,0,232,242
170,85,3119,2890,2831,2842,12227,4017,3118,3212,0,0,0,0,0,0,0,0,0,0,0,0,0,0,0,0,0,0,0,0,0,0,0,0,0,0,0,120,242
170,85,3151,2847,2856,2837,12230,3985,3143,3217,0,0,0,0,0,0,0,0,0,0,0,0,0,0,0,0,0,0,0,0,0,0,0,0,0,0,0,52,242
170,85,3130,2868,2854,2836,12225,4001,3119,3187,0,0,0,0,0,0,0,0,0,0,0,0,0,0,0,0,0,0,0,0,0,0,0,0,0,0,0,216,242
170,85,3148,2895,2868,2843,12221,4006,3127,3209,0,0,0,0,0,0,0,0,0,0,0,0,0,0,0,0,0,0,0,0,0,0,0,0,0,0,0,81,243
170,85,3129,2868,2865,2814,12215,4022,3144,3183,0,0,0,0,0,0,0,0,0,0,0,0,0,0,0,0,0,0,0,0,0,0,0,0,0,0,0,61,242
170,85,3153,2846,2854,2830,12255,4161,3125,3210,0,0,0,0,0,0,0,0,0,0,0,0,0,0,0,0,0,0,0,0,0,0,0,0,0,0,0,129,243
170,85,3151,2888,2854,2840,12222,4022,3137,3186,0,0,0,0,0,0,0,0,0,0,0,0,0,0,0,0,0,0,0,0,0,0,0,0,0,0,0,218,242
170,85,3140,2897,2853,2837,12220,4001,3126,3186,0,0,0,0,0,0,0,0,0,0,0,0,0,0,0,0,0,0,0,0,0,0,0,0,0,0,0,164,243
170,85,3152,2859,2823,2842,12223,4027,3135,3223,0,0,0,0,0,0,0,0,0,0,0,0,0,0,0,0,0,0,0,0,0,0,0,0,0,0,0,18,243
170,85,3144,2869,2869,2827,12223,3987,3136,3205,0,0,0,0,0,0,0,0,0,0,0,0,0,0,0,0,0,0,0,0,0,0,0,0,0,0,0,114,243
170,85,3152,2874,2855,2850,12229,4003,3109,3208,0,0,0,0,0,0,0,0,0,0,0,0,0,0,0,0,0,0,0,0,0,0,0,0,0,0,0,124,243
170,85,3151,2863,2851,2850,12225,4059,3138,3193,0,0,0,0,0,0,0,0,0,0,0,0,0,0,0,0,0,0,0,0,0,0,0,0,0,0,0,152,242
170,85,3159,2865,2868,2812,12231,4000,3115,3217,0,0,0,0,0,0,0,0,0,0,0,0,0,0,0,0,0,0,0,0,0,0,0,0,0,0,0,170,242
170,85,3159,2873,2823,2841,12234,3996,3114,3217,0,0,0,0,0,0,0,0,0,0,0,0,0,0,0,0,0,0,0,0,0,0,0,0,0,0,0,69,242
170,85,3136,2874,2842,2842,12216,4020,3121,3199,0,0,0,0,0,0,0,0,0,0,0,0,0,0,0,0,0,0,0,0,0,0,0,0,0,0,0,224,242
170,85,3151,2890,2861,2842,12215,4024,3118,3209,0,0,0,0,0,0,0,0,0,0,0,0,0,0,0,0,0,0,0,0,0,0,0,0,0,0,0,66,244
170,85,3149,2874,2853,2850,12224,4005,3114,3218,0,0,0,0,0,0,0,0,0,0,0,0,0,0,0,0,0,0,0,0,0,0,0,0,0,0,0,117,242
170,85,3152,2872,2870,2837,12220,4009,3111,3228,0,0,0,0,0,0,0,0,0,0,0,0,0,0,0,0,0,0,0,0,0,0,0,0,0,0,0,61,242
170,85,3121,2880,2867,2810,12216,4026,3119,3206,0,0,0,0,0,0,0,0,0,0,0,0,0,0,0,0,0,0,0,0,0,0,0,0,0,0,0,202,242
170,85,3151,2870,2854,2842,12220,4002,3120,3188,0,0,0,0,0,0,0,0,0,0,0,0,0,0,0,0,0,0,0,0,0,0,0,0,0,0,0,199,242
170,85,3153,2846,2877,2825,12214,3983,3119,3198,0,0,0,0,0,0,0,0,0,0,0,0,0,0,0,0,0,0,0,0,0,0,0,0,0,0,0,203,243
170,85,3155,2874,2870,2836,12216,4003,3119,3194,0,0,0,0,0,0,0,0,0,0,0,0,0,0,0,0,0,0,0,0,0,0,0,0,0,0,0,221,242
170,85,3149,2885,2870,2811,12207,3997,3120,3194,0,0,0,0,0,0,0,0,0,0,0,0,0,0,0,0,0,0,0,0,0,0,0,0,0,0,0,100,243
170,85,3150,2848,2855,2831,12218,3983,3125,3191,0,0,0,0,0,0,0,0,0,0,0,0,0,0,0,0,0,0,0,0,0,0,0,0,0,0,0,233,242
170,85,3143,2878,2863,2829,12214,4020,3120,3218,0,0,0,0,0,0,0,0,0,0,0,0,0,0,0,0,0,0,0,0,0,0,0,0,0,0,0,35,242
170,85,3144,2894,2851,2835,12217,4001,3126,3207,0,0,0,0,0,0,0,0,0,0,0,0,0,0,0,0,0,0,0,0,0,0,0,0,0,0,0,71,242
170,85,3150,2884,2854,2843,12217,3977,3138,3206,0,0,0,0,0,0,0,0,0,0,0,0,0,0,0,0,0,0,0,0,0,0,0,0,0,0,0,27,243
170,85,3151,2858,2856,2844,12205,4002,3120,3202,0,0,0,0,0,0,0,0,0,0,0,0,0,0,0,0,0,0,0,0,0,0,0,0,0,0,0,52,242
170,85,3151,2896,2855,2835,12204,3974,3119,3193,0,0,0,0,0,0,0,0,0,0,0,0,0,0,0,0,0,0,0,0,0,0,0,0,0,0,0,143,242
170,85,3151,2860,2842,2841,12215,3969,3140,3217,0,0,0,0,0,0,0,0,0,0,0,0,0,0,0,0,0,0,0,0,0,0,0,0,0,0,0,91,242
170,85,3157,2874,2831,2842,12224,3982,3141,3217,0,0,0,0,0,0,0,0,0,0,0,0,0,0,0,0,0,0,0,0,0,0,0,0,0,0,0,56,242
170,85,3148,2862,2855,2836,12206,4001,3144,3220,0,0,0,0,0,0,0,0,0,0,0,0,0,0,0,0,0,0,0,0,0,0,0,0,0,0,0,90,243
170,85,3152,2856,2851,2848,12214,4024,3115,3194,0,0,0,0,0,0,0,0,0,0,0,0,0,0,0,0,0,0,0,0,0,0,0,0,0,0,0,252,242
170,85,3153,2858,2855,2849,12185,4154,3096,3195,0,0,0,0,0,0,0,0,0,0,0,0,0,0,0,0,0,0,0,0,0,0,0,0,0,0,0,122,243
170,85,3152,2847,2854,2855,12218,4172,3126,3204,0,0,0,0,0,0,0,0,0,0,0,0,0,0,0,0,0,0,0,0,0,0,0,0,0,0,0,205,242
170,85,3137,2850,2823,2836,12213,4059,3134,3182,0,0,0,0,0,0,0,0,0,0,0,0,0,0,0,0,0,0,0,0,0,0,0,0,0,0,0,150,242
170,85,3149,2859,2851,2828,12227,4025,3143,3193,0,0,0,0,0,0,0,0,0,0,0,0,0,0,0,0,0,0,0,0,0,0,0,0,0,0,0,213,242
170,85,3168,2883,2863,2841,12214,3999,3136,3182,0,0,0,0,0,0,0,0,0,0,0,0,0,0,0,0,0,0,0,0,0,0,0,0,0,0,0,202,242
170,85,3143,2856,2862,2842,12225,4013,3137,3191,0,0,0,0,0,0,0,0,0,0,0,0,0,0,0,0,0,0,0,0,0,0,0,0,0,0,0,217,242
170,85,3146,2862,2855,2848,12213,4036,3122,3212,0,0,0,0,0,0,0,0,0,0,0,0,0,0,0,0,0,0,0,0,0,0,0,0,0,0,0,116,242
170,85,3157,2882,2876,2847,12224,3998,3121,3205,0,0,0,0,0,0,0,0,0,0,0,0,0,0,0,0,0,0,0,0,0,0,0,0,0,0,0,6,242
170,85,3149,2886,2830,2841,12217,4008,3118,3216,0,0,0,0,0,0,0,0,0,0,0,0,0,0,0,0,0,0,0,0,0,0,0,0,0,0,0,107,244
170,85,3137,2896,2875,2835,12216,3973,3119,3187,0,0,0,0,0,0,0,0,0,0,0,0,0,0,0,0,0,0,0,0,0,0,0,0,0,0,0,128,242
170,85,3150,2889,2851,2822,12223,4020,3138,3188,0,0,0,0,0,0,0,0,0,0,0,0,0,0,0,0,0,0,0,0,0,0,0,0,0,0,0,199,242
170,85,3156,2873,2853,2851,12205,4005,3142,3213,0,0,0,0,0,0,0,0,0,0,0,0,0,0,0,0,0,0,0,0,0,0,0,0,0,0,0,112,242
170,85,3153,2871,2842,2841,12209,3975,3142,3207,0,0,0,0,0,0,0,0,0,0,0,0,0,0,0,0,0,0,0,0,0,0,0,0,0,0,0,74,242
170,85,3151,2871,2866,2828,12219,4013,3137,3217,0,0,0,0,0,0,0,0,0,0,0,0,0,0,0,0,0,0,0,0,0,0,0,0,0,0,0,88,243
170,85,3149,2868,2869,2830,12210,3987,3141,3211,0,0,0,0,0,0,0,0,0,0,0,0,0,0,0,0,0,0,0,0,0,0,0,0,0,0,0,117,242
170,85,3130,2891,2869,2825,12203,3975,3119,3217,0,0,0,0,0,0,0,0,0,0,0,0,0,0,0,0,0,0,0,0,0,0,0,0,0,0,0,7,242
170,85,3165,2872,2855,2842,12212,3998,3114,3212,0,0,0,0,0,0,0,0,0,0,0,0,0,0,0,0,0,0,0,0,0,0,0,0,0,0,0,12,242
170,85,3139,2873,2855,2810,12216,4011,3108,3210,0,0,0,0,0,0,0,0,0,0,0,0,0,0,0,0,0,0,0,0,0,0,0,0,0,0,0,195,242
170,85,3153,2845,2832,2812,12217,3983,3137,3204,0,0,0,0,0,0,0,0,0,0,0,0,0,0,0,0,0,0,0,0,0,0,0,0,0,0,0,138,242
170,85,3137,2867,2830,2839,12196,3975,3145,3200,0,0,0,0,0,0,0,0,0,0,0,0,0,0,0,0,0,0,0,0,0,0,0,0,0,0,0,89,243
170,85,3130,2894,2841,2841,12211,4014,3120,3193,0,0,0,0,0,0,0,0,0,0,0,0,0,0,0,0,0,0,0,0,0,0,0,0,0,0,0,248,242
170,85,3166,2873,2855,2849,12219,3992,3119,3213,0,0,0,0,0,0,0,0,0,0,0,0,0,0,0,0,0,0,0,0,0,0,0,0,0,0,0,56,242
170,85,3154,2859,2842,2811,12208,3971,3142,3188,0,0,0,0,0,0,0,0,0,0,0,0,0,0,0,0,0,0,0,0,0,0,0,0,0,0,0,64,242
170,85,3151,2875,2842,2822,12204,4012,3140,3211,0,0,0,0,0,0,0,0,0,0,0,0,0,0,0,0,0,0,0,0,0,0,0,0,0,0,0,127,242
170,85,3153,2881,2876,2850,12210,3975,3146,3193,0,0,0,0,0,0,0,0,0,0,0,0,0,0,0,0,0,0,0,0,0,0,0,0,0,0,0,208,242
170,85,3154,2897,2862,2811,12203,3970,3140,3215,0,0,0,0,0,0,0,0,0,0,0,0,0,0,0,0,0,0,0,0,0,0,0,0,0,0,0,237,242
170,85,3118,2890,2877,2837,12212,4010,3121,3211,0,0,0,0,0,0,0,0,0,0,0,0,0,0,0,0,0,0,0,0,0,0,0,0,0,0,0,48,242
170,85,3151,2865,2843,2850,12215,4023,3116,3199,0,0,0,0,0,0,0,0,0,0,0,0,0,0,0,0,0,0,0,0,0,0,0,0,0,0,0,204,242
170,85,3133,2889,2863,2836,12210,3993,3120,3188,0,0,0,0,0,0,0,0,0,0,0,0,0,0,0,0,0,0,0,0,0,0,0,0,0,0,0,248,242
170,85,3155,2875,2844,2813,12216,4008,3110,3225,0,0,0,0,0,0,0,0,0,0,0,0,0,0,0,0,0,0,0,0,0,0,0,0,0,0,0,255,242
170,85,3149,2832,2817,2818,12215,4101,3108,3189,0,0,0,0,0,0,0,0,0,0,0,0,0,0,0,0,0,0,0,0,0,0,0,0,0,0,0,122,242
170,85,3170,2845,2854,2841,12211,4035,3126,3189,0,0,0,0,0,0,0,0,0,0,0,0,0,0,0,0,0,0,0,0,0,0,0,0,0,0,0,171,242
170,85,3154,2874,2855,2843,12210,3998,3142,3211,0,0,0,0,0,0,0,0,0,0,0,0,0,0,0,0,0,0,0,0,0,0,0,0,0,0,0,109,242
170,85,3156,2859,2870,2810,12215,4003,3121,3226,0,0,0,0,0,0,0,0,0,0,0,0,0,0,0,0,0,0,0,0,0,0,0,0,0,0,0,213,242
170,85,3132,2856,2854,2848,12204,4001,3121,3205,0,0,0,0,0,0,0,0,0,0,0,0,0,0,0,0,0,0,0,0,0,0,0,0,0,0,0,115,242
170,85,3121,2874,2844,2843,12211,4015,3144,3225,0,0,0,0,0,0,0,0,0,0,0,0,0,0,0,0,0,0,0,0,0,0,0,0,0,0,0,25,242
170,85,3159,2876,2857,2850,12215,3999,3138,3201,0,0,0,0,0,0,0,0,0,0,0,0,0,0,0,0,0,0,0,0,0,0,0,0,0,0,0,83,242
170,85,3157,2847,2855,2843,12214,3969,3142,3213,0,0,0,0,0,0,0,0,0,0,0,0,0,0,0,0,0,0,0,0,0,0,0,0,0,0,0,82,242
170,85,3135,2890,2855,2817,12209,4000,3121,3187,0,0,0,0,0,0,0,0,0,0,0,0,0,0,0,0,0,0,0,0,0,0,0,0,0,0,0,216,242
170,85,3145,2884,2849,2841,12217,4000,3121,3212,0,0,0,0,0,0,0,0,0,0,0,0,0,0,0,0,0,0,0,0,0,0,0,0,0,0,0,73,242
170,85,3150,2888,2852,2837,12205,3993,3109,3188,0,0,0,0,0,0,0,0,0,0,0,0,0,0,0,0,0,0,0,0,0,0,0,0,0,0,0,138,242
170,85,3153,2894,2852,2837,12214,4025,3122,3204,0,0,0,0,0,0,0,0,0,0,0,0,0,0,0,0,0,0,0,0,0,0,0,0,0,0,0,79,242
170,85,3137,2881,2876,2835,12203,3993,3136,3211,0,0,0,0,0,0,0,0,0,0,0,0,0,0,0,0,0,0,0,0,0,0,0,0,0,0,0,14,242
170,85,3150,2857,2830,2842,12204,3993,3120,3217,0,0,0,0,0,0,0,0,0,0,0,0,0,0,0,0,0,0,0,0,0,0,0,0,0,0,0,63,242
170,85,3119,2874,2855,2825,12211,3998,3140,3212,0,0,0,0,0,0,0,0,0,0,0,0,0,0,0,0,0,0,0,0,0,0,0,0,0,0,0,6,242
170,85,3120,2874,2844,2841,12221,3973,3120,3193,0,0,0,0,0,0,0,0,0,0,0,0,0,0,0,0,0,0,0,0,0,0,0,0,0,0,0,166,242
170,85,3130,2884,2868,2826,12203,3975,3137,3206,0,0,0,0,0,0,0,0,0,0,0,0,0,0,0,0,0,0,0,0,0,0,0,0,0,0,0,115,242
170,85,3143,2891,2856,2843,12213,4005,3142,3188,0,0,0,0,0,0,0,0,0,0,0,0,0,0,0,0,0,0,0,0,0,0,0,0,0,0,0,197,242
170,85,3150,2868,2867,2834,12211,4015,3127,3199,0,0,0,0,0,0,0,0,0,0,0,0,0,0,0,0,0,0,0,0,0,0,0,0,0,0,0,215,243
170,85,3140,2874,2844,2811,12214,3996,3112,3211,0,0,0,0,0,0,0,0,0,0,0,0,0,0,0,0,0,0,0,0,0,0,0,0,0,0,0,201,242
170,85,3143,2860,2854,2842,12214,3970,3128,3212,0,0,0,0,0,0,0,0,0,0,0,0,0,0,0,0,0,0,0,0,0,0,0,0,0,0,0,15,242
170,85,3158,2870,2823,2825,12210,3991,3140,3216,0,0,0,0,0,0,0,0,0,0,0,0,0,0,0,0,0,0,0,0,0,0,0,0,0,0,0,71,242
170,85,3151,2898,2854,2842,12216,3990,3113,3210,0,0,0,0,0,0,0,0,0,0,0,0,0,0,0,0,0,0,0,0,0,0,0,0,0,0,0,116,242
170,85,3142,2896,2821,2837,12206,3975,3118,3219,0,0,0,0,0,0,0,0,0,0,0,0,0,0,0,0,0,0,0,0,0,0,0,0,0,0,0,74,242
170,85,3150,2848,2857,2842,12216,3985,3142,3211,0,0,0,0,0,0,0,0,0,0,0,0,0,0,0,0,0,0,0,0,0,0,0,0,0,0,0,97,242
170,85,3153,2850,2829,2817,12230,4028,3113,3189,0,0,0,0,0,0,0,0,0,0,0,0,0,0,0,0,0,0,0,0,0,0,0,0,0,0,0,129,242
170,85,3153,2874,2822,2841,12211,4023,3137,3212,0,0,0,0,0,0,0,0,0,0,0,0,0,0,0,0,0,0,0,0,0,0,0,0,0,0,0,101,242
170,85,3144,2861,2842,2837,12192,4003,3137,3191,0,0,0,0,0,0,0,0,0,0,0,0,0,0,0,0,0,0,0,0,0,0,0,0,0,0,0,135,242
170,85,3148,2890,2870,2823,12209,3972,3141,3217,0,0,0,0,0,0,0,0,0,0,0,0,0,0,0,0,0,0,0,0,0,0,0,0,0,0,0,14,242
170,85,3150,2875,2870,2843,12209,3976,3120,3213,0,0,0,0,0,0,0,0,0,0,0,0,0,0,0,0,0,0,0,0,0,0,0,0,0,0,0,4,242
170,85,3149,2896,2842,2835,12207,3995,3119,3201,0,0,0,0,0,0,0,0,0,0,0,0,0,0,0,0,0,0,0,0,0,0,0,0,0,0,0,86,242
170,85,3137,2891,2854,2844,12212,3998,3114,3211,0,0,0,0,0,0,0,0,0,0,0,0,0,0,0,0,0,0,0,0,0,0,0,0,0,0,0,99,242
170,85,3157,2872,2852,2843,12212,4039,3144,3212,0,0,0,0,0,0,0,0,0,0,0,0,0,0,0,0,0,0,0,0,0,0,0,0,0,0,0,61,243
170,85,3151,2894,2854,2851,12215,4005,3143,3218,0,0,0,0,0,0,0,0,0,0,0,0,0,0,0,0,0,0,0,0,0,0,0,0,0,0,0,27,242
170,85,3134,2846,2855,2843,12206,4004,3109,3194,0,0,0,0,0,0,0,0,0,0,0,0,0,0,0,0,0,0,0,0,0,0,0,0,0,0,0,145,242
170,85,3143,2857,2853,2850,12208,4000,3137,3218,0,0,0,0,0,0,0,0,0,0,0,0,0,0,0,0,0,0,0,0,0,0,0,0,0,0,0,114,242
170,85,3157,2895,2824,2823,12206,3998,3127,3188,0,0,0,0,0,0,0,0,0,0,0,0,0,0,0,0,0,0,0,0,0,0,0,0,0,0,0,190,242
170,85,3157,2857,2843,2813,12209,3997,3123,3188,0,0,0,0,0,0,0,0,0,0,0,0,0,0,0,0,0,0,0,0,0,0,0,0,0,0,0,40,242
170,85,3158,2874,2821,2821,12213,4002,3115,3212,0,0,0,0,0,0,0,0,0,0,0,0,0,0,0,0,0,0,0,0,0,0,0,0,0,0,0,4,242
170,85,3154,2895,2853,2848,12213,4005,3146,3224,0,0,0,0,0,0,0,0,0,0,0,0,0,0,0,0,0,0,0,0,0,0,0,0,0,0,0,2,242
170,85,3155,2883,2852,2835,12215,3999,3118,3200,0,0,0,0,0,0,0,0,0,0,0,0,0,0,0,0,0,0,0,0,0,0,0,0,0,0,0,121,242
170,85,3119,2888,2843,2848,12204,4005,3143,3194,0,0,0,0,0,0,0,0,0,0,0,0,0,0,0,0,0,0,0,0,0,0,0,0,0,0,0,176,242
170,85,3152,2892,2843,2841,12208,4002,3143,3218,0,0,0,0,0,0,0,0,0,0,0,0,0,0,0,0,0,0,0,0,0,0,0,0,0,0,0,1,242
170,85,3151,2896,2854,2836,12191,3983,3121,3197,0,0,0,0,0,0,0,0,0,0,0,0,0,0,0,0,0,0,0,0,0,0,0,0,0,0,0,169,242
170,85,3156,2889,2823,2829,12211,4001,3128,3193,0,0,0,0,0,0,0,0,0,0,0,0,0,0,0,0,0,0,0,0,0,0,0,0,0,0,0,156,242
170,85,3151,2860,2868,2836,12212,4006,3113,3195,0,0,0,0,0,0,0,0,0,0,0,0,0,0,0,0,0,0,0,0,0,0,0,0,0,0,0,219,242
170,85,3153,2894,2861,2838,12213,4013,3121,3217,0,0,0,0,0,0,0,0,0,0,0,0,0,0,0,0,0,0,0,0,0,0,0,0,0,0,0,68,242
170,85,3169,2897,2824,2836,12207,4007,3116,3201,0,0,0,0,0,0,0,0,0,0,0,0,0,0,0,0,0,0,0,0,0,0,0,0,0,0,0,81,242
170,85,3132,2868,2844,2838,12210,4000,3132,3201,0,0,0,0,0,0,0,0,0,0,0,0,0,0,0,0,0,0,0,0,0,0,0,0,0,0,0,117,242
170,85,3149,2896,2856,2836,12208,3995,3113,3215,0,0,0,0,0,0,0,0,0,0,0,0,0,0,0,0,0,0,0,0,0,0,0,0,0,0,0,116,242
170,85,3149,2846,2854,2835,12220,4002,3121,3220,0,0,0,0,0,0,0,0,0,0,0,0,0,0,0,0,0,0,0,0,0,0,0,0,0,0,0,5,242
170,85,3152,2896,2855,2812,12212,3977,3136,3211,0,0,0,0,0,0,0,0,0,0,0,0,0,0,0,0,0,0,0,0,0,0,0,0,0,0,0,244,242
170,85,3130,2894,2844,2842,12211,4012,3144,3194,0,0,0,0,0,0,0,0,0,0,0,0,0,0,0,0,0,0,0,0,0,0,0,0,0,0,0,135,242
170,85,3155,2881,2854,2849,12219,4015,3138,3193,0,0,0,0,0,0,0,0,0,0,0,0,0,0,0,0,0,0,0,0,0,0,0,0,0,0,0,226,242
170,85,3151,2875,2830,2810,12202,4010,3123,3212,0,0,0,0,0,0,0,0,0,0,0,0,0,0,0,0,0,0,0,0,0,0,0,0,0,0,0,230,242
170,85,3131,2884,2823,2843,12209,4008,3112,3204,0,0,0,0,0,0,0,0,0,0,0,0,0,0,0,0,0,0,0,0,0,0,0,0,0,0,0,14,242
170,85,3150,2896,2856,2837,12205,4016,3144,3218,0,0,0,0,0,0,0,0,0,0,0,0,0,0,0,0,0,0,0,0,0,0,0,0,0,0,0,60,242
170,85,3133,2845,2856,2846,12197,4006,3145,3214,0,0,0,0,0,0,0,0,0,0,0,0,0,0,0,0,0,0,0,0,0,0,0,0,0,0,0,10,242
170,85,3152,2890,2858,2837,12210,4003,3127,3211,0,0,0,0,0,0,0,0,0,0,0,0,0,0,0,0,0,0,0,0,0,0,0,0,0,0,0,80,242
170,85,3132,2875,2869,2838,12197,4004,3120,3200,0,0,0,0,0,0,0,0,0,0,0,0,0,0,0,0,0,0,0,0,0,0,0,0,0,0,0,77,242
170,85,3144,2870,2829,2849,12210,4005,3118,3216,0,0,0,0,0,0,0,0,0,0,0,0,0,0,0,0,0,0,0,0,0,0,0,0,0,0,0,35,242
170,85,3130,2875,2827,2809,12220,3999,3146,3205,0,0,0,0,0,0,0,0,0,0,0,0,0,0,0,0,0,0,0,0,0,0,0,0,0,0,0,198,242
170,85,3131,2875,2844,2838,12206,3984,3143,3214,0,0,0,0,0,0,0,0,0,0,0,0,0,0,0,0,0,0,0,0,0,0,0,0,0,0,0,37,242
170,85,3142,2882,2844,2811,12210,4003,3118,3210,0,0,0,0,0,0,0,0,0,0,0,0,0,0,0,0,0,0,0,0,0,0,0,0,0,0,0,143,242
170,85,3152,2873,2855,2813,12213,3976,3111,3217,0,0,0,0,0,0,0,0,0,0,0,0,0,0,0,0,0,0,0,0,0,0,0,0,0,0,0,225,242
170,85,3145,2896,2854,2837,12209,3975,3136,3212,0,0,0,0,0,0,0,0,0,0,0,0,0,0,0,0,0,0,0,0,0,0,0,0,0,0,0,8,242
170,85,3144,2893,2855,2812,12208,3989,3120,3219,0,0,0,0,0,0,0,0,0,0,0,0,0,0,0,0,0,0,0,0,0,0,0,0,0,0,0,129,242
170,85,3150,2859,2842,2831,12218,4013,3138,3212,0,0,0,0,0,0,0,0,0,0,0,0,0,0,0,0,0,0,0,0,0,0,0,0,0,0,0,113,242
170,85,3157,2866,2853,2811,12200,3971,3127,3188,0,0,0,0,0,0,0,0,0,0,0,0,0,0,0,0,0,0,0,0,0,0,0,0,0,0,0,8,243
170,85,3145,2877,2854,2837,12207,4006,3146,3195,0,0,0,0,0,0,0,0,0,0,0,0,0,0,0,0,0,0,0,0,0,0,0,0,0,0,0,167,242
170,85,3149,2874,2868,2810,12204,3999,3120,3215,0,0,0,0,0,0,0,0,0,0,0,0,0,0,0,0,0,0,0,0,0,0,0,0,0,0,0,236,242
170,85,3152,2885,2856,2842,12206,3998,3144,3207,0,0,0,0,0,0,0,0,0,0,0,0,0,0,0,0,0,0,0,0,0,0,0,0,0,0,0,0,242
170,85,3150,2874,2869,2841,12201,3974,3121,3211,0,0,0,0,0,0,0,0,0,0,0,0,0,0,0,0,0,0,0,0,0,0,0,0,0,0,0,21,242
170,85,3168,2890,2824,2834,12206,3988,3120,3213,0,0,0,0,0,0,0,0,0,0,0,0,0,0,0,0,0,0,0,0,0,0,0,0,0,0,0,111,242
170,85,3155,2853,2844,2845,12211,4026,3120,3201,0,0,0,0,0,0,0,0,0,0,0,0,0,0,0,0,0,0,0,0,0,0,0,0,0,0,0,23,242
170,85,3143,2856,2869,2843,12215,3997,3122,3191,0,0,0,0,0,0,0,0,0,0,0,0,0,0,0,0,0,0,0,0,0,0,0,0,0,0,0,246,242
170,85,3129,2889,2829,2822,12199,3996,3145,3209,0,0,0,0,0,0,0,0,0,0,0,0,0,0,0,0,0,0,0,0,0,0,0,0,0,0,0,88,242
170,85,3149,2844,2854,2823,12204,3987,3118,3220,0,0,0,0,0,0,0,0,0,0,0,0,0,0,0,0,0,0,0,0,0,0,0,0,0,0,0,45,242
170,85,3121,2884,2855,2841,12197,3996,3137,3218,0,0,0,0,0,0,0,0,0,0,0,0,0,0,0,0,0,0,0,0,0,0,0,0,0,0,0,121,242
170,85,3147,2890,2854,2849,12197,3988,3132,3211,0,0,0,0,0,0,0,0,0,0,0,0,0,0,0,0,0,0,0,0,0,0,0,0,0,0,0,88,242
170,85,3159,2889,2862,2836,12213,3974,3120,3193,0,0,0,0,0,0,0,0,0,0,0,0,0,0,0,0,0,0,0,0,0,0,0,0,0,0,0,134,242
170,85,3142,2894,2843,2818,12213,4023,3115,3194,0,0,0,0,0,0,0,0,0,0,0,0,0,0,0,0,0,0,0,0,0,0,0,0,0,0,0,154,242
170,85,3152,2873,2863,2847,12232,4017,3143,3194,0,0,0,0,0,0,0,0,0,0,0,0,0,0,0,0,0,0,0,0,0,0,0,0,0,0,0,197,242
170,85,3121,2854,2842,2842,12205,4000,3145,3209,0,0,0,0,0,0,0,0,0,0,0,0,0,0,0,0,0,0,0,0,0,0,0,0,0,0,0,2,242
170,85,3138,2846,2855,2834,12197,4011,3121,3219,0,0,0,0,0,0,0,0,0,0,0,0,0,0,0,0,0,0,0,0,0,0,0,0,0,0,0,29,242
170,85,3150,2897,2843,2837,12204,4004,3113,3219,0,0,0,0,0,0,0,0,0,0,0,0,0,0,0,0,0,0,0,0,0,0,0,0,0,0,0,123,242
170,85,3150,2883,2857,2829,12180,3999,3144,3213,0,0,0,0,0,0,0,0,0,0,0,0,0,0,0,0,0,0,0,0,0,0,0,0,0,0,0,63,242
170,85,3135,2889,2823,2810,12195,3999,3114,3198,0,0,0,0,0,0,0,0,0,0,0,0,0,0,0,0,0,0,0,0,0,0,0,0,0,0,0,58,242
170,85,3148,2881,2854,2847,12201,4032,3138,3219,0,0,0,0,0,0,0,0,0,0,0,0,0,0,0,0,0,0,0,0,0,0,0,0,0,0,0,84,242
170,85,3154,2884,2824,2846,12209,3984,3143,3201,0,0,0,0,0,0,0,0,0,0,0,0,0,0,0,0,0,0,0,0,0,0,0,0,0,0,0,63,242
170,85,3152,2896,2852,2835,12202,4017,3117,3215,0,0,0,0,0,0,0,0,0,0,0,0,0,0,0,0,0,0,0,0,0,0,0,0,0,0,0,86,242
170,85,3131,2884,2854,2839,12201,4002,3120,3218,0,0,0,0,0,0,0,0,0,0,0,0,0,0,0,0,0,0,0,0,0,0,0,0,0,0,0,63,242
170,85,3151,2897,2854,2850,12223,4005,3121,3211,0,0,0,0,0,0,0,0,0,0,0,0,0,0,0,0,0,0,0,0,0,0,0,0,0,0,0,98,242
170,85,3151,2873,2822,2843,12206,3992,3137,3216,0,0,0,0,0,0,0,0,0,0,0,0,0,0,0,0,0,0,0,0,0,0,0,0,0,0,0,84,242
170,85,3152,2846,2855,2828,12197,3991,3144,3189,0,0,0,0,0,0,0,0,0,0,0,0,0,0,0,0,0,0,0,0,0,0,0,0,0,0,0,178,243
170,85,3154,2844,2841,2829,12202,4023,3122,3189,0,0,0,0,0,0,0,0,0,0,0,0,0,0,0,0,0,0,0,0,0,0,0,0,0,0,0,216,242
170,85,3132,2897,2870,2824,12197,4001,3143,3189,0,0,0,0,0,0,0,0,0,0,0,0,0,0,0,0,0,0,0,0,0,0,0,0,0,0,0,189,242
170,85,3151,2895,2854,2829,12181,3992,3121,3217,0,0,0,0,0,0,0,0,0,0,0,0,0,0,0,0,0,0,0,0,0,0,0,0,0,0,0,94,242
170,85,3147,2894,2854,2822,12202,3995,3114,3192,0,0,0,0,0,0,0,0,0,0,0,0,0,0,0,0,0,0,0,0,0,0,0,0,0,0,0,158,242
170,85,3144,2875,2832,2848,12190,4001,3122,3218,0,0,0,0,0,0,0,0,0,0,0,0,0,0,0,0,0,0,0,0,0,0,0,0,0,0,0,4,242
170,85,3151,2870,2868,2841,12181,4002,3122,3207,0,0,0,0,0,0,0,0,0,0,0,0,0,0,0,0,0,0,0,0,0,0,0,0,0,0,0,14,242
170,85,3143,2875,2870,2811,12219,4006,3114,3219,0,0,0,0,0,0,0,0,0,0,0,0,0,0,0,0,0,0,0,0,0,0,0,0,0,0,0,204,242
170,85,3151,2882,2820,2811,12216,4023,3127,3189,0,0,0,0,0,0,0,0,0,0,0,0,0,0,0,0,0,0,0,0,0,0,0,0,0,0,0,102,242
170,85,3145,2894,2855,2848,12212,4022,3141,3224,0,0,0,0,0,0,0,0,0,0,0,0,0,0,0,0,0,0,0,0,0,0,0,0,0,0,0,7,242
170,85,3144,2897,2868,2849,12224,3981,3122,3219,0,0,0,0,0,0,0,0,0,0,0,0,0,0,0,0,0,0,0,0,0,0,0,0,0,0,0,56,242
170,85,3154,2845,2856,2803,12201,4013,3119,3188,0,0,0,0,0,0,0,0,0,0,0,0,0,0,0,0,0,0,0,0,0,0,0,0,0,0,0,18,242
170,85,3151,2896,2842,2837,12207,4011,3113,3213,0,0,0,0,0,0,0,0,0,0,0,0,0,0,0,0,0,0,0,0,0,0,0,0,0,0,0,104,242
170,85,3158,2896,2826,2848,12206,4016,3119,3201,0,0,0,0,0,0,0,0,0,0,0,0,0,0,0,0,0,0,0,0,0,0,0,0,0,0,0,68,242
170,85,3153,2891,2854,2849,12220,4015,3111,3219,0,0,0,0,0,0,0,0,0,0,0,0,0,0,0,0,0,0,0,0,0,0,0,0,0,0,0,98,242
170,85,3137,2872,2829,2838,12213,4027,3122,3212,0,0,0,0,0,0,0,0,0,0,0,0,0,0,0,0,0,0,0,0,0,0,0,0,0,0,0,10,242
170,85,3169,2875,2843,2841,12191,4009,3109,3201,0,0,0,0,0,0,0,0,0,0,0,0,0,0,0,0,0,0,0,0,0,0,0,0,0,0,0,18,242
170,85,3170,2888,2828,2842,12212,3998,3134,3219,0,0,0,0,0,0,0,0,0,0,0,0,0,0,0,0,0,0,0,0,0,0,0,0,0,0,0,99,242
170,85,3132,2894,2842,2841,12212,3981,3117,3212,0,0,0,0,0,0,0,0,0,0,0,0,0,0,0,0,0,0,0,0,0,0,0,0,0,0,0,49,242
170,85,3157,2890,2869,2842,12210,3986,3116,3217,0,0,0,0,0,0,0,0,0,0,0,0,0,0,0,0,0,0,0,0,0,0,0,0,0,0,0,117,242
170,85,3152,2873,2869,2823,12204,3974,3146,3220,0,0,0,0,0,0,0,0,0,0,0,0,0,0,0,0,0,0,0,0,0,0,0,0,0,0,0,119,242
170,85,3165,2872,2854,2823,12198,3994,3141,3202,0,0,0,0,0,0,0,0,0,0,0,0,0,0,0,0,0,0,0,0,0,0,0,0,0,0,0,103,242
170,85,3149,2874,2841,2850,12222,4032,3123,3219,0,0,0,0,0,0,0,0,0,0,0,0,0,0,0,0,0,0,0,0,0,0,0,0,0,0,0,74,242
170,85,3159,2881,2869,2851,12227,3985,3146,3213,0,0,0,0,0,0,0,0,0,0,0,0,0,0,0,0,0,0,0,0,0,0,0,0,0,0,0,77,242
170,85,3150,2846,2822,2842,12208,3999,3139,3193,0,0,0,0,0,0,0,0,0,0,0,0,0,0,0,0,0,0,0,0,0,0,0,0,0,0,0,129,242
170,85,3151,2891,2856,2845,12223,3997,3146,3214,0,0,0,0,0,0,0,0,0,0,0,0,0,0,0,0,0,0,0,0,0,0,0,0,0,0,0,15,242
170,85,3134,2873,2862,2842,12210,4004,3147,3220,0,0,0,0,0,0,0,0,0,0,0,0,0,0,0,0,0,0,0,0,0,0,0,0,0,0,0,34,242
170,85,3151,2885,2824,2843,12211,4001,3123,3219,0,0,0,0,0,0,0,0,0,0,0,0,0,0,0,0,0,0,0,0,0,0,0,0,0,0,0,115,242
