170,85,2998,2806,2727,2813,3384,2857,2859,2896,0,0,0,0,0,0,0,0,0,0,0,0,0,0,0,0,0,0,0,0,0,0,0,0,0,0,0,136,216
170,85,2974,2792,2718,2810,3305,2838,2852,2840,0,0,0,0,0,0,0,0,0,0,0,0,0,0,0,0,0,0,0,0,0,0,0,0,0,0,0,40,217
170,85,2979,2804,2751,2803,3304,2849,2838,2860,0,0,0,0,0,0,0,0,0,0,0,0,0,0,0,0,0,0,0,0,0,0,0,0,0,0,0,17,217
170,85,2968,2814,2732,2821,3297,2845,2856,2849,0,0,0,0,0,0,0,0,0,0,0,0,0,0,0,0,0,0,0,0,0,0,0,0,0,0,0,194,216
170,85,2992,2799,2732,2806,3284,2862,2857,2865,0,0,0,0,0,0,0,0,0,0,0,0,0,0,0,0,0,0,0,0,0,0,0,0,0,0,0,30,216
170,85,2979,2804,2732,2800,3295,2844,2856,2859,0,0,0,0,0,0,0,0,0,0,0,0,0,0,0,0,0,0,0,0,0,0,0,0,0,0,0,50,216
170,85,2990,2803,2727,2796,3292,2861,2839,2865,0,0,0,0,0,0,0,0,0,0,0,0,0,0,0,0,0,0,0,0,0,0,0,0,0,0,0,56,216
170,85,2979,2804,2730,2810,3291,2862,2858,2863,0,0,0,0,0,0,0,0,0,0,0,0,0,0,0,0,0,0,0,0,0,0,0,0,0,0,0,14,217
170,85,2974,2814,2741,2807,3265,2856,2841,2840,0,0,0,0,0,0,0,0,0,0,0,0,0,0,0,0,0,0,0,0,0,0,0,0,0,0,0,51,216
170,85,2974,2796,2728,2803,3283,2869,2858,2863,0,0,0,0,0,0,0,0,0,0,0,0,0,0,0,0,0,0,0,0,0,0,0,0,0,0,0,51,217
170,85,2979,2798,2752,2822,3305,2871,2841,2868,0,0,0,0,0,0,0,0,0,0,0,0,0,0,0,0,0,0,0,0,0,0,0,0,0,0,0,128,217
170,85,2980,2816,2727,2810,3284,2856,2866,2848,0,0,0,0,0,0,0,0,0,0,0,0,0,0,0,0,0,0,0,0,0,0,0,0,0,0,0,239,218
170,85,2995,2798,2740,2796,3269,2856,2841,2852,0,0,0,0,0,0,0,0,0,0,0,0,0,0,0,0,0,0,0,0,0,0,0,0,0,0,0,44,217
170,85,2972,2799,2728,2811,3281,2847,2854,2880,0,0,0,0,0,0,0,0,0,0,0,0,0,0,0,0,0,0,0,0,0,0,0,0,0,0,0,113,216
170,85,2975,2793,2729,2811,3304,2870,2854,2880,0,0,0,0,0,0,0,0,0,0,0,0,0,0,0,0,0,0,0,0,0,0,0,0,0,0,0,101,217
170,85,2979,2795,2728,2810,3284,2844,2860,2843,0,0,0,0,0,0,0,0,0,0,0,0,0,0,0,0,0,0,0,0,0,0,0,0,0,0,0,28,217
170,85,2975,2806,2741,2811,3291,2863,2854,2860,0,0,0,0,0,0,0,0,0,0,0,0,0,0,0,0,0,0,0,0,0,0,0,0,0,0,0,32,217
170,85,2981,2793,2742,2803,3301,2864,2867,2874,0,0,0,0,0,0,0,0,0,0,0,0,0,0,0,0,0,0,0,0,0,0,0,0,0,0,0,44,217
170,85,2980,2815,2741,2805,3298,2848,2854,2852,0,0,0,0,0,0,0,0,0,0,0,0,0,0,0,0,0,0,0,0,0,0,0,0,0,0,0,34,217
170,85,2991,2799,2736,2811,3291,2846,2867,2851,0,0,0,0,0,0,0,0,0,0,0,0,0,0,0,0,0,0,0,0,0,0,0,0,0,0,0,39,218
170,85,2981,2817,2738,2824,3289,2859,2868,2868,0,0,0,0,0,0,0,0,0,0,0,0,0,0,0,0,0,0,0,0,0,0,0,0,0,0,0,21,218
170,85,2972,2795,2743,2800,3289,2854,2855,2883,0,0,0,0,0,0,0,0,0,0,0,0,0,0,0,0,0,0,0,0,0,0,0,0,0,0,0,82,218
170,85,2967,2802,2752,2810,3285,2873,2869,2870,0,0,0,0,0,0,0,0,0,0,0,0,0,0,0,0,0,0,0,0,0,0,0,0,0,0,0,73,219
170,85,2990,2818,2730,2815,3288,2873,2855,2852,0,0,0,0,0,0,0,0,0,0,0,0,0,0,0,0,0,0,0,0,0,0,0,0,0,0,0,227,219
170,85,2978,2821,2753,2814,3267,2873,2875,2851,0,0,0,0,0,0,0,0,0,0,0,0,0,0,0,0,0,0,0,0,0,0,0,0,0,0,0,130,219
170,85,2981,2810,2743,2812,3287,2866,2867,2884,0,0,0,0,0,0,0,0,0,0,0,0,0,0,0,0,0,0,0,0,0,0,0,0,0,0,0,127,219
170,85,2992,2820,2736,2800,3287,2880,2863,2863,0,0,0,0,0,0,0,0,0,0,0,0,0,0,0,0,0,0,0,0,0,0,0,0,0,0,0,155,218
170,85,2973,2795,2754,2816,3298,2867,2870,2854,0,0,0,0,0,0,0,0,0,0,0,0,0,0,0,0,0,0,0,0,0,0,0,0,0,0,0,141,218
170,85,2996,2796,2721,2813,3307,2876,2874,2867,0,0,0,0,0,0,0,0,0,0,0,0,0,0,0,0,0,0,0,0,0,0,0,0,0,0,0,35,218
170,85,3000,2797,2742,2814,3294,2855,2845,2871,0,0,0,0,0,0,0,0,0,0,0,0,0,0,0,0,0,0,0,0,0,0,0,0,0,0,0,55,218
170,85,2996,2810,2730,2815,3298,2877,2863,2876,0,0,0,0,0,0,0,0,0,0,0,0,0,0,0,0,0,0,0,0,0,0,0,0,0,0,0,46,218
170,85,2973,2798,2732,2816,3284,2862,2850,2865,0,0,0,0,0,0,0,0,0,0,0,0,0,0,0,0,0,0,0,0,0,0,0,0,0,0,0,206,217
170,85,2982,2819,2744,2815,3268,2869,2862,2851,0,0,0,0,0,0,0,0,0,0,0,0,0,0,0,0,0,0,0,0,0,0,0,0,0,0,0,230,217
170,85,2975,2820,2721,2813,3288,2868,2863,2853,0,0,0,0,0,0,0,0,0,0,0,0,0,0,0,0,0,0,0,0,0,0,0,0,0,0,0,217,217
170,85,2973,2810,2742,2815,3289,2867,2855,2870,0,0,0,0,0,0,0,0,0,0,0,0,0,0,0,0,0,0,0,0,0,0,0,0,0,0,0,44,217
170,85,2969,2818,2743,2825,3293,2855,2863,2864,0,0,0,0,0,0,0,0,0,0,0,0,0,0,0,0,0,0,0,0,0,0,0,0,0,0,0,57,217
170,85,2976,2801,2745,2812,3307,2854,2868,2871,0,0,0,0,0,0,0,0,0,0,0,0,0,0,0,0,0,0,0,0,0,0,0,0,0,0,0,35,217
170,85,2980,2798,2728,2814,3288,2848,2844,2871,0,0,0,0,0,0,0,0,0,0,0,0,0,0,0,0,0,0,0,0,0,0,0,0,0,0,0,54,217
170,85,2968,2796,2742,2814,3297,2874,2850,2871,0,0,0,0,0,0,0,0,0,0,0,0,0,0,0,0,0,0,0,0,0,0,0,0,0,0,0,11,217
170,85,2968,2820,2737,2806,3273,2850,2862,2871,0,0,0,0,0,0,0,0,0,0,0,0,0,0,0,0,0,0,0,0,0,0,0,0,0,0,0,209,217
170,85,2975,2807,2730,2827,3277,2860,2868,2863,0,0,0,0,0,0,0,0,0,0,0,0,0,0,0,0,0,0,0,0,0,0,0,0,0,0,0,203,217
170,85,2974,2801,2746,2808,3305,2850,2869,2870,0,0,0,0,0,0,0,0,0,0,0,0,0,0,0,0,0,0,0,0,0,0,0,0,0,0,0,28,218
170,85,2976,2808,2722,2814,3278,2853,2871,2864,0,0,0,0,0,0,0,0,0,0,0,0,0,0,0,0,0,0,0,0,0,0,0,0,0,0,0,17,217
170,85,2982,2822,2755,2802,3279,2850,2863,2892,0,0,0,0,0,0,0,0,0,0,0,0,0,0,0,0,0,0,0,0,0,0,0,0,0,0,0,231,217
170,85,2981,2802,2737,2814,3289,2866,2869,2869,0,0,0,0,0,0,0,0,0,0,0,0,0,0,0,0,0,0,0,0,0,0,0,0,0,0,0,10,217
170,85,2975,2795,2739,2800,3268,2866,2845,2871,0,0,0,0,0,0,0,0,0,0,0,0,0,0,0,0,0,0,0,0,0,0,0,0,0,0,0,18,217
170,85,2975,2809,2741,2802,3294,2867,2862,2871,0,0,0,0,0,0,0,0,0,0,0,0,0,0,0,0,0,0,0,0,0,0,0,0,0,0,0,44,217
170,85,2996,2800,2753,2808,3298,2867,2870,2870,0,0,0,0,0,0,0,0,0,0,0,0,0,0,0,0,0,0,0,0,0,0,0,0,0,0,0,85,217
170,85,2981,2821,2731,2825,3275,2865,2869,2852,0,0,0,0,0,0,0,0,0,0,0,0,0,0,0,0,0,0,0,0,0,0,0,0,0,0,0,16,217
170,85,2974,2821,2742,2813,3281,2878,2867,2853,0,0,0,0,0,0,0,0,0,0,0,0,0,0,0,0,0,0,0,0,0,0,0,0,0,0,0,209,217
170,85,2975,2796,2753,2815,3263,2867,2857,2853,0,0,0,0,0,0,0,0,0,0,0,0,0,0,0,0,0,0,0,0,0,0,0,0,0,0,0,52,217
170,85,2996,2815,2729,2838,3286,2865,2864,2877,0,0,0,0,0,0,0,0,0,0,0,0,0,0,0,0,0,0,0,0,0,0,0,0,0,0,0,230,218
170,85,2997,2808,2757,2801,3287,2869,2857,2878,0,0,0,0,0,0,0,0,0,0,0,0,0,0,0,0,0,0,0,0,0,0,0,0,0,0,0,117,218
170,85,2981,2821,2730,2813,3293,2866,2863,2871,0,0,0,0,0,0,0,0,0,0,0,0,0,0,0,0,0,0,0,0,0,0,0,0,0,0,0,248,218
170,85,2974,2802,2753,2807,3285,2874,2863,2872,0,0,0,0,0,0,0,0,0,0,0,0,0,0,0,0,0,0,0,0,0,0,0,0,0,0,0,91,217
170,85,2996,2797,2733,2824,3287,2867,2864,2854,0,0,0,0,0,0,0,0,0,0,0,0,0,0,0,0,0,0,0,0,0,0,0,0,0,0,0,246,217
170,85,2969,2805,2731,2801,3287,2861,2871,2877,0,0,0,0,0,0,0,0,0,0,0,0,0,0,0,0,0,0,0,0,0,0,0,0,0,0,0,63,218
170,85,2975,2803,2756,2807,3291,2879,2864,2872,0,0,0,0,0,0,0,0,0,0,0,0,0,0,0,0,0,0,0,0,0,0,0,0,0,0,0,74,218
170,85,2982,2809,2732,2802,3281,2867,2877,2893,0,0,0,0,0,0,0,0,0,0,0,0,0,0,0,0,0,0,0,0,0,0,0,0,0,0,0,106,218
170,85,2986,2808,2744,2815,3280,2878,2844,2865,0,0,0,0,0,0,0,0,0,0,0,0,0,0,0,0,0,0,0,0,0,0,0,0,0,0,0,47,219
170,85,2982,2796,2722,2811,3278,2855,2862,2864,0,0,0,0,0,0,0,0,0,0,0,0,0,0,0,0,0,0,0,0,0,0,0,0,0,0,0,29,219
170,85,2982,2822,2745,2801,3280,2869,2863,2884,0,0,0,0,0,0,0,0,0,0,0,0,0,0,0,0,0,0,0,0,0,0,0,0,0,0,0,158,218
170,85,2968,2810,2743,2815,3292,2867,2870,2884,0,0,0,0,0,0,0,0,0,0,0,0,0,0,0,0,0,0,0,0,0,0,0,0,0,0,0,78,218
170,85,2992,2808,2735,2815,3294,2866,2863,2884,0,0,0,0,0,0,0,0,0,0,0,0,0,0,0,0,0,0,0,0,0,0,0,0,0,0,0,102,218
170,85,2981,2809,2744,2813,3283,2878,2883,2891,0,0,0,0,0,0,0,0,0,0,0,0,0,0,0,0,0,0,0,0,0,0,0,0,0,0,0,5,218
170,85,2982,2808,2743,2799,3298,2860,2861,2853,0,0,0,0,0,0,0,0,0,0,0,0,0,0,0,0,0,0,0,0,0,0,0,0,0,0,0,57,218
170,85,2992,2802,2736,2824,3295,2866,2867,2883,0,0,0,0,0,0,0,0,0,0,0,0,0,0,0,0,0,0,0,0,0,0,0,0,0,0,0,159,218
170,85,2974,2794,2755,2814,3282,2867,2855,2864,0,0,0,0,0,0,0,0,0,0,0,0,0,0,0,0,0,0,0,0,0,0,0,0,0,0,0,70,218
170,85,2982,2820,2729,2813,3291,2877,2863,2877,0,0,0,0,0,0,0,0,0,0,0,0,0,0,0,0,0,0,0,0,0,0,0,0,0,0,0,250,219
170,85,2967,2802,2732,2825,3289,2866,2862,2891,0,0,0,0,0,0,0,0,0,0,0,0,0,0,0,0,0,0,0,0,0,0,0,0,0,0,0,182,219
170,85,2982,2795,2729,2801,3296,2867,2844,2870,0,0,0,0,0,0,0,0,0,0,0,0,0,0,0,0,0,0,0,0,0,0,0,0,0,0,0,21,219
170,85,2981,2803,2720,2815,3282,2866,2868,2853,0,0,0,0,0,0,0,0,0,0,0,0,0,0,0,0,0,0,0,0,0,0,0,0,0,0,0,1,219
170,85,2968,2801,2736,2806,3263,2865,2862,2869,0,0,0,0,0,0,0,0,0,0,0,0,0,0,0,0,0,0,0,0,0,0,0,0,0,0,0,67,218
170,85,2981,2800,2744,2825,3286,2849,2861,2870,0,0,0,0,0,0,0,0,0,0,0,0,0,0,0,0,0,0,0,0,0,0,0,0,0,0,0,240,218
170,85,2992,2786,2730,2814,3283,2867,2869,2850,0,0,0,0,0,0,0,0,0,0,0,0,0,0,0,0,0,0,0,0,0,0,0,0,0,0,0,8,218
170,85,2966,2819,2737,2814,3281,2850,2861,2883,0,0,0,0,0,0,0,0,0,0,0,0,0,0,0,0,0,0,0,0,0,0,0,0,0,0,0,191,218
170,85,2980,2808,2735,2814,3284,2866,2863,2871,0,0,0,0,0,0,0,0,0,0,0,0,0,0,0,0,0,0,0,0,0,0,0,0,0,0,0,10,218
170,85,2961,2808,2745,2814,3294,2866,2862,2852,0,0,0,0,0,0,0,0,0,0,0,0,0,0,0,0,0,0,0,0,0,0,0,0,0,0,0,49,218
170,85,2981,2807,2722,2813,3262,2866,2861,2867,0,0,0,0,0,0,0,0,0,0,0,0,0,0,0,0,0,0,0,0,0,0,0,0,0,0,0,102,218
170,85,2975,2799,2756,2813,3302,2865,2868,2863,0,0,0,0,0,0,0,0,0,0,0,0,0,0,0,0,0,0,0,0,0,0,0,0,0,0,0,124,218
170,85,2962,2808,2729,2812,3307,2849,2863,2870,0,0,0,0,0,0,0,0,0,0,0,0,0,0,0,0,0,0,0,0,0,0,0,0,0,0,0,21,218
170,85,2996,2820,2743,2806,3287,2860,2861,2869,0,0,0,0,0,0,0,0,0,0,0,0,0,0,0,0,0,0,0,0,0,0,0,0,0,0,0,234,219
170,85,2966,2804,2757,2810,3287,2850,2844,2854,0,0,0,0,0,0,0,0,0,0,0,0,0,0,0,0,0,0,0,0,0,0,0,0,0,0,0,107,219
170,85,2974,2819,2731,2813,3286,2866,2869,2876,0,0,0,0,0,0,0,0,0,0,0,0,0,0,0,0,0,0,0,0,0,0,0,0,0,0,0,222,219
170,85,2968,2795,2737,2812,3283,2849,2863,2877,0,0,0,0,0,0,0,0,0,0,0,0,0,0,0,0,0,0,0,0,0,0,0,0,0,0,0,39,219
170,85,2968,2801,2720,2814,3280,2867,2844,2864,0,0,0,0,0,0,0,0,0,0,0,0,0,0,0,0,0,0,0,0,0,0,0,0,0,0,0,1,218
170,85,2973,2804,2730,2825,3295,2842,2854,2870,0,0,0,0,0,0,0,0,0,0,0,0,0,0,0,0,0,0,0,0,0,0,0,0,0,0,0,231,218
170,85,2981,2810,2744,2822,3287,2860,2844,2863,0,0,0,0,0,0,0,0,0,0,0,0,0,0,0,0,0,0,0,0,0,0,0,0,0,0,0,209,218
170,85,2996,2820,2754,2804,3288,2867,2844,2871,0,0,0,0,0,0,0,0,0,0,0,0,0,0,0,0,0,0,0,0,0,0,0,0,0,0,0,190,218
170,85,2981,2809,2742,2801,3277,2873,2855,2877,0,0,0,0,0,0,0,0,0,0,0,0,0,0,0,0,0,0,0,0,0,0,0,0,0,0,0,12,218
170,85,2973,2809,2737,2813,3268,2855,2846,2852,0,0,0,0,0,0,0,0,0,0,0,0,0,0,0,0,0,0,0,0,0,0,0,0,0,0,0,8,218
170,85,2981,2796,2746,2806,3293,2867,2855,2853,0,0,0,0,0,0,0,0,0,0,0,0,0,0,0,0,0,0,0,0,0,0,0,0,0,0,0,16,219
170,85,2968,2807,2744,2794,3305,2849,2855,2852,0,0,0,0,0,0,0,0,0,0,0,0,0,0,0,0,0,0,0,0,0,0,0,0,0,0,0,15,219
170,85,2974,2821,2732,2806,3290,2863,2861,2870,0,0,0,0,0,0,0,0,0,0,0,0,0,0,0,0,0,0,0,0,0,0,0,0,0,0,0,215,219
170,85,2973,2808,2744,2801,3307,2876,2844,2850,0,0,0,0,0,0,0,0,0,0,0,0,0,0,0,0,0,0,0,0,0,0,0,0,0,0,0,60,219
170,85,2975,2802,2744,2838,3297,2854,2844,2876,0,0,0,0,0,0,0,0,0,0,0,0,0,0,0,0,0,0,0,0,0,0,0,0,0,0,0,220,218
170,85,2973,2795,2730,2808,3288,2862,2861,2858,0,0,0,0,0,0,0,0,0,0,0,0,0,0,0,0,0,0,0,0,0,0,0,0,0,0,0,44,218
170,85,2974,2794,2755,2799,3281,2852,2849,2870,0,0,0,0,0,0,0,0,0,0,0,0,0,0,0,0,0,0,0,0,0,0,0,0,0,0,0,67,218
170,85,2968,2795,2730,2813,3288,2850,2868,2870,0,0,0,0,0,0,0,0,0,0,0,0,0,0,0,0,0,0,0,0,0,0,0,0,0,0,0,37,219
170,85,2968,2818,2735,2813,3288,2880,2862,2877,0,0,0,0,0,0,0,0,0,0,0,0,0,0,0,0,0,0,0,0,0,0,0,0,0,0,0,187,219
170,85,2967,2795,2744,2812,3286,2866,2848,2853,0,0,0,0,0,0,0,0,0,0,0,0,0,0,0,0,0,0,0,0,0,0,0,0,0,0,0,32,219
170,85,2969,2795,2744,2813,3267,2868,2868,2875,0,0,0,0,0,0,0,0,0,0,0,0,0,0,0,0,0,0,0,0,0,0,0,0,0,0,0,54,219
170,85,2992,2808,2730,2812,3287,2865,2857,2853,0,0,0,0,0,0,0,0,0,0,0,0,0,0,0,0,0,0,0,0,0,0,0,0,0,0,0,13,219
170,85,2967,2807,2731,2813,3295,2866,2844,2864,0,0,0,0,0,0,0,0,0,0,0,0,0,0,0,0,0,0,0,0,0,0,0,0,0,0,0,14,219
170,85,2974,2808,2757,2837,3282,2860,2862,2870,0,0,0,0,0,0,0,0,0,0,0,0,0,0,0,0,0,0,0,0,0,0,0,0,0,0,0,168,219
170,85,2975,2795,2753,2806,3296,2873,2862,2871,0,0,0,0,0,0,0,0,0,0,0,0,0,0,0,0,0,0,0,0,0,0,0,0,0,0,0,122,219
170,85,2974,2807,2743,2827,3268,2850,2865,2853,0,0,0,0,0,0,0,0,0,0,0,0,0,0,0,0,0,0,0,0,0,0,0,0,0,0,0,223,219
170,85,2996,2794,2723,2812,3295,2859,2845,2870,0,0,0,0,0,0,0,0,0,0,0,0,0,0,0,0,0,0,0,0,0,0,0,0,0,0,0,39,219
170,85,2968,2821,2754,2812,3289,2866,2876,2883,0,0,0,0,0,0,0,0,0,0,0,0,0,0,0,0,0,0,0,0,0,0,0,0,0,0,0,207,219
170,85,2975,2801,2743,2807,3306,2860,2846,2870,0,0,0,0,0,0,0,0,0,0,0,0,0,0,0,0,0,0,0,0,0,0,0,0,0,0,0,57,219
170,85,2975,2795,2736,2807,3283,2867,2863,2869,0,0,0,0,0,0,0,0,0,0,0,0,0,0,0,0,0,0,0,0,0,0,0,0,0,0,0,48,220
170,85,2994,2819,2751,2813,3283,2850,2863,2853,0,0,0,0,0,0,0,0,0,0,0,0,0,0,0,0,0,0,0,0,0,0,0,0,0,0,0,240,220
170,85,2976,2804,2737,2827,3262,2848,2844,2870,0,0,0,0,0,0,0,0,0,0,0,0,0,0,0,0,0,0,0,0,0,0,0,0,0,0,0,162,219
170,85,2976,2808,2737,2814,3290,2866,2862,2851,0,0,0,0,0,0,0,0,0,0,0,0,0,0,0,0,0,0,0,0,0,0,0,0,0,0,0,11,220
170,85,2981,2809,2719,2800,3288,2866,2863,2854,0,0,0,0,0,0,0,0,0,0,0,0,0,0,0,0,0,0,0,0,0,0,0,0,0,0,0,41,220
170,85,2980,2818,2755,2826,3264,2866,2863,2884,0,0,0,0,0,0,0,0,0,0,0,0,0,0,0,0,0,0,0,0,0,0,0,0,0,0,0,15,220
170,85,2967,2807,2745,2826,3283,2855,2845,2870,0,0,0,0,0,0,0,0,0,0,0,0,0,0,0,0,0,0,0,0,0,0,0,0,0,0,0,244,220
170,85,2981,2802,2743,2825,3308,2861,2845,2864,0,0,0,0,0,0,0,0,0,0,0,0,0,0,0,0,0,0,0,0,0,0,0,0,0,0,0,253,220
170,85,2981,2820,2737,2813,3297,2849,2856,2852,0,0,0,0,0,0,0,0,0,0,0,0,0,0,0,0,0,0,0,0,0,0,0,0,0,0,0,217,219
170,85,2981,2796,2732,2812,3307,2873,2845,2853,0,0,0,0,0,0,0,0,0,0,0,0,0,0,0,0,0,0,0,0,0,0,0,0,0,0,0,10,219
170,85,2980,2808,2731,2807,3290,2860,2856,2863,0,0,0,0,0,0,0,0,0,0,0,0,0,0,0,0,0,0,0,0,0,0,0,0,0,0,0,8,219
170,85,2974,2803,2730,2814,3268,2855,2864,2863,0,0,0,0,0,0,0,0,0,0,0,0,0,0,0,0,0,0,0,0,0,0,0,0,0,0,0,60,219
170,85,2981,2821,2721,2815,3289,2867,2845,2853,0,0,0,0,0,0,0,0,0,0,0,0,0,0,0,0,0,0,0,0,0,0,0,0,0,0,0,212,219
170,85,2997,2808,2741,2814,3292,2873,2870,2852,0,0,0,0,0,0,0,0,0,0,0,0,0,0,0,0,0,0,0,0,0,0,0,0,0,0,0,8,219
170,85,2980,2796,2738,2824,3281,2866,2869,2883,0,0,0,0,0,0,0,0,0,0,0,0,0,0,0,0,0,0,0,0,0,0,0,0,0,0,0,159,219
170,85,2981,2821,2735,2808,3293,2866,2862,2877,0,0,0,0,0,0,0,0,0,0,0,0,0,0,0,0,0,0,0,0,0,0,0,0,0,0,0,243,219
170,85,2970,2809,2750,2815,3287,2860,2864,2864,0,0,0,0,0,0,0,0,0,0,0,0,0,0,0,0,0,0,0,0,0,0,0,0,0,0,0,32,219
170,85,2976,2808,2732,2812,3308,2867,2857,2865,0,0,0,0,0,0,0,0,0,0,0,0,0,0,0,0,0,0,0,0,0,0,0,0,0,0,0,54,219
170,85,2983,2797,2739,2803,3295,2866,2856,2871,0,0,0,0,0,0,0,0,0,0,0,0,0,0,0,0,0,0,0,0,0,0,0,0,0,0,0,1,219
170,85,2981,2820,2750,2800,3289,2850,2863,2891,0,0,0,0,0,0,0,0,0,0,0,0,0,0,0,0,0,0,0,0,0,0,0,0,0,0,0,136,219
170,85,2968,2809,2753,2815,3289,2868,2855,2853,0,0,0,0,0,0,0,0,0,0,0,0,0,0,0,0,0,0,0,0,0,0,0,0,0,0,0,73,219
170,85,2974,2808,2731,2807,3294,2850,2864,2853,0,0,0,0,0,0,0,0,0,0,0,0,0,0,0,0,0,0,0,0,0,0,0,0,0,0,0,42,219
170,85,2975,2801,2753,2808,3287,2867,2864,2863,0,0,0,0,0,0,0,0,0,0,0,0,0,0,0,0,0,0,0,0,0,0,0,0,0,0,0,85,219
170,85,2997,2809,2729,2815,3296,2880,2847,2865,0,0,0,0,0,0,0,0,0,0,0,0,0,0,0,0,0,0,0,0,0,0,0,0,0,0,0,109,220
170,85,2982,2810,2738,2814,3282,2850,2868,2871,0,0,0,0,0,0,0,0,0,0,0,0,0,0,0,0,0,0,0,0,0,0,0,0,0,0,0,26,220
170,85,2981,2802,2762,2809,3289,2866,2872,2883,0,0,0,0,0,0,0,0,0,0,0,0,0,0,0,0,0,0,0,0,0,0,0,0,0,0,0,13,220
170,85,2982,2799,2744,2802,3309,2875,2869,2863,0,0,0,0,0,0,0,0,0,0,0,0,0,0,0,0,0,0,0,0,0,0,0,0,0,0,0,54,220
170,85,2972,2796,2750,2814,3288,2865,2858,2870,0,0,0,0,0,0,0,0,0,0,0,0,0,0,0,0,0,0,0,0,0,0,0,0,0,0,0,60,220
170,85,2973,2820,2721,2807,3307,2850,2877,2870,0,0,0,0,0,0,0,0,0,0,0,0,0,0,0,0,0,0,0,0,0,0,0,0,0,0,0,245,220
170,85,2981,2796,2743,2827,3303,2850,2856,2877,0,0,0,0,0,0,0,0,0,0,0,0,0,0,0,0,0,0,0,0,0,0,0,0,0,0,0,221,220
170,85,2975,2819,2730,2814,3264,2851,2857,2851,0,0,0,0,0,0,0,0,0,0,0,0,0,0,0,0,0,0,0,0,0,0,0,0,0,0,0,217,220
170,85,2982,2821,2755,2803,3287,2848,2877,2878,0,0,0,0,0,0,0,0,0,0,0,0,0,0,0,0,0,0,0,0,0,0,0,0,0,0,0,159,220
170,85,2962,2809,2730,2824,3295,2879,2844,2876,0,0,0,0,0,0,0,0,0,0,0,0,0,0,0,0,0,0,0,0,0,0,0,0,0,0,0,241,220
170,85,2968,2821,2743,2814,3275,2866,2863,2876,0,0,0,0,0,0,0,0,0,0,0,0,0,0,0,0,0,0,0,0,0,0,0,0,0,0,0,198,220
170,85,2993,2809,2748,2827,3278,2867,2846,2863,0,0,0,0,0,0,0,0,0,0,0,0,0,0,0,0,0,0,0,0,0,0,0,0,0,0,0,203,220
170,85,2982,2803,2730,2801,3306,2848,2864,2869,0,0,0,0,0,0,0,0,0,0,0,0,0,0,0,0,0,0,0,0,0,0,0,0,0,0,0,56,220
170,85,2975,2796,2754,2814,3287,2867,2857,2883,0,0,0,0,0,0,0,0,0,0,0,0,0,0,0,0,0,0,0,0,0,0,0,0,0,0,0,56,220
170,85,2974,2808,2756,2807,3267,2875,2861,2884,0,0,0,0,0,0,0,0,0,0,0,0,0,0,0,0,0,0,0,0,0,0,0,0,0,0,0,61,220
170,85,2962,2821,2723,2814,3268,2866,2884,2852,0,0,0,0,0,0,0,0,0,0,0,0,0,0,0,0,0,0,0,0,0,0,0,0,0,0,0,164,220
170,85,2982,2794,2756,2800,3293,2850,2844,2864,0,0,0,0,0,0,0,0,0,0,0,0,0,0,0,0,0,0,0,0,0,0,0,0,0,0,0,82,220
170,85,2982,2819,2730,2807,3274,2867,2846,2852,0,0,0,0,0,0,0,0,0,0,0,0,0,0,0,0,0,0,0,0,0,0,0,0,0,0,0,195,220
170,85,2969,2799,2754,2813,3288,2867,2859,2871,0,0,0,0,0,0,0,0,0,0,0,0,0,0,0,0,0,0,0,0,0,0,0,0,0,0,0,71,220
170,85,2995,2798,2744,2801,3294,2850,2862,2854,0,0,0,0,0,0,0,0,0,0,0,0,0,0,0,0,0,0,0,0,0,0,0,0,0,0,0,25,220
170,85,2976,2801,2736,2808,3268,2854,2868,2877,0,0,0,0,0,0,0,0,0,0,0,0,0,0,0,0,0,0,0,0,0,0,0,0,0,0,0,11,220
170,85,2975,2794,2738,2800,3308,2847,2863,2863,0,0,0,0,0,0,0,0,0,0,0,0,0,0,0,0,0,0,0,0,0,0,0,0,0,0,0,61,220
170,85,2996,2810,2745,2806,3289,2854,2854,2877,0,0,0,0,0,0,0,0,0,0,0,0,0,0,0,0,0,0,0,0,0,0,0,0,0,0,0,28,220
170,85,2982,2795,2754,2829,3299,2866,2844,2869,0,0,0,0,0,0,0,0,0,0,0,0,0,0,0,0,0,0,0,0,0,0,0,0,0,0,0,130,220
170,85,2969,2807,2755,2827,3287,2850,2863,2877,0,0,0,0,0,0,0,0,0,0,0,0,0,0,0,0,0,0,0,0,0,0,0,0,0,0,0,185,220
170,85,2981,2821,2733,2808,3278,2848,2852,2870,0,0,0,0,0,0,0,0,0,0,0,0,0,0,0,0,0,0,0,0,0,0,0,0,0,0,0,241,220
170,85,2970,2794,2734,2813,3284,2851,2843,2871,0,0,0,0,0,0,0,0,0,0,0,0,0,0,0,0,0,0,0,0,0,0,0,0,0,0,0,1,220
170,85,2976,2796,2765,2814,3299,2866,2844,2854,0,0,0,0,0,0,0,0,0,0,0,0,0,0,0,0,0,0,0,0,0,0,0,0,0,0,0,109,220
170,85,2982,2822,2754,2827,3309,2850,2846,2883,0,0,0,0,0,0,0,0,0,0,0,0,0,0,0,0,0,0,0,0,0,0,0,0,0,0,0,2,220
170,85,2982,2809,2732,2814,3292,2849,2856,2872,0,0,0,0,0,0,0,0,0,0,0,0,0,0,0,0,0,0,0,0,0,0,0,0,0,0,0,25,220
170,85,2963,2797,2752,2815,3285,2878,2861,2855,0,0,0,0,0,0,0,0,0,0,0,0,0,0,0,0,0,0,0,0,0,0,0,0,0,0,0,89,220
170,85,2975,2822,2736,2801,3293,2866,2863,2871,0,0,0,0,0,0,0,0,0,0,0,0,0,0,0,0,0,0,0,0,0,0,0,0,0,0,0,215,220
170,85,2970,2805,2737,2815,3259,2867,2863,2855,0,0,0,0,0,0,0,0,0,0,0,0,0,0,0,0,0,0,0,0,0,0,0,0,0,0,0,88,220
170,85,2983,2798,2740,2802,3259,2850,2846,2871,0,0,0,0,0,0,0,0,0,0,0,0,0,0,0,0,0,0,0,0,0,0,0,0,0,0,0,70,220
170,85,2983,2804,2747,2814,3257,2866,2884,2885,0,0,0,0,0,0,0,0,0,0,0,0,0,0,0,0,0,0,0,0,0,0,0,0,0,0,0,101,220
170,85,2970,2811,2752,2815,3282,2851,2846,2871,0,0,0,0,0,0,0,0,0,0,0,0,0,0,0,0,0,0,0,0,0,0,0,0,0,0,0,127,220
170,85,2976,2798,2740,2815,3292,2859,2864,2878,0,0,0,0,0,0,0,0,0,0,0,0,0,0,0,0,0,0,0,0,0,0,0,0,0,0,0,5,220
170,85,2983,2823,2745,2828,3290,2869,2846,2873,0,0,0,0,0,0,0,0,0,0,0,0,0,0,0,0,0,0,0,0,0,0,0,0,0,0,0,36,220
170,85,2998,2800,2739,2817,3304,2879,2847,2872,0,0,0,0,0,0,0,0,0,0,0,0,0,0,0,0,0,0,0,0,0,0,0,0,0,0,0,252,220
170,85,2999,2812,2743,2841,3287,2878,2864,2879,0,0,0,0,0,0,0,0,0,0,0,0,0,0,0,0,0,0,0,0,0,0,0,0,0,0,0,251,220
170,85,2991,2810,2743,2803,3280,2862,2864,2885,0,0,0,0,0,0,0,0,0,0,0,0,0,0,0,0,0,0,0,0,0,0,0,0,0,0,0,99,220
170,85,2969,2810,2743,2818,3278,2869,2864,2853,0,0,0,0,0,0,0,0,0,0,0,0,0,0,0,0,0,0,0,0,0,0,0,0,0,0,0,192,220
170,85,2976,2822,2753,2816,3273,2850,2847,2872,0,0,0,0,0,0,0,0,0,0,0,0,0,0,0,0,0,0,0,0,0,0,0,0,0,0,0,82,220
170,85,2997,2811,2747,2817,3258,2867,2879,2864,0,0,0,0,0,0,0,0,0,0,0,0,0,0,0,0,0,0,0,0,0,0,0,0,0,0,0,138,220
170,85,2969,2822,2766,2817,3278,2868,2866,2865,0,0,0,0,0,0,0,0,0,0,0,0,0,0,0,0,0,0,0,0,0,0,0,0,0,0,0,80,220
170,85,2970,2821,2740,2810,3273,2868,2870,2872,0,0,0,0,0,0,0,0,0,0,0,0,0,0,0,0,0,0,0,0,0,0,0,0,0,0,0,218,220
170,85,2999,2811,2722,2815,3281,2869,2865,2871,0,0,0,0,0,0,0,0,0,0,0,0,0,0,0,0,0,0,0,0,0,0,0,0,0,0,0,10,220
170,85,2984,2823,2733,2828,3293,2867,2865,2871,0,0,0,0,0,0,0,0,0,0,0,0,0,0,0,0,0,0,0,0,0,0,0,0,0,0,0,31,220
170,85,2975,2797,2754,2809,3295,2869,2863,2872,0,0,0,0,0,0,0,0,0,0,0,0,0,0,0,0,0,0,0,0,0,0,0,0,0,0,0,77,220
170,85,3000,2810,2738,2817,3274,2869,2876,2853,0,0,0,0,0,0,0,0,0,0,0,0,0,0,0,0,0,0,0,0,0,0,0,0,0,0,0,239,220
170,85,3007,2822,2747,2803,3276,2867,2847,2872,0,0,0,0,0,0,0,0,0,0,0,0,0,0,0,0,0,0,0,0,0,0,0,0,0,0,0,209,220
170,85,2997,2812,2745,2808,3282,2856,2847,2878,0,0,0,0,0,0,0,0,0,0,0,0,0,0,0,0,0,0,0,0,0,0,0,0,0,0,0,42,220
170,85,2969,2805,2741,2816,3278,2882,2865,2854,0,0,0,0,0,0,0,0,0,0,0,0,0,0,0,0,0,0,0,0,0,0,0,0,0,0,0,186,220
170,85,2998,2812,2746,2816,3284,2851,2858,2853,0,0,0,0,0,0,0,0,0,0,0,0,0,0,0,0,0,0,0,0,0,0,0,0,0,0,0,240,220
170,85,2976,2810,2738,2817,3273,2866,2864,2885,0,0,0,0,0,0,0,0,0,0,0,0,0,0,0,0,0,0,0,0,0,0,0,0,0,0,0,159,220
170,85,2997,2798,2744,2801,3283,2866,2868,2871,0,0,0,0,0,0,0,0,0,0,0,0,0,0,0,0,0,0,0,0,0,0,0,0,0,0,0,9,220
170,85,2983,2823,2745,2816,3284,2875,2862,2871,0,0,0,0,0,0,0,0,0,0,0,0,0,0,0,0,0,0,0,0,0,0,0,0,0,0,0,22,220
170,85,3000,2797,2753,2815,3284,2867,2857,2871,0,0,0,0,0,0,0,0,0,0,0,0,0,0,0,0,0,0,0,0,0,0,0,0,0,0,0,107,220
170,85,2996,2811,2745,2803,3290,2867,2864,2872,0,0,0,0,0,0,0,0,0,0,0,0,0,0,0,0,0,0,0,0,0,0,0,0,0,0,0,29,220
170,85,2983,2803,2731,2809,3294,2867,2864,2879,0,0,0,0,0,0,0,0,0,0,0,0,0,0,0,0,0,0,0,0,0,0,0,0,0,0,0,29,220
170,85,2997,2805,2749,2826,3292,2849,2857,2852,0,0,0,0,0,0,0,0,0,0,0,0,0,0,0,0,0,0,0,0,0,0,0,0,0,0,0,255,220
170,85,2975,2799,2753,2815,3279,2880,2863,2871,0,0,0,0,0,0,0,0,0,0,0,0,0,0,0,0,0,0,0,0,0,0,0,0,0,0,0,32,220
170,85,2970,2796,2742,2802,3280,2851,2845,2870,0,0,0,0,0,0,0,0,0,0,0,0,0,0,0,0,0,0,0,0,0,0,0,0,0,0,0,19,220
170,85,2969,2798,2754,2801,3302,2851,2870,2871,0,0,0,0,0,0,0,0,0,0,0,0,0,0,0,0,0,0,0,0,0,0,0,0,0,0,0,121,220
170,85,2970,2824,2747,2804,3299,2848,2845,2884,0,0,0,0,0,0,0,0,0,0,0,0,0,0,0,0,0,0,0,0,0,0,0,0,0,0,0,191,220
170,85,2998,2797,2754,2815,3292,2860,2865,2871,0,0,0,0,0,0,0,0,0,0,0,0,0,0,0,0,0,0,0,0,0,0,0,0,0,0,0,105,220
170,85,2983,2797,2754,2818,3290,2868,2845,2863,0,0,0,0,0,0,0,0,0,0,0,0,0,0,0,0,0,0,0,0,0,0,0,0,0,0,0,174,220
170,85,2983,2797,2741,2802,3293,2873,2862,2871,0,0,0,0,0,0,0,0,0,0,0,0,0,0,0,0,0,0,0,0,0,0,0,0,0,0,0,9,220
170,85,2983,2797,2754,2815,3293,2867,2871,2864,0,0,0,0,0,0,0,0,0,0,0,0,0,0,0,0,0,0,0,0,0,0,0,0,0,0,0,103,220
170,85,2983,2799,2743,2804,3274,2850,2871,2871,0,0,0,0,0,0,0,0,0,0,0,0,0,0,0,0,0,0,0,0,0,0,0,0,0,0,0,26,220
170,85,2990,2813,2734,2817,3273,2880,2847,2879,0,0,0,0,0,0,0,0,0,0,0,0,0,0,0,0,0,0,0,0,0,0,0,0,0,0,0,173,219
170,85,2990,2805,2744,2829,3291,2868,2858,2857,0,0,0,0,0,0,0,0,0,0,0,0,0,0,0,0,0,0,0,0,0,0,0,0,0,0,0,250,219
170,85,2979,2799,2743,2816,3258,2850,2857,2892,0,0,0,0,0,0,0,0,0,0,0,0,0,0,0,0,0,0,0,0,0,0,0,0,0,0,0,254,219
170,85,2984,2804,2753,2809,3262,2874,2856,2872,0,0,0,0,0,0,0,0,0,0,0,0,0,0,0,0,0,0,0,0,0,0,0,0,0,0,0,9,220
170,85,2975,2804,2742,2815,3257,2850,2878,2871,0,0,0,0,0,0,0,0,0,0,0,0,0,0,0,0,0,0,0,0,0,0,0,0,0,0,0,73,220
170,85,2984,2798,2741,2816,3262,2867,2864,2872,0,0,0,0,0,0,0,0,0,0,0,0,0,0,0,0,0,0,0,0,0,0,0,0,0,0,0,142,220
170,85,2998,2823,2757,2816,3284,2865,2865,2871,0,0,0,0,0,0,0,0,0,0,0,0,0,0,0,0,0,0,0,0,0,0,0,0,0,0,0,110,220
170,85,2969,2806,2754,2818,3280,2849,2864,2872,0,0,0,0,0,0,0,0,0,0,0,0,0,0,0,0,0,0,0,0,0,0,0,0,0,0,0,174,220
170,85,2983,2797,2755,2803,3284,2868,2847,2855,0,0,0,0,0,0,0,0,0,0,0,0,0,0,0,0,0,0,0,0,0,0,0,0,0,0,0,91,220
170,85,2992,2812,2742,2817,3287,2869,2871,2869,0,0,0,0,0,0,0,0,0,0,0,0,0,0,0,0,0,0,0,0,0,0,0,0,0,0,0,227,219
170,85,2971,2811,2747,2812,3278,2888,2863,2872,0,0,0,0,0,0,0,0,0,0,0,0,0,0,0,0,0,0,0,0,0,0,0,0,0,0,0,79,219
170,85,2970,2825,2734,2815,3268,2879,2864,2870,0,0,0,0,0,0,0,0,0,0,0,0,0,0,0,0,0,0,0,0,0,0,0,0,0,0,0,199,219
170,85,3004,2813,2733,2804,3286,2881,2877,2882,0,0,0,0,0,0,0,0,0,0,0,0,0,0,0,0,0,0,0,0,0,0,0,0,0,0,0,9,219
170,85,2984,2813,2767,2805,3279,2867,2865,2878,0,0,0,0,0,0,0,0,0,0,0,0,0,0,0,0,0,0,0,0,0,0,0,0,0,0,0,101,219
170,85,2978,2813,2757,2809,3274,2862,2864,2871,0,0,0,0,0,0,0,0,0,0,0,0,0,0,0,0,0,0,0,0,0,0,0,0,0,0,0,121,219
170,85,2977,2805,2748,2829,3292,2867,2870,2854,0,0,0,0,0,0,0,0,0,0,0,0,0,0,0,0,0,0,0,0,0,0,0,0,0,0,0,226,219
170,85,2984,2812,2766,2817,3277,2868,2864,2870,0,0,0,0,0,0,0,0,0,0,0,0,0,0,0,0,0,0,0,0,0,0,0,0,0,0,0,156,219
170,85,2989,2812,2740,2815,3291,2866,2864,2870,0,0,0,0,0,0,0,0,0,0,0,0,0,0,0,0,0,0,0,0,0,0,0,0,0,0,0,12,219
170,85,2978,2811,2754,2816,3278,2849,2871,2855,0,0,0,0,0,0,0,0,0,0,0,0,0,0,0,0,0,0,0,0,0,0,0,0,0,0,0,156,219
170,85,2999,2811,2740,2818,3278,2867,2858,2872,0,0,0,0,0,0,0,0,0,0,0,0,0,0,0,0,0,0,0,0,0,0,0,0,0,0,0,237,219
170,85,2971,2812,2746,2823,3287,2849,2873,2864,0,0,0,0,0,0,0,0,0,0,0,0,0,0,0,0,0,0,0,0,0,0,0,0,0,0,0,221,219
170,85,2986,2813,2748,2827,3277,2874,2885,2865,0,0,0,0,0,0,0,0,0,0,0,0,0,0,0,0,0,0,0,0,0,0,0,0,0,0,0,155,218
170,85,2978,2826,2741,2810,3268,2867,2870,2865,0,0,0,0,0,0,0,0,0,0,0,0,0,0,0,0,0,0,0,0,0,0,0,0,0,0,0,239,219
170,85,3000,2814,2748,2829,3244,2874,2864,2870,0,0,0,0,0,0,0,0,0,0,0,0,0,0,0,0,0,0,0,0,0,0,0,0,0,0,0,159,219
170,85,2978,2806,2757,2816,3292,2865,2862,2853,0,0,0,0,0,0,0,0,0,0,0,0,0,0,0,0,0,0,0,0,0,0,0,0,0,0,0,143,219
170,85,2972,2806,2753,2817,3261,2873,2863,2855,0,0,0,0,0,0,0,0,0,0,0,0,0,0,0,0,0,0,0,0,0,0,0,0,0,0,0,222,220
170,85,2999,2811,2739,2815,3287,2866,2872,2877,0,0,0,0,0,0,0,0,0,0,0,0,0,0,0,0,0,0,0,0,0,0,0,0,0,0,0,25,220
170,85,2985,2812,2734,2816,3280,2848,2863,2871,0,0,0,0,0,0,0,0,0,0,0,0,0,0,0,0,0,0,0,0,0,0,0,0,0,0,0,235,220
170,85,2985,2824,2755,2829,3286,2866,2845,2872,0,0,0,0,0,0,0,0,0,0,0,0,0,0,0,0,0,0,0,0,0,0,0,0,0,0,0,87,220
170,85,2971,2812,2756,2818,3271,2848,2864,2875,0,0,0,0,0,0,0,0,0,0,0,0,0,0,0,0,0,0,0,0,0,0,0,0,0,0,0,181,220
170,85,2978,2823,2748,2822,3260,2854,2865,2854,0,0,0,0,0,0,0,0,0,0,0,0,0,0,0,0,0,0,0,0,0,0,0,0,0,0,0,107,220
170,85,2970,2825,2741,2816,3263,2866,2884,2871,0,0,0,0,0,0,0,0,0,0,0,0,0,0,0,0,0,0,0,0,0,0,0,0,0,0,0,33,219
170,85,2977,2824,2753,2817,3260,2866,2864,2854,0,0,0,0,0,0,0,0,0,0,0,0,0,0,0,0,0,0,0,0,0,0,0,0,0,0,0,8,219
170,85,2977,2824,2732,2818,3264,2868,2869,2870,0,0,0,0,0,0,0,0,0,0,0,0,0,0,0,0,0,0,0,0,0,0,0,0,0,0,0,9,219
170,85,2985,2824,2744,2804,3259,2867,2845,2877,0,0,0,0,0,0,0,0,0,0,0,0,0,0,0,0,0,0,0,0,0,0,0,0,0,0,0,189,219
170,85,2970,2813,2748,2818,3277,2849,2863,2853,0,0,0,0,0,0,0,0,0,0,0,0,0,0,0,0,0,0,0,0,0,0,0,0,0,0,0,199,219
170,85,2971,2812,2741,2829,3251,2865,2846,2853,0,0,0,0,0,0,0,0,0,0,0,0,0,0,0,0,0,0,0,0,0,0,0,0,0,0,0,158,219
170,85,2984,2813,2743,2816,3291,2879,2856,2865,0,0,0,0,0,0,0,0,0,0,0,0,0,0,0,0,0,0,0,0,0,0,0,0,0,0,0,231,219
170,85,2984,2813,2734,2830,3267,2866,2847,2871,0,0,0,0,0,0,0,0,0,0,0,0,0,0,0,0,0,0,0,0,0,0,0,0,0,0,0,212,219
170,85,2979,2803,2766,2803,3271,2860,2846,2883,0,0,0,0,0,0,0,0,0,0,0,0,0,0,0,0,0,0,0,0,0,0,0,0,0,0,0,34,219
170,85,2983,2811,2747,2829,3275,2859,2863,2869,0,0,0,0,0,0,0,0,0,0,0,0,0,0,0,0,0,0,0,0,0,0,0,0,0,0,0,232,219
170,85,2983,2812,2746,2802,3287,2865,2846,2864,0,0,0,0,0,0,0,0,0,0,0,0,0,0,0,0,0,0,0,0,0,0,0,0,0,0,0,34,219
170,85,3004,2812,2743,2823,3268,2868,2863,2869,0,0,0,0,0,0,0,0,0,0,0,0,0,0,0,0,0,0,0,0,0,0,0,0,0,0,0,226,219
170,85,2977,2812,2732,2836,3265,2872,2845,2851,0,0,0,0,0,0,0,0,0,0,0,0,0,0,0,0,0,0,0,0,0,0,0,0,0,0,0,218,219
170,85,2971,2798,2740,2829,3264,2872,2871,2869,0,0,0,0,0,0,0,0,0,0,0,0,0,0,0,0,0,0,0,0,0,0,0,0,0,0,0,206,219
170,85,2990,2825,2748,2810,3256,2848,2870,2869,0,0,0,0,0,0,0,0,0,0,0,0,0,0,0,0,0,0,0,0,0,0,0,0,0,0,0,130,218
170,85,2969,2822,2756,2804,3260,2873,2863,2853,0,0,0,0,0,0,0,0,0,0,0,0,0,0,0,0,0,0,0,0,0,0,0,0,0,0,0,216,218
170,85,2978,2812,2745,2809,3267,2852,2875,2853,0,0,0,0,0,0,0,0,0,0,0,0,0,0,0,0,0,0,0,0,0,0,0,0,0,0,0,30,218
170,85,2984,2799,2740,2820,3281,2877,2877,2863,0,0,0,0,0,0,0,0,0,0,0,0,0,0,0,0,0,0,0,0,0,0,0,0,0,0,0,241,219
170,85,2980,2824,2732,2829,3267,2867,2846,2880,0,0,0,0,0,0,0,0,0,0,0,0,0,0,0,0,0,0,0,0,0,0,0,0,0,0,0,90,219
170,85,2989,2826,2742,2817,3291,2859,2856,2851,0,0,0,0,0,0,0,0,0,0,0,0,0,0,0,0,0,0,0,0,0,0,0,0,0,0,0,18,219
170,85,2976,2800,2743,2817,3281,2866,2863,2878,0,0,0,0,0,0,0,0,0,0,0,0,0,0,0,0,0,0,0,0,0,0,0,0,0,0,0,236,219
170,85,2971,2798,2753,2803,3280,2865,2845,2870,0,0,0,0,0,0,0,0,0,0,0,0,0,0,0,0,0,0,0,0,0,0,0,0,0,0,0,116,219
170,85,2977,2804,2754,2816,3278,2849,2845,2852,0,0,0,0,0,0,0,0,0,0,0,0,0,0,0,0,0,0,0,0,0,0,0,0,0,0,0,185,219
170,85,2970,2811,2758,2817,3253,2866,2843,2863,0,0,0,0,0,0,0,0,0,0,0,0,0,0,0,0,0,0,0,0,0,0,0,0,0,0,0,237,219
170,85,2976,2812,2745,2830,3262,2860,2861,2864,0,0,0,0,0,0,0,0,0,0,0,0,0,0,0,0,0,0,0,0,0,0,0,0,0,0,0,156,219
170,85,2983,2810,2739,2809,3272,2873,2864,2869,0,0,0,0,0,0,0,0,0,0,0,0,0,0,0,0,0,0,0,0,0,0,0,0,0,0,0,26,219
170,85,2975,2824,2745,2814,3273,2865,2845,2863,0,0,0,0,0,0,0,0,0,0,0,0,0,0,0,0,0,0,0,0,0,0,0,0,0,0,0,226,219
170,85,2975,2810,2754,2809,3292,2847,2864,2882,0,0,0,0,0,0,0,0,0,0,0,0,0,0,0,0,0,0,0,0,0,0,0,0,0,0,0,22,217
170,85,2975,2798,2741,2814,3281,2866,2847,2871,0,0,0,0,0,0,0,0,0,0,0,0,0,0,0,0,0,0,0,0,0,0,0,0,0,0,0,8,217
170,85,2983,2823,2752,2815,3277,2880,2862,2869,0,0,0,0,0,0,0,0,0,0,0,0,0,0,0,0,0,0,0,0,0,0,0,0,0,0,0,241,217
170,85,2975,2821,2745,2801,3272,2866,2862,2863,0,0,0,0,0,0,0,0,0,0,0,0,0,0,0,0,0,0,0,0,0,0,0,0,0,0,0,209,217
170,85,2983,2823,2732,2815,3279,2848,2870,2863,0,0,0,0,0,0,0,0,0,0,0,0,0,0,0,0,0,0,0,0,0,0,0,0,0,0,0,253,217
170,85,2984,2797,2754,2816,3272,2866,2863,2853,0,0,0,0,0,0,0,0,0,0,0,0,0,0,0,0,0,0,0,0,0,0,0,0,0,0,0,143,217
170,85,2998,2802,2737,2816,3277,2872,2862,2856,0,0,0,0,0,0,0,0,0,0,0,0,0,0,0,0,0,0,0,0,0,0,0,0,0,0,0,254,217
170,85,2969,2795,2733,2816,3278,2866,2857,2852,0,0,0,0,0,0,0,0,0,0,0,0,0,0,0,0,0,0,0,0,0,0,0,0,0,0,0,214,217
170,85,2974,2796,2739,2815,3278,2865,2845,2876,0,0,0,0,0,0,0,0,0,0,0,0,0,0,0,0,0,0,0,0,0,0,0,0,0,0,0,25,217
170,85,2982,2796,2752,2802,3277,2866,2862,2852,0,0,0,0,0,0,0,0,0,0,0,0,0,0,0,0,0,0,0,0,0,0,0,0,0,0,0,116,218
170,85,2975,2819,2763,2802,3278,2872,2863,2862,0,0,0,0,0,0,0,0,0,0,0,0,0,0,0,0,0,0,0,0,0,0,0,0,0,0,0,170,218
170,85,2982,2808,2732,2802,3283,2854,2846,2871,0,0,0,0,0,0,0,0,0,0,0,0,0,0,0,0,0,0,0,0,0,0,0,0,0,0,0,37,218
170,85,2970,2809,2763,2828,3286,2866,2863,2863,0,0,0,0,0,0,0,0,0,0,0,0,0,0,0,0,0,0,0,0,0,0,0,0,0,0,0,184,217
170,85,2975,2803,2729,2807,3264,2858,2856,2852,0,0,0,0,0,0,0,0,0,0,0,0,0,0,0,0,0,0,0,0,0,0,0,0,0,0,0,45,217
170,85,2975,2810,2743,2827,3283,2866,2864,2852,0,0,0,0,0,0,0,0,0,0,0,0,0,0,0,0,0,0,0,0,0,0,0,0,0,0,0,212,217
170,85,2970,2819,2759,2793,3284,2855,2869,2857,0,0,0,0,0,0,0,0,0,0,0,0,0,0,0,0,0,0,0,0,0,0,0,0,0,0,0,160,217
170,85,2992,2800,2732,2801,3276,2864,2845,2853,0,0,0,0,0,0,0,0,0,0,0,0,0,0,0,0,0,0,0,0,0,0,0,0,0,0,0,32,217
170,85,2981,2802,2742,2815,3272,2873,2843,2862,0,0,0,0,0,0,0,0,0,0,0,0,0,0,0,0,0,0,0,0,0,0,0,0,0,0,0,35,217
170,85,2982,2802,2745,2813,3283,2874,2867,2853,0,0,0,0,0,0,0,0,0,0,0,0,0,0,0,0,0,0,0,0,0,0,0,0,0,0,0,22,217
170,85,2998,2797,2752,2808,3273,2852,2866,2853,0,0,0,0,0,0,0,0,0,0,0,0,0,0,0,0,0,0,0,0,0,0,0,0,0,0,0,96,217
170,85,2983,2796,2740,2829,3277,2848,2869,2862,0,0,0,0,0,0,0,0,0,0,0,0,0,0,0,0,0,0,0,0,0,0,0,0,0,0,0,252,217
170,85,2976,2811,2765,2814,3280,2848,2856,2882,0,0,0,0,0,0,0,0,0,0,0,0,0,0,0,0,0,0,0,0,0,0,0,0,0,0,0,11,217
170,85,2982,2822,2731,2814,3271,2859,2854,2882,0,0,0,0,0,0,0,0,0,0,0,0,0,0,0,0,0,0,0,0,0,0,0,0,0,0,0,133,217
170,85,3000,2811,2753,2802,3296,2850,2863,2853,0,0,0,0,0,0,0,0,0,0,0,0,0,0,0,0,0,0,0,0,0,0,0,0,0,0,0,65,217
170,85,2984,2796,2753,2808,3251,2848,2861,2852,0,0,0,0,0,0,0,0,0,0,0,0,0,0,0,0,0,0,0,0,0,0,0,0,0,0,0,30,217
170,85,2974,2821,2745,2817,3278,2867,2844,2883,0,0,0,0,0,0,0,0,0,0,0,0,0,0,0,0,0,0,0,0,0,0,0,0,0,0,0,120,217
170,85,2993,2821,2730,2813,3289,2872,2855,2852,0,0,0,0,0,0,0,0,0,0,0,0,0,0,0,0,0,0,0,0,0,0,0,0,0,0,0,249,217
170,85,2998,2797,2746,2817,3282,2873,2867,2858,0,0,0,0,0,0,0,0,0,0,0,0,0,0,0,0,0,0,0,0,0,0,0,0,0,0,0,234,217
170,85,2976,2799,2747,2803,3258,2850,2863,2882,0,0,0,0,0,0,0,0,0,0,0,0,0,0,0,0,0,0,0,0,0,0,0,0,0,0,0,11,217
170,85,2969,2804,2746,2828,3259,2859,2854,2853,0,0,0,0,0,0,0,0,0,0,0,0,0,0,0,0,0,0,0,0,0,0,0,0,0,0,0,176,217
170,85,2976,2796,2766,2814,3269,2876,2850,2875,0,0,0,0,0,0,0,0,0,0,0,0,0,0,0,0,0,0,0,0,0,0,0,0,0,0,0,101,218
170,85,2976,2811,2732,2816,3273,2866,2855,2853,0,0,0,0,0,0,0,0,0,0,0,0,0,0,0,0,0,0,0,0,0,0,0,0,0,0,0,246,217
170,85,2999,2812,2746,2817,3262,2846,2856,2869,0,0,0,0,0,0,0,0,0,0,0,0,0,0,0,0,0,0,0,0,0,0,0,0,0,0,0,181,218
170,85,2997,2809,2745,2828,3267,2873,2843,2874,0,0,0,0,0,0,0,0,0,0,0,0,0,0,0,0,0,0,0,0,0,0,0,0,0,0,0,218,218
170,85,2977,2823,2744,2815,3278,2858,2861,2869,0,0,0,0,0,0,0,0,0,0,0,0,0,0,0,0,0,0,0,0,0,0,0,0,0,0,0,229,217
170,85,2984,2821,2745,2809,3258,2859,2866,2851,0,0,0,0,0,0,0,0,0,0,0,0,0,0,0,0,0,0,0,0,0,0,0,0,0,0,0,149,217
170,85,2975,2804,2759,2810,3259,2865,2850,2850,0,0,0,0,0,0,0,0,0,0,0,0,0,0,0,0,0,0,0,0,0,0,0,0,0,0,0,37,217
170,85,2975,2811,2745,2803,3267,2852,2844,2882,0,0,0,0,0,0,0,0,0,0,0,0,0,0,0,0,0,0,0,0,0,0,0,0,0,0,0,110,217
170,85,2983,2791,2731,2828,3267,2864,2845,2870,0,0,0,0,0,0,0,0,0,0,0,0,0,0,0,0,0,0,0,0,0,0,0,0,0,0,0,199,217
170,85,2997,2825,2741,2803,3262,2847,2845,2868,0,0,0,0,0,0,0,0,0,0,0,0,0,0,0,0,0,0,0,0,0,0,0,0,0,0,0,138,217
170,85,2969,2798,2747,2818,3271,2858,2859,2863,0,0,0,0,0,0,0,0,0,0,0,0,0,0,0,0,0,0,0,0,0,0,0,0,0,0,0,223,217
170,85,2976,2805,2748,2817,3257,2863,2845,2871,0,0,0,0,0,0,0,0,0,0,0,0,0,0,0,0,0,0,0,0,0,0,0,0,0,0,0,172,217
170,85,2976,2810,2733,2829,3242,2848,2845,2885,0,0,0,0,0,0,0,0,0,0,0,0,0,0,0,0,0,0,0,0,0,0,0,0,0,0,0,208,217
170,85,2997,2823,2756,2816,3268,2867,2863,2871,0,0,0,0,0,0,0,0,0,0,0,0,0,0,0,0,0,0,0,0,0,0,0,0,0,0,0,96,217
170,85,2982,2810,2744,2816,3259,2866,2847,2861,0,0,0,0,0,0,0,0,0,0,0,0,0,0,0,0,0,0,0,0,0,0,0,0,0,0,0,167,217
170,85,2970,2805,2742,2815,3263,2866,2846,2872,0,0,0,0,0,0,0,0,0,0,0,0,0,0,0,0,0,0,0,0,0,0,0,0,0,0,0,116,217
170,85,2998,2824,2727,2816,3271,2868,2865,2854,0,0,0,0,0,0,0,0,0,0,0,0,0,0,0,0,0,0,0,0,0,0,0,0,0,0,0,4,214
170,85,2974,2811,2749,2817,3270,2866,2856,2872,0,0,0,0,0,0,0,0,0,0,0,0,0,0,0,0,0,0,0,0,0,0,0,0,0,0,0,197,214
170,85,2978,2812,2757,2828,3261,2860,2871,2864,0,0,0,0,0,0,0,0,0,0,0,0,0,0,0,0,0,0,0,0,0,0,0,0,0,0,0,249,214
170,85,2997,2823,2734,2817,3283,2867,2871,2862,0,0,0,0,0,0,0,0,0,0,0,0,0,0,0,0,0,0,0,0,0,0,0,0,0,0,0,29,214
170,85,2982,2823,2732,2815,3280,2873,2845,2877,0,0,0,0,0,0,0,0,0,0,0,0,0,0,0,0,0,0,0,0,0,0,0,0,0,0,0,195,214
170,85,2983,2811,2748,2818,3263,2848,2865,2863,0,0,0,0,0,0,0,0,0,0,0,0,0,0,0,0,0,0,0,0,0,0,0,0,0,0,0,155,214
170,85,2995,2823,2757,2817,3264,2866,2857,2854,0,0,0,0,0,0,0,0,0,0,0,0,0,0,0,0,0,0,0,0,0,0,0,0,0,0,0,116,215
170,85,2969,2805,2756,2816,3271,2866,2846,2871,0,0,0,0,0,0,0,0,0,0,0,0,0,0,0,0,0,0,0,0,0,0,0,0,0,0,0,140,215
170,85,2969,2799,2753,2817,3279,2849,2869,2852,0,0,0,0,0,0,0,0,0,0,0,0,0,0,0,0,0,0,0,0,0,0,0,0,0,0,0,177,215
170,85,2984,2799,2760,2803,3281,2867,2845,2863,0,0,0,0,0,0,0,0,0,0,0,0,0,0,0,0,0,0,0,0,0,0,0,0,0,0,0,85,215
170,85,2982,2799,2741,2828,3254,2874,2875,2855,0,0,0,0,0,0,0,0,0,0,0,0,0,0,0,0,0,0,0,0,0,0,0,0,0,0,0,152,215
170,85,2974,2812,2735,2805,3274,2874,2858,2871,0,0,0,0,0,0,0,0,0,0,0,0,0,0,0,0,0,0,0,0,0,0,0,0,0,0,0,44,215
170,85,2975,2799,2747,2803,3262,2867,2865,2879,0,0,0,0,0,0,0,0,0,0,0,0,0,0,0,0,0,0,0,0,0,0,0,0,0,0,0,66,215
170,85,2993,2813,2744,2810,3266,2854,2865,2854,0,0,0,0,0,0,0,0,0,0,0,0,0,0,0,0,0,0,0,0,0,0,0,0,0,0,0,4,215
170,85,2968,2811,2745,2817,3261,2851,2864,2857,0,0,0,0,0,0,0,0,0,0,0,0,0,0,0,0,0,0,0,0,0,0,0,0,0,0,0,164,215
170,85,2967,2811,2732,2804,3282,2851,2866,2872,0,0,0,0,0,0,0,0,0,0,0,0,0,0,0,0,0,0,0,0,0,0,0,0,0,0,0,54,215
170,85,2980,2800,2754,2817,3274,2874,2864,2878,0,0,0,0,0,0,0,0,0,0,0,0,0,0,0,0,0,0,0,0,0,0,0,0,0,0,0,145,215
170,85,2982,2811,2732,2818,3274,2851,2859,2879,0,0,0,0,0,0,0,0,0,0,0,0,0,0,0,0,0,0,0,0,0,0,0,0,0,0,0,246,216
170,85,2981,2814,2747,2818,3293,2849,2865,2862,0,0,0,0,0,0,0,0,0,0,0,0,0,0,0,0,0,0,0,0,0,0,0,0,0,0,0,249,216
170,85,2997,2825,2740,2809,3267,2863,2850,2872,0,0,0,0,0,0,0,0,0,0,0,0,0,0,0,0,0,0,0,0,0,0,0,0,0,0,0,255,216
170,85,2967,2823,2748,2817,3287,2851,2866,2873,0,0,0,0,0,0,0,0,0,0,0,0,0,0,0,0,0,0,0,0,0,0,0,0,0,0,0,43,215
170,85,2973,2798,2737,2819,3262,2884,2878,2886,0,0,0,0,0,0,0,0,0,0,0,0,0,0,0,0,0,0,0,0,0,0,0,0,0,0,0,187,216
170,85,2975,2799,2752,2829,3268,2881,2848,2866,0,0,0,0,0,0,0,0,0,0,0,0,0,0,0,0,0,0,0,0,0,0,0,0,0,0,0,210,216
170,85,2968,2800,2742,2813,3248,2865,2849,2873,0,0,0,0,0,0,0,0,0,0,0,0,0,0,0,0,0,0,0,0,0,0,0,0,0,0,0,67,215
170,85,2981,2811,2732,2836,3274,2854,2859,2872,0,0,0,0,0,0,0,0,0,0,0,0,0,0,0,0,0,0,0,0,0,0,0,0,0,0,0,225,215
170,85,2982,2805,2758,2823,3273,2879,2860,2878,0,0,0,0,0,0,0,0,0,0,0,0,0,0,0,0,0,0,0,0,0,0,0,0,0,0,0,142,215
170,85,2969,2821,2759,2804,3272,2867,2871,2870,0,0,0,0,0,0,0,0,0,0,0,0,0,0,0,0,0,0,0,0,0,0,0,0,0,0,0,173,215
170,85,2997,2824,2745,2803,3273,2873,2845,2850,0,0,0,0,0,0,0,0,0,0,0,0,0,0,0,0,0,0,0,0,0,0,0,0,0,0,0,192,216
170,85,2969,2821,2740,2816,3282,2840,2871,2869,0,0,0,0,0,0,0,0,0,0,0,0,0,0,0,0,0,0,0,0,0,0,0,0,0,0,0,25,215
170,85,2976,2809,2744,2816,3275,2854,2842,2854,0,0,0,0,0,0,0,0,0,0,0,0,0,0,0,0,0,0,0,0,0,0,0,0,0,0,0,200,215
170,85,2967,2797,2756,2815,3282,2847,2857,2851,0,0,0,0,0,0,0,0,0,0,0,0,0,0,0,0,0,0,0,0,0,0,0,0,0,0,0,127,215
170,85,2983,2812,2733,2822,3281,2848,2862,2882,0,0,0,0,0,0,0,0,0,0,0,0,0,0,0,0,0,0,0,0,0,0,0,0,0,0,0,149,215
170,85,2996,2798,2733,2810,3270,2874,2876,2854,0,0,0,0,0,0,0,0,0,0,0,0,0,0,0,0,0,0,0,0,0,0,0,0,0,0,0,18,215
170,85,2983,2814,2735,2815,3275,2869,2859,2872,0,0,0,0,0,0,0,0,0,0,0,0,0,0,0,0,0,0,0,0,0,0,0,0,0,0,0,29,215
170,85,2975,2812,2748,2805,3247,2869,2874,2876,0,0,0,0,0,0,0,0,0,0,0,0,0,0,0,0,0,0,0,0,0,0,0,0,0,0,0,79,215
170,85,2974,2800,2766,2814,3256,2868,2865,2868,0,0,0,0,0,0,0,0,0,0,0,0,0,0,0,0,0,0,0,0,0,0,0,0,0,0,0,46,215
170,85,2996,2811,2747,2810,3274,2874,2877,2855,0,0,0,0,0,0,0,0,0,0,0,0,0,0,0,0,0,0,0,0,0,0,0,0,0,0,0,29,215
170,85,2975,2812,2739,2816,3263,2849,2847,2871,0,0,0,0,0,0,0,0,0,0,0,0,0,0,0,0,0,0,0,0,0,0,0,0,0,0,0,158,215
170,85,3006,2812,2740,2816,3279,2867,2879,2851,0,0,0,0,0,0,0,0,0,0,0,0,0,0,0,0,0,0,0,0,0,0,0,0,0,0,0,238,215
170,85,2981,2811,2747,2828,3293,2855,2864,2854,0,0,0,0,0,0,0,0,0,0,0,0,0,0,0,0,0,0,0,0,0,0,0,0,0,0,0,253,216
170,85,2981,2805,2746,2804,3307,2878,2848,2853,0,0,0,0,0,0,0,0,0,0,0,0,0,0,0,0,0,0,0,0,0,0,0,0,0,0,0,55,216
170,85,2981,2822,2731,2801,3295,2867,2857,2858,0,0,0,0,0,0,0,0,0,0,0,0,0,0,0,0,0,0,0,0,0,0,0,0,0,0,0,238,216
170,85,2968,2810,2739,2829,3288,2867,2864,2864,0,0,0,0,0,0,0,0,0,0,0,0,0,0,0,0,0,0,0,0,0,0,0,0,0,0,0,207,216
170,85,2968,2806,2745,2816,3294,2848,2865,2864,0,0,0,0,0,0,0,0,0,0,0,0,0,0,0,0,0,0,0,0,0,0,0,0,0,0,0,208,216
170,85,2997,2811,2731,2817,3285,2859,2863,2868,0,0,0,0,0,0,0,0,0,0,0,0,0,0,0,0,0,0,0,0,0,0,0,0,0,0,0,249,216
170,85,2974,2805,2758,2826,3295,2860,2875,2864,0,0,0,0,0,0,0,0,0,0,0,0,0,0,0,0,0,0,0,0,0,0,0,0,0,0,0,167,216
170,85,2975,2809,2737,2807,3291,2863,2860,2867,0,0,0,0,0,0,0,0,0,0,0,0,0,0,0,0,0,0,0,0,0,0,0,0,0,0,0,50,216
170,85,2982,2796,2731,2802,3284,2864,2842,2869,0,0,0,0,0,0,0,0,0,0,0,0,0,0,0,0,0,0,0,0,0,0,0,0,0,0,0,33,217
170,85,2997,2803,2757,2814,3280,2853,2842,2868,0,0,0,0,0,0,0,0,0,0,0,0,0,0,0,0,0,0,0,0,0,0,0,0,0,0,0,95,217
170,85,2996,2802,2728,2828,3293,2852,2868,2850,0,0,0,0,0,0,0,0,0,0,0,0,0,0,0,0,0,0,0,0,0,0,0,0,0,0,0,245,216
170,85,2996,2804,2746,2802,3273,2841,2861,2862,0,0,0,0,0,0,0,0,0,0,0,0,0,0,0,0,0,0,0,0,0,0,0,0,0,0,0,34,217
170,85,2996,2809,2746,2816,3287,2847,2849,2862,0,0,0,0,0,0,0,0,0,0,0,0,0,0,0,0,0,0,0,0,0,0,0,0,0,0,0,200,217
170,85,2996,2809,2748,2814,3300,2846,2861,2852,0,0,0,0,0,0,0,0,0,0,0,0,0,0,0,0,0,0,0,0,0,0,0,0,0,0,0,5,216
170,85,2969,2798,2744,2816,3290,2876,2855,2861,0,0,0,0,0,0,0,0,0,0,0,0,0,0,0,0,0,0,0,0,0,0,0,0,0,0,0,219,216
170,85,2968,2823,2745,2815,3291,2870,2861,2861,0,0,0,0,0,0,0,0,0,0,0,0,0,0,0,0,0,0,0,0,0,0,0,0,0,0,0,204,216
170,85,2982,2797,2746,2816,3299,2863,2850,2849,0,0,0,0,0,0,0,0,0,0,0,0,0,0,0,0,0,0,0,0,0,0,0,0,0,0,0,198,216
170,85,2974,2802,2744,2828,3261,2864,2855,2875,0,0,0,0,0,0,0,0,0,0,0,0,0,0,0,0,0,0,0,0,0,0,0,0,0,0,0,177,216
170,85,2981,2810,2722,2808,3292,2845,2861,2850,0,0,0,0,0,0,0,0,0,0,0,0,0,0,0,0,0,0,0,0,0,0,0,0,0,0,0,50,217
170,85,2995,2808,2743,2814,3288,2847,2861,2870,0,0,0,0,0,0,0,0,0,0,0,0,0,0,0,0,0,0,0,0,0,0,0,0,0,0,0,39,217
170,85,2968,2803,2732,2797,3289,2859,2843,2881,0,0,0,0,0,0,0,0,0,0,0,0,0,0,0,0,0,0,0,0,0,0,0,0,0,0,0,123,217
170,85,2992,2809,2731,2801,3293,2864,2855,2874,0,0,0,0,0,0,0,0,0,0,0,0,0,0,0,0,0,0,0,0,0,0,0,0,0,0,0,26,217
170,85,2982,2822,2746,2826,3282,2871,2863,2865,0,0,0,0,0,0,0,0,0,0,0,0,0,0,0,0,0,0,0,0,0,0,0,0,0,0,0,18,217
170,85,2969,2811,2731,2816,3297,2874,2862,2868,0,0,0,0,0,0,0,0,0,0,0,0,0,0,0,0,0,0,0,0,0,0,0,0,0,0,0,240,217
170,85,2982,2798,2745,2817,3297,2849,2847,2868,0,0,0,0,0,0,0,0,0,0,0,0,0,0,0,0,0,0,0,0,0,0,0,0,0,0,0,227,217
170,85,2983,2798,2758,2827,3270,2869,2848,2877,0,0,0,0,0,0,0,0,0,0,0,0,0,0,0,0,0,0,0,0,0,0,0,0,0,0,0,146,217
170,85,2984,2798,2752,2809,3262,2873,2872,2864,0,0,0,0,0,0,0,0,0,0,0,0,0,0,0,0,0,0,0,0,0,0,0,0,0,0,0,9,217
170,85,2995,2811,2733,2818,3248,2871,2867,2879,0,0,0,0,0,0,0,0,0,0,0,0,0,0,0,0,0,0,0,0,0,0,0,0,0,0,0,148,216
170,85,2966,2813,2757,2816,3275,2879,2884,2874,0,0,0,0,0,0,0,0,0,0,0,0,0,0,0,0,0,0,0,0,0,0,0,0,0,0,0,220,217
170,85,2974,2809,2734,2818,3274,2871,2863,2858,0,0,0,0,0,0,0,0,0,0,0,0,0,0,0,0,0,0,0,0,0,0,0,0,0,0,0,203,217
170,85,3003,2798,2748,2818,3286,2868,2870,2865,0,0,0,0,0,0,0,0,0,0,0,0,0,0,0,0,0,0,0,0,0,0,0,0,0,0,0,246,217
170,85,2990,2798,2734,2835,3268,2866,2865,2853,0,0,0,0,0,0,0,0,0,0,0,0,0,0,0,0,0,0,0,0,0,0,0,0,0,0,0,231,217
170,85,2969,2798,2753,2803,3289,2867,2872,2863,0,0,0,0,0,0,0,0,0,0,0,0,0,0,0,0,0,0,0,0,0,0,0,0,0,0,0,65,217
170,85,2967,2809,2733,2828,3294,2864,2846,2869,0,0,0,0,0,0,0,0,0,0,0,0,0,0,0,0,0,0,0,0,0,0,0,0,0,0,0,242,217
170,85,2976,2802,2745,2833,3292,2848,2856,2876,0,0,0,0,0,0,0,0,0,0,0,0,0,0,0,0,0,0,0,0,0,0,0,0,0,0,0,234,217
170,85,2981,2797,2737,2826,3307,2854,2860,2877,0,0,0,0,0,0,0,0,0,0,0,0,0,0,0,0,0,0,0,0,0,0,0,0,0,0,0,215,217
170,85,2966,2810,2758,2807,3283,2853,2856,2877,0,0,0,0,0,0,0,0,0,0,0,0,0,0,0,0,0,0,0,0,0,0,0,0,0,0,0,71,217
170,85,2969,2810,2743,2815,3294,2864,2843,2882,0,0,0,0,0,0,0,0,0,0,0,0,0,0,0,0,0,0,0,0,0,0,0,0,0,0,0,101,217
170,85,2981,2809,2744,2828,3289,2853,2850,2864,0,0,0,0,0,0,0,0,0,0,0,0,0,0,0,0,0,0,0,0,0,0,0,0,0,0,0,254,217
170,85,2969,2820,2746,2806,3304,2866,2845,2870,0,0,0,0,0,0,0,0,0,0,0,0,0,0,0,0,0,0,0,0,0,0,0,0,0,0,0,216,217
170,85,2981,2803,2757,2828,3308,2849,2844,2877,0,0,0,0,0,0,0,0,0,0,0,0,0,0,0,0,0,0,0,0,0,0,0,0,0,0,0,139,217
170,85,2981,2809,2732,2829,3273,2872,2854,2854,0,0,0,0,0,0,0,0,0,0,0,0,0,0,0,0,0,0,0,0,0,0,0,0,0,0,0,244,217
170,85,2973,2795,2730,2815,3318,2873,2857,2869,0,0,0,0,0,0,0,0,0,0,0,0,0,0,0,0,0,0,0,0,0,0,0,0,0,0,0,9,217
170,85,2992,2809,2756,2827,3309,2861,2862,2874,0,0,0,0,0,0,0,0,0,0,0,0,0,0,0,0,0,0,0,0,0,0,0,0,0,0,0,170,217
170,85,2995,2808,2747,2826,3291,2866,2862,2869,0,0,0,0,0,0,0,0,0,0,0,0,0,0,0,0,0,0,0,0,0,0,0,0,0,0,0,240,217
170,85,2968,2802,2730,2808,3305,2866,2870,2870,0,0,0,0,0,0,0,0,0,0,0,0,0,0,0,0,0,0,0,0,0,0,0,0,0,0,0,26,217
170,85,2975,2821,2736,2816,3287,2866,2870,2882,0,0,0,0,0,0,0,0,0,0,0,0,0,0,0,0,0,0,0,0,0,0,0,0,0,0,0,66,217
170,85,2991,2802,2732,2813,3286,2866,2875,2882,0,0,0,0,0,0,0,0,0,0,0,0,0,0,0,0,0,0,0,0,0,0,0,0,0,0,0,104,217
170,85,2982,2821,2738,2813,3306,2865,2850,2876,0,0,0,0,0,0,0,0,0,0,0,0,0,0,0,0,0,0,0,0,0,0,0,0,0,0,0,209,217
170,85,2993,2808,2730,2807,3292,2865,2844,2869,0,0,0,0,0,0,0,0,0,0,0,0,0,0,0,0,0,0,0,0,0,0,0,0,0,0,0,41,217
170,85,2992,2795,2729,2814,3287,2848,2869,2881,0,0,0,0,0,0,0,0,0,0,0,0,0,0,0,0,0,0,0,0,0,0,0,0,0,0,0,118,217
170,85,2991,2795,2743,2806,3304,2865,2874,2870,0,0,0,0,0,0,0,0,0,0,0,0,0,0,0,0,0,0,0,0,0,0,0,0,0,0,0,41,217
170,85,2980,2820,2742,2801,3307,2867,2862,2846,0,0,0,0,0,0,0,0,0,0,0,0,0,0,0,0,0,0,0,0,0,0,0,0,0,0,0,247,217
170,85,2973,2794,2721,2807,3306,2854,2869,2851,0,0,0,0,0,0,0,0,0,0,0,0,0,0,0,0,0,0,0,0,0,0,0,0,0,0,0,2,217
170,85,2981,2807,2731,2807,3300,2866,2845,2853,0,0,0,0,0,0,0,0,0,0,0,0,0,0,0,0,0,0,0,0,0,0,0,0,0,0,0,25,217
170,85,2975,2807,2743,2806,3299,2866,2862,2864,0,0,0,0,0,0,0,0,0,0,0,0,0,0,0,0,0,0,0,0,0,0,0,0,0,0,0,31,217
170,85,2981,2809,2744,2800,3320,2880,2868,2853,0,0,0,0,0,0,0,0,0,0,0,0,0,0,0,0,0,0,0,0,0,0,0,0,0,0,0,68,217
170,85,2974,2808,2744,2810,3306,2866,2861,2883,0,0,0,0,0,0,0,0,0,0,0,0,0,0,0,0,0,0,0,0,0,0,0,0,0,0,0,107,217
170,85,2981,2821,2730,2815,3299,2867,2863,2877,0,0,0,0,0,0,0,0,0,0,0,0,0,0,0,0,0,0,0,0,0,0,0,0,0,0,0,207,217
170,85,2982,2808,2732,2825,3308,2877,2877,2891,0,0,0,0,0,0,0,0,0,0,0,0,0,0,0,0,0,0,0,0,0,0,0,0,0,0,0,164,217
170,85,2974,2794,2742,2815,3294,2868,2863,2871,0,0,0,0,0,0,0,0,0,0,0,0,0,0,0,0,0,0,0,0,0,0,0,0,0,0,0,54,217
170,85,2981,2809,2757,2814,3308,2873,2847,2884,0,0,0,0,0,0,0,0,0,0,0,0,0,0,0,0,0,0,0,0,0,0,0,0,0,0,0,16,217
170,85,2996,2800,2755,2813,3300,2873,2864,2871,0,0,0,0,0,0,0,0,0,0,0,0,0,0,0,0,0,0,0,0,0,0,0,0,0,0,0,89,217
170,85,2980,2809,2720,2801,3299,2877,2862,2872,0,0,0,0,0,0,0,0,0,0,0,0,0,0,0,0,0,0,0,0,0,0,0,0,0,0,0,61,217
170,85,2974,2809,2754,2814,3300,2867,2863,2877,0,0,0,0,0,0,0,0,0,0,0,0,0,0,0,0,0,0,0,0,0,0,0,0,0,0,0,103,217
170,85,2974,2818,2744,2805,3308,2851,2863,2870,0,0,0,0,0,0,0,0,0,0,0,0,0,0,0,0,0,0,0,0,0,0,0,0,0,0,0,255,216
170,85,2996,2803,2743,2825,3294,2851,2870,2873,0,0,0,0,0,0,0,0,0,0,0,0,0,0,0,0,0,0,0,0,0,0,0,0,0,0,0,243,217
170,85,2968,2802,2742,2814,3299,2861,2846,2872,0,0,0,0,0,0,0,0,0,0,0,0,0,0,0,0,0,0,0,0,0,0,0,0,0,0,0,51,217
170,85,2969,2796,2744,2825,3309,2867,2847,2883,0,0,0,0,0,0,0,0,0,0,0,0,0,0,0,0,0,0,0,0,0,0,0,0,0,0,0,190,217
170,85,2981,2803,2737,2807,3293,2860,2862,2854,0,0,0,0,0,0,0,0,0,0,0,0,0,0,0,0,0,0,0,0,0,0,0,0,0,0,0,16,217
170,85,2972,2796,2743,2800,3317,2849,2846,2871,0,0,0,0,0,0,0,0,0,0,0,0,0,0,0,0,0,0,0,0,0,0,0,0,0,0,0,51,216
170,85,2968,2794,2744,2812,3294,2861,2864,2869,0,0,0,0,0,0,0,0,0,0,0,0,0,0,0,0,0,0,0,0,0,0,0,0,0,0,0,57,217
170,85,2966,2795,2742,2807,3317,2849,2863,2878,0,0,0,0,0,0,0,0,0,0,0,0,0,0,0,0,0,0,0,0,0,0,0,0,0,0,0,0,217
170,85,2981,2808,2731,2813,3321,2851,2862,2854,0,0,0,0,0,0,0,0,0,0,0,0,0,0,0,0,0,0,0,0,0,0,0,0,0,0,0,32,217
170,85,2992,2808,2721,2806,3316,2867,2863,2871,0,0,0,0,0,0,0,0,0,0,0,0,0,0,0,0,0,0,0,0,0,0,0,0,0,0,0,57,217
170,85,2982,2788,2745,2826,3289,2860,2863,2871,0,0,0,0,0,0,0,0,0,0,0,0,0,0,0,0,0,0,0,0,0,0,0,0,0,0,0,228,217
170,85,2981,2796,2729,2799,3296,2850,2848,2869,0,0,0,0,0,0,0,0,0,0,0,0,0,0,0,0,0,0,0,0,0,0,0,0,0,0,0,33,217
170,85,2968,2808,2742,2813,3307,2878,2879,2871,0,0,0,0,0,0,0,0,0,0,0,0,0,0,0,0,0,0,0,0,0,0,0,0,0,0,0,15,217
170,85,2997,2809,2731,2814,3309,2867,2847,2872,0,0,0,0,0,0,0,0,0,0,0,0,0,0,0,0,0,0,0,0,0,0,0,0,0,0,0,25,217
170,85,2982,2819,2736,2808,3322,2868,2865,2853,0,0,0,0,0,0,0,0,0,0,0,0,0,0,0,0,0,0,0,0,0,0,0,0,0,0,0,207,217
170,85,2993,2808,2736,2815,3316,2852,2864,2855,0,0,0,0,0,0,0,0,0,0,0,0,0,0,0,0,0,0,0,0,0,0,0,0,0,0,0,56,217
170,85,2981,2795,2745,2813,3321,2866,2865,2880,0,0,0,0,0,0,0,0,0,0,0,0,0,0,0,0,0,0,0,0,0,0,0,0,0,0,0,73,217
170,85,2983,2796,2732,2814,3299,2867,2864,2884,0,0,0,0,0,0,0,0,0,0,0,0,0,0,0,0,0,0,0,0,0,0,0,0,0,0,0,68,216
170,85,2982,2803,2736,2807,3307,2867,2864,2880,0,0,0,0,0,0,0,0,0,0,0,0,0,0,0,0,0,0,0,0,0,0,0,0,0,0,0,67,216
170,85,2968,2796,2764,2814,3308,2868,2863,2872,0,0,0,0,0,0,0,0,0,0,0,0,0,0,0,0,0,0,0,0,0,0,0,0,0,0,0,112,216
170,85,2982,2795,2745,2814,3316,2879,2877,2854,0,0,0,0,0,0,0,0,0,0,0,0,0,0,0,0,0,0,0,0,0,0,0,0,0,0,0,35,216
170,85,2999,2802,2737,2826,3299,2868,2882,2872,0,0,0,0,0,0,0,0,0,0,0,0,0,0,0,0,0,0,0,0,0,0,0,0,0,0,0,171,216
170,85,2993,2794,2742,2815,3307,2850,2878,2873,0,0,0,0,0,0,0,0,0,0,0,0,0,0,0,0,0,0,0,0,0,0,0,0,0,0,0,37,216
170,85,2994,2795,2742,2825,3308,2851,2848,2856,0,0,0,0,0,0,0,0,0,0,0,0,0,0,0,0,0,0,0,0,0,0,0,0,0,0,0,217,216
170,85,2993,2802,2731,2826,3299,2876,2864,2884,0,0,0,0,0,0,0,0,0,0,0,0,0,0,0,0,0,0,0,0,0,0,0,0,0,0,0,177,216
170,85,2969,2799,2730,2824,3317,2867,2867,2879,0,0,0,0,0,0,0,0,0,0,0,0,0,0,0,0,0,0,0,0,0,0,0,0,0,0,0,230,216
170,85,2963,2795,2730,2801,3304,2852,2863,2878,0,0,0,0,0,0,0,0,0,0,0,0,0,0,0,0,0,0,0,0,0,0,0,0,0,0,0,7,216
170,85,2967,2820,2743,2813,3309,2861,2871,2873,0,0,0,0,0,0,0,0,0,0,0,0,0,0,0,0,0,0,0,0,0,0,0,0,0,0,0,239,216
170,85,2976,2808,2731,2813,3309,2850,2865,2873,0,0,0,0,0,0,0,0,0,0,0,0,0,0,0,0,0,0,0,0,0,0,0,0,0,0,0,48,216
170,85,2976,2808,2736,2814,3301,2868,2865,2856,0,0,0,0,0,0,0,0,0,0,0,0,0,0,0,0,0,0,0,0,0,0,0,0,0,0,0,39,216
170,85,2976,2808,2743,2815,3301,2866,2866,2854,0,0,0,0,0,0,0,0,0,0,0,0,0,0,0,0,0,0,0,0,0,0,0,0,0,0,0,42,216
170,85,2969,2819,2734,2814,3310,2868,2848,2858,0,0,0,0,0,0,0,0,0,0,0,0,0,0,0,0,0,0,0,0,0,0,0,0,0,0,0,226,216
170,85,2994,2818,2737,2814,3309,2868,2884,2855,0,0,0,0,0,0,0,0,0,0,0,0,0,0,0,0,0,0,0,0,0,0,0,0,0,0,0,189,216
170,85,2970,2802,2756,2812,3300,2867,2876,2870,0,0,0,0,0,0,0,0,0,0,0,0,0,0,0,0,0,0,0,0,0,0,0,0,0,0,0,116,216
170,85,2968,2801,2730,2826,3309,2867,2877,2872,0,0,0,0,0,0,0,0,0,0,0,0,0,0,0,0,0,0,0,0,0,0,0,0,0,0,0,234,216
170,85,2976,2819,2736,2814,3308,2868,2865,2864,0,0,0,0,0,0,0,0,0,0,0,0,0,0,0,0,0,0,0,0,0,0,0,0,0,0,0,204,216
170,85,2983,2822,2730,2807,3308,2870,2848,2872,0,0,0,0,0,0,0,0,0,0,0,0,0,0,0,0,0,0,0,0,0,0,0,0,0,0,0,198,215
170,85,2968,2795,2756,2806,3324,2872,2877,2855,0,0,0,0,0,0,0,0,0,0,0,0,0,0,0,0,0,0,0,0,0,0,0,0,0,0,0,102,216
170,85,2982,2807,2745,2814,3300,2882,2876,2856,0,0,0,0,0,0,0,0,0,0,0,0,0,0,0,0,0,0,0,0,0,0,0,0,0,0,0,93,216
170,85,2963,2794,2736,2807,3300,2869,2848,2871,0,0,0,0,0,0,0,0,0,0,0,0,0,0,0,0,0,0,0,0,0,0,0,0,0,0,0,1,216
170,85,2976,2818,2745,2807,3300,2851,2857,2875,0,0,0,0,0,0,0,0,0,0,0,0,0,0,0,0,0,0,0,0,0,0,0,0,0,0,0,193,216
170,85,2968,2808,2730,2806,3295,2868,2857,2872,0,0,0,0,0,0,0,0,0,0,0,0,0,0,0,0,0,0,0,0,0,0,0,0,0,0,0,63,216
170,85,2969,2793,2752,2824,3307,2866,2866,2870,0,0,0,0,0,0,0,0,0,0,0,0,0,0,0,0,0,0,0,0,0,0,0,0,0,0,0,157,216
170,85,2982,2794,2730,2813,3300,2849,2866,2854,0,0,0,0,0,0,0,0,0,0,0,0,0,0,0,0,0,0,0,0,0,0,0,0,0,0,0,51,216
170,85,2967,2794,2752,2815,3310,2868,2865,2878,0,0,0,0,0,0,0,0,0,0,0,0,0,0,0,0,0,0,0,0,0,0,0,0,0,0,0,110,216
170,85,2974,2802,2721,2826,3308,2851,2876,2854,0,0,0,0,0,0,0,0,0,0,0,0,0,0,0,0,0,0,0,0,0,0,0,0,0,0,0,234,215
170,85,2968,2801,2736,2814,3300,2868,2846,2878,0,0,0,0,0,0,0,0,0,0,0,0,0,0,0,0,0,0,0,0,0,0,0,0,0,0,0,46,216
170,85,2993,2820,2744,2806,3297,2868,2864,2855,0,0,0,0,0,0,0,0,0,0,0,0,0,0,0,0,0,0,0,0,0,0,0,0,0,0,0,193,215
170,85,2984,2801,2754,2827,3311,2866,2865,2879,0,0,0,0,0,0,0,0,0,0,0,0,0,0,0,0,0,0,0,0,0,0,0,0,0,0,0,187,215
170,85,2973,2795,2738,2806,3324,2867,2871,2869,0,0,0,0,0,0,0,0,0,0,0,0,0,0,0,0,0,0,0,0,0,0,0,0,0,0,0,6,216
170,85,2981,2818,2731,2809,3309,2868,2875,2884,0,0,0,0,0,0,0,0,0,0,0,0,0,0,0,0,0,0,0,0,0,0,0,0,0,0,0,171,216
170,85,2982,2786,2731,2812,3312,2867,2876,2871,0,0,0,0,0,0,0,0,0,0,0,0,0,0,0,0,0,0,0,0,0,0,0,0,0,0,0,34,216
170,85,2969,2807,2744,2824,3308,2867,2875,2871,0,0,0,0,0,0,0,0,0,0,0,0,0,0,0,0,0,0,0,0,0,0,0,0,0,0,0,245,216
170,85,2982,2786,2756,2799,3308,2866,2863,2868,0,0,0,0,0,0,0,0,0,0,0,0,0,0,0,0,0,0,0,0,0,0,0,0,0,0,0,83,216
170,85,2974,2819,2743,2824,3318,2873,2863,2853,0,0,0,0,0,0,0,0,0,0,0,0,0,0,0,0,0,0,0,0,0,0,0,0,0,0,0,30,216
170,85,2975,2821,2731,2812,3296,2848,2870,2869,0,0,0,0,0,0,0,0,0,0,0,0,0,0,0,0,0,0,0,0,0,0,0,0,0,0,0,246,215
170,85,2967,2801,2743,2799,3302,2867,2857,2855,0,0,0,0,0,0,0,0,0,0,0,0,0,0,0,0,0,0,0,0,0,0,0,0,0,0,0,28,215
170,85,2974,2809,2730,2806,3323,2873,2862,2850,0,0,0,0,0,0,0,0,0,0,0,0,0,0,0,0,0,0,0,0,0,0,0,0,0,0,0,12,216
170,85,2981,2794,2742,2812,3308,2865,2861,2887,0,0,0,0,0,0,0,0,0,0,0,0,0,0,0,0,0,0,0,0,0,0,0,0,0,0,0,75,216
170,85,2969,2807,2737,2813,3321,2867,2870,2853,0,0,0,0,0,0,0,0,0,0,0,0,0,0,0,0,0,0,0,0,0,0,0,0,0,0,0,2,216
170,85,2992,2801,2743,2805,3283,2867,2864,2853,0,0,0,0,0,0,0,0,0,0,0,0,0,0,0,0,0,0,0,0,0,0,0,0,0,0,0,15,216
170,85,2994,2800,2721,2813,3296,2852,2855,2863,0,0,0,0,0,0,0,0,0,0,0,0,0,0,0,0,0,0,0,0,0,0,0,0,0,0,0,43,216
170,85,2993,2786,2743,2815,3309,2877,2863,2871,0,0,0,0,0,0,0,0,0,0,0,0,0,0,0,0,0,0,0,0,0,0,0,0,0,0,0,42,216
170,85,2993,2820,2736,2813,3309,2864,2870,2852,0,0,0,0,0,0,0,0,0,0,0,0,0,0,0,0,0,0,0,0,0,0,0,0,0,0,0,207,216
170,85,2982,2808,2735,2799,3301,2865,2844,2877,0,0,0,0,0,0,0,0,0,0,0,0,0,0,0,0,0,0,0,0,0,0,0,0,0,0,0,18,216
170,85,2975,2807,2743,2813,3282,2866,2867,2851,0,0,0,0,0,0,0,0,0,0,0,0,0,0,0,0,0,0,0,0,0,0,0,0,0,0,0,43,216
170,85,2993,2802,2729,2824,3301,2849,2857,2869,0,0,0,0,0,0,0,0,0,0,0,0,0,0,0,0,0,0,0,0,0,0,0,0,0,0,0,194,216
170,85,2968,2801,2755,2812,3310,2866,2847,2852,0,0,0,0,0,0,0,0,0,0,0,0,0,0,0,0,0,0,0,0,0,0,0,0,0,0,0,72,216
170,85,2977,2805,2719,2824,3308,2867,2863,2876,0,0,0,0,0,0,0,0,0,0,0,0,0,0,0,0,0,0,0,0,0,0,0,0,0,0,0,247,216
170,85,2975,2795,2743,2812,3297,2872,2860,2869,0,0,0,0,0,0,0,0,0,0,0,0,0,0,0,0,0,0,0,0,0,0,0,0,0,0,0,6,216
170,85,2978,2807,2743,2805,3317,2865,2846,2862,0,0,0,0,0,0,0,0,0,0,0,0,0,0,0,0,0,0,0,0,0,0,0,0,0,0,0,26,216
170,85,2990,2794,2730,2824,3308,2863,2856,2861,0,0,0,0,0,0,0,0,0,0,0,0,0,0,0,0,0,0,0,0,0,0,0,0,0,0,0,216,216
170,85,2975,2795,2729,2828,3307,2848,2869,2875,0,0,0,0,0,0,0,0,0,0,0,0,0,0,0,0,0,0,0,0,0,0,0,0,0,0,0,236,216
170,85,2979,2818,2729,2825,3323,2866,2860,2877,0,0,0,0,0,0,0,0,0,0,0,0,0,0,0,0,0,0,0,0,0,0,0,0,0,0,0,32,216
170,85,2969,2807,2729,2812,3315,2866,2863,2862,0,0,0,0,0,0,0,0,0,0,0,0,0,0,0,0,0,0,0,0,0,0,0,0,0,0,0,2,216
170,85,2995,2794,2731,2812,3307,2867,2868,2877,0,0,0,0,0,0,0,0,0,0,0,0,0,0,0,0,0,0,0,0,0,0,0,0,0,0,0,38,216
170,85,2974,2817,2757,2811,3306,2878,2854,2855,0,0,0,0,0,0,0,0,0,0,0,0,0,0,0,0,0,0,0,0,0,0,0,0,0,0,0,140,216
170,85,2970,2807,2730,2799,3297,2850,2846,2870,0,0,0,0,0,0,0,0,0,0,0,0,0,0,0,0,0,0,0,0,0,0,0,0,0,0,0,58,216
170,85,2972,2794,2744,2825,3302,2867,2868,2853,0,0,0,0,0,0,0,0,0,0,0,0,0,0,0,0,0,0,0,0,0,0,0,0,0,0,0,251,216
170,85,2973,2807,2720,2804,3322,2865,2862,2884,0,0,0,0,0,0,0,0,0,0,0,0,0,0,0,0,0,0,0,0,0,0,0,0,0,0,0,102,216
170,85,2976,2785,2735,2824,3298,2849,2846,2856,0,0,0,0,0,0,0,0,0,0,0,0,0,0,0,0,0,0,0,0,0,0,0,0,0,0,0,235,216
170,85,2981,2794,2738,2812,3300,2865,2868,2882,0,0,0,0,0,0,0,0,0,0,0,0,0,0,0,0,0,0,0,0,0,0,0,0,0,0,0,91,216
170,85,2967,2808,2736,2805,3293,2874,2854,2853,0,0,0,0,0,0,0,0,0,0,0,0,0,0,0,0,0,0,0,0,0,0,0,0,0,0,0,55,216
170,85,2977,2794,2730,2804,3298,2858,2881,2870,0,0,0,0,0,0,0,0,0,0,0,0,0,0,0,0,0,0,0,0,0,0,0,0,0,0,0,83,216
170,85,2973,2800,2721,2824,3322,2863,2869,2878,0,0,0,0,0,0,0,0,0,0,0,0,0,0,0,0,0,0,0,0,0,0,0,0,0,0,0,226,216
170,85,2972,2801,2719,2812,3323,2872,2860,2871,0,0,0,0,0,0,0,0,0,0,0,0,0,0,0,0,0,0,0,0,0,0,0,0,0,0,0,47,216
170,85,2981,2817,2730,2811,3323,2849,2861,2864,0,0,0,0,0,0,0,0,0,0,0,0,0,0,0,0,0,0,0,0,0,0,0,0,0,0,0,202,216
170,85,2968,2800,2742,2810,3307,2872,2860,2864,0,0,0,0,0,0,0,0,0,0,0,0,0,0,0,0,0,0,0,0,0,0,0,0,0,0,0,18,216
170,85,2991,2819,2743,2804,3297,2864,2843,2851,0,0,0,0,0,0,0,0,0,0,0,0,0,0,0,0,0,0,0,0,0,0,0,0,0,0,0,254,216
170,85,2974,2799,2729,2805,3309,2865,2844,2862,0,0,0,0,0,0,0,0,0,0,0,0,0,0,0,0,0,0,0,0,0,0,0,0,0,0,0,58,216
170,85,2974,2799,2729,2834,3309,2866,2860,2879,0,0,0,0,0,0,0,0,0,0,0,0,0,0,0,0,0,0,0,0,0,0,0,0,0,0,0,254,216
170,85,2990,2799,2719,2798,3312,2847,2853,2868,0,0,0,0,0,0,0,0,0,0,0,0,0,0,0,0,0,0,0,0,0,0,0,0,0,0,0,55,216
170,85,2979,2799,2718,2811,3320,2848,2859,2877,0,0,0,0,0,0,0,0,0,0,0,0,0,0,0,0,0,0,0,0,0,0,0,0,0,0,0,30,216
170,85,2968,2818,2741,2797,3309,2865,2867,2852,0,0,0,0,0,0,0,0,0,0,0,0,0,0,0,0,0,0,0,0,0,0,0,0,0,0,0,241,216
170,85,2967,2802,2735,2799,3301,2848,2859,2878,0,0,0,0,0,0,0,0,0,0,0,0,0,0,0,0,0,0,0,0,0,0,0,0,0,0,0,12,216
170,85,2973,2801,2728,2804,3296,2867,2877,2877,0,0,0,0,0,0,0,0,0,0,0,0,0,0,0,0,0,0,0,0,0,0,0,0,0,0,0,26,216
170,85,2967,2799,2733,2798,3295,2864,2859,2875,0,0,0,0,0,0,0,0,0,0,0,0,0,0,0,0,0,0,0,0,0,0,0,0,0,0,0,61,216
170,85,2973,2806,2742,2824,3302,2864,2860,2868,0,0,0,0,0,0,0,0,0,0,0,0,0,0,0,0,0,0,0,0,0,0,0,0,0,0,0,227,216
170,85,2974,2799,2741,2811,3310,2871,2860,2867,0,0,0,0,0,0,0,0,0,0,0,0,0,0,0,0,0,0,0,0,0,0,0,0,0,0,0,0,216
170,85,2994,2817,2741,2811,3298,2873,2868,2851,0,0,0,0,0,0,0,0,0,0,0,0,0,0,0,0,0,0,0,0,0,0,0,0,0,0,0,201,216
170,85,2980,2792,2727,2810,3296,2864,2867,2878,0,0,0,0,0,0,0,0,0,0,0,0,0,0,0,0,0,0,0,0,0,0,0,0,0,0,0,53,216
170,85,2974,2800,2735,2803,3307,2865,2860,2875,0,0,0,0,0,0,0,0,0,0,0,0,0,0,0,0,0,0,0,0,0,0,0,0,0,0,0,6,216
170,85,2973,2799,2741,2811,3307,2872,2867,2863,0,0,0,0,0,0,0,0,0,0,0,0,0,0,0,0,0,0,0,0,0,0,0,0,0,0,0,10,216
170,85,2981,2805,2743,2811,3297,2871,2856,2876,0,0,0,0,0,0,0,0,0,0,0,0,0,0,0,0,0,0,0,0,0,0,0,0,0,0,0,39,216
170,85,2967,2797,2734,2812,3298,2845,2852,2868,0,0,0,0,0,0,0,0,0,0,0,0,0,0,0,0,0,0,0,0,0,0,0,0,0,0,0,62,216
170,85,2981,2799,2743,2826,3321,2864,2861,2877,0,0,0,0,0,0,0,0,0,0,0,0,0,0,0,0,0,0,0,0,0,0,0,0,0,0,0,214,217
170,85,2964,2805,2743,2822,3309,2865,2869,2870,0,0,0,0,0,0,0,0,0,0,0,0,0,0,0,0,0,0,0,0,0,0,0,0,0,0,0,247,217
170,85,2973,2793,2743,2800,3308,2865,2842,2869,0,0,0,0,0,0,0,0,0,0,0,0,0,0,0,0,0,0,0,0,0,0,0,0,0,0,0,56,216
170,85,2975,2816,2753,2813,3323,2865,2862,2853,0,0,0,0,0,0,0,0,0,0,0,0,0,0,0,0,0,0,0,0,0,0,0,0,0,0,0,154,216
170,85,2996,2805,2742,2805,3309,2866,2862,2864,0,0,0,0,0,0,0,0,0,0,0,0,0,0,0,0,0,0,0,0,0,0,0,0,0,0,0,58,217
170,85,2979,2794,2754,2798,3308,2847,2861,2869,0,0,0,0,0,0,0,0,0,0,0,0,0,0,0,0,0,0,0,0,0,0,0,0,0,0,0,119,216
170,85,2981,2806,2740,2803,3307,2858,2854,2869,0,0,0,0,0,0,0,0,0,0,0,0,0,0,0,0,0,0,0,0,0,0,0,0,0,0,0,63,216
170,85,2981,2792,2743,2810,3317,2846,2866,2862,0,0,0,0,0,0,0,0,0,0,0,0,0,0,0,0,0,0,0,0,0,0,0,0,0,0,0,14,216
170,85,2991,2805,2734,2797,3296,2866,2869,2875,0,0,0,0,0,0,0,0,0,0,0,0,0,0,0,0,0,0,0,0,0,0,0,0,0,0,0,60,216
170,85,2980,2799,2719,2811,3310,2863,2852,2876,0,0,0,0,0,0,0,0,0,0,0,0,0,0,0,0,0,0,0,0,0,0,0,0,0,0,0,15,216
170,85,2991,2798,2740,2823,3321,2865,2879,2850,0,0,0,0,0,0,0,0,0,0,0,0,0,0,0,0,0,0,0,0,0,0,0,0,0,0,0,223,216
170,85,2965,2806,2753,2805,3322,2864,2853,2851,0,0,0,0,0,0,0,0,0,0,0,0,0,0,0,0,0,0,0,0,0,0,0,0,0,0,0,98,217
170,85,2973,2805,2741,2802,3295,2863,2867,2867,0,0,0,0,0,0,0,0,0,0,0,0,0,0,0,0,0,0,0,0,0,0,0,0,0,0,0,38,216
170,85,2992,2792,2755,2798,3308,2848,2854,2867,0,0,0,0,0,0,0,0,0,0,0,0,0,0,0,0,0,0,0,0,0,0,0,0,0,0,0,85,216
170,85,2982,2793,2742,2797,3320,2846,2854,2874,0,0,0,0,0,0,0,0,0,0,0,0,0,0,0,0,0,0,0,0,0,0,0,0,0,0,0,23,216
170,85,2967,2798,2734,2803,3301,2871,2859,2849,0,0,0,0,0,0,0,0,0,0,0,0,0,0,0,0,0,0,0,0,0,0,0,0,0,0,0,5,217
170,85,2981,2791,2719,2809,3306,2848,2844,2868,0,0,0,0,0,0,0,0,0,0,0,0,0,0,0,0,0,0,0,0,0,0,0,0,0,0,0,63,217
170,85,2982,2806,2755,2823,3307,2864,2853,2882,0,0,0,0,0,0,0,0,0,0,0,0,0,0,0,0,0,0,0,0,0,0,0,0,0,0,0,208,217
170,85,2968,2817,2735,2823,3306,2846,2870,2875,0,0,0,0,0,0,0,0,0,0,0,0,0,0,0,0,0,0,0,0,0,0,0,0,0,0,0,49,216
170,85,2966,2800,2730,2835,3322,2864,2868,2868,0,0,0,0,0,0,0,0,0,0,0,0,0,0,0,0,0,0,0,0,0,0,0,0,0,0,0,237,216
170,85,2972,2818,2730,2804,3306,2883,2870,2875,0,0,0,0,0,0,0,0,0,0,0,0,0,0,0,0,0,0,0,0,0,0,0,0,0,0,0,156,217
170,85,2981,2799,2745,2805,3296,2866,2869,2863,0,0,0,0,0,0,0,0,0,0,0,0,0,0,0,0,0,0,0,0,0,0,0,0,0,0,0,55,217
170,85,2991,2804,2743,2823,3296,2865,2860,2852,0,0,0,0,0,0,0,0,0,0,0,0,0,0,0,0,0,0,0,0,0,0,0,0,0,0,0,202,217
170,85,2981,2801,2735,2824,3306,2865,2856,2868,0,0,0,0,0,0,0,0,0,0,0,0,0,0,0,0,0,0,0,0,0,0,0,0,0,0,0,204,217
170,85,2980,2806,2729,2810,3293,2865,2842,2851,0,0,0,0,0,0,0,0,0,0,0,0,0,0,0,0,0,0,0,0,0,0,0,0,0,0,0,45,217
170,85,2980,2793,2729,2812,3306,2872,2847,2862,0,0,0,0,0,0,0,0,0,0,0,0,0,0,0,0,0,0,0,0,0,0,0,0,0,0,0,2,216
170,85,2980,2794,2726,2813,3272,2848,2847,2870,0,0,0,0,0,0,0,0,0,0,0,0,0,0,0,0,0,0,0,0,0,0,0,0,0,0,0,45,217
170,85,2975,2818,2735,2798,3328,2848,2869,2870,0,0,0,0,0,0,0,0,0,0,0,0,0,0,0,0,0,0,0,0,0,0,0,0,0,0,0,6,217
170,85,2996,2800,2736,2824,3290,2848,2866,2851,0,0,0,0,0,0,0,0,0,0,0,0,0,0,0,0,0,0,0,0,0,0,0,0,0,0,0,239,217
170,85,2967,2807,2735,2806,3288,2849,2862,2870,0,0,0,0,0,0,0,0,0,0,0,0,0,0,0,0,0,0,0,0,0,0,0,0,0,0,0,33,217
170,85,2968,2806,2730,2812,3291,2875,2882,2878,0,0,0,0,0,0,0,0,0,0,0,0,0,0,0,0,0,0,0,0,0,0,0,0,0,0,0,93,217
170,85,2996,2800,2744,2798,3299,2865,2870,2863,0,0,0,0,0,0,0,0,0,0,0,0,0,0,0,0,0,0,0,0,0,0,0,0,0,0,0,32,217
170,85,2979,2794,2736,2805,3311,2847,2845,2869,0,0,0,0,0,0,0,0,0,0,0,0,0,0,0,0,0,0,0,0,0,0,0,0,0,0,0,45,217
170,85,2972,2798,2729,2805,3296,2874,2883,2863,0,0,0,0,0,0,0,0,0,0,0,0,0,0,0,0,0,0,0,0,0,0,0,0,0,0,0,97,217
170,85,2968,2800,2749,2800,3284,2884,2862,2868,0,0,0,0,0,0,0,0,0,0,0,0,0,0,0,0,0,0,0,0,0,0,0,0,0,0,0,86,217
170,85,2981,2795,2719,2811,3295,2848,2862,2871,0,0,0,0,0,0,0,0,0,0,0,0,0,0,0,0,0,0,0,0,0,0,0,0,0,0,0,53,217
170,85,2997,2801,2733,2800,3275,2867,2869,2864,0,0,0,0,0,0,0,0,0,0,0,0,0,0,0,0,0,0,0,0,0,0,0,0,0,0,0,29,217
170,85,2981,2793,2749,2800,3289,2854,2863,2878,0,0,0,0,0,0,0,0,0,0,0,0,0,0,0,0,0,0,0,0,0,0,0,0,0,0,0,22,217
170,85,2973,2801,2750,2827,3289,2865,2864,2879,0,0,0,0,0,0,0,0,0,0,0,0,0,0,0,0,0,0,0,0,0,0,0,0,0,0,0,198,217
170,85,2997,2820,2743,2807,3298,2866,2846,2864,0,0,0,0,0,0,0,0,0,0,0,0,0,0,0,0,0,0,0,0,0,0,0,0,0,0,0,247,217
170,85,2980,2798,2736,2825,3287,2875,2846,2852,0,0,0,0,0,0,0,0,0,0,0,0,0,0,0,0,0,0,0,0,0,0,0,0,0,0,0,221,217
170,85,2988,2817,2742,2813,3311,2865,2867,2877,0,0,0,0,0,0,0,0,0,0,0,0,0,0,0,0,0,0,0,0,0,0,0,0,0,0,0,206,217
170,85,2992,2802,2736,2825,3286,2873,2883,2871,0,0,0,0,0,0,0,0,0,0,0,0,0,0,0,0,0,0,0,0,0,0,0,0,0,0,0,152,217
170,85,2973,2807,2755,2800,3299,2874,2871,2854,0,0,0,0,0,0,0,0,0,0,0,0,0,0,0,0,0,0,0,0,0,0,0,0,0,0,0,104,217
170,85,2971,2807,2730,2823,3290,2874,2870,2884,0,0,0,0,0,0,0,0,0,0,0,0,0,0,0,0,0,0,0,0,0,0,0,0,0,0,0,171,218
170,85,2976,2819,2754,2805,3288,2859,2864,2864,0,0,0,0,0,0,0,0,0,0,0,0,0,0,0,0,0,0,0,0,0,0,0,0,0,0,0,159,217
170,85,2984,2792,2750,2805,3298,2850,2844,2871,0,0,0,0,0,0,0,0,0,0,0,0,0,0,0,0,0,0,0,0,0,0,0,0,0,0,0,25,217
170,85,2993,2809,2743,2812,3272,2873,2863,2870,0,0,0,0,0,0,0,0,0,0,0,0,0,0,0,0,0,0,0,0,0,0,0,0,0,0,0,18,217
170,85,2977,2807,2743,2812,3284,2865,2862,2870,0,0,0,0,0,0,0,0,0,0,0,0,0,0,0,0,0,0,0,0,0,0,0,0,0,0,0,25,217
170,85,2978,2807,2742,2800,3274,2860,2867,2870,0,0,0,0,0,0,0,0,0,0,0,0,0,0,0,0,0,0,0,0,0,0,0,0,0,0,0,9,218
170,85,2974,2819,2742,2838,3276,2865,2863,2884,0,0,0,0,0,0,0,0,0,0,0,0,0,0,0,0,0,0,0,0,0,0,0,0,0,0,0,82,218
170,85,2975,2800,2742,2812,3285,2874,2863,2870,0,0,0,0,0,0,0,0,0,0,0,0,0,0,0,0,0,0,0,0,0,0,0,0,0,0,0,42,217
170,85,2968,2820,2729,2812,3293,2866,2862,2871,0,0,0,0,0,0,0,0,0,0,0,0,0,0,0,0,0,0,0,0,0,0,0,0,0,0,0,199,217
170,85,2969,2793,2736,2813,3295,2873,2883,2863,0,0,0,0,0,0,0,0,0,0,0,0,0,0,0,0,0,0,0,0,0,0,0,0,0,0,0,78,218
170,85,2992,2800,2729,2806,3295,2874,2855,2869,0,0,0,0,0,0,0,0,0,0,0,0,0,0,0,0,0,0,0,0,0,0,0,0,0,0,0,17,218
170,85,2966,2794,2756,2812,3285,2872,2860,2876,0,0,0,0,0,0,0,0,0,0,0,0,0,0,0,0,0,0,0,0,0,0,0,0,0,0,0,64,218
170,85,2989,2807,2735,2822,3282,2861,2863,2863,0,0,0,0,0,0,0,0,0,0,0,0,0,0,0,0,0,0,0,0,0,0,0,0,0,0,0,244,217
170,85,2976,2801,2730,2805,3283,2848,2844,2852,0,0,0,0,0,0,0,0,0,0,0,0,0,0,0,0,0,0,0,0,0,0,0,0,0,0,0,60,217
170,85,2967,2800,2742,2812,3294,2855,2843,2862,0,0,0,0,0,0,0,0,0,0,0,0,0,0,0,0,0,0,0,0,0,0,0,0,0,0,0,24,219
170,85,2992,2790,2760,2797,3295,2864,2856,2863,0,0,0,0,0,0,0,0,0,0,0,0,0,0,0,0,0,0,0,0,0,0,0,0,0,0,0,98,217
170,85,2973,2806,2736,2811,3271,2847,2866,2876,0,0,0,0,0,0,0,0,0,0,0,0,0,0,0,0,0,0,0,0,0,0,0,0,0,0,0,15,217
170,85,2966,2805,2735,2812,3296,2860,2868,2850,0,0,0,0,0,0,0,0,0,0,0,0,0,0,0,0,0,0,0,0,0,0,0,0,0,0,0,19,218
170,85,2974,2818,2728,2812,3307,2865,2856,2848,0,0,0,0,0,0,0,0,0,0,0,0,0,0,0,0,0,0,0,0,0,0,0,0,0,0,0,226,217
170,85,2974,2806,2742,2810,3296,2866,2859,2850,0,0,0,0,0,0,0,0,0,0,0,0,0,0,0,0,0,0,0,0,0,0,0,0,0,0,0,6,217
170,85,2991,2804,2732,2823,3296,2863,2855,2851,0,0,0,0,0,0,0,0,0,0,0,0,0,0,0,0,0,0,0,0,0,0,0,0,0,0,0,195,217
170,85,2996,2804,2727,2822,3270,2864,2845,2862,0,0,0,0,0,0,0,0,0,0,0,0,0,0,0,0,0,0,0,0,0,0,0,0,0,0,0,220,217
170,85,2968,2805,2742,2821,3286,2862,2874,2861,0,0,0,0,0,0,0,0,0,0,0,0,0,0,0,0,0,0,0,0,0,0,0,0,0,0,0,201,217
170,85,2991,2804,2727,2811,3287,2858,2867,2849,0,0,0,0,0,0,0,0,0,0,0,0,0,0,0,0,0,0,0,0,0,0,0,0,0,0,0,17,217
170,85,2974,2805,2741,2809,3287,2863,2845,2850,0,0,0,0,0,0,0,0,0,0,0,0,0,0,0,0,0,0,0,0,0,0,0,0,0,0,0,25,217
170,85,2980,2793,2734,2811,3295,2863,2853,2867,0,0,0,0,0,0,0,0,0,0,0,0,0,0,0,0,0,0,0,0,0,0,0,0,0,0,0,7,217
170,85,2974,2798,2729,2811,3287,2863,2844,2851,0,0,0,0,0,0,0,0,0,0,0,0,0,0,0,0,0,0,0,0,0,0,0,0,0,0,0,28,217
170,85,2966,2816,2753,2810,3298,2856,2842,2856,0,0,0,0,0,0,0,0,0,0,0,0,0,0,0,0,0,0,0,0,0,0,0,0,0,0,0,173,216
170,85,2979,2815,2751,2821,3287,2856,2860,2868,0,0,0,0,0,0,0,0,0,0,0,0,0,0,0,0,0,0,0,0,0,0,0,0,0,0,0,249,216
170,85,2979,2805,2753,2810,3308,2871,2842,2850,0,0,0,0,0,0,0,0,0,0,0,0,0,0,0,0,0,0,0,0,0,0,0,0,0,0,0,119,217
170,85,2967,2784,2741,2802,3294,2872,2860,2849,0,0,0,0,0,0,0,0,0,0,0,0,0,0,0,0,0,0,0,0,0,0,0,0,0,0,0,34,218
170,85,2973,2790,2741,2804,3284,2864,2859,2867,0,0,0,0,0,0,0,0,0,0,0,0,0,0,0,0,0,0,0,0,0,0,0,0,0,0,0,63,216
170,85,2973,2793,2733,2821,3297,2844,2853,2860,0,0,0,0,0,0,0,0,0,0,0,0,0,0,0,0,0,0,0,0,0,0,0,0,0,0,0,208,216
170,85,2974,2799,2754,2802,3282,2846,2843,2877,0,0,0,0,0,0,0,0,0,0,0,0,0,0,0,0,0,0,0,0,0,0,0,0,0,0,0,82,217
170,85,2973,2805,2734,2797,3281,2857,2844,2868,0,0,0,0,0,0,0,0,0,0,0,0,0,0,0,0,0,0,0,0,0,0,0,0,0,0,0,2,216
170,85,2981,2818,2728,2797,3269,2872,2859,2861,0,0,0,0,0,0,0,0,0,0,0,0,0,0,0,0,0,0,0,0,0,0,0,0,0,0,0,225,216
170,85,2990,2817,2719,2822,3306,2863,2859,2860,0,0,0,0,0,0,0,0,0,0,0,0,0,0,0,0,0,0,0,0,0,0,0,0,0,0,0,13,217
170,85,2962,2808,2742,2803,3282,2863,2842,2874,0,0,0,0,0,0,0,0,0,0,0,0,0,0,0,0,0,0,0,0,0,0,0,0,0,0,0,11,216
170,85,2968,2805,2742,2804,3292,2871,2867,2861,0,0,0,0,0,0,0,0,0,0,0,0,0,0,0,0,0,0,0,0,0,0,0,0,0,0,0,35,217
170,85,2990,2817,2742,2804,3281,2846,2854,2862,0,0,0,0,0,0,0,0,0,0,0,0,0,0,0,0,0,0,0,0,0,0,0,0,0,0,0,210,217
170,85,2973,2805,2736,2824,3306,2864,2866,2862,0,0,0,0,0,0,0,0,0,0,0,0,0,0,0,0,0,0,0,0,0,0,0,0,0,0,0,238,217
170,85,2980,2793,2741,2821,3283,2864,2862,2879,0,0,0,0,0,0,0,0,0,0,0,0,0,0,0,0,0,0,0,0,0,0,0,0,0,0,0,247,217
170,85,2979,2805,2728,2811,3295,2853,2842,2879,0,0,0,0,0,0,0,0,0,0,0,0,0,0,0,0,0,0,0,0,0,0,0,0,0,0,0,35,217
170,85,2981,2803,2741,2812,3295,2865,2855,2862,0,0,0,0,0,0,0,0,0,0,0,0,0,0,0,0,0,0,0,0,0,0,0,0,0,0,0,1,217
170,85,2971,2816,2720,2810,3268,2847,2843,2868,0,0,0,0,0,0,0,0,0,0,0,0,0,0,0,0,0,0,0,0,0,0,0,0,0,0,0,205,217
170,85,2971,2805,2740,2800,3283,2858,2867,2862,0,0,0,0,0,0,0,0,0,0,0,0,0,0,0,0,0,0,0,0,0,0,0,0,0,0,0,55,217
170,85,2980,2792,2754,2798,3287,2872,2852,2851,0,0,0,0,0,0,0,0,0,0,0,0,0,0,0,0,0,0,0,0,0,0,0,0,0,0,0,113,217
170,85,2971,2807,2741,2811,3298,2866,2860,2874,0,0,0,0,0,0,0,0,0,0,0,0,0,0,0,0,0,0,0,0,0,0,0,0,0,0,0,29,217
170,85,2966,2798,2730,2812,3297,2847,2855,2863,0,0,0,0,0,0,0,0,0,0,0,0,0,0,0,0,0,0,0,0,0,0,0,0,0,0,0,33,217
170,85,2990,2792,2717,2798,3299,2846,2859,2878,0,0,0,0,0,0,0,0,0,0,0,0,0,0,0,0,0,0,0,0,0,0,0,0,0,0,0,36,217
170,85,2978,2817,2744,2798,3288,2864,2869,2855,0,0,0,0,0,0,0,0,0,0,0,0,0,0,0,0,0,0,0,0,0,0,0,0,0,0,0,247,217
170,85,2972,2817,2734,2812,3289,2872,2869,2869,0,0,0,0,0,0,0,0,0,0,0,0,0,0,0,0,0,0,0,0,0,0,0,0,0,0,0,214,217
170,85,2965,2792,2730,2798,3287,2864,2855,2875,0,0,0,0,0,0,0,0,0,0,0,0,0,0,0,0,0,0,0,0,0,0,0,0,0,0,0,59,217
170,85,2967,2799,2736,2824,3287,2873,2855,2874,0,0,0,0,0,0,0,0,0,0,0,0,0,0,0,0,0,0,0,0,0,0,0,0,0,0,0,203,217
170,85,2974,2805,2740,2805,3294,2872,2869,2862,0,0,0,0,0,0,0,0,0,0,0,0,0,0,0,0,0,0,0,0,0,0,0,0,0,0,0,46,217
170,85,2995,2792,2742,2810,3305,2871,2862,2862,0,0,0,0,0,0,0,0,0,0,0,0,0,0,0,0,0,0,0,0,0,0,0,0,0,0,0,48,217
170,85,2974,2798,2742,2797,3303,2863,2866,2861,0,0,0,0,0,0,0,0,0,0,0,0,0,0,0,0,0,0,0,0,0,0,0,0,0,0,0,5,217
170,85,2968,2817,2753,2812,3306,2865,2861,2862,0,0,0,0,0,0,0,0,0,0,0,0,0,0,0,0,0,0,0,0,0,0,0,0,0,0,0,132,217
170,85,2967,2817,2734,2796,3294,2863,2862,2867,0,0,0,0,0,0,0,0,0,0,0,0,0,0,0,0,0,0,0,0,0,0,0,0,0,0,0,192,217
170,85,2974,2805,2742,2797,3305,2846,2854,2849,0,0,0,0,0,0,0,0,0,0,0,0,0,0,0,0,0,0,0,0,0,0,0,0,0,0,0,57,217
170,85,2965,2799,2728,2798,3306,2858,2867,2861,0,0,0,0,0,0,0,0,0,0,0,0,0,0,0,0,0,0,0,0,0,0,0,0,0,0,0,27,217
170,85,2974,2817,2735,2811,3293,2857,2842,2874,0,0,0,0,0,0,0,0,0,0,0,0,0,0,0,0,0,0,0,0,0,0,0,0,0,0,0,231,217
170,85,2991,2791,2719,2797,3294,2863,2843,2867,0,0,0,0,0,0,0,0,0,0,0,0,0,0,0,0,0,0,0,0,0,0,0,0,0,0,0,26,217
170,85,2978,2816,2734,2811,3307,2864,2864,2860,0,0,0,0,0,0,0,0,0,0,0,0,0,0,0,0,0,0,0,0,0,0,0,0,0,0,0,200,217
170,85,2966,2805,2741,2825,3320,2858,2859,2874,0,0,0,0,0,0,0,0,0,0,0,0,0,0,0,0,0,0,0,0,0,0,0,0,0,0,0,228,217
170,85,2979,2783,2734,2798,3306,2871,2859,2866,0,0,0,0,0,0,0,0,0,0,0,0,0,0,0,0,0,0,0,0,0,0,0,0,0,0,0,1,217
170,85,2965,2815,2729,2810,3302,2862,2854,2849,0,0,0,0,0,0,0,0,0,0,0,0,0,0,0,0,0,0,0,0,0,0,0,0,0,0,0,15,217
170,85,2958,2817,2734,2810,3304,2864,2840,2868,0,0,0,0,0,0,0,0,0,0,0,0,0,0,0,0,0,0,0,0,0,0,0,0,0,0,0,215,217
170,85,2975,2793,2729,2810,3293,2871,2841,2849,0,0,0,0,0,0,0,0,0,0,0,0,0,0,0,0,0,0,0,0,0,0,0,0,0,0,0,14,217
170,85,2966,2798,2729,2803,3294,2862,2859,2850,0,0,0,0,0,0,0,0,0,0,0,0,0,0,0,0,0,0,0,0,0,0,0,0,0,0,0,34,217
170,85,2971,2783,2734,2803,3305,2857,2853,2867,0,0,0,0,0,0,0,0,0,0,0,0,0,0,0,0,0,0,0,0,0,0,0,0,0,0,0,54,217
170,85,2978,2796,2729,2803,3305,2857,2852,2867,0,0,0,0,0,0,0,0,0,0,0,0,0,0,0,0,0,0,0,0,0,0,0,0,0,0,0,58,217
170,85,2977,2804,2742,2820,3294,2846,2839,2862,0,0,0,0,0,0,0,0,0,0,0,0,0,0,0,0,0,0,0,0,0,0,0,0,0,0,0,230,217
170,85,2971,2816,2734,2824,3294,2845,2852,2855,0,0,0,0,0,0,0,0,0,0,0,0,0,0,0,0,0,0,0,0,0,0,0,0,0,0,0,4,217
170,85,2974,2784,2735,2797,3306,2845,2859,2860,0,0,0,0,0,0,0,0,0,0,0,0,0,0,0,0,0,0,0,0,0,0,0,0,0,0,0,53,217
170,85,2973,2799,2741,2811,3293,2870,2865,2860,0,0,0,0,0,0,0,0,0,0,0,0,0,0,0,0,0,0,0,0,0,0,0,0,0,0,0,51,217
170,85,2973,2805,2740,2810,3295,2863,2859,2862,0,0,0,0,0,0,0,0,0,0,0,0,0,0,0,0,0,0,0,0,0,0,0,0,0,0,0,42,217
170,85,2973,2815,2742,2797,3305,2870,2853,2866,0,0,0,0,0,0,0,0,0,0,0,0,0,0,0,0,0,0,0,0,0,0,0,0,0,0,0,8,217
170,85,2972,2805,2741,2804,3305,2863,2860,2861,0,0,0,0,0,0,0,0,0,0,0,0,0,0,0,0,0,0,0,0,0,0,0,0,0,0,0,22,217
170,85,2979,2805,2730,2803,3295,2844,2867,2867,0,0,0,0,0,0,0,0,0,0,0,0,0,0,0,0,0,0,0,0,0,0,0,0,0,0,0,53,217
170,85,2972,2794,2728,2797,3292,2863,2860,2861,0,0,0,0,0,0,0,0,0,0,0,0,0,0,0,0,0,0,0,0,0,0,0,0,0,0,0,56,217
170,85,2966,2799,2729,2823,3303,2862,2867,2878,0,0,0,0,0,0,0,0,0,0,0,0,0,0,0,0,0,0,0,0,0,0,0,0,0,0,0,235,217
170,85,2973,2817,2727,2803,3304,2857,2865,2862,0,0,0,0,0,0,0,0,0,0,0,0,0,0,0,0,0,0,0,0,0,0,0,0,0,0,0,238,217
170,85,2965,2817,2730,2799,3303,2870,2842,2874,0,0,0,0,0,0,0,0,0,0,0,0,0,0,0,0,0,0,0,0,0,0,0,0,0,0,0,216,217
170,85,2974,2794,2719,2809,3318,2857,2865,2850,0,0,0,0,0,0,0,0,0,0,0,0,0,0,0,0,0,0,0,0,0,0,0,0,0,0,0,39,217
170,85,2995,2805,2734,2805,3316,2870,2877,2860,0,0,0,0,0,0,0,0,0,0,0,0,0,0,0,0,0,0,0,0,0,0,0,0,0,0,0,55,217
170,85,2978,2805,2734,2826,3315,2858,2842,2848,0,0,0,0,0,0,0,0,0,0,0,0,0,0,0,0,0,0,0,0,0,0,0,0,0,0,0,232,217
170,85,2979,2806,2733,2822,3318,2863,2842,2867,0,0,0,0,0,0,0,0,0,0,0,0,0,0,0,0,0,0,0,0,0,0,0,0,0,0,0,246,217
170,85,2965,2791,2741,2796,3305,2844,2860,2877,0,0,0,0,0,0,0,0,0,0,0,0,0,0,0,0,0,0,0,0,0,0,0,0,0,0,0,54,217
170,85,2966,2791,2734,2824,3304,2857,2858,2849,0,0,0,0,0,0,0,0,0,0,0,0,0,0,0,0,0,0,0,0,0,0,0,0,0,0,0,229,217
170,85,2991,2816,2728,2804,3304,2863,2841,2862,0,0,0,0,0,0,0,0,0,0,0,0,0,0,0,0,0,0,0,0,0,0,0,0,0,0,0,251,217
170,85,2974,2794,2742,2811,3294,2847,2866,2861,0,0,0,0,0,0,0,0,0,0,0,0,0,0,0,0,0,0,0,0,0,0,0,0,0,0,0,30,217
170,85,2967,2812,2734,2823,3305,2857,2842,2866,0,0,0,0,0,0,0,0,0,0,0,0,0,0,0,0,0,0,0,0,0,0,0,0,0,0,0,210,217
170,85,2979,2800,2728,2811,3306,2863,2853,2849,0,0,0,0,0,0,0,0,0,0,0,0,0,0,0,0,0,0,0,0,0,0,0,0,0,0,0,56,217
170,85,2967,2794,2729,2810,3298,2844,2859,2845,0,0,0,0,0,0,0,0,0,0,0,0,0,0,0,0,0,0,0,0,0,0,0,0,0,0,0,31,217
170,85,2989,2805,2729,2823,3298,2847,2841,2867,0,0,0,0,0,0,0,0,0,0,0,0,0,0,0,0,0,0,0,0,0,0,0,0,0,0,0,217,217
170,85,2979,2797,2742,2803,3289,2856,2841,2849,0,0,0,0,0,0,0,0,0,0,0,0,0,0,0,0,0,0,0,0,0,0,0,0,0,0,0,59,217
170,85,2966,2805,2714,2804,3286,2863,2867,2860,0,0,0,0,0,0,0,0,0,0,0,0,0,0,0,0,0,0,0,0,0,0,0,0,0,0,0,18,217
170,85,2978,2814,2728,2810,3284,2863,2858,2850,0,0,0,0,0,0,0,0,0,0,0,0,0,0,0,0,0,0,0,0,0,0,0,0,0,0,0,4,217
170,85,2980,2793,2732,2822,3287,2863,2868,2862,0,0,0,0,0,0,0,0,0,0,0,0,0,0,0,0,0,0,0,0,0,0,0,0,0,0,0,253,217
170,85,2972,2816,2735,2797,3272,2863,2853,2873,0,0,0,0,0,0,0,0,0,0,0,0,0,0,0,0,0,0,0,0,0,0,0,0,0,0,0,221,217
170,85,2971,2793,2742,2812,3288,2872,2841,2873,0,0,0,0,0,0,0,0,0,0,0,0,0,0,0,0,0,0,0,0,0,0,0,0,0,0,0,1,217
170,85,2965,2798,2741,2811,3294,2865,2860,2877,0,0,0,0,0,0,0,0,0,0,0,0,0,0,0,0,0,0,0,0,0,0,0,0,0,0,0,50,217
170,85,2991,2782,2728,2812,3289,2864,2859,2873,0,0,0,0,0,0,0,0,0,0,0,0,0,0,0,0,0,0,0,0,0,0,0,0,0,0,0,39,217
170,85,2971,2799,2734,2805,3308,2863,2842,2850,0,0,0,0,0,0,0,0,0,0,0,0,0,0,0,0,0,0,0,0,0,0,0,0,0,0,0,45,217
170,85,2979,2805,2744,2798,3288,2856,2842,2868,0,0,0,0,0,0,0,0,0,0,0,0,0,0,0,0,0,0,0,0,0,0,0,0,0,0,0,39,217
170,85,2979,2807,2717,2812,3299,2871,2856,2850,0,0,0,0,0,0,0,0,0,0,0,0,0,0,0,0,0,0,0,0,0,0,0,0,0,0,0,18,217
170,85,2971,2804,2754,2810,3301,2845,2860,2849,0,0,0,0,0,0,0,0,0,0,0,0,0,0,0,0,0,0,0,0,0,0,0,0,0,0,0,91,217
170,85,2965,2797,2742,2821,3287,2858,2842,2851,0,0,0,0,0,0,0,0,0,0,0,0,0,0,0,0,0,0,0,0,0,0,0,0,0,0,0,247,217
170,85,2965,2805,2734,2811,3289,2865,2841,2869,0,0,0,0,0,0,0,0,0,0,0,0,0,0,0,0,0,0,0,0,0,0,0,0,0,0,0,8,217
170,85,2964,2792,2728,2798,3296,2856,2842,2850,0,0,0,0,0,0,0,0,0,0,0,0,0,0,0,0,0,0,0,0,0,0,0,0,0,0,0,51,217
170,85,2971,2792,2740,2797,3298,2871,2841,2868,0,0,0,0,0,0,0,0,0,0,0,0,0,0,0,0,0,0,0,0,0,0,0,0,0,0,0,43,217
170,85,2973,2806,2731,2810,3289,2863,2878,2868,0,0,0,0,0,0,0,0,0,0,0,0,0,0,0,0,0,0,0,0,0,0,0,0,0,0,0,63,217
170,85,2973,2806,2728,2797,3300,2872,2860,2848,0,0,0,0,0,0,0,0,0,0,0,0,0,0,0,0,0,0,0,0,0,0,0,0,0,0,0,7,217
170,85,2978,2818,2726,2824,3287,2872,2858,2850,0,0,0,0,0,0,0,0,0,0,0,0,0,0,0,0,0,0,0,0,0,0,0,0,0,0,0,16,217
170,85,2972,2792,2743,2796,3290,2862,2845,2862,0,0,0,0,0,0,0,0,0,0,0,0,0,0,0,0,0,0,0,0,0,0,0,0,0,0,0,17,217
170,85,2989,2792,2742,2803,3287,2865,2858,2850,0,0,0,0,0,0,0,0,0,0,0,0,0,0,0,0,0,0,0,0,0,0,0,0,0,0,0,23,217
170,85,2990,2797,2733,2813,3288,2872,2854,2865,0,0,0,0,0,0,0,0,0,0,0,0,0,0,0,0,0,0,0,0,0,0,0,0,0,0,0,29,217
170,85,2959,2805,2735,2810,3308,2841,2860,2850,0,0,0,0,0,0,0,0,0,0,0,0,0,0,0,0,0,0,0,0,0,0,0,0,0,0,0,45,217
170,85,2976,2804,2719,2821,3291,2847,2855,2876,0,0,0,0,0,0,0,0,0,0,0,0,0,0,0,0,0,0,0,0,0,0,0,0,0,0,0,233,217
170,85,2966,2797,2718,2797,3287,2873,2877,2852,0,0,0,0,0,0,0,0,0,0,0,0,0,0,0,0,0,0,0,0,0,0,0,0,0,0,0,6,217
170,85,2991,2806,2753,2803,3289,2847,2854,2850,0,0,0,0,0,0,0,0,0,0,0,0,0,0,0,0,0,0,0,0,0,0,0,0,0,0,0,80,217
170,85,2979,2805,2740,2797,3288,2864,2858,2861,0,0,0,0,0,0,0,0,0,0,0,0,0,0,0,0,0,0,0,0,0,0,0,0,0,0,0,25,218
170,85,2979,2805,2741,2810,3271,2865,2867,2868,0,0,0,0,0,0,0,0,0,0,0,0,0,0,0,0,0,0,0,0,0,0,0,0,0,0,0,17,217
170,85,2973,2794,2728,2811,3289,2866,2862,2861,0,0,0,0,0,0,0,0,0,0,0,0,0,0,0,0,0,0,0,0,0,0,0,0,0,0,0,53,217
170,85,2975,2785,2741,2796,3272,2871,2867,2851,0,0,0,0,0,0,0,0,0,0,0,0,0,0,0,0,0,0,0,0,0,0,0,0,0,0,0,49,217
170,85,2972,2816,2719,2810,3296,2864,2866,2849,0,0,0,0,0,0,0,0,0,0,0,0,0,0,0,0,0,0,0,0,0,0,0,0,0,0,0,194,217
170,85,2980,2805,2719,2796,3295,2863,2843,2869,0,0,0,0,0,0,0,0,0,0,0,0,0,0,0,0,0,0,0,0,0,0,0,0,0,0,0,5,217
170,85,2966,2791,2751,2811,3296,2846,2867,2862,0,0,0,0,0,0,0,0,0,0,0,0,0,0,0,0,0,0,0,0,0,0,0,0,0,0,0,47,217
170,85,2971,2800,2719,2811,3293,2863,2842,2875,0,0,0,0,0,0,0,0,0,0,0,0,0,0,0,0,0,0,0,0,0,0,0,0,0,0,0,37,217
170,85,2978,2792,2753,2810,3287,2847,2844,2850,0,0,0,0,0,0,0,0,0,0,0,0,0,0,0,0,0,0,0,0,0,0,0,0,0,0,0,126,217
170,85,2976,2815,2728,2837,3272,2850,2855,2867,0,0,0,0,0,0,0,0,0,0,0,0,0,0,0,0,0,0,0,0,0,0,0,0,0,0,0,228,217
170,85,2970,2806,2741,2803,3306,2864,2841,2875,0,0,0,0,0,0,0,0,0,0,0,0,0,0,0,0,0,0,0,0,0,0,0,0,0,0,0,43,217
170,85,2973,2816,2729,2802,3314,2858,2849,2850,0,0,0,0,0,0,0,0,0,0,0,0,0,0,0,0,0,0,0,0,0,0,0,0,0,0,0,229,217
170,85,2990,2782,2727,2812,3300,2871,2867,2868,0,0,0,0,0,0,0,0,0,0,0,0,0,0,0,0,0,0,0,0,0,0,0,0,0,0,0,6,217
170,85,2972,2816,2732,2810,3308,2866,2843,2853,0,0,0,0,0,0,0,0,0,0,0,0,0,0,0,0,0,0,0,0,0,0,0,0,0,0,0,210,217
170,85,2968,2792,2728,2821,3288,2846,2843,2862,0,0,0,0,0,0,0,0,0,0,0,0,0,0,0,0,0,0,0,0,0,0,0,0,0,0,0,214,217
170,85,2971,2800,2741,2812,3312,2858,2841,2867,0,0,0,0,0,0,0,0,0,0,0,0,0,0,0,0,0,0,0,0,0,0,0,0,0,0,0,43,217
170,85,2966,2793,2753,2795,3314,2872,2843,2878,0,0,0,0,0,0,0,0,0,0,0,0,0,0,0,0,0,0,0,0,0,0,0,0,0,0,0,67,217
170,85,2961,2804,2718,2820,3301,2848,2867,2862,0,0,0,0,0,0,0,0,0,0,0,0,0,0,0,0,0,0,0,0,0,0,0,0,0,0,0,223,218
170,85,2979,2806,2742,2811,3291,2870,2856,2862,0,0,0,0,0,0,0,0,0,0,0,0,0,0,0,0,0,0,0,0,0,0,0,0,0,0,0,10,218
170,85,2979,2793,2730,2803,3295,2864,2862,2876,0,0,0,0,0,0,0,0,0,0,0,0,0,0,0,0,0,0,0,0,0,0,0,0,0,0,0,23,218
170,85,2991,2815,2735,2821,3295,2862,2869,2861,0,0,0,0,0,0,0,0,0,0,0,0,0,0,0,0,0,0,0,0,0,0,0,0,0,0,0,235,218
170,85,2980,2797,2751,2802,3295,2877,2853,2862,0,0,0,0,0,0,0,0,0,0,0,0,0,0,0,0,0,0,0,0,0,0,0,0,0,0,0,20,218
170,85,2979,2793,2741,2825,3291,2871,2859,2862,0,0,0,0,0,0,0,0,0,0,0,0,0,0,0,0,0,0,0,0,0,0,0,0,0,0,0,231,218
170,85,2965,2815,2734,2803,3299,2847,2843,2874,0,0,0,0,0,0,0,0,0,0,0,0,0,0,0,0,0,0,0,0,0,0,0,0,0,0,0,19,218
170,85,2966,2796,2735,2810,3287,2863,2859,2863,0,0,0,0,0,0,0,0,0,0,0,0,0,0,0,0,0,0,0,0,0,0,0,0,0,0,0,42,218
170,85,2959,2804,2728,2821,3290,2864,2862,2867,0,0,0,0,0,0,0,0,0,0,0,0,0,0,0,0,0,0,0,0,0,0,0,0,0,0,0,217,218
170,85,2978,2789,2728,2821,3308,2864,2853,2848,0,0,0,0,0,0,0,0,0,0,0,0,0,0,0,0,0,0,0,0,0,0,0,0,0,0,0,203,218
170,85,2966,2792,2742,2803,3287,2872,2860,2862,0,0,0,0,0,0,0,0,0,0,0,0,0,0,0,0,0,0,0,0,0,0,0,0,0,0,0,47,218
170,85,2972,2783,2752,2803,3283,2845,2859,2848,0,0,0,0,0,0,0,0,0,0,0,0,0,0,0,0,0,0,0,0,0,0,0,0,0,0,0,76,218
170,85,2978,2804,2726,2821,3267,2846,2867,2849,0,0,0,0,0,0,0,0,0,0,0,0,0,0,0,0,0,0,0,0,0,0,0,0,0,0,0,194,218
170,85,2965,2815,2741,2803,3286,2846,2853,2858,0,0,0,0,0,0,0,0,0,0,0,0,0,0,0,0,0,0,0,0,0,0,0,0,0,0,0,18,218
170,85,2978,2812,2742,2801,3284,2862,2855,2849,0,0,0,0,0,0,0,0,0,0,0,0,0,0,0,0,0,0,0,0,0,0,0,0,0,0,0,28,217
170,85,2979,2816,2741,2797,3296,2871,2867,2861,0,0,0,0,0,0,0,0,0,0,0,0,0,0,0,0,0,0,0,0,0,0,0,0,0,0,0,202,217
170,85,2979,2798,2741,2810,3270,2847,2853,2862,0,0,0,0,0,0,0,0,0,0,0,0,0,0,0,0,0,0,0,0,0,0,0,0,0,0,0,41,217
170,85,2973,2815,2734,2822,3287,2872,2855,2860,0,0,0,0,0,0,0,0,0,0,0,0,0,0,0,0,0,0,0,0,0,0,0,0,0,0,0,214,217
170,85,2973,2806,2732,2811,3288,2864,2859,2876,0,0,0,0,0,0,0,0,0,0,0,0,0,0,0,0,0,0,0,0,0,0,0,0,0,0,0,58,217
170,85,2989,2804,2740,2810,3288,2863,2843,2868,0,0,0,0,0,0,0,0,0,0,0,0,0,0,0,0,0,0,0,0,0,0,0,0,0,0,0,54,217
170,85,2972,2814,2734,2822,3300,2848,2867,2869,0,0,0,0,0,0,0,0,0,0,0,0,0,0,0,0,0,0,0,0,0,0,0,0,0,0,0,240,217
170,85,2959,2793,2752,2796,3298,2865,2868,2875,0,0,0,0,0,0,0,0,0,0,0,0,0,0,0,0,0,0,0,0,0,0,0,0,0,0,0,111,217
170,85,2960,2792,2718,2797,3289,2858,2861,2867,0,0,0,0,0,0,0,0,0,0,0,0,0,0,0,0,0,0,0,0,0,0,0,0,0,0,0,31,217
170,85,2978,2798,2728,2803,3289,2845,2857,2850,0,0,0,0,0,0,0,0,0,0,0,0,0,0,0,0,0,0,0,0,0,0,0,0,0,0,0,33,217
170,85,2965,2804,2734,2796,3288,2865,2879,2855,0,0,0,0,0,0,0,0,0,0,0,0,0,0,0,0,0,0,0,0,0,0,0,0,0,0,0,43,217
170,85,2989,2814,2733,2822,3298,2846,2860,2850,0,0,0,0,0,0,0,0,0,0,0,0,0,0,0,0,0,0,0,0,0,0,0,0,0,0,0,242,217
170,85,2965,2805,2729,2802,3271,2846,2841,2875,0,0,0,0,0,0,0,0,0,0,0,0,0,0,0,0,0,0,0,0,0,0,0,0,0,0,0,57,217
170,85,2978,2793,2728,2810,3299,2847,2844,2861,0,0,0,0,0,0,0,0,0,0,0,0,0,0,0,0,0,0,0,0,0,0,0,0,0,0,0,45,217
170,85,2977,2797,2733,2804,3299,2866,2852,2855,0,0,0,0,0,0,0,0,0,0,0,0,0,0,0,0,0,0,0,0,0,0,0,0,0,0,0,62,218
170,85,2970,2816,2729,2808,3287,2847,2841,2861,0,0,0,0,0,0,0,0,0,0,0,0,0,0,0,0,0,0,0,0,0,0,0,0,0,0,0,207,217
170,85,2966,2796,2732,2810,3294,2858,2861,2861,0,0,0,0,0,0,0,0,0,0,0,0,0,0,0,0,0,0,0,0,0,0,0,0,0,0,0,33,217
170,85,2970,2803,2730,2826,3293,2864,2861,2877,0,0,0,0,0,0,0,0,0,0,0,0,0,0,0,0,0,0,0,0,0,0,0,0,0,0,0,204,217
170,85,2966,2804,2751,2810,3288,2857,2842,2869,0,0,0,0,0,0,0,0,0,0,0,0,0,0,0,0,0,0,0,0,0,0,0,0,0,0,0,0,217
170,85,2973,2805,2741,2801,3299,2872,2859,2867,0,0,0,0,0,0,0,0,0,0,0,0,0,0,0,0,0,0,0,0,0,0,0,0,0,0,0,22,217
170,85,2966,2791,2733,2803,3286,2848,2841,2861,0,0,0,0,0,0,0,0,0,0,0,0,0,0,0,0,0,0,0,0,0,0,0,0,0,0,0,20,217
170,85,2991,2805,2728,2810,3272,2848,2851,2862,0,0,0,0,0,0,0,0,0,0,0,0,0,0,0,0,0,0,0,0,0,0,0,0,0,0,0,20,217
170,85,2979,2797,2734,2795,3293,2870,2856,2867,0,0,0,0,0,0,0,0,0,0,0,0,0,0,0,0,0,0,0,0,0,0,0,0,0,0,0,2,217
170,85,2970,2787,2748,2810,3301,2864,2858,2868,0,0,0,0,0,0,0,0,0,0,0,0,0,0,0,0,0,0,0,0,0,0,0,0,0,0,0,13,217
170,85,2970,2791,2741,2809,3310,2864,2851,2867,0,0,0,0,0,0,0,0,0,0,0,0,0,0,0,0,0,0,0,0,0,0,0,0,0,0,0,6,217
170,85,2966,2804,2741,2821,3297,2848,2860,2848,0,0,0,0,0,0,0,0,0,0,0,0,0,0,0,0,0,0,0,0,0,0,0,0,0,0,0,231,216
170,85,2989,2782,2717,2801,3296,2869,2866,2849,0,0,0,0,0,0,0,0,0,0,0,0,0,0,0,0,0,0,0,0,0,0,0,0,0,0,0,32,216
170,85,2989,2793,2752,2797,3286,2846,2858,2861,0,0,0,0,0,0,0,0,0,0,0,0,0,0,0,0,0,0,0,0,0,0,0,0,0,0,0,95,215
170,85,2972,2799,2727,2810,3287,2844,2851,2877,0,0,0,0,0,0,0,0,0,0,0,0,0,0,0,0,0,0,0,0,0,0,0,0,0,0,0,2,215
170,85,2978,2792,2753,2812,3311,2870,2848,2867,0,0,0,0,0,0,0,0,0,0,0,0,0,0,0,0,0,0,0,0,0,0,0,0,0,0,0,68,215
170,85,2972,2811,2753,2796,3287,2864,2859,2850,0,0,0,0,0,0,0,0,0,0,0,0,0,0,0,0,0,0,0,0,0,0,0,0,0,0,0,93,215
170,85,2966,2798,2740,2798,3289,2846,2861,2867,0,0,0,0,0,0,0,0,0,0,0,0,0,0,0,0,0,0,0,0,0,0,0,0,0,0,0,2,214
170,85,2978,2816,2745,2821,3287,2862,2865,2861,0,0,0,0,0,0,0,0,0,0,0,0,0,0,0,0,0,0,0,0,0,0,0,0,0,0,0,2,215
170,85,2973,2797,2729,2810,3286,2856,2873,2860,0,0,0,0,0,0,0,0,0,0,0,0,0,0,0,0,0,0,0,0,0,0,0,0,0,0,0,49,215
170,85,2959,2819,2728,2820,3286,2866,2860,2859,0,0,0,0,0,0,0,0,0,0,0,0,0,0,0,0,0,0,0,0,0,0,0,0,0,0,0,58,215
170,85,2978,2798,2726,2810,3300,2863,2859,2851,0,0,0,0,0,0,0,0,0,0,0,0,0,0,0,0,0,0,0,0,0,0,0,0,0,0,0,42,215
170,85,2978,2791,2741,2802,3297,2865,2844,2861,0,0,0,0,0,0,0,0,0,0,0,0,0,0,0,0,0,0,0,0,0,0,0,0,0,0,0,26,216
170,85,2978,2811,2733,2801,3289,2865,2842,2850,0,0,0,0,0,0,0,0,0,0,0,0,0,0,0,0,0,0,0,0,0,0,0,0,0,0,0,44,216
170,85,2971,2804,2728,2811,3287,2846,2868,2867,0,0,0,0,0,0,0,0,0,0,0,0,0,0,0,0,0,0,0,0,0,0,0,0,0,0,0,11,216
170,85,2979,2799,2718,2811,3299,2863,2867,2861,0,0,0,0,0,0,0,0,0,0,0,0,0,0,0,0,0,0,0,0,0,0,0,0,0,0,0,2,216
170,85,2978,2805,2726,2796,3301,2847,2860,2861,0,0,0,0,0,0,0,0,0,0,0,0,0,0,0,0,0,0,0,0,0,0,0,0,0,0,0,31,216
170,85,2990,2793,2742,2802,3294,2845,2860,2849,0,0,0,0,0,0,0,0,0,0,0,0,0,0,0,0,0,0,0,0,0,0,0,0,0,0,0,52,216
170,85,2966,2804,2725,2809,3291,2863,2841,2848,0,0,0,0,0,0,0,0,0,0,0,0,0,0,0,0,0,0,0,0,0,0,0,0,0,0,0,10,215
170,85,2989,2795,2751,2803,3296,2847,2858,2848,0,0,0,0,0,0,0,0,0,0,0,0,0,0,0,0,0,0,0,0,0,0,0,0,0,0,0,6,215
170,85,2970,2783,2727,2821,3314,2863,2859,2851,0,0,0,0,0,0,0,0,0,0,0,0,0,0,0,0,0,0,0,0,0,0,0,0,0,0,0,202,216
170,85,2964,2805,2727,2806,3288,2846,2859,2877,0,0,0,0,0,0,0,0,0,0,0,0,0,0,0,0,0,0,0,0,0,0,0,0,0,0,0,25,216
170,85,2991,2805,2733,2811,3298,2864,2868,2868,0,0,0,0,0,0,0,0,0,0,0,0,0,0,0,0,0,0,0,0,0,0,0,0,0,0,0,39,216
170,85,2978,2797,2727,2804,3285,2857,2859,2850,0,0,0,0,0,0,0,0,0,0,0,0,0,0,0,0,0,0,0,0,0,0,0,0,0,0,0,16,217
170,85,2977,2790,2753,2822,3287,2847,2867,2880,0,0,0,0,0,0,0,0,0,0,0,0,0,0,0,0,0,0,0,0,0,0,0,0,0,0,0,195,217
170,85,2972,2799,2728,2810,3289,2872,2867,2867,0,0,0,0,0,0,0,0,0,0,0,0,0,0,0,0,0,0,0,0,0,0,0,0,0,0,0,57,217
170,85,2966,2805,2734,2810,3289,2872,2862,2862,0,0,0,0,0,0,0,0,0,0,0,0,0,0,0,0,0,0,0,0,0,0,0,0,0,0,0,47,217
170,85,2990,2799,2740,2810,3297,2857,2855,2874,0,0,0,0,0,0,0,0,0,0,0,0,0,0,0,0,0,0,0,0,0,0,0,0,0,0,0,35,217
170,85,2978,2805,2740,2803,3298,2864,2866,2849,0,0,0,0,0,0,0,0,0,0,0,0,0,0,0,0,0,0,0,0,0,0,0,0,0,0,0,40,217
170,85,2973,2805,2727,2804,3297,2864,2856,2861,0,0,0,0,0,0,0,0,0,0,0,0,0,0,0,0,0,0,0,0,0,0,0,0,0,0,0,22,217
170,85,2972,2817,2741,2798,3283,2848,2844,2868,0,0,0,0,0,0,0,0,0,0,0,0,0,0,0,0,0,0,0,0,0,0,0,0,0,0,0,229,217
170,85,2980,2791,2718,2797,3296,2866,2842,2875,0,0,0,0,0,0,0,0,0,0,0,0,0,0,0,0,0,0,0,0,0,0,0,0,0,0,0,58,217
170,85,2980,2804,2729,2797,3299,2871,2868,2874,0,0,0,0,0,0,0,0,0,0,0,0,0,0,0,0,0,0,0,0,0,0,0,0,0,0,0,55,217
170,85,2976,2783,2742,2797,3286,2848,2854,2849,0,0,0,0,0,0,0,0,0,0,0,0,0,0,0,0,0,0,0,0,0,0,0,0,0,0,0,44,217
170,85,2973,2807,2730,2812,3298,2847,2844,2869,0,0,0,0,0,0,0,0,0,0,0,0,0,0,0,0,0,0,0,0,0,0,0,0,0,0,0,17,217
170,85,2979,2798,2741,2804,3271,2850,2857,2862,0,0,0,0,0,0,0,0,0,0,0,0,0,0,0,0,0,0,0,0,0,0,0,0,0,0,0,23,217
170,85,2980,2805,2742,2837,3299,2865,2845,2876,0,0,0,0,0,0,0,0,0,0,0,0,0,0,0,0,0,0,0,0,0,0,0,0,0,0,0,249,217
170,85,2972,2805,2752,2804,3286,2847,2844,2879,0,0,0,0,0,0,0,0,0,0,0,0,0,0,0,0,0,0,0,0,0,0,0,0,0,0,0,78,217
170,85,2961,2817,2729,2824,3289,2874,2843,2863,0,0,0,0,0,0,0,0,0,0,0,0,0,0,0,0,0,0,0,0,0,0,0,0,0,0,0,31,217
170,85,2980,2805,2753,2805,3287,2848,2846,2862,0,0,0,0,0,0,0,0,0,0,0,0,0,0,0,0,0,0,0,0,0,0,0,0,0,0,0,91,217
170,85,2966,2806,2728,2810,3289,2880,2869,2875,0,0,0,0,0,0,0,0,0,0,0,0,0,0,0,0,0,0,0,0,0,0,0,0,0,0,0,92,217
170,85,2963,2792,2752,2822,3308,2864,2844,2863,0,0,0,0,0,0,0,0,0,0,0,0,0,0,0,0,0,0,0,0,0,0,0,0,0,0,0,170,217
170,85,2966,2799,2752,2804,3307,2866,2875,2864,0,0,0,0,0,0,0,0,0,0,0,0,0,0,0,0,0,0,0,0,0,0,0,0,0,0,0,102,217
170,85,2990,2806,2740,2810,3318,2864,2880,2852,0,0,0,0,0,0,0,0,0,0,0,0,0,0,0,0,0,0,0,0,0,0,0,0,0,0,0,77,217
170,85,2973,2792,2719,2812,3288,2866,2860,2869,0,0,0,0,0,0,0,0,0,0,0,0,0,0,0,0,0,0,0,0,0,0,0,0,0,0,0,28,217
170,85,2972,2817,2743,2825,3299,2873,2867,2850,0,0,0,0,0,0,0,0,0,0,0,0,0,0,0,0,0,0,0,0,0,0,0,0,0,0,0,17,217
170,85,2979,2806,2753,2826,3289,2873,2855,2883,0,0,0,0,0,0,0,0,0,0,0,0,0,0,0,0,0,0,0,0,0,0,0,0,0,0,0,226,217
170,85,2981,2797,2742,2797,3302,2866,2874,2878,0,0,0,0,0,0,0,0,0,0,0,0,0,0,0,0,0,0,0,0,0,0,0,0,0,0,0,58,218
170,85,2967,2798,2743,2812,3296,2866,2862,2870,0,0,0,0,0,0,0,0,0,0,0,0,0,0,0,0,0,0,0,0,0,0,0,0,0,0,0,1,217
170,85,2974,2800,2735,2812,3306,2859,2862,2868,0,0,0,0,0,0,0,0,0,0,0,0,0,0,0,0,0,0,0,0,0,0,0,0,0,0,0,31,217
170,85,2991,2816,2742,2803,3301,2860,2861,2877,0,0,0,0,0,0,0,0,0,0,0,0,0,0,0,0,0,0,0,0,0,0,0,0,0,0,0,203,217
170,85,2980,2793,2719,2798,3273,2850,2864,2852,0,0,0,0,0,0,0,0,0,0,0,0,0,0,0,0,0,0,0,0,0,0,0,0,0,0,0,58,217
170,85,2994,2817,2744,2797,3296,2849,2863,2878,0,0,0,0,0,0,0,0,0,0,0,0,0,0,0,0,0,0,0,0,0,0,0,0,0,0,0,206,217
170,85,2960,2783,2735,2805,3281,2876,2856,2871,0,0,0,0,0,0,0,0,0,0,0,0,0,0,0,0,0,0,0,0,0,0,0,0,0,0,0,30,217
170,85,2967,2799,2729,2813,3296,2875,2845,2851,0,0,0,0,0,0,0,0,0,0,0,0,0,0,0,0,0,0,0,0,0,0,0,0,0,0,0,48,217
170,85,2968,2799,2753,2804,3308,2866,2870,2871,0,0,0,0,0,0,0,0,0,0,0,0,0,0,0,0,0,0,0,0,0,0,0,0,0,0,0,100,217
170,85,2973,2806,2735,2800,3295,2874,2854,2871,0,0,0,0,0,0,0,0,0,0,0,0,0,0,0,0,0,0,0,0,0,0,0,0,0,0,0,57,217
170,85,2979,2805,2741,2812,3302,2849,2865,2877,0,0,0,0,0,0,0,0,0,0,0,0,0,0,0,0,0,0,0,0,0,0,0,0,0,0,0,45,217
170,85,2960,2805,2729,2810,3319,2866,2870,2869,0,0,0,0,0,0,0,0,0,0,0,0,0,0,0,0,0,0,0,0,0,0,0,0,0,0,0,9,217
170,85,2973,2791,2720,2811,3316,2848,2869,2879,0,0,0,0,0,0,0,0,0,0,0,0,0,0,0,0,0,0,0,0,0,0,0,0,0,0,0,6,217
170,85,2979,2800,2754,2823,3295,2852,2856,2877,0,0,0,0,0,0,0,0,0,0,0,0,0,0,0,0,0,0,0,0,0,0,0,0,0,0,0,128,217
170,85,2973,2804,2718,2811,3320,2860,2863,2853,0,0,0,0,0,0,0,0,0,0,0,0,0,0,0,0,0,0,0,0,0,0,0,0,0,0,0,43,217
170,85,2979,2819,2720,2811,3296,2849,2860,2864,0,0,0,0,0,0,0,0,0,0,0,0,0,0,0,0,0,0,0,0,0,0,0,0,0,0,0,222,217
170,85,2990,2784,2729,2825,3290,2860,2862,2870,0,0,0,0,0,0,0,0,0,0,0,0,0,0,0,0,0,0,0,0,0,0,0,0,0,0,0,248,217
170,85,2974,2805,2727,2823,3306,2865,2870,2853,0,0,0,0,0,0,0,0,0,0,0,0,0,0,0,0,0,0,0,0,0,0,0,0,0,0,0,251,217
170,85,2980,2792,2741,2803,3307,2851,2863,2878,0,0,0,0,0,0,0,0,0,0,0,0,0,0,0,0,0,0,0,0,0,0,0,0,0,0,0,42,217
170,85,2979,2815,2741,2803,3300,2847,2861,2876,0,0,0,0,0,0,0,0,0,0,0,0,0,0,0,0,0,0,0,0,0,0,0,0,0,0,0,9,217
170,85,2979,2817,2728,2811,3307,2849,2862,2854,0,0,0,0,0,0,0,0,0,0,0,0,0,0,0,0,0,0,0,0,0,0,0,0,0,0,0,203,217
170,85,2980,2792,2729,2811,3306,2864,2881,2854,0,0,0,0,0,0,0,0,0,0,0,0,0,0,0,0,0,0,0,0,0,0,0,0,0,0,0,90,217
170,85,2976,2794,2728,2797,3274,2866,2863,2851,0,0,0,0,0,0,0,0,0,0,0,0,0,0,0,0,0,0,0,0,0,0,0,0,0,0,0,2,217
170,85,2987,2795,2719,2823,3289,2865,2847,2870,0,0,0,0,0,0,0,0,0,0,0,0,0,0,0,0,0,0,0,0,0,0,0,0,0,0,0,225,217
170,85,2975,2806,2727,2804,3301,2865,2860,2863,0,0,0,0,0,0,0,0,0,0,0,0,0,0,0,0,0,0,0,0,0,0,0,0,0,0,0,20,217
170,85,2966,2804,2740,2811,3305,2848,2863,2854,0,0,0,0,0,0,0,0,0,0,0,0,0,0,0,0,0,0,0,0,0,0,0,0,0,0,0,20,217
170,85,2970,2793,2742,2811,3308,2866,2863,2871,0,0,0,0,0,0,0,0,0,0,0,0,0,0,0,0,0,0,0,0,0,0,0,0,0,0,0,1,217
170,85,2968,2793,2729,2823,3289,2866,2867,2871,0,0,0,0,0,0,0,0,0,0,0,0,0,0,0,0,0,0,0,0,0,0,0,0,0,0,0,200,217
170,85,2971,2800,2728,2813,3299,2879,2871,2870,0,0,0,0,0,0,0,0,0,0,0,0,0,0,0,0,0,0,0,0,0,0,0,0,0,0,0,26,217
170,85,2981,2804,2742,2799,3298,2849,2861,2870,0,0,0,0,0,0,0,0,0,0,0,0,0,0,0,0,0,0,0,0,0,0,0,0,0,0,0,41,217
170,85,2973,2798,2738,2810,3312,2849,2870,2877,0,0,0,0,0,0,0,0,0,0,0,0,0,0,0,0,0,0,0,0,0,0,0,0,0,0,0,24,217
170,85,2972,2804,2729,2822,3288,2848,2859,2862,0,0,0,0,0,0,0,0,0,0,0,0,0,0,0,0,0,0,0,0,0,0,0,0,0,0,0,194,217
170,85,2963,2804,2741,2803,3304,2865,2861,2874,0,0,0,0,0,0,0,0,0,0,0,0,0,0,0,0,0,0,0,0,0,0,0,0,0,0,0,22,217
170,85,2990,2806,2718,2804,3293,2859,2858,2863,0,0,0,0,0,0,0,0,0,0,0,0,0,0,0,0,0,0,0,0,0,0,0,0,0,0,0,56,217
170,85,2972,2805,2728,2803,3290,2867,2861,2851,0,0,0,0,0,0,0,0,0,0,0,0,0,0,0,0,0,0,0,0,0,0,0,0,0,0,0,44,217
170,85,2979,2796,2735,2799,3298,2872,2860,2869,0,0,0,0,0,0,0,0,0,0,0,0,0,0,0,0,0,0,0,0,0,0,0,0,0,0,0,53,217
170,85,2990,2807,2741,2811,3289,2866,2862,2864,0,0,0,0,0,0,0,0,0,0,0,0,0,0,0,0,0,0,0,0,0,0,0,0,0,0,0,27,217
170,85,2965,2789,2742,2810,3283,2846,2843,2862,0,0,0,0,0,0,0,0,0,0,0,0,0,0,0,0,0,0,0,0,0,0,0,0,0,0,0,61,217
170,85,2976,2804,2728,2810,3285,2859,2861,2869,0,0,0,0,0,0,0,0,0,0,0,0,0,0,0,0,0,0,0,0,0,0,0,0,0,0,0,25,217
170,85,2966,2798,2728,2804,3285,2865,2862,2868,0,0,0,0,0,0,0,0,0,0,0,0,0,0,0,0,0,0,0,0,0,0,0,0,0,0,0,35,217
170,85,2965,2798,2738,2810,3285,2859,2862,2853,0,0,0,0,0,0,0,0,0,0,0,0,0,0,0,0,0,0,0,0,0,0,0,0,0,0,0,63,218
170,85,2974,2806,2720,2804,3308,2865,2856,2877,0,0,0,0,0,0,0,0,0,0,0,0,0,0,0,0,0,0,0,0,0,0,0,0,0,0,0,13,218
170,85,2966,2793,2742,2812,3288,2859,2844,2877,0,0,0,0,0,0,0,0,0,0,0,0,0,0,0,0,0,0,0,0,0,0,0,0,0,0,0,30,218
170,85,2967,2797,2742,2811,3287,2872,2843,2882,0,0,0,0,0,0,0,0,0,0,0,0,0,0,0,0,0,0,0,0,0,0,0,0,0,0,0,120,218
170,85,2986,2797,2734,2810,3300,2849,2845,2870,0,0,0,0,0,0,0,0,0,0,0,0,0,0,0,0,0,0,0,0,0,0,0,0,0,0,0,4,218
170,85,2974,2791,2753,2810,3286,2865,2860,2878,0,0,0,0,0,0,0,0,0,0,0,0,0,0,0,0,0,0,0,0,0,0,0,0,0,0,0,78,218
170,85,2987,2816,2728,2803,3288,2848,2844,2860,0,0,0,0,0,0,0,0,0,0,0,0,0,0,0,0,0,0,0,0,0,0,0,0,0,0,0,192,218
170,85,2975,2790,2752,2821,3288,2864,2843,2852,0,0,0,0,0,0,0,0,0,0,0,0,0,0,0,0,0,0,0,0,0,0,0,0,0,0,0,147,218
170,85,2975,2791,2743,2797,3299,2864,2862,2852,0,0,0,0,0,0,0,0,0,0,0,0,0,0,0,0,0,0,0,0,0,0,0,0,0,0,0,2,217
170,85,2973,2817,2728,2810,3293,2865,2870,2873,0,0,0,0,0,0,0,0,0,0,0,0,0,0,0,0,0,0,0,0,0,0,0,0,0,0,0,213,218
170,85,2966,2815,2728,2811,3287,2849,2854,2877,0,0,0,0,0,0,0,0,0,0,0,0,0,0,0,0,0,0,0,0,0,0,0,0,0,0,0,46,218
170,85,2987,2789,2753,2821,3298,2864,2854,2850,0,0,0,0,0,0,0,0,0,0,0,0,0,0,0,0,0,0,0,0,0,0,0,0,0,0,0,164,218
170,85,2991,2805,2737,2797,3282,2859,2862,2875,0,0,0,0,0,0,0,0,0,0,0,0,0,0,0,0,0,0,0,0,0,0,0,0,0,0,0,19,217
170,85,2978,2792,2729,2821,3282,2858,2845,2869,0,0,0,0,0,0,0,0,0,0,0,0,0,0,0,0,0,0,0,0,0,0,0,0,0,0,0,206,218
170,85,2980,2796,2728,2796,3278,2848,2861,2851,0,0,0,0,0,0,0,0,0,0,0,0,0,0,0,0,0,0,0,0,0,0,0,0,0,0,0,21,217
170,85,2979,2804,2729,2804,3284,2872,2861,2853,0,0,0,0,0,0,0,0,0,0,0,0,0,0,0,0,0,0,0,0,0,0,0,0,0,0,0,23,218
170,85,2978,2797,2728,2810,3293,2864,2861,2864,0,0,0,0,0,0,0,0,0,0,0,0,0,0,0,0,0,0,0,0,0,0,0,0,0,0,0,20,218
170,85,2969,2798,2726,2802,3283,2866,2868,2862,0,0,0,0,0,0,0,0,0,0,0,0,0,0,0,0,0,0,0,0,0,0,0,0,0,0,0,33,218
170,85,2963,2816,2740,2796,3293,2864,2842,2877,0,0,0,0,0,0,0,0,0,0,0,0,0,0,0,0,0,0,0,0,0,0,0,0,0,0,0,249,218
170,85,2979,2796,2741,2810,3284,2847,2866,2868,0,0,0,0,0,0,0,0,0,0,0,0,0,0,0,0,0,0,0,0,0,0,0,0,0,0,0,52,218
170,85,2965,2799,2733,2803,3296,2865,2844,2868,0,0,0,0,0,0,0,0,0,0,0,0,0,0,0,0,0,0,0,0,0,0,0,0,0,0,0,36,218
170,85,2970,2799,2728,2804,3286,2848,2860,2869,0,0,0,0,0,0,0,0,0,0,0,0,0,0,0,0,0,0,0,0,0,0,0,0,0,0,0,63,218
170,85,2963,2815,2713,2797,3296,2865,2842,2856,0,0,0,0,0,0,0,0,0,0,0,0,0,0,0,0,0,0,0,0,0,0,0,0,0,0,0,2,218
170,85,2977,2788,2728,2802,3295,2865,2861,2868,0,0,0,0,0,0,0,0,0,0,0,0,0,0,0,0,0,0,0,0,0,0,0,0,0,0,0,17,218
170,85,2981,2804,2730,2797,3319,2864,2878,2870,0,0,0,0,0,0,0,0,0,0,0,0,0,0,0,0,0,0,0,0,0,0,0,0,0,0,0,32,217
170,85,2973,2817,2740,2820,3307,2872,2853,2876,0,0,0,0,0,0,0,0,0,0,0,0,0,0,0,0,0,0,0,0,0,0,0,0,0,0,0,31,217
170,85,2959,2798,2731,2797,3293,2846,2843,2877,0,0,0,0,0,0,0,0,0,0,0,0,0,0,0,0,0,0,0,0,0,0,0,0,0,0,0,59,218
170,85,2991,2803,2728,2821,3279,2847,2861,2851,0,0,0,0,0,0,0,0,0,0,0,0,0,0,0,0,0,0,0,0,0,0,0,0,0,0,0,215,218
170,85,2972,2797,2732,2796,3318,2863,2868,2861,0,0,0,0,0,0,0,0,0,0,0,0,0,0,0,0,0,0,0,0,0,0,0,0,0,0,0,8,217
170,85,2962,2789,2728,2809,3307,2865,2876,2869,0,0,0,0,0,0,0,0,0,0,0,0,0,0,0,0,0,0,0,0,0,0,0,0,0,0,0,12,217
170,85,2978,2816,2739,2825,3307,2844,2869,2861,0,0,0,0,0,0,0,0,0,0,0,0,0,0,0,0,0,0,0,0,0,0,0,0,0,0,0,14,217
170,85,2960,2803,2727,2796,3281,2865,2858,2873,0,0,0,0,0,0,0,0,0,0,0,0,0,0,0,0,0,0,0,0,0,0,0,0,0,0,0,34,217
170,85,2972,2815,2740,2787,3280,2871,2861,2869,0,0,0,0,0,0,0,0,0,0,0,0,0,0,0,0,0,0,0,0,0,0,0,0,0,0,0,50,217
170,85,2973,2793,2726,2824,3306,2847,2851,2873,0,0,0,0,0,0,0,0,0,0,0,0,0,0,0,0,0,0,0,0,0,0,0,0,0,0,0,205,217
170,85,2979,2798,2741,2803,3293,2865,2859,2863,0,0,0,0,0,0,0,0,0,0,0,0,0,0,0,0,0,0,0,0,0,0,0,0,0,0,0,26,217
170,85,2971,2795,2727,2821,3298,2856,2866,2861,0,0,0,0,0,0,0,0,0,0,0,0,0,0,0,0,0,0,0,0,0,0,0,0,0,0,0,255,217
170,85,2969,2799,2718,2807,3298,2864,2842,2866,0,0,0,0,0,0,0,0,0,0,0,0,0,0,0,0,0,0,0,0,0,0,0,0,0,0,0,28,217
170,85,2973,2814,2727,2825,3294,2847,2855,2877,0,0,0,0,0,0,0,0,0,0,0,0,0,0,0,0,0,0,0,0,0,0,0,0,0,0,0,238,217
170,85,2976,2797,2733,2801,3297,2844,2859,2867,0,0,0,0,0,0,0,0,0,0,0,0,0,0,0,0,0,0,0,0,0,0,0,0,0,0,0,13,217
170,85,2967,2804,2726,2806,3307,2862,2868,2859,0,0,0,0,0,0,0,0,0,0,0,0,0,0,0,0,0,0,0,0,0,0,0,0,0,0,0,16,218
170,85,2991,2811,2727,2800,3300,2846,2860,2860,0,0,0,0,0,0,0,0,0,0,0,0,0,0,0,0,0,0,0,0,0,0,0,0,0,0,0,0,218
170,85,2961,2792,2740,2795,3306,2839,2866,2848,0,0,0,0,0,0,0,0,0,0,0,0,0,0,0,0,0,0,0,0,0,0,0,0,0,0,0,48,218
170,85,2965,2811,2733,2796,3307,2870,2830,2854,0,0,0,0,0,0,0,0,0,0,0,0,0,0,0,0,0,0,0,0,0,0,0,0,0,0,0,35,217
170,85,2961,2816,2726,2801,3308,2862,2840,2849,0,0,0,0,0,0,0,0,0,0,0,0,0,0,0,0,0,0,0,0,0,0,0,0,0,0,0,197,217
170,85,2984,2790,2718,2793,3306,2869,2851,2859,0,0,0,0,0,0,0,0,0,0,0,0,0,0,0,0,0,0,0,0,0,0,0,0,0,0,0,23,217
170,85,2977,2800,2739,2808,3320,2863,2842,2860,0,0,0,0,0,0,0,0,0,0,0,0,0,0,0,0,0,0,0,0,0,0,0,0,0,0,0,2,217
170,85,2972,2794,2731,2806,3304,2862,2875,2859,0,0,0,0,0,0,0,0,0,0,0,0,0,0,0,0,0,0,0,0,0,0,0,0,0,0,0,4,217
170,85,2973,2798,2726,2801,3297,2849,2865,2858,0,0,0,0,0,0,0,0,0,0,0,0,0,0,0,0,0,0,0,0,0,0,0,0,0,0,0,6,217
170,85,2969,2793,2727,2823,3307,2862,2856,2860,0,0,0,0,0,0,0,0,0,0,0,0,0,0,0,0,0,0,0,0,0,0,0,0,0,0,0,233,217
170,85,2968,2790,2740,2819,3295,2856,2848,2847,0,0,0,0,0,0,0,0,0,0,0,0,0,0,0,0,0,0,0,0,0,0,0,0,0,0,0,249,217
170,85,2987,2815,2728,2794,3294,2868,2853,2849,0,0,0,0,0,0,0,0,0,0,0,0,0,0,0,0,0,0,0,0,0,0,0,0,0,0,0,1,217
170,85,2958,2797,2733,2800,3295,2862,2859,2867,0,0,0,0,0,0,0,0,0,0,0,0,0,0,0,0,0,0,0,0,0,0,0,0,0,0,0,46,217
170,85,2964,2803,2740,2794,3314,2861,2859,2848,0,0,0,0,0,0,0,0,0,0,0,0,0,0,0,0,0,0,0,0,0,0,0,0,0,0,0,20,217
170,85,2975,2797,2727,2808,3295,2861,2857,2848,0,0,0,0,0,0,0,0,0,0,0,0,0,0,0,0,0,0,0,0,0,0,0,0,0,0,0,47,218
170,85,2977,2809,2726,2787,3296,2869,2858,2871,0,0,0,0,0,0,0,0,0,0,0,0,0,0,0,0,0,0,0,0,0,0,0,0,0,0,0,44,218
170,85,2972,2787,2717,2799,3305,2861,2852,2876,0,0,0,0,0,0,0,0,0,0,0,0,0,0,0,0,0,0,0,0,0,0,0,0,0,0,0,40,218
170,85,2959,2799,2732,2809,3292,2868,2840,2863,0,0,0,0,0,0,0,0,0,0,0,0,0,0,0,0,0,0,0,0,0,0,0,0,0,0,0,19,218
170,85,2957,2795,2750,2794,3296,2868,2828,2854,0,0,0,0,0,0,0,0,0,0,0,0,0,0,0,0,0,0,0,0,0,0,0,0,0,0,0,53,218
170,85,2963,2814,2731,2807,3305,2870,2845,2845,0,0,0,0,0,0,0,0,0,0,0,0,0,0,0,0,0,0,0,0,0,0,0,0,0,0,0,23,218
170,85,2962,2795,2734,2799,3314,2855,2841,2866,0,0,0,0,0,0,0,0,0,0,0,0,0,0,0,0,0,0,0,0,0,0,0,0,0,0,0,63,218
170,85,2966,2812,2739,2808,3295,2856,2857,2860,0,0,0,0,0,0,0,0,0,0,0,0,0,0,0,0,0,0,0,0,0,0,0,0,0,0,0,42,218
170,85,2977,2791,2726,2794,3305,2843,2851,2851,0,0,0,0,0,0,0,0,0,0,0,0,0,0,0,0,0,0,0,0,0,0,0,0,0,0,0,1,218
170,85,2969,2791,2722,2807,3292,2842,2857,2847,0,0,0,0,0,0,0,0,0,0,0,0,0,0,0,0,0,0,0,0,0,0,0,0,0,0,0,34,219
170,85,2976,2792,2725,2819,3293,2855,2845,2872,0,0,0,0,0,0,0,0,0,0,0,0,0,0,0,0,0,0,0,0,0,0,0,0,0,0,0,201,219
170,85,2971,2797,2725,2795,3295,2867,2853,2848,0,0,0,0,0,0,0,0,0,0,0,0,0,0,0,0,0,0,0,0,0,0,0,0,0,0,0,40,219
170,85,2968,2791,2750,2785,3294,2855,2841,2847,0,0,0,0,0,0,0,0,0,0,0,0,0,0,0,0,0,0,0,0,0,0,0,0,0,0,0,38,219
170,85,2976,2813,2737,2791,3303,2835,2841,2859,0,0,0,0,0,0,0,0,0,0,0,0,0,0,0,0,0,0,0,0,0,0,0,0,0,0,0,52,219
170,85,2977,2793,2738,2794,3297,2868,2829,2859,0,0,0,0,0,0,0,0,0,0,0,0,0,0,0,0,0,0,0,0,0,0,0,0,0,0,0,26,219
170,85,2975,2796,2726,2802,3305,2860,2863,2860,0,0,0,0,0,0,0,0,0,0,0,0,0,0,0,0,0,0,0,0,0,0,0,0,0,0,0,24,218
170,85,2971,2814,2716,2792,3295,2867,2866,2845,0,0,0,0,0,0,0,0,0,0,0,0,0,0,0,0,0,0,0,0,0,0,0,0,0,0,0,43,218
170,85,2964,2795,2736,2819,3302,2869,2853,2847,0,0,0,0,0,0,0,0,0,0,0,0,0,0,0,0,0,0,0,0,0,0,0,0,0,0,0,221,218
170,85,2986,2792,2737,2807,3293,2861,2841,2849,0,0,0,0,0,0,0,0,0,0,0,0,0,0,0,0,0,0,0,0,0,0,0,0,0,0,0,53,218
170,85,2963,2797,2726,2808,3305,2850,2841,2848,0,0,0,0,0,0,0,0,0,0,0,0,0,0,0,0,0,0,0,0,0,0,0,0,0,0,0,43,218
170,85,2989,2786,2732,2795,3298,2846,2852,2860,0,0,0,0,0,0,0,0,0,0,0,0,0,0,0,0,0,0,0,0,0,0,0,0,0,0,0,5,218
170,85,2963,2781,2716,2809,3293,2862,2866,2866,0,0,0,0,0,0,0,0,0,0,0,0,0,0,0,0,0,0,0,0,0,0,0,0,0,0,0,33,219
170,85,2988,2788,2738,2795,3306,2862,2831,2853,0,0,0,0,0,0,0,0,0,0,0,0,0,0,0,0,0,0,0,0,0,0,0,0,0,0,0,6,218
170,85,2965,2792,2727,2802,3294,2861,2871,2872,0,0,0,0,0,0,0,0,0,0,0,0,0,0,0,0,0,0,0,0,0,0,0,0,0,0,0,45,219
170,85,2963,2787,2727,2795,3305,2844,2842,2866,0,0,0,0,0,0,0,0,0,0,0,0,0,0,0,0,0,0,0,0,0,0,0,0,0,0,0,24,219
170,85,2984,2793,2727,2800,3279,2861,2856,2866,0,0,0,0,0,0,0,0,0,0,0,0,0,0,0,0,0,0,0,0,0,0,0,0,0,0,0,23,219
170,85,2983,2791,2727,2805,3299,2838,2839,2858,0,0,0,0,0,0,0,0,0,0,0,0,0,0,0,0,0,0,0,0,0,0,0,0,0,0,0,35,219
170,85,2962,2780,2738,2818,3305,2854,2842,2840,0,0,0,0,0,0,0,0,0,0,0,0,0,0,0,0,0,0,0,0,0,0,0,0,0,0,0,203,219
170,85,2962,2810,2725,2801,3285,2868,2846,2866,0,0,0,0,0,0,0,0,0,0,0,0,0,0,0,0,0,0,0,0,0,0,0,0,0,0,0,8,219
170,85,2978,2812,2739,2819,3305,2861,2827,2859,0,0,0,0,0,0,0,0,0,0,0,0,0,0,0,0,0,0,0,0,0,0,0,0,0,0,0,242,219
170,85,2972,2799,2715,2798,3305,2868,2854,2859,0,0,0,0,0,0,0,0,0,0,0,0,0,0,0,0,0,0,0,0,0,0,0,0,0,0,0,47,219
170,85,2971,2790,2724,2817,3294,2870,2825,2861,0,0,0,0,0,0,0,0,0,0,0,0,0,0,0,0,0,0,0,0,0,0,0,0,0,0,0,236,219
170,85,2958,2794,2730,2778,3300,2875,2853,2850,0,0,0,0,0,0,0,0,0,0,0,0,0,0,0,0,0,0,0,0,0,0,0,0,0,0,0,53,219
170,85,2957,2793,2731,2786,3291,2860,2864,2860,0,0,0,0,0,0,0,0,0,0,0,0,0,0,0,0,0,0,0,0,0,0,0,0,0,0,0,63,218
170,85,2971,2809,2737,2793,3293,2862,2857,2849,0,0,0,0,0,0,0,0,0,0,0,0,0,0,0,0,0,0,0,0,0,0,0,0,0,0,0,56,218
170,85,2969,2794,2716,2811,3278,2837,2851,2848,0,0,0,0,0,0,0,0,0,0,0,0,0,0,0,0,0,0,0,0,0,0,0,0,0,0,0,53,219
170,85,2976,2805,2740,2818,3295,2843,2835,2860,0,0,0,0,0,0,0,0,0,0,0,0,0,0,0,0,0,0,0,0,0,0,0,0,0,0,0,224,219
170,85,2988,2799,2725,2799,3305,2848,2849,2872,0,0,0,0,0,0,0,0,0,0,0,0,0,0,0,0,0,0,0,0,0,0,0,0,0,0,0,32,218
170,85,2977,2803,2738,2804,3295,2843,2844,2854,0,0,0,0,0,0,0,0,0,0,0,0,0,0,0,0,0,0,0,0,0,0,0,0,0,0,0,19,219
170,85,2963,2813,2748,2797,3290,2868,2839,2866,0,0,0,0,0,0,0,0,0,0,0,0,0,0,0,0,0,0,0,0,0,0,0,0,0,0,0,13,219
170,85,2964,2810,2739,2812,3302,2861,2870,2862,0,0,0,0,0,0,0,0,0,0,0,0,0,0,0,0,0,0,0,0,0,0,0,0,0,0,0,11,219
170,85,2963,2805,2726,2800,3305,2867,2827,2848,0,0,0,0,0,0,0,0,0,0,0,0,0,0,0,0,0,0,0,0,0,0,0,0,0,0,0,56,219
170,85,2969,2794,2732,2818,3298,2844,2857,2847,0,0,0,0,0,0,0,0,0,0,0,0,0,0,0,0,0,0,0,0,0,0,0,0,0,0,0,237,219
170,85,2988,2816,2724,2818,3306,2850,2854,2848,0,0,0,0,0,0,0,0,0,0,0,0,0,0,0,0,0,0,0,0,0,0,0,0,0,0,0,61,219
170,85,2970,2812,2739,2807,3292,2845,2828,2853,0,0,0,0,0,0,0,0,0,0,0,0,0,0,0,0,0,0,0,0,0,0,0,0,0,0,0,51,219
170,85,2986,2786,2739,2805,3294,2859,2828,2865,0,0,0,0,0,0,0,0,0,0,0,0,0,0,0,0,0,0,0,0,0,0,0,0,0,0,0,63,219
170,85,2962,2799,2730,2817,3304,2866,2846,2858,0,0,0,0,0,0,0,0,0,0,0,0,0,0,0,0,0,0,0,0,0,0,0,0,0,0,0,192,219
170,85,2977,2786,2730,2813,3305,2859,2825,2846,0,0,0,0,0,0,0,0,0,0,0,0,0,0,0,0,0,0,0,0,0,0,0,0,0,0,0,56,219
170,85,2969,2777,2734,2792,3304,2854,2827,2843,0,0,0,0,0,0,0,0,0,0,0,0,0,0,0,0,0,0,0,0,0,0,0,0,0,0,0,33,219
170,85,2987,2786,2736,2801,3293,2844,2856,2870,0,0,0,0,0,0,0,0,0,0,0,0,0,0,0,0,0,0,0,0,0,0,0,0,0,0,0,46,219
170,85,2970,2810,2730,2801,3307,2842,2844,2874,0,0,0,0,0,0,0,0,0,0,0,0,0,0,0,0,0,0,0,0,0,0,0,0,0,0,0,21,219
170,85,2976,2791,2738,2790,3294,2842,2828,2857,0,0,0,0,0,0,0,0,0,0,0,0,0,0,0,0,0,0,0,0,0,0,0,0,0,0,0,11,220
170,85,2963,2787,2739,2790,3294,2860,2835,2870,0,0,0,0,0,0,0,0,0,0,0,0,0,0,0,0,0,0,0,0,0,0,0,0,0,0,0,11,219
170,85,2965,2810,2714,2820,3304,2841,2861,2845,0,0,0,0,0,0,0,0,0,0,0,0,0,0,0,0,0,0,0,0,0,0,0,0,0,0,0,200,219
170,85,2957,2811,2724,2798,3316,2854,2855,2873,0,0,0,0,0,0,0,0,0,0,0,0,0,0,0,0,0,0,0,0,0,0,0,0,0,0,0,9,219
170,85,2977,2799,2737,2783,3274,2843,2849,2858,0,0,0,0,0,0,0,0,0,0,0,0,0,0,0,0,0,0,0,0,0,0,0,0,0,0,0,3,218
170,85,2970,2793,2737,2783,3292,2854,2844,2857,0,0,0,0,0,0,0,0,0,0,0,0,0,0,0,0,0,0,0,0,0,0,0,0,0,0,0,43,218
170,85,2961,2804,2714,2801,3268,2861,2826,2871,0,0,0,0,0,0,0,0,0,0,0,0,0,0,0,0,0,0,0,0,0,0,0,0,0,0,0,35,218
170,85,2961,2799,2738,2809,3275,2861,2826,2837,0,0,0,0,0,0,0,0,0,0,0,0,0,0,0,0,0,0,0,0,0,0,0,0,0,0,0,53,218
170,85,2962,2792,2739,2789,3285,2842,2840,2878,0,0,0,0,0,0,0,0,0,0,0,0,0,0,0,0,0,0,0,0,0,0,0,0,0,0,0,60,218
170,85,2962,2790,2723,2815,3292,2855,2839,2860,0,0,0,0,0,0,0,0,0,0,0,0,0,0,0,0,0,0,0,0,0,0,0,0,0,0,0,17,217
170,85,2956,2779,2739,2820,3288,2875,2857,2848,0,0,0,0,0,0,0,0,0,0,0,0,0,0,0,0,0,0,0,0,0,0,0,0,0,0,0,242,218
170,85,2976,2795,2739,2809,3289,2866,2834,2879,0,0,0,0,0,0,0,0,0,0,0,0,0,0,0,0,0,0,0,0,0,0,0,0,0,0,0,62,218
170,85,2962,2793,2726,2822,3277,2855,2846,2838,0,0,0,0,0,0,0,0,0,0,0,0,0,0,0,0,0,0,0,0,0,0,0,0,0,0,0,193,218
170,85,2962,2789,2733,2794,3297,2867,2859,2850,0,0,0,0,0,0,0,0,0,0,0,0,0,0,0,0,0,0,0,0,0,0,0,0,0,0,0,18,218
170,85,2970,2797,2739,2819,3298,2860,2845,2859,0,0,0,0,0,0,0,0,0,0,0,0,0,0,0,0,0,0,0,0,0,0,0,0,0,0,0,199,218
170,85,2964,2789,2732,2819,3277,2841,2839,2862,0,0,0,0,0,0,0,0,0,0,0,0,0,0,0,0,0,0,0,0,0,0,0,0,0,0,0,203,218
170,85,2976,2794,2718,2801,3294,2866,2857,2857,0,0,0,0,0,0,0,0,0,0,0,0,0,0,0,0,0,0,0,0,0,0,0,0,0,0,0,48,218
170,85,2971,2800,2728,2803,3292,2850,2848,2872,0,0,0,0,0,0,0,0,0,0,0,0,0,0,0,0,0,0,0,0,0,0,0,0,0,0,0,47,218
170,85,2956,2798,2743,2821,3283,2847,2837,2868,0,0,0,0,0,0,0,0,0,0,0,0,0,0,0,0,0,0,0,0,0,0,0,0,0,0,0,197,218
170,85,2971,2800,2721,2809,3275,2864,2852,2869,0,0,0,0,0,0,0,0,0,0,0,0,0,0,0,0,0,0,0,0,0,0,0,0,0,0,0,32,218
170,85,2962,2794,2737,2800,3272,2860,2852,2856,0,0,0,0,0,0,0,0,0,0,0,0,0,0,0,0,0,0,0,0,0,0,0,0,0,0,0,40,218
170,85,2980,2819,2745,2814,3275,2869,2863,2856,0,0,0,0,0,0,0,0,0,0,0,0,0,0,0,0,0,0,0,0,0,0,0,0,0,0,0,225,218
170,85,2964,2786,2744,2797,3254,2857,2853,2867,0,0,0,0,0,0,0,0,0,0,0,0,0,0,0,0,0,0,0,0,0,0,0,0,0,0,0,83,218
170,85,2952,2796,2757,2813,3270,2850,2852,2864,0,0,0,0,0,0,0,0,0,0,0,0,0,0,0,0,0,0,0,0,0,0,0,0,0,0,0,85,218
170,85,2995,2808,2734,2798,3286,2853,2858,2872,0,0,0,0,0,0,0,0,0,0,0,0,0,0,0,0,0,0,0,0,0,0,0,0,0,0,0,19,218
170,85,2966,2797,2747,2826,3269,2850,2848,2856,0,0,0,0,0,0,0,0,0,0,0,0,0,0,0,0,0,0,0,0,0,0,0,0,0,0,0,221,218
170,85,2961,2806,2745,2815,3265,2878,2865,2881,0,0,0,0,0,0,0,0,0,0,0,0,0,0,0,0,0,0,0,0,0,0,0,0,0,0,0,87,218
170,85,2988,2821,2744,2802,3265,2879,2853,2879,0,0,0,0,0,0,0,0,0,0,0,0,0,0,0,0,0,0,0,0,0,0,0,0,0,0,0,255,218
170,85,2989,2815,2730,2797,3291,2867,2859,2872,0,0,0,0,0,0,0,0,0,0,0,0,0,0,0,0,0,0,0,0,0,0,0,0,0,0,0,23,218
170,85,2977,2806,2732,2804,3289,2845,2872,2859,0,0,0,0,0,0,0,0,0,0,0,0,0,0,0,0,0,0,0,0,0,0,0,0,0,0,0,33,218
170,85,2969,2791,2739,2797,3283,2857,2847,2873,0,0,0,0,0,0,0,0,0,0,0,0,0,0,0,0,0,0,0,0,0,0,0,0,0,0,0,5,218
170,85,2962,2792,2740,2794,3293,2861,2852,2867,0,0,0,0,0,0,0,0,0,0,0,0,0,0,0,0,0,0,0,0,0,0,0,0,0,0,0,58,218
170,85,2988,2779,2739,2811,3274,2849,2859,2847,0,0,0,0,0,0,0,0,0,0,0,0,0,0,0,0,0,0,0,0,0,0,0,0,0,0,0,25,218
170,85,2986,2804,2732,2801,3289,2861,2858,2838,0,0,0,0,0,0,0,0,0,0,0,0,0,0,0,0,0,0,0,0,0,0,0,0,0,0,0,50,218
170,85,2971,2792,2732,2809,3273,2860,2864,2859,0,0,0,0,0,0,0,0,0,0,0,0,0,0,0,0,0,0,0,0,0,0,0,0,0,0,0,33,218
170,85,2960,2813,2739,2796,3289,2862,2828,2860,0,0,0,0,0,0,0,0,0,0,0,0,0,0,0,0,0,0,0,0,0,0,0,0,0,0,0,28,218
170,85,2971,2796,2730,2822,3305,2843,2852,2859,0,0,0,0,0,0,0,0,0,0,0,0,0,0,0,0,0,0,0,0,0,0,0,0,0,0,0,222,218
170,85,2969,2789,2727,2802,3282,2843,2851,2860,0,0,0,0,0,0,0,0,0,0,0,0,0,0,0,0,0,0,0,0,0,0,0,0,0,0,0,22,218
170,85,2995,2813,2727,2809,3281,2862,2853,2859,0,0,0,0,0,0,0,0,0,0,0,0,0,0,0,0,0,0,0,0,0,0,0,0,0,0,0,24,218
170,85,2958,2789,2742,2807,3291,2870,2831,2867,0,0,0,0,0,0,0,0,0,0,0,0,0,0,0,0,0,0,0,0,0,0,0,0,0,0,0,2,218
170,85,2963,2814,2733,2796,3282,2845,2859,2848,0,0,0,0,0,0,0,0,0,0,0,0,0,0,0,0,0,0,0,0,0,0,0,0,0,0,0,17,218
170,85,2977,2779,2740,2797,3292,2861,2865,2865,0,0,0,0,0,0,0,0,0,0,0,0,0,0,0,0,0,0,0,0,0,0,0,0,0,0,0,43,218
170,85,2970,2794,2739,2817,3264,2845,2864,2864,0,0,0,0,0,0,0,0,0,0,0,0,0,0,0,0,0,0,0,0,0,0,0,0,0,0,0,231,218
170,85,2971,2790,2726,2803,3283,2851,2852,2848,0,0,0,0,0,0,0,0,0,0,0,0,0,0,0,0,0,0,0,0,0,0,0,0,0,0,0,37,218
170,85,2978,2778,2739,2802,3278,2860,2865,2849,0,0,0,0,0,0,0,0,0,0,0,0,0,0,0,0,0,0,0,0,0,0,0,0,0,0,0,50,218
170,85,2964,2799,2740,2821,3281,2845,2866,2866,0,0,0,0,0,0,0,0,0,0,0,0,0,0,0,0,0,0,0,0,0,0,0,0,0,0,0,254,218
170,85,2970,2790,2741,2802,3283,2845,2848,2866,0,0,0,0,0,0,0,0,0,0,0,0,0,0,0,0,0,0,0,0,0,0,0,0,0,0,0,30,218
170,85,2970,2792,2719,2794,3273,2845,2855,2850,0,0,0,0,0,0,0,0,0,0,0,0,0,0,0,0,0,0,0,0,0,0,0,0,0,0,0,47,218
170,85,2970,2794,2741,2797,3282,2851,2850,2852,0,0,0,0,0,0,0,0,0,0,0,0,0,0,0,0,0,0,0,0,0,0,0,0,0,0,0,38,218
170,85,2995,2807,2736,2798,3281,2850,2834,2872,0,0,0,0,0,0,0,0,0,0,0,0,0,0,0,0,0,0,0,0,0,0,0,0,0,0,0,58,218
170,85,2971,2819,2725,2811,3257,2872,2858,2846,0,0,0,0,0,0,0,0,0,0,0,0,0,0,0,0,0,0,0,0,0,0,0,0,0,0,0,139,218
170,85,2949,2786,2732,2802,3281,2865,2854,2860,0,0,0,0,0,0,0,0,0,0,0,0,0,0,0,0,0,0,0,0,0,0,0,0,0,0,0,42,218
170,85,2963,2807,2738,2822,3269,2879,2854,2873,0,0,0,0,0,0,0,0,0,0,0,0,0,0,0,0,0,0,0,0,0,0,0,0,0,0,0,205,218
170,85,2963,2806,2731,2799,3261,2869,2856,2854,0,0,0,0,0,0,0,0,0,0,0,0,0,0,0,0,0,0,0,0,0,0,0,0,0,0,0,94,218
170,85,2969,2807,2744,2787,3274,2867,2850,2877,0,0,0,0,0,0,0,0,0,0,0,0,0,0,0,0,0,0,0,0,0,0,0,0,0,0,0,42,218
170,85,2963,2799,2741,2800,3271,2844,2867,2866,0,0,0,0,0,0,0,0,0,0,0,0,0,0,0,0,0,0,0,0,0,0,0,0,0,0,0,26,218
170,85,2968,2802,2727,2796,3290,2844,2846,2872,0,0,0,0,0,0,0,0,0,0,0,0,0,0,0,0,0,0,0,0,0,0,0,0,0,0,0,56,218
170,85,2976,2801,2733,2818,3277,2849,2852,2858,0,0,0,0,0,0,0,0,0,0,0,0,0,0,0,0,0,0,0,0,0,0,0,0,0,0,0,228,218
170,85,2969,2787,2726,2801,3269,2866,2834,2859,0,0,0,0,0,0,0,0,0,0,0,0,0,0,0,0,0,0,0,0,0,0,0,0,0,0,0,26,218
170,85,2991,2795,2738,2802,3271,2844,2845,2858,0,0,0,0,0,0,0,0,0,0,0,0,0,0,0,0,0,0,0,0,0,0,0,0,0,0,0,17,218
170,85,2970,2812,2732,2797,3291,2856,2851,2870,0,0,0,0,0,0,0,0,0,0,0,0,0,0,0,0,0,0,0,0,0,0,0,0,0,0,0,56,218
170,85,2969,2779,2727,2795,3301,2854,2851,2857,0,0,0,0,0,0,0,0,0,0,0,0,0,0,0,0,0,0,0,0,0,0,0,0,0,0,0,62,218
170,85,2968,2794,2739,2788,3289,2842,2863,2847,0,0,0,0,0,0,0,0,0,0,0,0,0,0,0,0,0,0,0,0,0,0,0,0,0,0,0,47,218
170,85,2970,2796,2738,2791,3283,2874,2840,2859,0,0,0,0,0,0,0,0,0,0,0,0,0,0,0,0,0,0,0,0,0,0,0,0,0,0,0,0,218
170,85,2977,2789,2716,2796,3267,2866,2846,2858,0,0,0,0,0,0,0,0,0,0,0,0,0,0,0,0,0,0,0,0,0,0,0,0,0,0,0,8,218
170,85,2961,2801,2727,2807,3281,2849,2845,2847,0,0,0,0,0,0,0,0,0,0,0,0,0,0,0,0,0,0,0,0,0,0,0,0,0,0,0,59,218
170,85,2970,2788,2740,2797,3283,2842,2840,2847,0,0,0,0,0,0,0,0,0,0,0,0,0,0,0,0,0,0,0,0,0,0,0,0,0,0,0,16,218
170,85,2963,2795,2725,2795,3302,2834,2828,2845,0,0,0,0,0,0,0,0,0,0,0,0,0,0,0,0,0,0,0,0,0,0,0,0,0,0,0,42,218
170,85,2975,2794,2739,2792,3279,2843,2840,2877,0,0,0,0,0,0,0,0,0,0,0,0,0,0,0,0,0,0,0,0,0,0,0,0,0,0,0,38,218
170,85,2987,2778,2709,2793,3273,2856,2850,2864,0,0,0,0,0,0,0,0,0,0,0,0,0,0,0,0,0,0,0,0,0,0,0,0,0,0,0,7,218
170,85,2959,2796,2750,2798,3265,2855,2852,2857,0,0,0,0,0,0,0,0,0,0,0,0,0,0,0,0,0,0,0,0,0,0,0,0,0,0,0,33,218
170,85,2985,2780,2727,2807,3281,2869,2853,2866,0,0,0,0,0,0,0,0,0,0,0,0,0,0,0,0,0,0,0,0,0,0,0,0,0,0,0,47,218
