170,85,3029,2865,2805,2878,3380,2916,2912,2942,0,0,0,0,0,0,0,0,0,0,0,0,0,0,0,0,0,0,0,0,0,0,0,0,0,0,0,153,198
170,85,3043,2853,2808,2860,3238,2918,2911,2948,0,0,0,0,0,0,0,0,0,0,0,0,0,0,0,0,0,0,0,0,0,0,0,0,0,0,0,240,199
170,85,3028,2865,2795,2869,3213,2939,2906,2933,0,0,0,0,0,0,0,0,0,0,0,0,0,0,0,0,0,0,0,0,0,0,0,0,0,0,0,27,199
170,85,3044,2864,2794,2870,3233,2948,2911,2936,0,0,0,0,0,0,0,0,0,0,0,0,0,0,0,0,0,0,0,0,0,0,0,0,0,0,0,243,199
170,85,3045,2866,2795,2869,3233,2917,2911,2925,0,0,0,0,0,0,0,0,0,0,0,0,0,0,0,0,0,0,0,0,0,0,0,0,0,0,0,6,199
170,85,3033,2884,2797,2870,3218,2917,2911,2932,0,0,0,0,0,0,0,0,0,0,0,0,0,0,0,0,0,0,0,0,0,0,0,0,0,0,0,99,199
170,85,3035,2871,2805,2869,3210,2925,2900,2915,0,0,0,0,0,0,0,0,0,0,0,0,0,0,0,0,0,0,0,0,0,0,0,0,0,0,0,5,199
170,85,3033,2883,2805,2888,3213,2915,2943,2932,0,0,0,0,0,0,0,0,0,0,0,0,0,0,0,0,0,0,0,0,0,0,0,0,0,0,0,59,199
170,85,3050,2852,2805,2871,3240,2917,2942,2920,0,0,0,0,0,0,0,0,0,0,0,0,0,0,0,0,0,0,0,0,0,0,0,0,0,0,0,46,199
170,85,3024,2866,2796,2870,3211,2938,2910,2921,0,0,0,0,0,0,0,0,0,0,0,0,0,0,0,0,0,0,0,0,0,0,0,0,0,0,0,7,199
170,85,3031,2866,2798,2859,3219,2918,2934,2957,0,0,0,0,0,0,0,0,0,0,0,0,0,0,0,0,0,0,0,0,0,0,0,0,0,0,0,215,199
170,85,3028,2883,2780,2898,3214,2911,2934,2920,0,0,0,0,0,0,0,0,0,0,0,0,0,0,0,0,0,0,0,0,0,0,0,0,0,0,0,47,199
170,85,3029,2884,2804,2858,3214,2916,2911,2913,0,0,0,0,0,0,0,0,0,0,0,0,0,0,0,0,0,0,0,0,0,0,0,0,0,0,0,98,199
170,85,3036,2866,2796,2869,3219,2916,2911,2948,0,0,0,0,0,0,0,0,0,0,0,0,0,0,0,0,0,0,0,0,0,0,0,0,0,0,0,226,200
170,85,3032,2866,2808,2873,3224,2918,2943,2958,0,0,0,0,0,0,0,0,0,0,0,0,0,0,0,0,0,0,0,0,0,0,0,0,0,0,0,221,200
170,85,3036,2871,2799,2872,3221,2910,2905,2937,0,0,0,0,0,0,0,0,0,0,0,0,0,0,0,0,0,0,0,0,0,0,0,0,0,0,0,46,200
170,85,3029,2893,2798,2862,3205,2949,2943,2921,0,0,0,0,0,0,0,0,0,0,0,0,0,0,0,0,0,0,0,0,0,0,0,0,0,0,0,183,200
170,85,3039,2865,2808,2870,3201,2920,2943,2919,0,0,0,0,0,0,0,0,0,0,0,0,0,0,0,0,0,0,0,0,0,0,0,0,0,0,0,40,201
170,85,3058,2855,2786,2890,3206,2917,2911,2940,0,0,0,0,0,0,0,0,0,0,0,0,0,0,0,0,0,0,0,0,0,0,0,0,0,0,0,68,201
170,85,3031,2856,2816,2862,3216,2916,2944,2929,0,0,0,0,0,0,0,0,0,0,0,0,0,0,0,0,0,0,0,0,0,0,0,0,0,0,0,44,200
170,85,3029,2865,2809,2874,3205,2918,2914,2933,0,0,0,0,0,0,0,0,0,0,0,0,0,0,0,0,0,0,0,0,0,0,0,0,0,0,0,42,200
170,85,3035,2856,2798,2872,3206,2920,2905,2930,0,0,0,0,0,0,0,0,0,0,0,0,0,0,0,0,0,0,0,0,0,0,0,0,0,0,0,25,201
170,85,3052,2867,2809,2872,3233,2920,2912,2966,0,0,0,0,0,0,0,0,0,0,0,0,0,0,0,0,0,0,0,0,0,0,0,0,0,0,0,216,201
170,85,3024,2899,2816,2875,3199,2924,2918,2927,0,0,0,0,0,0,0,0,0,0,0,0,0,0,0,0,0,0,0,0,0,0,0,0,0,0,0,90,201
170,85,3033,2857,2807,2906,3196,2917,2913,2932,0,0,0,0,0,0,0,0,0,0,0,0,0,0,0,0,0,0,0,0,0,0,0,0,0,0,0,168,201
170,85,3035,2877,2817,2892,3197,2916,2924,2934,0,0,0,0,0,0,0,0,0,0,0,0,0,0,0,0,0,0,0,0,0,0,0,0,0,0,0,80,201
170,85,3026,2855,2819,2875,3234,2918,2913,2956,0,0,0,0,0,0,0,0,0,0,0,0,0,0,0,0,0,0,0,0,0,0,0,0,0,0,0,28,201
170,85,3032,2868,2809,2873,3192,2917,2909,2928,0,0,0,0,0,0,0,0,0,0,0,0,0,0,0,0,0,0,0,0,0,0,0,0,0,0,0,229,201
170,85,3033,2869,2807,2873,3215,2941,2900,2951,0,0,0,0,0,0,0,0,0,0,0,0,0,0,0,0,0,0,0,0,0,0,0,0,0,0,0,250,201
170,85,3037,2873,2809,2872,3208,2917,2917,2933,0,0,0,0,0,0,0,0,0,0,0,0,0,0,0,0,0,0,0,0,0,0,0,0,0,0,0,33,201
170,85,3034,2898,2810,2892,3207,2942,2910,2931,0,0,0,0,0,0,0,0,0,0,0,0,0,0,0,0,0,0,0,0,0,0,0,0,0,0,0,19,201
170,85,3033,2869,2796,2872,3235,2925,2943,2935,0,0,0,0,0,0,0,0,0,0,0,0,0,0,0,0,0,0,0,0,0,0,0,0,0,0,0,7,201
170,85,3053,2868,2808,2906,3231,2925,2919,2937,0,0,0,0,0,0,0,0,0,0,0,0,0,0,0,0,0,0,0,0,0,0,0,0,0,0,0,110,201
170,85,3065,2888,2810,2880,3218,2917,2924,2926,0,0,0,0,0,0,0,0,0,0,0,0,0,0,0,0,0,0,0,0,0,0,0,0,0,0,0,7,201
170,85,3028,2888,2800,2901,3219,2917,2942,2936,0,0,0,0,0,0,0,0,0,0,0,0,0,0,0,0,0,0,0,0,0,0,0,0,0,0,0,48,199
170,85,3023,2889,2810,2876,3202,2920,2911,2939,0,0,0,0,0,0,0,0,0,0,0,0,0,0,0,0,0,0,0,0,0,0,0,0,0,0,0,119,199
170,85,3063,2858,2819,2863,3208,2920,2951,2953,0,0,0,0,0,0,0,0,0,0,0,0,0,0,0,0,0,0,0,0,0,0,0,0,0,0,0,231,199
170,85,3041,2869,2819,2906,3201,2910,2918,2927,0,0,0,0,0,0,0,0,0,0,0,0,0,0,0,0,0,0,0,0,0,0,0,0,0,0,0,163,199
170,85,3035,2868,2811,2881,3212,2924,2915,2941,0,0,0,0,0,0,0,0,0,0,0,0,0,0,0,0,0,0,0,0,0,0,0,0,0,0,0,82,199
170,85,3065,2875,2812,2872,3206,2917,2941,2930,0,0,0,0,0,0,0,0,0,0,0,0,0,0,0,0,0,0,0,0,0,0,0,0,0,0,0,19,199
170,85,3040,2856,2809,2898,3211,2940,2916,2955,0,0,0,0,0,0,0,0,0,0,0,0,0,0,0,0,0,0,0,0,0,0,0,0,0,0,0,130,199
170,85,3037,2886,2787,2880,3209,2910,2949,2929,0,0,0,0,0,0,0,0,0,0,0,0,0,0,0,0,0,0,0,0,0,0,0,0,0,0,0,226,200
170,85,3026,2888,2800,2872,3208,2940,2916,2922,0,0,0,0,0,0,0,0,0,0,0,0,0,0,0,0,0,0,0,0,0,0,0,0,0,0,0,81,200
170,85,3033,2887,2796,2873,3240,2918,2915,2936,0,0,0,0,0,0,0,0,0,0,0,0,0,0,0,0,0,0,0,0,0,0,0,0,0,0,0,103,200
170,85,3041,2869,2787,2864,3199,2911,2916,2926,0,0,0,0,0,0,0,0,0,0,0,0,0,0,0,0,0,0,0,0,0,0,0,0,0,0,0,212,201
170,85,3064,2869,2801,2892,3207,2919,2949,2933,0,0,0,0,0,0,0,0,0,0,0,0,0,0,0,0,0,0,0,0,0,0,0,0,0,0,0,153,201
170,85,3025,2856,2817,2891,3207,2917,2941,2929,0,0,0,0,0,0,0,0,0,0,0,0,0,0,0,0,0,0,0,0,0,0,0,0,0,0,0,165,201
170,85,3035,2886,2807,2861,3214,2940,2908,2926,0,0,0,0,0,0,0,0,0,0,0,0,0,0,0,0,0,0,0,0,0,0,0,0,0,0,0,126,202
170,85,3034,2856,2818,2874,3199,2911,2903,2934,0,0,0,0,0,0,0,0,0,0,0,0,0,0,0,0,0,0,0,0,0,0,0,0,0,0,0,51,201
170,85,3025,2897,2799,2873,3205,2915,2948,2934,0,0,0,0,0,0,0,0,0,0,0,0,0,0,0,0,0,0,0,0,0,0,0,0,0,0,0,187,201
170,85,3038,2866,2798,2873,3234,2917,2918,2933,0,0,0,0,0,0,0,0,0,0,0,0,0,0,0,0,0,0,0,0,0,0,0,0,0,0,0,22,201
170,85,3035,2868,2800,2872,3232,2917,2947,2956,0,0,0,0,0,0,0,0,0,0,0,0,0,0,0,0,0,0,0,0,0,0,0,0,0,0,0,20,202
170,85,3032,2856,2816,2862,3239,2919,2911,2956,0,0,0,0,0,0,0,0,0,0,0,0,0,0,0,0,0,0,0,0,0,0,0,0,0,0,0,53,202
170,85,3032,2867,2797,2861,3209,2911,2908,2959,0,0,0,0,0,0,0,0,0,0,0,0,0,0,0,0,0,0,0,0,0,0,0,0,0,0,0,215,202
170,85,3043,2865,2799,2904,3206,2919,2948,2916,0,0,0,0,0,0,0,0,0,0,0,0,0,0,0,0,0,0,0,0,0,0,0,0,0,0,0,157,201
170,85,3039,2876,2796,2872,3205,2919,2935,2928,0,0,0,0,0,0,0,0,0,0,0,0,0,0,0,0,0,0,0,0,0,0,0,0,0,0,0,43,201
170,85,3029,2868,2809,2905,3225,2910,2913,2952,0,0,0,0,0,0,0,0,0,0,0,0,0,0,0,0,0,0,0,0,0,0,0,0,0,0,0,150,200
170,85,3034,2898,2786,2861,3200,2906,2912,2957,0,0,0,0,0,0,0,0,0,0,0,0,0,0,0,0,0,0,0,0,0,0,0,0,0,0,0,137,201
170,85,3034,2868,2809,2861,3240,2912,2943,2941,0,0,0,0,0,0,0,0,0,0,0,0,0,0,0,0,0,0,0,0,0,0,0,0,0,0,0,9,201
170,85,3033,2887,2799,2874,3220,2919,2911,2952,0,0,0,0,0,0,0,0,0,0,0,0,0,0,0,0,0,0,0,0,0,0,0,0,0,0,0,150,201
170,85,3033,2865,2810,2862,3208,2911,2908,2935,0,0,0,0,0,0,0,0,0,0,0,0,0,0,0,0,0,0,0,0,0,0,0,0,0,0,0,57,202
170,85,3034,2855,2807,2873,3207,2918,2914,2929,0,0,0,0,0,0,0,0,0,0,0,0,0,0,0,0,0,0,0,0,0,0,0,0,0,0,0,56,201
170,85,3035,2854,2815,2891,3213,2919,2943,2951,0,0,0,0,0,0,0,0,0,0,0,0,0,0,0,0,0,0,0,0,0,0,0,0,0,0,0,162,201
170,85,3028,2867,2810,2863,3203,2925,2909,2935,0,0,0,0,0,0,0,0,0,0,0,0,0,0,0,0,0,0,0,0,0,0,0,0,0,0,0,15,201
170,85,3033,2866,2810,2872,3226,2918,2908,2966,0,0,0,0,0,0,0,0,0,0,0,0,0,0,0,0,0,0,0,0,0,0,0,0,0,0,0,230,201
170,85,3035,2866,2809,2872,3194,2917,2916,2964,0,0,0,0,0,0,0,0,0,0,0,0,0,0,0,0,0,0,0,0,0,0,0,0,0,0,0,62,200
170,85,3034,2868,2797,2872,3197,2925,2912,2928,0,0,0,0,0,0,0,0,0,0,0,0,0,0,0,0,0,0,0,0,0,0,0,0,0,0,0,194,199
170,85,3033,2869,2799,2871,3196,2924,2911,2935,0,0,0,0,0,0,0,0,0,0,0,0,0,0,0,0,0,0,0,0,0,0,0,0,0,0,0,245,199
170,85,3037,2874,2808,2879,3190,2919,2910,2928,0,0,0,0,0,0,0,0,0,0,0,0,0,0,0,0,0,0,0,0,0,0,0,0,0,0,0,230,198
170,85,3031,2899,2796,2864,3189,2910,2915,2920,0,0,0,0,0,0,0,0,0,0,0,0,0,0,0,0,0,0,0,0,0,0,0,0,0,0,0,129,197
170,85,3026,2887,2797,2879,3230,2912,2908,2963,0,0,0,0,0,0,0,0,0,0,0,0,0,0,0,0,0,0,0,0,0,0,0,0,0,0,0,143,198
170,85,3052,2868,2815,2905,3206,2949,2912,2938,0,0,0,0,0,0,0,0,0,0,0,0,0,0,0,0,0,0,0,0,0,0,0,0,0,0,0,158,198
170,85,3033,2858,2817,2873,3200,2942,2911,2964,0,0,0,0,0,0,0,0,0,0,0,0,0,0,0,0,0,0,0,0,0,0,0,0,0,0,0,6,198
170,85,3041,2874,2815,2872,3207,2919,2919,2933,0,0,0,0,0,0,0,0,0,0,0,0,0,0,0,0,0,0,0,0,0,0,0,0,0,0,0,23,197
170,85,3067,2867,2806,2874,3207,2911,2910,2928,0,0,0,0,0,0,0,0,0,0,0,0,0,0,0,0,0,0,0,0,0,0,0,0,0,0,0,11,196
170,85,3040,2867,2799,2900,3206,2919,2921,2960,0,0,0,0,0,0,0,0,0,0,0,0,0,0,0,0,0,0,0,0,0,0,0,0,0,0,0,137,194
170,85,3027,2877,2809,2890,3207,2909,2911,2926,0,0,0,0,0,0,0,0,0,0,0,0,0,0,0,0,0,0,0,0,0,0,0,0,0,0,0,79,192
170,85,3032,2868,2800,2879,3210,2919,2915,2930,0,0,0,0,0,0,0,0,0,0,0,0,0,0,0,0,0,0,0,0,0,0,0,0,0,0,0,38,192
170,85,3061,2886,2810,2861,3197,2917,2911,2937,0,0,0,0,0,0,0,0,0,0,0,0,0,0,0,0,0,0,0,0,0,0,0,0,0,0,0,163,193
170,85,3054,2883,2807,2861,3199,2919,2911,2936,0,0,0,0,0,0,0,0,0,0,0,0,0,0,0,0,0,0,0,0,0,0,0,0,0,0,0,177,195
170,85,3052,2856,2798,2877,3203,2925,2938,2926,0,0,0,0,0,0,0,0,0,0,0,0,0,0,0,0,0,0,0,0,0,0,0,0,0,0,0,20,196
170,85,3038,2854,2816,2879,3215,2924,2911,2935,0,0,0,0,0,0,0,0,0,0,0,0,0,0,0,0,0,0,0,0,0,0,0,0,0,0,0,244,196
170,85,3033,2866,2810,2878,3204,2919,2906,2932,0,0,0,0,0,0,0,0,0,0,0,0,0,0,0,0,0,0,0,0,0,0,0,0,0,0,0,27,194
170,85,3034,2868,2816,2873,3215,2939,2910,2955,0,0,0,0,0,0,0,0,0,0,0,0,0,0,0,0,0,0,0,0,0,0,0,0,0,0,0,14,192
170,85,3051,2866,2809,2892,3214,2925,2910,2932,0,0,0,0,0,0,0,0,0,0,0,0,0,0,0,0,0,0,0,0,0,0,0,0,0,0,0,92,187
170,85,3035,2868,2796,2873,3257,2941,2910,2933,0,0,0,0,0,0,0,0,0,0,0,0,0,0,0,0,0,0,0,0,0,0,0,0,0,0,0,44,183
170,85,3051,2866,2807,2873,3232,2917,2919,2921,0,0,0,0,0,0,0,0,0,0,0,0,0,0,0,0,0,0,0,0,0,0,0,0,0,0,0,37,184
170,85,3051,2868,2796,2874,3217,2919,2913,2927,0,0,0,0,0,0,0,0,0,0,0,0,0,0,0,0,0,0,0,0,0,0,0,0,0,0,0,8,186
170,85,3033,2856,2809,2873,3261,2916,2920,2926,0,0,0,0,0,0,0,0,0,0,0,0,0,0,0,0,0,0,0,0,0,0,0,0,0,0,0,23,185
170,85,3038,2865,2796,2861,3259,2911,2934,2934,0,0,0,0,0,0,0,0,0,0,0,0,0,0,0,0,0,0,0,0,0,0,0,0,0,0,0,51,185
170,85,3051,2898,2796,2879,3239,2916,2911,2950,0,0,0,0,0,0,0,0,0,0,0,0,0,0,0,0,0,0,0,0,0,0,0,0,0,0,0,137,184
170,85,3034,2864,2782,2903,3236,2917,2919,2951,0,0,0,0,0,0,0,0,0,0,0,0,0,0,0,0,0,0,0,0,0,0,0,0,0,0,0,187,182
170,85,3052,2867,2798,2874,3234,2939,2934,2928,0,0,0,0,0,0,0,0,0,0,0,0,0,0,0,0,0,0,0,0,0,0,0,0,0,0,0,45,183
170,85,3025,2856,2796,2873,3234,2909,2918,2927,0,0,0,0,0,0,0,0,0,0,0,0,0,0,0,0,0,0,0,0,0,0,0,0,0,0,0,35,184
170,85,3031,2855,2808,2863,3235,2949,2943,2926,0,0,0,0,0,0,0,0,0,0,0,0,0,0,0,0,0,0,0,0,0,0,0,0,0,0,0,233,185
170,85,3024,2865,2807,2873,3234,2910,2915,2931,0,0,0,0,0,0,0,0,0,0,0,0,0,0,0,0,0,0,0,0,0,0,0,0,0,0,0,58,184
170,85,3024,2865,2798,2872,3235,2917,2918,2927,0,0,0,0,0,0,0,0,0,0,0,0,0,0,0,0,0,0,0,0,0,0,0,0,0,0,0,1,183
170,85,3033,2867,2807,2865,3235,2911,2919,2928,0,0,0,0,0,0,0,0,0,0,0,0,0,0,0,0,0,0,0,0,0,0,0,0,0,0,0,62,183
170,85,3033,2856,2796,2861,3262,2908,2943,2916,0,0,0,0,0,0,0,0,0,0,0,0,0,0,0,0,0,0,0,0,0,0,0,0,0,0,0,48,181
170,85,3063,2866,2815,2872,3253,2941,2943,2926,0,0,0,0,0,0,0,0,0,0,0,0,0,0,0,0,0,0,0,0,0,0,0,0,0,0,0,34,181
170,85,3031,2872,2807,2874,3241,2918,2911,2955,0,0,0,0,0,0,0,0,0,0,0,0,0,0,0,0,0,0,0,0,0,0,0,0,0,0,0,192,181
170,85,3051,2866,2807,2860,3221,2919,2912,2959,0,0,0,0,0,0,0,0,0,0,0,0,0,0,0,0,0,0,0,0,0,0,0,0,0,0,0,230,181
170,85,3033,2866,2798,2870,3211,2916,2918,2929,0,0,0,0,0,0,0,0,0,0,0,0,0,0,0,0,0,0,0,0,0,0,0,0,0,0,0,50,179
170,85,3033,2864,2807,2891,3220,2910,2904,2934,0,0,0,0,0,0,0,0,0,0,0,0,0,0,0,0,0,0,0,0,0,0,0,0,0,0,0,72,180
170,85,3039,2885,2796,2872,3214,2916,2917,2956,0,0,0,0,0,0,0,0,0,0,0,0,0,0,0,0,0,0,0,0,0,0,0,0,0,0,0,180,179
170,85,3034,2866,2786,2871,3212,2948,2910,2926,0,0,0,0,0,0,0,0,0,0,0,0,0,0,0,0,0,0,0,0,0,0,0,0,0,0,0,252,181
170,85,3051,2855,2797,2871,3208,2918,2911,2958,0,0,0,0,0,0,0,0,0,0,0,0,0,0,0,0,0,0,0,0,0,0,0,0,0,0,0,208,183
170,85,3031,2865,2795,2873,3212,2912,2942,2927,0,0,0,0,0,0,0,0,0,0,0,0,0,0,0,0,0,0,0,0,0,0,0,0,0,0,0,48,184
170,85,3038,2854,2797,2889,3213,2915,2912,2927,0,0,0,0,0,0,0,0,0,0,0,0,0,0,0,0,0,0,0,0,0,0,0,0,0,0,0,68,185
170,85,3063,2866,2807,2878,3205,2910,2902,2950,0,0,0,0,0,0,0,0,0,0,0,0,0,0,0,0,0,0,0,0,0,0,0,0,0,0,0,254,184
170,85,3051,2854,2796,2871,3204,2917,2933,2926,0,0,0,0,0,0,0,0,0,0,0,0,0,0,0,0,0,0,0,0,0,0,0,0,0,0,0,21,184
170,85,3050,2885,2795,2871,3207,2917,2912,2925,0,0,0,0,0,0,0,0,0,0,0,0,0,0,0,0,0,0,0,0,0,0,0,0,0,0,0,101,184
170,85,3063,2868,2809,2872,3208,2931,2917,2950,0,0,0,0,0,0,0,0,0,0,0,0,0,0,0,0,0,0,0,0,0,0,0,0,0,0,0,227,184
170,85,3023,2866,2814,2863,3206,2947,2911,2927,0,0,0,0,0,0,0,0,0,0,0,0,0,0,0,0,0,0,0,0,0,0,0,0,0,0,0,224,184
170,85,3029,2885,2797,2877,3204,2917,2933,2927,0,0,0,0,0,0,0,0,0,0,0,0,0,0,0,0,0,0,0,0,0,0,0,0,0,0,0,66,183
170,85,3032,2867,2806,2900,3213,2916,2916,2927,0,0,0,0,0,0,0,0,0,0,0,0,0,0,0,0,0,0,0,0,0,0,0,0,0,0,0,82,183
170,85,3031,2854,2798,2890,3213,2915,2918,2928,0,0,0,0,0,0,0,0,0,0,0,0,0,0,0,0,0,0,0,0,0,0,0,0,0,0,0,84,182
170,85,3031,2864,2808,2878,3213,2915,2932,2919,0,0,0,0,0,0,0,0,0,0,0,0,0,0,0,0,0,0,0,0,0,0,0,0,0,0,0,37,181
170,85,3032,2866,2797,2868,3213,2915,2910,2927,0,0,0,0,0,0,0,0,0,0,0,0,0,0,0,0,0,0,0,0,0,0,0,0,0,0,0,21,181
170,85,3032,2865,2805,2870,3211,2910,2911,2927,0,0,0,0,0,0,0,0,0,0,0,0,0,0,0,0,0,0,0,0,0,0,0,0,0,0,0,54,179
170,85,3033,2865,2796,2878,3222,2915,2910,2926,0,0,0,0,0,0,0,0,0,0,0,0,0,0,0,0,0,0,0,0,0,0,0,0,0,0,0,6,182
170,85,3035,2855,2816,2899,3212,2904,2932,2915,0,0,0,0,0,0,0,0,0,0,0,0,0,0,0,0,0,0,0,0,0,0,0,0,0,0,0,148,188
170,85,3031,2868,2809,2903,3249,2938,2918,2948,0,0,0,0,0,0,0,0,0,0,0,0,0,0,0,0,0,0,0,0,0,0,0,0,0,0,0,157,191
170,85,3063,2873,2806,2872,3213,2915,2916,2914,0,0,0,0,0,0,0,0,0,0,0,0,0,0,0,0,0,0,0,0,0,0,0,0,0,0,0,17,194
170,85,3051,2853,2796,2872,3212,2910,2903,2921,0,0,0,0,0,0,0,0,0,0,0,0,0,0,0,0,0,0,0,0,0,0,0,0,0,0,0,15,195
170,85,3056,2885,2814,2872,3217,2916,2933,2935,0,0,0,0,0,0,0,0,0,0,0,0,0,0,0,0,0,0,0,0,0,0,0,0,0,0,0,125,197
170,85,3038,2866,2797,2899,3212,2910,2911,2949,0,0,0,0,0,0,0,0,0,0,0,0,0,0,0,0,0,0,0,0,0,0,0,0,0,0,0,163,197
170,85,3050,2865,2785,2889,3226,2916,2910,2921,0,0,0,0,0,0,0,0,0,0,0,0,0,0,0,0,0,0,0,0,0,0,0,0,0,0,0,67,196
170,85,3029,2870,2813,2877,3213,2947,2908,2927,0,0,0,0,0,0,0,0,0,0,0,0,0,0,0,0,0,0,0,0,0,0,0,0,0,0,0,231,193
170,85,3032,2884,2794,2901,3206,2910,2910,2925,0,0,0,0,0,0,0,0,0,0,0,0,0,0,0,0,0,0,0,0,0,0,0,0,0,0,0,49,190
170,85,3024,2864,2814,2877,3205,2918,2916,2932,0,0,0,0,0,0,0,0,0,0,0,0,0,0,0,0,0,0,0,0,0,0,0,0,0,0,0,41,185
170,85,3038,2863,2805,2876,3234,2914,2903,2927,0,0,0,0,0,0,0,0,0,0,0,0,0,0,0,0,0,0,0,0,0,0,0,0,0,0,0,57,185
170,85,3050,2859,2806,2890,3205,2908,2942,2948,0,0,0,0,0,0,0,0,0,0,0,0,0,0,0,0,0,0,0,0,0,0,0,0,0,0,0,167,190
170,85,3031,2896,2814,2870,3208,2916,2898,2921,0,0,0,0,0,0,0,0,0,0,0,0,0,0,0,0,0,0,0,0,0,0,0,0,0,0,0,97,194
170,85,3051,2856,2805,2888,3214,2915,2909,2924,0,0,0,0,0,0,0,0,0,0,0,0,0,0,0,0,0,0,0,0,0,0,0,0,0,0,0,91,197
170,85,3055,2867,2814,2869,3238,2938,2909,2949,0,0,0,0,0,0,0,0,0,0,0,0,0,0,0,0,0,0,0,0,0,0,0,0,0,0,0,234,199
170,85,3050,2866,2780,2858,3211,2910,2943,2949,0,0,0,0,0,0,0,0,0,0,0,0,0,0,0,0,0,0,0,0,0,0,0,0,0,0,0,248,200
170,85,3032,2875,2794,2868,3204,2908,2933,2949,0,0,0,0,0,0,0,0,0,0,0,0,0,0,0,0,0,0,0,0,0,0,0,0,0,0,0,236,201
170,85,3033,2865,2796,2860,3234,2917,2910,2927,0,0,0,0,0,0,0,0,0,0,0,0,0,0,0,0,0,0,0,0,0,0,0,0,0,0,0,39,200
170,85,3030,2872,2815,2869,3203,2917,2932,2924,0,0,0,0,0,0,0,0,0,0,0,0,0,0,0,0,0,0,0,0,0,0,0,0,0,0,0,35,199
170,85,3050,2859,2808,2870,3198,2907,2908,2925,0,0,0,0,0,0,0,0,0,0,0,0,0,0,0,0,0,0,0,0,0,0,0,0,0,0,0,226,198
170,85,3033,2865,2795,2898,3205,2915,2931,2957,0,0,0,0,0,0,0,0,0,0,0,0,0,0,0,0,0,0,0,0,0,0,0,0,0,0,0,176,194
170,85,3038,2875,2814,2870,3205,2946,2909,2925,0,0,0,0,0,0,0,0,0,0,0,0,0,0,0,0,0,0,0,0,0,0,0,0,0,0,0,227,189
170,85,3067,2866,2805,2858,3233,2914,2910,2956,0,0,0,0,0,0,0,0,0,0,0,0,0,0,0,0,0,0,0,0,0,0,0,0,0,0,0,254,180
170,85,3031,2853,2805,2870,3244,2920,2910,2915,0,0,0,0,0,0,0,0,0,0,0,0,0,0,0,0,0,0,0,0,0,0,0,0,0,0,0,49,188
170,85,3049,2864,2807,2862,3212,2915,2908,2914,0,0,0,0,0,0,0,0,0,0,0,0,0,0,0,0,0,0,0,0,0,0,0,0,0,0,0,40,194
170,85,3021,2855,2784,2878,3213,2916,2910,2927,0,0,0,0,0,0,0,0,0,0,0,0,0,0,0,0,0,0,0,0,0,0,0,0,0,0,0,21,197
170,85,3031,2871,2794,2899,3211,2915,2934,2920,0,0,0,0,0,0,0,0,0,0,0,0,0,0,0,0,0,0,0,0,0,0,0,0,0,0,0,86,198
170,85,3032,2864,2805,2871,3215,2916,2901,2926,0,0,0,0,0,0,0,0,0,0,0,0,0,0,0,0,0,0,0,0,0,0,0,0,0,0,0,3,198
170,85,3050,2853,2812,2870,3224,2946,2902,2927,0,0,0,0,0,0,0,0,0,0,0,0,0,0,0,0,0,0,0,0,0,0,0,0,0,0,0,223,198
170,85,3022,2855,2796,2876,3224,2916,2909,2928,0,0,0,0,0,0,0,0,0,0,0,0,0,0,0,0,0,0,0,0,0,0,0,0,0,0,0,17,198
170,85,3037,2871,2797,2869,3224,2929,2910,2927,0,0,0,0,0,0,0,0,0,0,0,0,0,0,0,0,0,0,0,0,0,0,0,0,0,0,0,19,197
170,85,3040,2852,2805,2870,3222,2915,2908,2918,0,0,0,0,0,0,0,0,0,0,0,0,0,0,0,0,0,0,0,0,0,0,0,0,0,0,0,49,197
170,85,3023,2863,2795,2860,3216,2916,2908,2928,0,0,0,0,0,0,0,0,0,0,0,0,0,0,0,0,0,0,0,0,0,0,0,0,0,0,0,6,197
170,85,3038,2866,2795,2871,3224,2940,2908,2925,0,0,0,0,0,0,0,0,0,0,0,0,0,0,0,0,0,0,0,0,0,0,0,0,0,0,0,28,198
170,85,3051,2864,2796,2860,3225,2910,2942,2927,0,0,0,0,0,0,0,0,0,0,0,0,0,0,0,0,0,0,0,0,0,0,0,0,0,0,0,52,197
170,85,3052,2884,2806,2872,3224,2916,2917,2950,0,0,0,0,0,0,0,0,0,0,0,0,0,0,0,0,0,0,0,0,0,0,0,0,0,0,0,128,198
170,85,3024,2865,2807,2871,3216,2907,2910,2915,0,0,0,0,0,0,0,0,0,0,0,0,0,0,0,0,0,0,0,0,0,0,0,0,0,0,0,46,198
170,85,3052,2893,2805,2878,3239,2917,2910,2926,0,0,0,0,0,0,0,0,0,0,0,0,0,0,0,0,0,0,0,0,0,0,0,0,0,0,0,97,197
170,85,3050,2854,2798,2861,3214,2929,2902,2926,0,0,0,0,0,0,0,0,0,0,0,0,0,0,0,0,0,0,0,0,0,0,0,0,0,0,0,49,197
170,85,3033,2866,2780,2871,3224,2915,2911,2924,0,0,0,0,0,0,0,0,0,0,0,0,0,0,0,0,0,0,0,0,0,0,0,0,0,0,0,49,197
170,85,3033,2854,2816,2873,3252,2908,2917,2925,0,0,0,0,0,0,0,0,0,0,0,0,0,0,0,0,0,0,0,0,0,0,0,0,0,0,0,222,197
170,85,3033,2884,2813,2861,3222,2907,2910,2927,0,0,0,0,0,0,0,0,0,0,0,0,0,0,0,0,0,0,0,0,0,0,0,0,0,0,0,72,197
170,85,3051,2865,2815,2877,3217,2917,2903,2919,0,0,0,0,0,0,0,0,0,0,0,0,0,0,0,0,0,0,0,0,0,0,0,0,0,0,0,37,197
170,85,3064,2864,2814,2877,3231,2917,2939,2927,0,0,0,0,0,0,0,0,0,0,0,0,0,0,0,0,0,0,0,0,0,0,0,0,0,0,0,28,197
170,85,3029,2873,2806,2872,3243,2916,2903,2948,0,0,0,0,0,0,0,0,0,0,0,0,0,0,0,0,0,0,0,0,0,0,0,0,0,0,0,199,197
170,85,3032,2866,2814,2870,3232,2940,2932,2926,0,0,0,0,0,0,0,0,0,0,0,0,0,0,0,0,0,0,0,0,0,0,0,0,0,0,0,29,197
170,85,3025,2865,2785,2871,3215,2915,2903,2947,0,0,0,0,0,0,0,0,0,0,0,0,0,0,0,0,0,0,0,0,0,0,0,0,0,0,0,247,198
170,85,3033,2883,2793,2871,3230,2939,2908,2927,0,0,0,0,0,0,0,0,0,0,0,0,0,0,0,0,0,0,0,0,0,0,0,0,0,0,0,107,197
170,85,3037,2871,2806,2898,3232,2915,2902,2948,0,0,0,0,0,0,0,0,0,0,0,0,0,0,0,0,0,0,0,0,0,0,0,0,0,0,0,166,197
170,85,3024,2865,2806,2889,3222,2910,2908,2925,0,0,0,0,0,0,0,0,0,0,0,0,0,0,0,0,0,0,0,0,0,0,0,0,0,0,0,94,197
170,85,3063,2872,2798,2871,3249,2916,2911,2926,0,0,0,0,0,0,0,0,0,0,0,0,0,0,0,0,0,0,0,0,0,0,0,0,0,0,0,11,198
170,85,3023,2866,2808,2871,3229,2915,2911,2919,0,0,0,0,0,0,0,0,0,0,0,0,0,0,0,0,0,0,0,0,0,0,0,0,0,0,0,13,198
170,85,3032,2864,2797,2870,3232,2939,2909,2949,0,0,0,0,0,0,0,0,0,0,0,0,0,0,0,0,0,0,0,0,0,0,0,0,0,0,0,201,198
170,85,3069,2855,2808,2874,3230,2917,2909,2925,0,0,0,0,0,0,0,0,0,0,0,0,0,0,0,0,0,0,0,0,0,0,0,0,0,0,0,42,198
170,85,3031,2867,2806,2878,3216,2915,2909,2927,0,0,0,0,0,0,0,0,0,0,0,0,0,0,0,0,0,0,0,0,0,0,0,0,0,0,0,20,199
170,85,3031,2885,2807,2860,3229,2914,2940,2926,0,0,0,0,0,0,0,0,0,0,0,0,0,0,0,0,0,0,0,0,0,0,0,0,0,0,0,93,199
170,85,3029,2855,2793,2870,3228,2946,2911,2919,0,0,0,0,0,0,0,0,0,0,0,0,0,0,0,0,0,0,0,0,0,0,0,0,0,0,0,242,199
170,85,3030,2864,2807,2878,3222,2916,2931,2927,0,0,0,0,0,0,0,0,0,0,0,0,0,0,0,0,0,0,0,0,0,0,0,0,0,0,0,56,199
170,85,3037,2866,2809,2872,3231,2914,2907,2924,0,0,0,0,0,0,0,0,0,0,0,0,0,0,0,0,0,0,0,0,0,0,0,0,0,0,0,29,199
170,85,3025,2867,2794,2870,3225,2916,2909,2919,0,0,0,0,0,0,0,0,0,0,0,0,0,0,0,0,0,0,0,0,0,0,0,0,0,0,0,0,199
170,85,3028,2865,2794,2858,3204,2929,2910,2924,0,0,0,0,0,0,0,0,0,0,0,0,0,0,0,0,0,0,0,0,0,0,0,0,0,0,0,27,199
170,85,3063,2854,2796,2858,3212,2916,2908,2914,0,0,0,0,0,0,0,0,0,0,0,0,0,0,0,0,0,0,0,0,0,0,0,0,0,0,0,56,199
170,85,3024,2854,2794,2870,3221,2907,2907,2926,0,0,0,0,0,0,0,0,0,0,0,0,0,0,0,0,0,0,0,0,0,0,0,0,0,0,0,40,199
170,85,3032,2866,2805,2870,3231,2914,2908,2924,0,0,0,0,0,0,0,0,0,0,0,0,0,0,0,0,0,0,0,0,0,0,0,0,0,0,0,29,199
170,85,3031,2862,2813,2860,3230,2914,2933,2932,0,0,0,0,0,0,0,0,0,0,0,0,0,0,0,0,0,0,0,0,0,0,0,0,0,0,0,44,199
170,85,3032,2853,2806,2876,3236,2917,2908,2920,0,0,0,0,0,0,0,0,0,0,0,0,0,0,0,0,0,0,0,0,0,0,0,0,0,0,0,59,199
170,85,3025,2865,2797,2875,3223,2908,2915,2926,0,0,0,0,0,0,0,0,0,0,0,0,0,0,0,0,0,0,0,0,0,0,0,0,0,0,0,9,199
170,85,3051,2853,2797,2859,3221,2908,2916,2925,0,0,0,0,0,0,0,0,0,0,0,0,0,0,0,0,0,0,0,0,0,0,0,0,0,0,0,49,199
170,85,3031,2853,2813,2869,3230,2914,2909,2927,0,0,0,0,0,0,0,0,0,0,0,0,0,0,0,0,0,0,0,0,0,0,0,0,0,0,0,13,199
170,85,3031,2863,2806,2860,3224,2915,2932,2926,0,0,0,0,0,0,0,0,0,0,0,0,0,0,0,0,0,0,0,0,0,0,0,0,0,0,0,58,199
170,85,3032,2864,2795,2860,3206,2915,2932,2926,0,0,0,0,0,0,0,0,0,0,0,0,0,0,0,0,0,0,0,0,0,0,0,0,0,0,0,41,198
170,85,3037,2855,2805,2867,3213,2915,2898,2927,0,0,0,0,0,0,0,0,0,0,0,0,0,0,0,0,0,0,0,0,0,0,0,0,0,0,0,22,198
170,85,3023,2864,2807,2871,3208,2923,2931,2924,0,0,0,0,0,0,0,0,0,0,0,0,0,0,0,0,0,0,0,0,0,0,0,0,0,0,0,58,198
170,85,3032,2875,2796,2898,3242,2927,2935,2926,0,0,0,0,0,0,0,0,0,0,0,0,0,0,0,0,0,0,0,0,0,0,0,0,0,0,0,120,198
170,85,3033,2854,2795,2868,3225,2915,2908,2926,0,0,0,0,0,0,0,0,0,0,0,0,0,0,0,0,0,0,0,0,0,0,0,0,0,0,0,17,198
170,85,3033,2854,2797,2898,3215,2915,2909,2919,0,0,0,0,0,0,0,0,0,0,0,0,0,0,0,0,0,0,0,0,0,0,0,0,0,0,0,111,198
170,85,3032,2855,2815,2872,3217,2947,2917,2927,0,0,0,0,0,0,0,0,0,0,0,0,0,0,0,0,0,0,0,0,0,0,0,0,0,0,0,217,198
170,85,3050,2884,2797,2872,3238,2917,2911,2926,0,0,0,0,0,0,0,0,0,0,0,0,0,0,0,0,0,0,0,0,0,0,0,0,0,0,0,112,198
170,85,3042,2894,2796,2859,3225,2917,2909,2927,0,0,0,0,0,0,0,0,0,0,0,0,0,0,0,0,0,0,0,0,0,0,0,0,0,0,0,92,198
170,85,3033,2865,2806,2899,3218,2939,2911,2927,0,0,0,0,0,0,0,0,0,0,0,0,0,0,0,0,0,0,0,0,0,0,0,0,0,0,0,109,198
170,85,3050,2855,2806,2890,3229,2916,2943,2919,0,0,0,0,0,0,0,0,0,0,0,0,0,0,0,0,0,0,0,0,0,0,0,0,0,0,0,105,199
170,85,3033,2867,2814,2889,3226,2915,2911,2925,0,0,0,0,0,0,0,0,0,0,0,0,0,0,0,0,0,0,0,0,0,0,0,0,0,0,0,111,199
170,85,3038,2867,2796,2872,3224,2917,2901,2927,0,0,0,0,0,0,0,0,0,0,0,0,0,0,0,0,0,0,0,0,0,0,0,0,0,0,0,7,199
170,85,3031,2855,2809,2872,3211,2917,2934,2919,0,0,0,0,0,0,0,0,0,0,0,0,0,0,0,0,0,0,0,0,0,0,0,0,0,0,0,55,200
170,85,3038,2868,2809,2860,3203,2919,2911,2927,0,0,0,0,0,0,0,0,0,0,0,0,0,0,0,0,0,0,0,0,0,0,0,0,0,0,0,18,200
170,85,3069,2856,2786,2890,3224,2940,2911,2928,0,0,0,0,0,0,0,0,0,0,0,0,0,0,0,0,0,0,0,0,0,0,0,0,0,0,0,79,200
170,85,3039,2866,2813,2872,3234,2940,2918,2949,0,0,0,0,0,0,0,0,0,0,0,0,0,0,0,0,0,0,0,0,0,0,0,0,0,0,0,236,200
170,85,3064,2856,2787,2890,3224,2916,2934,2926,0,0,0,0,0,0,0,0,0,0,0,0,0,0,0,0,0,0,0,0,0,0,0,0,0,0,0,100,201
170,85,3031,2854,2787,2872,3251,2916,2917,2927,0,0,0,0,0,0,0,0,0,0,0,0,0,0,0,0,0,0,0,0,0,0,0,0,0,0,0,14,201
170,85,3033,2866,2806,2872,3233,2905,2911,2927,0,0,0,0,0,0,0,0,0,0,0,0,0,0,0,0,0,0,0,0,0,0,0,0,0,0,0,20,201
170,85,3036,2854,2799,2877,3230,2916,2912,2927,0,0,0,0,0,0,0,0,0,0,0,0,0,0,0,0,0,0,0,0,0,0,0,0,0,0,0,36,201
170,85,3051,2886,2794,2890,3231,2924,2918,2921,0,0,0,0,0,0,0,0,0,0,0,0,0,0,0,0,0,0,0,0,0,0,0,0,0,0,0,8,201
170,85,3031,2868,2795,2862,3226,2910,2904,2955,0,0,0,0,0,0,0,0,0,0,0,0,0,0,0,0,0,0,0,0,0,0,0,0,0,0,0,200,201
170,85,3033,2868,2806,2871,3232,2940,2910,2921,0,0,0,0,0,0,0,0,0,0,0,0,0,0,0,0,0,0,0,0,0,0,0,0,0,0,0,62,201
170,85,3044,2865,2798,2862,3225,2916,2910,2935,0,0,0,0,0,0,0,0,0,0,0,0,0,0,0,0,0,0,0,0,0,0,0,0,0,0,0,56,201
170,85,3031,2865,2817,2866,3229,2924,2912,2919,0,0,0,0,0,0,0,0,0,0,0,0,0,0,0,0,0,0,0,0,0,0,0,0,0,0,0,219,202
170,85,3040,2876,2786,2862,3206,2941,2911,2915,0,0,0,0,0,0,0,0,0,0,0,0,0,0,0,0,0,0,0,0,0,0,0,0,0,0,0,46,202
170,85,3058,2860,2809,2879,3204,2910,2935,2951,0,0,0,0,0,0,0,0,0,0,0,0,0,0,0,0,0,0,0,0,0,0,0,0,0,0,0,203,203
170,85,3037,2866,2795,2901,3224,2924,2913,2956,0,0,0,0,0,0,0,0,0,0,0,0,0,0,0,0,0,0,0,0,0,0,0,0,0,0,0,177,203
170,85,3038,2867,2808,2880,3229,2939,2906,2921,0,0,0,0,0,0,0,0,0,0,0,0,0,0,0,0,0,0,0,0,0,0,0,0,0,0,0,121,203
170,85,3039,2868,2807,2862,3212,2948,2911,2931,0,0,0,0,0,0,0,0,0,0,0,0,0,0,0,0,0,0,0,0,0,0,0,0,0,0,0,239,204
170,85,3040,2888,2809,2872,3240,2923,2911,2933,0,0,0,0,0,0,0,0,0,0,0,0,0,0,0,0,0,0,0,0,0,0,0,0,0,0,0,121,204
170,85,3039,2898,2799,2872,3244,2924,2934,2919,0,0,0,0,0,0,0,0,0,0,0,0,0,0,0,0,0,0,0,0,0,0,0,0,0,0,0,114,204
170,85,3038,2866,2808,2872,3214,2919,2911,2958,0,0,0,0,0,0,0,0,0,0,0,0,0,0,0,0,0,0,0,0,0,0,0,0,0,0,0,237,203
170,85,3037,2867,2797,2862,3213,2917,2912,2914,0,0,0,0,0,0,0,0,0,0,0,0,0,0,0,0,0,0,0,0,0,0,0,0,0,0,0,62,204
170,85,3026,2867,2808,2873,3213,2918,2918,2919,0,0,0,0,0,0,0,0,0,0,0,0,0,0,0,0,0,0,0,0,0,0,0,0,0,0,0,51,204
170,85,3039,2897,2795,2879,3213,2910,2910,2958,0,0,0,0,0,0,0,0,0,0,0,0,0,0,0,0,0,0,0,0,0,0,0,0,0,0,0,160,204
170,85,3045,2896,2799,2872,3205,2927,2934,2927,0,0,0,0,0,0,0,0,0,0,0,0,0,0,0,0,0,0,0,0,0,0,0,0,0,0,0,104,204
170,85,3038,2865,2799,2872,3210,2917,2910,2928,0,0,0,0,0,0,0,0,0,0,0,0,0,0,0,0,0,0,0,0,0,0,0,0,0,0,0,0,205
170,85,3040,2876,2805,2892,3206,2914,2912,2915,0,0,0,0,0,0,0,0,0,0,0,0,0,0,0,0,0,0,0,0,0,0,0,0,0,0,0,123,205
170,85,3028,2887,2806,2878,3222,2918,2912,2925,0,0,0,0,0,0,0,0,0,0,0,0,0,0,0,0,0,0,0,0,0,0,0,0,0,0,0,95,205
170,85,3057,2865,2808,2870,3207,2917,2918,2928,0,0,0,0,0,0,0,0,0,0,0,0,0,0,0,0,0,0,0,0,0,0,0,0,0,0,0,3,205
170,85,3034,2868,2795,2873,3207,2940,2918,2919,0,0,0,0,0,0,0,0,0,0,0,0,0,0,0,0,0,0,0,0,0,0,0,0,0,0,0,63,205
170,85,3033,2868,2796,2860,3211,2916,2917,2926,0,0,0,0,0,0,0,0,0,0,0,0,0,0,0,0,0,0,0,0,0,0,0,0,0,0,0,48,205
170,85,3056,2868,2808,2877,3211,2917,2898,2928,0,0,0,0,0,0,0,0,0,0,0,0,0,0,0,0,0,0,0,0,0,0,0,0,0,0,0,52,205
170,85,3039,2856,2817,2900,3213,2916,2910,2926,0,0,0,0,0,0,0,0,0,0,0,0,0,0,0,0,0,0,0,0,0,0,0,0,0,0,0,131,205
170,85,3038,2865,2806,2862,3244,2916,2911,2928,0,0,0,0,0,0,0,0,0,0,0,0,0,0,0,0,0,0,0,0,0,0,0,0,0,0,0,41,205
170,85,3034,2865,2803,2861,3244,2939,2917,2920,0,0,0,0,0,0,0,0,0,0,0,0,0,0,0,0,0,0,0,0,0,0,0,0,0,0,0,22,205
170,85,3056,2864,2799,2877,3208,2918,2917,2957,0,0,0,0,0,0,0,0,0,0,0,0,0,0,0,0,0,0,0,0,0,0,0,0,0,0,0,237,205
170,85,3036,2864,2807,2872,3206,2940,2909,2927,0,0,0,0,0,0,0,0,0,0,0,0,0,0,0,0,0,0,0,0,0,0,0,0,0,0,0,18,205
170,85,3030,2866,2797,2899,3239,2915,2910,2926,0,0,0,0,0,0,0,0,0,0,0,0,0,0,0,0,0,0,0,0,0,0,0,0,0,0,0,87,204
170,85,3035,2855,2809,2870,3223,2940,2905,2926,0,0,0,0,0,0,0,0,0,0,0,0,0,0,0,0,0,0,0,0,0,0,0,0,0,0,0,22,205
170,85,3033,2869,2798,2871,3225,2910,2904,2925,0,0,0,0,0,0,0,0,0,0,0,0,0,0,0,0,0,0,0,0,0,0,0,0,0,0,0,62,204
170,85,3039,2884,2809,2870,3229,2908,2933,2949,0,0,0,0,0,0,0,0,0,0,0,0,0,0,0,0,0,0,0,0,0,0,0,0,0,0,0,156,204
170,85,3031,2865,2807,2871,3230,2917,2905,2928,0,0,0,0,0,0,0,0,0,0,0,0,0,0,0,0,0,0,0,0,0,0,0,0,0,0,0,13,205
170,85,3033,2865,2807,2904,3226,2915,2942,2932,0,0,0,0,0,0,0,0,0,0,0,0,0,0,0,0,0,0,0,0,0,0,0,0,0,0,0,77,204
170,85,3038,2897,2796,2861,3223,2915,2904,2928,0,0,0,0,0,0,0,0,0,0,0,0,0,0,0,0,0,0,0,0,0,0,0,0,0,0,0,107,204
170,85,3038,2886,2806,2871,3205,2918,2899,2957,0,0,0,0,0,0,0,0,0,0,0,0,0,0,0,0,0,0,0,0,0,0,0,0,0,0,0,157,204
170,85,3032,2865,2796,2890,3225,2922,2917,2948,0,0,0,0,0,0,0,0,0,0,0,0,0,0,0,0,0,0,0,0,0,0,0,0,0,0,0,164,204
170,85,3051,2868,2817,2871,3224,2905,2910,2926,0,0,0,0,0,0,0,0,0,0,0,0,0,0,0,0,0,0,0,0,0,0,0,0,0,0,0,224,204
170,85,3053,2884,2815,2878,3216,2909,2902,2933,0,0,0,0,0,0,0,0,0,0,0,0,0,0,0,0,0,0,0,0,0,0,0,0,0,0,0,127,204
170,85,3056,2865,2796,2904,3256,2910,2942,2925,0,0,0,0,0,0,0,0,0,0,0,0,0,0,0,0,0,0,0,0,0,0,0,0,0,0,0,121,204
170,85,3063,2865,2807,2872,3225,2915,2911,2949,0,0,0,0,0,0,0,0,0,0,0,0,0,0,0,0,0,0,0,0,0,0,0,0,0,0,0,208,205
170,85,3035,2873,2815,2890,3206,2915,2905,2926,0,0,0,0,0,0,0,0,0,0,0,0,0,0,0,0,0,0,0,0,0,0,0,0,0,0,0,124,204
170,85,3050,2854,2781,2870,3228,2915,2935,2928,0,0,0,0,0,0,0,0,0,0,0,0,0,0,0,0,0,0,0,0,0,0,0,0,0,0,0,38,204
170,85,3033,2864,2805,2878,3217,2908,2902,2914,0,0,0,0,0,0,0,0,0,0,0,0,0,0,0,0,0,0,0,0,0,0,0,0,0,0,0,34,204
170,85,3032,2859,2806,2872,3205,2915,2909,2914,0,0,0,0,0,0,0,0,0,0,0,0,0,0,0,0,0,0,0,0,0,0,0,0,0,0,0,29,204
170,85,3045,2866,2794,2877,3237,2917,2942,2948,0,0,0,0,0,0,0,0,0,0,0,0,0,0,0,0,0,0,0,0,0,0,0,0,0,0,0,195,204
170,85,3063,2862,2808,2870,3213,2914,2910,2918,0,0,0,0,0,0,0,0,0,0,0,0,0,0,0,0,0,0,0,0,0,0,0,0,0,0,0,57,204
170,85,3033,2864,2794,2860,3210,2918,2898,2948,0,0,0,0,0,0,0,0,0,0,0,0,0,0,0,0,0,0,0,0,0,0,0,0,0,0,0,236,204
170,85,3038,2853,2805,2878,3212,2909,2917,2926,0,0,0,0,0,0,0,0,0,0,0,0,0,0,0,0,0,0,0,0,0,0,0,0,0,0,0,19,202
170,85,3033,2864,2806,2871,3213,2909,2905,2958,0,0,0,0,0,0,0,0,0,0,0,0,0,0,0,0,0,0,0,0,0,0,0,0,0,0,0,214,202
170,85,3032,2875,2813,2877,3211,2910,2910,2948,0,0,0,0,0,0,0,0,0,0,0,0,0,0,0,0,0,0,0,0,0,0,0,0,0,0,0,213,202
170,85,3026,2855,2795,2889,3210,2916,2917,2932,0,0,0,0,0,0,0,0,0,0,0,0,0,0,0,0,0,0,0,0,0,0,0,0,0,0,0,81,202
170,85,3033,2854,2805,2861,3228,2915,2911,2920,0,0,0,0,0,0,0,0,0,0,0,0,0,0,0,0,0,0,0,0,0,0,0,0,0,0,0,22,202
170,85,3038,2864,2806,2877,3198,2940,2910,2927,0,0,0,0,0,0,0,0,0,0,0,0,0,0,0,0,0,0,0,0,0,0,0,0,0,0,0,239,201
170,85,3042,2867,2806,2871,3208,2908,2903,2919,0,0,0,0,0,0,0,0,0,0,0,0,0,0,0,0,0,0,0,0,0,0,0,0,0,0,0,13,202
170,85,3042,2869,2804,2888,3211,2916,2910,2925,0,0,0,0,0,0,0,0,0,0,0,0,0,0,0,0,0,0,0,0,0,0,0,0,0,0,0,78,202
170,85,3051,2874,2797,2890,3204,2915,2947,2920,0,0,0,0,0,0,0,0,0,0,0,0,0,0,0,0,0,0,0,0,0,0,0,0,0,0,0,131,201
170,85,3039,2863,2795,2870,3218,2915,2934,2957,0,0,0,0,0,0,0,0,0,0,0,0,0,0,0,0,0,0,0,0,0,0,0,0,0,0,0,222,201
170,85,3031,2854,2797,2871,3210,2916,2910,2947,0,0,0,0,0,0,0,0,0,0,0,0,0,0,0,0,0,0,0,0,0,0,0,0,0,0,0,225,200
170,85,3031,2866,2805,2871,3211,2910,2909,2949,0,0,0,0,0,0,0,0,0,0,0,0,0,0,0,0,0,0,0,0,0,0,0,0,0,0,0,211,200
170,85,3035,2865,2807,2899,3208,2905,2909,2918,0,0,0,0,0,0,0,0,0,0,0,0,0,0,0,0,0,0,0,0,0,0,0,0,0,0,0,93,201
170,85,3030,2863,2794,2876,3207,2939,2933,2946,0,0,0,0,0,0,0,0,0,0,0,0,0,0,0,0,0,0,0,0,0,0,0,0,0,0,0,221,201
170,85,3050,2866,2806,2889,3211,2914,2909,2947,0,0,0,0,0,0,0,0,0,0,0,0,0,0,0,0,0,0,0,0,0,0,0,0,0,0,0,169,201
170,85,3024,2867,2785,2870,3211,2938,2940,2927,0,0,0,0,0,0,0,0,0,0,0,0,0,0,0,0,0,0,0,0,0,0,0,0,0,0,0,47,201
170,85,3021,2855,2779,2889,3237,2903,2908,2924,0,0,0,0,0,0,0,0,0,0,0,0,0,0,0,0,0,0,0,0,0,0,0,0,0,0,0,67,201
170,85,3024,2864,2797,2888,3211,2914,2910,2926,0,0,0,0,0,0,0,0,0,0,0,0,0,0,0,0,0,0,0,0,0,0,0,0,0,0,0,101,201
170,85,3024,2861,2804,2869,3195,2937,2916,2926,0,0,0,0,0,0,0,0,0,0,0,0,0,0,0,0,0,0,0,0,0,0,0,0,0,0,0,205,201
170,85,3031,2864,2805,2875,3232,2946,2910,2923,0,0,0,0,0,0,0,0,0,0,0,0,0,0,0,0,0,0,0,0,0,0,0,0,0,0,0,199,201
170,85,3037,2851,2805,2868,3200,2915,2904,2948,0,0,0,0,0,0,0,0,0,0,0,0,0,0,0,0,0,0,0,0,0,0,0,0,0,0,0,249,201
170,85,3021,2892,2779,2859,3211,2909,2901,2937,0,0,0,0,0,0,0,0,0,0,0,0,0,0,0,0,0,0,0,0,0,0,0,0,0,0,0,114,202
170,85,3048,2865,2803,2861,3211,2915,2910,2925,0,0,0,0,0,0,0,0,0,0,0,0,0,0,0,0,0,0,0,0,0,0,0,0,0,0,0,37,202
170,85,3031,2864,2796,2867,3233,2909,2910,2925,0,0,0,0,0,0,0,0,0,0,0,0,0,0,0,0,0,0,0,0,0,0,0,0,0,0,0,14,202
170,85,3061,2860,2794,2875,3235,2914,2940,2931,0,0,0,0,0,0,0,0,0,0,0,0,0,0,0,0,0,0,0,0,0,0,0,0,0,0,0,63,201
170,85,3048,2862,2804,2871,3207,2927,2940,2926,0,0,0,0,0,0,0,0,0,0,0,0,0,0,0,0,0,0,0,0,0,0,0,0,0,0,0,6,201
170,85,3031,2865,2794,2869,3240,2915,2907,2925,0,0,0,0,0,0,0,0,0,0,0,0,0,0,0,0,0,0,0,0,0,0,0,0,0,0,0,61,201
170,85,3021,2862,2804,2892,3203,2907,2909,2924,0,0,0,0,0,0,0,0,0,0,0,0,0,0,0,0,0,0,0,0,0,0,0,0,0,0,0,75,201
170,85,3048,2853,2793,2869,3200,2907,2915,2924,0,0,0,0,0,0,0,0,0,0,0,0,0,0,0,0,0,0,0,0,0,0,0,0,0,0,0,60,201
170,85,3047,2862,2783,2859,3213,2913,2915,2925,0,0,0,0,0,0,0,0,0,0,0,0,0,0,0,0,0,0,0,0,0,0,0,0,0,0,0,38,200
170,85,3031,2864,2795,2874,3225,2915,2907,2954,0,0,0,0,0,0,0,0,0,0,0,0,0,0,0,0,0,0,0,0,0,0,0,0,0,0,0,228,201
170,85,3049,2860,2805,2876,3210,2913,2931,2930,0,0,0,0,0,0,0,0,0,0,0,0,0,0,0,0,0,0,0,0,0,0,0,0,0,0,0,31,201
170,85,3028,2873,2802,2887,3207,2913,2909,2917,0,0,0,0,0,0,0,0,0,0,0,0,0,0,0,0,0,0,0,0,0,0,0,0,0,0,0,127,201
170,85,3047,2870,2778,2868,3220,2912,2930,2917,0,0,0,0,0,0,0,0,0,0,0,0,0,0,0,0,0,0,0,0,0,0,0,0,0,0,0,37,201
170,85,3048,2852,2793,2875,3210,2913,2907,2947,0,0,0,0,0,0,0,0,0,0,0,0,0,0,0,0,0,0,0,0,0,0,0,0,0,0,0,212,201
170,85,3059,2861,2794,2857,3213,2906,2907,2950,0,0,0,0,0,0,0,0,0,0,0,0,0,0,0,0,0,0,0,0,0,0,0,0,0,0,0,238,201
170,85,3030,2860,2793,2856,3221,2903,2906,2921,0,0,0,0,0,0,0,0,0,0,0,0,0,0,0,0,0,0,0,0,0,0,0,0,0,0,0,51,201
170,85,3029,2862,2777,2856,3213,2925,2908,2918,0,0,0,0,0,0,0,0,0,0,0,0,0,0,0,0,0,0,0,0,0,0,0,0,0,0,0,41,201
170,85,3030,2862,2792,2874,3208,2902,2896,2923,0,0,0,0,0,0,0,0,0,0,0,0,0,0,0,0,0,0,0,0,0,0,0,0,0,0,0,54,201
170,85,3021,2863,2794,2894,3235,2911,2908,2924,0,0,0,0,0,0,0,0,0,0,0,0,0,0,0,0,0,0,0,0,0,0,0,0,0,0,0,115,201
170,85,3020,2863,2793,2894,3215,2907,2895,2912,0,0,0,0,0,0,0,0,0,0,0,0,0,0,0,0,0,0,0,0,0,0,0,0,0,0,0,70,201
170,85,3029,2845,2776,2866,3221,2911,2906,2912,0,0,0,0,0,0,0,0,0,0,0,0,0,0,0,0,0,0,0,0,0,0,0,0,0,0,0,43,201
170,85,3046,2862,2802,2894,3218,2912,2907,2907,0,0,0,0,0,0,0,0,0,0,0,0,0,0,0,0,0,0,0,0,0,0,0,0,0,0,0,127,200
170,85,3029,2869,2792,2873,3222,2920,2901,2945,0,0,0,0,0,0,0,0,0,0,0,0,0,0,0,0,0,0,0,0,0,0,0,0,0,0,0,226,201
170,85,3029,2860,2811,2867,3220,2912,2906,2923,0,0,0,0,0,0,0,0,0,0,0,0,0,0,0,0,0,0,0,0,0,0,0,0,0,0,0,13,201
170,85,3016,2851,2800,2867,3210,2905,2930,2922,0,0,0,0,0,0,0,0,0,0,0,0,0,0,0,0,0,0,0,0,0,0,0,0,0,0,0,26,201
170,85,3026,2860,2798,2866,3214,2900,2928,2910,0,0,0,0,0,0,0,0,0,0,0,0,0,0,0,0,0,0,0,0,0,0,0,0,0,0,0,47,201
170,85,3022,2849,2801,2866,3214,2901,2907,2917,0,0,0,0,0,0,0,0,0,0,0,0,0,0,0,0,0,0,0,0,0,0,0,0,0,0,0,48,201
170,85,3020,2861,2793,2859,3206,2900,2908,2916,0,0,0,0,0,0,0,0,0,0,0,0,0,0,0,0,0,0,0,0,0,0,0,0,0,0,0,48,201
170,85,3028,2867,2791,2867,3203,2911,2905,2916,0,0,0,0,0,0,0,0,0,0,0,0,0,0,0,0,0,0,0,0,0,0,0,0,0,0,0,43,201
170,85,3040,2878,2790,2884,3230,2910,2905,2922,0,0,0,0,0,0,0,0,0,0,0,0,0,0,0,0,0,0,0,0,0,0,0,0,0,0,0,118,201
170,85,3027,2880,2784,2867,3221,2900,2901,2923,0,0,0,0,0,0,0,0,0,0,0,0,0,0,0,0,0,0,0,0,0,0,0,0,0,0,0,70,200
170,85,3026,2860,2790,2883,3200,2910,2894,2933,0,0,0,0,0,0,0,0,0,0,0,0,0,0,0,0,0,0,0,0,0,0,0,0,0,0,0,71,201
170,85,3027,2861,2773,2874,3218,2904,2894,2921,0,0,0,0,0,0,0,0,0,0,0,0,0,0,0,0,0,0,0,0,0,0,0,0,0,0,0,5,201
170,85,3040,2861,2797,2865,3206,2911,2904,2911,0,0,0,0,0,0,0,0,0,0,0,0,0,0,0,0,0,0,0,0,0,0,0,0,0,0,0,54,201
170,85,3029,2851,2801,2864,3198,2910,2895,2943,0,0,0,0,0,0,0,0,0,0,0,0,0,0,0,0,0,0,0,0,0,0,0,0,0,0,0,222,201
170,85,3045,2859,2793,2853,3193,2919,2905,2932,0,0,0,0,0,0,0,0,0,0,0,0,0,0,0,0,0,0,0,0,0,0,0,0,0,0,0,200,201
170,85,3027,2857,2773,2864,3206,2934,2904,2921,0,0,0,0,0,0,0,0,0,0,0,0,0,0,0,0,0,0,0,0,0,0,0,0,0,0,0,39,201
170,85,3033,2860,2799,2855,3208,2909,2900,2942,0,0,0,0,0,0,0,0,0,0,0,0,0,0,0,0,0,0,0,0,0,0,0,0,0,0,0,59,200
170,85,3027,2858,2799,2853,3205,2908,2895,2921,0,0,0,0,0,0,0,0,0,0,0,0,0,0,0,0,0,0,0,0,0,0,0,0,0,0,0,53,200
170,85,3056,2861,2799,2864,3192,2893,2905,2930,0,0,0,0,0,0,0,0,0,0,0,0,0,0,0,0,0,0,0,0,0,0,0,0,0,0,0,229,201
170,85,3044,2860,2776,2853,3191,2909,2906,2920,0,0,0,0,0,0,0,0,0,0,0,0,0,0,0,0,0,0,0,0,0,0,0,0,0,0,0,212,201
170,85,3013,2867,2788,2864,3195,2908,2904,2909,0,0,0,0,0,0,0,0,0,0,0,0,0,0,0,0,0,0,0,0,0,0,0,0,0,0,0,249,201
170,85,3019,2877,2790,2865,3208,2936,2904,2911,0,0,0,0,0,0,0,0,0,0,0,0,0,0,0,0,0,0,0,0,0,0,0,0,0,0,0,47,202
170,85,3028,2843,2772,2891,3207,2936,2893,2937,0,0,0,0,0,0,0,0,0,0,0,0,0,0,0,0,0,0,0,0,0,0,0,0,0,0,0,98,202
170,85,3014,2857,2789,2862,3206,2908,2905,2920,0,0,0,0,0,0,0,0,0,0,0,0,0,0,0,0,0,0,0,0,0,0,0,0,0,0,0,54,202
170,85,3017,2840,2806,2853,3196,2898,2903,2921,0,0,0,0,0,0,0,0,0,0,0,0,0,0,0,0,0,0,0,0,0,0,0,0,0,0,0,235,201
170,85,3016,2869,2773,2880,3205,2898,2899,2919,0,0,0,0,0,0,0,0,0,0,0,0,0,0,0,0,0,0,0,0,0,0,0,0,0,0,0,114,201
170,85,3018,2862,2788,2855,3204,2907,2903,2920,0,0,0,0,0,0,0,0,0,0,0,0,0,0,0,0,0,0,0,0,0,0,0,0,0,0,0,62,201
170,85,3026,2858,2789,2870,3200,2908,2903,2943,0,0,0,0,0,0,0,0,0,0,0,0,0,0,0,0,0,0,0,0,0,0,0,0,0,0,0,38,201
170,85,3034,2859,2801,2863,3195,2908,2904,2918,0,0,0,0,0,0,0,0,0,0,0,0,0,0,0,0,0,0,0,0,0,0,0,0,0,0,0,207,201
170,85,3021,2858,2799,2853,3206,2909,2894,2906,0,0,0,0,0,0,0,0,0,0,0,0,0,0,0,0,0,0,0,0,0,0,0,0,0,0,0,27,201
170,85,3025,2857,2795,2863,3195,2909,2903,2914,0,0,0,0,0,0,0,0,0,0,0,0,0,0,0,0,0,0,0,0,0,0,0,0,0,0,0,214,201
170,85,3025,2852,2783,2865,3194,2919,2904,2931,0,0,0,0,0,0,0,0,0,0,0,0,0,0,0,0,0,0,0,0,0,0,0,0,0,0,0,212,201
170,85,3017,2860,2801,2851,3216,2908,2893,2913,0,0,0,0,0,0,0,0,0,0,0,0,0,0,0,0,0,0,0,0,0,0,0,0,0,0,0,46,201
170,85,3025,2850,2798,2864,3205,2903,2892,2923,0,0,0,0,0,0,0,0,0,0,0,0,0,0,0,0,0,0,0,0,0,0,0,0,0,0,0,33,201
170,85,3024,2858,2799,2864,3211,2907,2927,2900,0,0,0,0,0,0,0,0,0,0,0,0,0,0,0,0,0,0,0,0,0,0,0,0,0,0,0,55,201
170,85,3012,2848,2792,2853,3204,2896,2899,2943,0,0,0,0,0,0,0,0,0,0,0,0,0,0,0,0,0,0,0,0,0,0,0,0,0,0,0,40,201
170,85,3013,2846,2795,2862,3218,2906,2893,2913,0,0,0,0,0,0,0,0,0,0,0,0,0,0,0,0,0,0,0,0,0,0,0,0,0,0,0,3,200
170,85,3037,2848,2799,2863,3205,2922,2906,2913,0,0,0,0,0,0,0,0,0,0,0,0,0,0,0,0,0,0,0,0,0,0,0,0,0,0,0,16,200
170,85,3012,2857,2786,2863,3226,2930,2926,2903,0,0,0,0,0,0,0,0,0,0,0,0,0,0,0,0,0,0,0,0,0,0,0,0,0,0,0,8,200
170,85,3017,2857,2789,2862,3203,2896,2902,2930,0,0,0,0,0,0,0,0,0,0,0,0,0,0,0,0,0,0,0,0,0,0,0,0,0,0,0,37,201
170,85,3032,2845,2799,2863,3213,2898,2897,2924,0,0,0,0,0,0,0,0,0,0,0,0,0,0,0,0,0,0,0,0,0,0,0,0,0,0,0,30,201
170,85,3033,2856,2799,2863,3194,2906,2893,2913,0,0,0,0,0,0,0,0,0,0,0,0,0,0,0,0,0,0,0,0,0,0,0,0,0,0,0,196,201
170,85,3023,2857,2780,2862,3192,2920,2899,2914,0,0,0,0,0,0,0,0,0,0,0,0,0,0,0,0,0,0,0,0,0,0,0,0,0,0,0,204,201
170,85,3011,2847,2775,2850,3199,2895,2892,2912,0,0,0,0,0,0,0,0,0,0,0,0,0,0,0,0,0,0,0,0,0,0,0,0,0,0,0,204,201
170,85,3024,2845,2787,2850,3219,2906,2904,2900,0,0,0,0,0,0,0,0,0,0,0,0,0,0,0,0,0,0,0,0,0,0,0,0,0,0,0,48,201
170,85,3024,2869,2773,2872,3203,2906,2913,2935,0,0,0,0,0,0,0,0,0,0,0,0,0,0,0,0,0,0,0,0,0,0,0,0,0,0,0,62,201
170,85,3015,2837,2791,2861,3216,2898,2885,2913,0,0,0,0,0,0,0,0,0,0,0,0,0,0,0,0,0,0,0,0,0,0,0,0,0,0,0,7,201
170,85,3033,2822,2793,2870,3194,2903,2904,2906,0,0,0,0,0,0,0,0,0,0,0,0,0,0,0,0,0,0,0,0,0,0,0,0,0,0,0,214,201
170,85,3023,2837,2763,2852,3233,2897,2891,2925,0,0,0,0,0,0,0,0,0,0,0,0,0,0,0,0,0,0,0,0,0,0,0,0,0,0,0,26,201
170,85,3023,2858,2763,2862,3197,2901,2902,2915,0,0,0,0,0,0,0,0,0,0,0,0,0,0,0,0,0,0,0,0,0,0,0,0,0,0,0,228,201
170,85,3017,2849,2793,2860,3203,2900,2902,2900,0,0,0,0,0,0,0,0,0,0,0,0,0,0,0,0,0,0,0,0,0,0,0,0,0,0,0,1,201
170,85,3010,2857,2782,2843,3202,2898,2902,2912,0,0,0,0,0,0,0,0,0,0,0,0,0,0,0,0,0,0,0,0,0,0,0,0,0,0,0,49,201
170,85,3023,2836,2789,2851,3199,2908,2890,2904,0,0,0,0,0,0,0,0,0,0,0,0,0,0,0,0,0,0,0,0,0,0,0,0,0,0,0,213,201
170,85,3035,2835,2772,2885,3204,2907,2889,2901,0,0,0,0,0,0,0,0,0,0,0,0,0,0,0,0,0,0,0,0,0,0,0,0,0,0,0,99,201
170,85,3036,2828,2765,2851,3204,2897,2902,2911,0,0,0,0,0,0,0,0,0,0,0,0,0,0,0,0,0,0,0,0,0,0,0,0,0,0,0,27,201
170,85,3032,2859,2785,2861,3203,2908,2916,2941,0,0,0,0,0,0,0,0,0,0,0,0,0,0,0,0,0,0,0,0,0,0,0,0,0,0,0,0,201
170,85,3011,2847,2764,2860,3198,2905,2903,2912,0,0,0,0,0,0,0,0,0,0,0,0,0,0,0,0,0,0,0,0,0,0,0,0,0,0,0,213,201
170,85,3035,2830,2793,2861,3200,2907,2913,2902,0,0,0,0,0,0,0,0,0,0,0,0,0,0,0,0,0,0,0,0,0,0,0,0,0,0,0,4,200
170,85,3022,2837,2781,2860,3198,2897,2891,2912,0,0,0,0,0,0,0,0,0,0,0,0,0,0,0,0,0,0,0,0,0,0,0,0,0,0,0,215,200
170,85,3012,2847,2781,2844,3179,2905,2891,2902,0,0,0,0,0,0,0,0,0,0,0,0,0,0,0,0,0,0,0,0,0,0,0,0,0,0,0,204,200
170,85,3021,2847,2781,2860,3184,2907,2900,2911,0,0,0,0,0,0,0,0,0,0,0,0,0,0,0,0,0,0,0,0,0,0,0,0,0,0,0,250,201
170,85,3035,2830,2778,2851,3184,2907,2895,2924,0,0,0,0,0,0,0,0,0,0,0,0,0,0,0,0,0,0,0,0,0,0,0,0,0,0,0,221,201
170,85,3022,2819,2761,2872,3196,2915,2886,2892,0,0,0,0,0,0,0,0,0,0,0,0,0,0,0,0,0,0,0,0,0,0,0,0,0,0,0,208,201
170,85,3023,2847,2779,2858,3191,2880,2907,2913,0,0,0,0,0,0,0,0,0,0,0,0,0,0,0,0,0,0,0,0,0,0,0,0,0,0,0,213,201
170,85,3031,2844,2765,2843,3210,2907,2889,2912,0,0,0,0,0,0,0,0,0,0,0,0,0,0,0,0,0,0,0,0,0,0,0,0,0,0,0,28,201
170,85,3010,2845,2785,2860,3193,2905,2894,2941,0,0,0,0,0,0,0,0,0,0,0,0,0,0,0,0,0,0,0,0,0,0,0,0,0,0,0,248,201
170,85,3010,2844,2799,2843,3191,2895,2887,2924,0,0,0,0,0,0,0,0,0,0,0,0,0,0,0,0,0,0,0,0,0,0,0,0,0,0,0,192,201
170,85,3010,2820,2779,2843,3192,2895,2896,2912,0,0,0,0,0,0,0,0,0,0,0,0,0,0,0,0,0,0,0,0,0,0,0,0,0,0,0,248,200
170,85,3011,2845,2775,2847,3205,2898,2885,2913,0,0,0,0,0,0,0,0,0,0,0,0,0,0,0,0,0,0,0,0,0,0,0,0,0,0,0,28,200
170,85,3021,2844,2778,2850,3194,2896,2896,2923,0,0,0,0,0,0,0,0,0,0,0,0,0,0,0,0,0,0,0,0,0,0,0,0,0,0,0,193,200
170,85,3020,2846,2780,2841,3204,2918,2895,2900,0,0,0,0,0,0,0,0,0,0,0,0,0,0,0,0,0,0,0,0,0,0,0,0,0,0,0,23,200
170,85,3009,2844,2778,2849,3228,2895,2883,2938,0,0,0,0,0,0,0,0,0,0,0,0,0,0,0,0,0,0,0,0,0,0,0,0,0,0,0,53,199
170,85,3011,2835,2784,2857,3191,2893,2896,2901,0,0,0,0,0,0,0,0,0,0,0,0,0,0,0,0,0,0,0,0,0,0,0,0,0,0,0,223,198
170,85,3022,2834,2775,2848,3198,2919,2884,2903,0,0,0,0,0,0,0,0,0,0,0,0,0,0,0,0,0,0,0,0,0,0,0,0,0,0,0,216,198
170,85,3020,2845,2785,2844,3193,2908,2896,2902,0,0,0,0,0,0,0,0,0,0,0,0,0,0,0,0,0,0,0,0,0,0,0,0,0,0,0,246,199
170,85,3011,2843,2784,2848,3205,2895,2907,2902,0,0,0,0,0,0,0,0,0,0,0,0,0,0,0,0,0,0,0,0,0,0,0,0,0,0,0,38,199
170,85,3011,2835,2789,2848,3213,2906,2896,2914,0,0,0,0,0,0,0,0,0,0,0,0,0,0,0,0,0,0,0,0,0,0,0,0,0,0,0,9,198
170,85,3029,2819,2778,2850,3189,2904,2908,2890,0,0,0,0,0,0,0,0,0,0,0,0,0,0,0,0,0,0,0,0,0,0,0,0,0,0,0,236,199
170,85,3035,2831,2776,2847,3216,2918,2894,2901,0,0,0,0,0,0,0,0,0,0,0,0,0,0,0,0,0,0,0,0,0,0,0,0,0,0,0,7,199
170,85,3004,2827,2788,2859,3190,2896,2897,2911,0,0,0,0,0,0,0,0,0,0,0,0,0,0,0,0,0,0,0,0,0,0,0,0,0,0,0,169,199
170,85,3021,2834,2790,2849,3185,2895,2908,2913,0,0,0,0,0,0,0,0,0,0,0,0,0,0,0,0,0,0,0,0,0,0,0,0,0,0,0,226,199
170,85,3016,2854,2773,2862,3189,2920,2886,2901,0,0,0,0,0,0,0,0,0,0,0,0,0,0,0,0,0,0,0,0,0,0,0,0,0,0,0,226,201
170,85,3003,2844,2784,2847,3201,2906,2897,2912,0,0,0,0,0,0,0,0,0,0,0,0,0,0,0,0,0,0,0,0,0,0,0,0,0,0,0,75,201
170,85,3022,2845,2773,2873,3192,2896,2896,2913,0,0,0,0,0,0,0,0,0,0,0,0,0,0,0,0,0,0,0,0,0,0,0,0,0,0,0,223,201
170,85,3023,2827,2760,2847,3196,2896,2897,2912,0,0,0,0,0,0,0,0,0,0,0,0,0,0,0,0,0,0,0,0,0,0,0,0,0,0,0,247,201
170,85,3021,2834,2775,2848,3190,2904,2896,2911,0,0,0,0,0,0,0,0,0,0,0,0,0,0,0,0,0,0,0,0,0,0,0,0,0,0,0,240,201
170,85,3010,2818,2762,2858,3203,2906,2896,2900,0,0,0,0,0,0,0,0,0,0,0,0,0,0,0,0,0,0,0,0,0,0,0,0,0,0,0,4,201
170,85,3009,2839,2779,2848,3206,2929,2888,2912,0,0,0,0,0,0,0,0,0,0,0,0,0,0,0,0,0,0,0,0,0,0,0,0,0,0,0,11,201
170,85,3011,2854,2763,2847,3215,2896,2897,2912,0,0,0,0,0,0,0,0,0,0,0,0,0,0,0,0,0,0,0,0,0,0,0,0,0,0,0,38,201
170,85,3023,2845,2761,2860,3205,2907,2926,2902,0,0,0,0,0,0,0,0,0,0,0,0,0,0,0,0,0,0,0,0,0,0,0,0,0,0,0,40,200
170,85,3014,2844,2775,2850,3216,2897,2896,2912,0,0,0,0,0,0,0,0,0,0,0,0,0,0,0,0,0,0,0,0,0,0,0,0,0,0,0,39,200
170,85,3022,2829,2779,2847,3208,2918,2894,2913,0,0,0,0,0,0,0,0,0,0,0,0,0,0,0,0,0,0,0,0,0,0,0,0,0,0,0,63,200
170,85,3051,2829,2771,2858,3216,2906,2883,2912,0,0,0,0,0,0,0,0,0,0,0,0,0,0,0,0,0,0,0,0,0,0,0,0,0,0,0,15,200
170,85,3029,2828,2777,2861,3189,2907,2896,2912,0,0,0,0,0,0,0,0,0,0,0,0,0,0,0,0,0,0,0,0,0,0,0,0,0,0,0,202,200
170,85,3031,2834,2782,2884,3206,2896,2907,2889,0,0,0,0,0,0,0,0,0,0,0,0,0,0,0,0,0,0,0,0,0,0,0,0,0,0,0,98,200
170,85,3016,2833,2789,2847,3201,2906,2905,2920,0,0,0,0,0,0,0,0,0,0,0,0,0,0,0,0,0,0,0,0,0,0,0,0,0,0,0,48,200
170,85,3018,2818,2772,2861,3215,2894,2896,2901,0,0,0,0,0,0,0,0,0,0,0,0,0,0,0,0,0,0,0,0,0,0,0,0,0,0,0,12,200
170,85,3021,2844,2788,2849,3197,2903,2897,2911,0,0,0,0,0,0,0,0,0,0,0,0,0,0,0,0,0,0,0,0,0,0,0,0,0,0,0,201,200
170,85,3020,2856,2779,2840,3203,2905,2904,2922,0,0,0,0,0,0,0,0,0,0,0,0,0,0,0,0,0,0,0,0,0,0,0,0,0,0,0,54,200
170,85,3012,2847,2788,2880,3196,2905,2891,2920,0,0,0,0,0,0,0,0,0,0,0,0,0,0,0,0,0,0,0,0,0,0,0,0,0,0,0,128,200
170,85,3034,2834,2779,2855,3200,2919,2884,2911,0,0,0,0,0,0,0,0,0,0,0,0,0,0,0,0,0,0,0,0,0,0,0,0,0,0,0,49,200
170,85,3022,2833,2777,2847,3214,2879,2886,2920,0,0,0,0,0,0,0,0,0,0,0,0,0,0,0,0,0,0,0,0,0,0,0,0,0,0,0,127,200
170,85,3008,2835,2787,2842,3215,2894,2883,2902,0,0,0,0,0,0,0,0,0,0,0,0,0,0,0,0,0,0,0,0,0,0,0,0,0,0,0,7,200
170,85,3032,2818,2784,2839,3234,2896,2886,2912,0,0,0,0,0,0,0,0,0,0,0,0,0,0,0,0,0,0,0,0,0,0,0,0,0,0,0,0,200
170,85,3022,2843,2777,2842,3213,2906,2922,2907,0,0,0,0,0,0,0,0,0,0,0,0,0,0,0,0,0,0,0,0,0,0,0,0,0,0,0,9,200
170,85,3021,2818,2778,2848,3216,2896,2895,2925,0,0,0,0,0,0,0,0,0,0,0,0,0,0,0,0,0,0,0,0,0,0,0,0,0,0,0,46,200
170,85,3020,2827,2762,2841,3205,2905,2919,2899,0,0,0,0,0,0,0,0,0,0,0,0,0,0,0,0,0,0,0,0,0,0,0,0,0,0,0,5,199
170,85,3022,2817,2784,2851,3195,2916,2892,2900,0,0,0,0,0,0,0,0,0,0,0,0,0,0,0,0,0,0,0,0,0,0,0,0,0,0,0,242,199
170,85,3023,2836,2779,2858,3206,2896,2896,2901,0,0,0,0,0,0,0,0,0,0,0,0,0,0,0,0,0,0,0,0,0,0,0,0,0,0,0,0,200
170,85,3011,2844,2789,2841,3214,2879,2892,2910,0,0,0,0,0,0,0,0,0,0,0,0,0,0,0,0,0,0,0,0,0,0,0,0,0,0,0,121,200
170,85,3022,2818,2772,2848,3206,2905,2895,2924,0,0,0,0,0,0,0,0,0,0,0,0,0,0,0,0,0,0,0,0,0,0,0,0,0,0,0,61,199
170,85,3048,2852,2789,2848,3226,2894,2906,2901,0,0,0,0,0,0,0,0,0,0,0,0,0,0,0,0,0,0,0,0,0,0,0,0,0,0,0,43,199
170,85,3012,2844,2783,2856,3205,2905,2894,2923,0,0,0,0,0,0,0,0,0,0,0,0,0,0,0,0,0,0,0,0,0,0,0,0,0,0,0,47,199
170,85,3034,2835,2760,2861,3208,2918,2894,2912,0,0,0,0,0,0,0,0,0,0,0,0,0,0,0,0,0,0,0,0,0,0,0,0,0,0,0,21,199
170,85,3013,2833,2771,2852,3212,2895,2913,2920,0,0,0,0,0,0,0,0,0,0,0,0,0,0,0,0,0,0,0,0,0,0,0,0,0,0,0,16,199
170,85,3025,2832,2761,2857,3215,2906,2897,2911,0,0,0,0,0,0,0,0,0,0,0,0,0,0,0,0,0,0,0,0,0,0,0,0,0,0,0,3,199
170,85,3022,2853,2788,2847,3201,2905,2895,2900,0,0,0,0,0,0,0,0,0,0,0,0,0,0,0,0,0,0,0,0,0,0,0,0,0,0,0,42,199
170,85,3020,2834,2776,2848,3216,2906,2895,2909,0,0,0,0,0,0,0,0,0,0,0,0,0,0,0,0,0,0,0,0,0,0,0,0,0,0,0,7,200
170,85,3008,2842,2777,2850,3221,2879,2897,2901,0,0,0,0,0,0,0,0,0,0,0,0,0,0,0,0,0,0,0,0,0,0,0,0,0,0,0,118,199
170,85,3021,2844,2777,2849,3214,2904,2895,2912,0,0,0,0,0,0,0,0,0,0,0,0,0,0,0,0,0,0,0,0,0,0,0,0,0,0,0,41,199
170,85,3019,2828,2782,2870,3229,2917,2885,2885,0,0,0,0,0,0,0,0,0,0,0,0,0,0,0,0,0,0,0,0,0,0,0,0,0,0,0,46,199
170,85,3020,2833,2770,2850,3205,2894,2883,2910,0,0,0,0,0,0,0,0,0,0,0,0,0,0,0,0,0,0,0,0,0,0,0,0,0,0,0,2,199
170,85,3020,2828,2776,2850,3216,2918,2883,2910,0,0,0,0,0,0,0,0,0,0,0,0,0,0,0,0,0,0,0,0,0,0,0,0,0,0,0,40,200
170,85,3011,2833,2787,2858,3215,2879,2893,2911,0,0,0,0,0,0,0,0,0,0,0,0,0,0,0,0,0,0,0,0,0,0,0,0,0,0,0,64,200
170,85,3015,2842,2777,2845,3227,2896,2894,2885,0,0,0,0,0,0,0,0,0,0,0,0,0,0,0,0,0,0,0,0,0,0,0,0,0,0,0,32,200
170,85,3010,2833,2770,2867,3205,2917,2896,2911,0,0,0,0,0,0,0,0,0,0,0,0,0,0,0,0,0,0,0,0,0,0,0,0,0,0,0,36,200
170,85,3010,2826,2760,2849,3206,2905,2911,2910,0,0,0,0,0,0,0,0,0,0,0,0,0,0,0,0,0,0,0,0,0,0,0,0,0,0,0,6,200
170,85,3012,2841,2783,2848,3220,2906,2868,2911,0,0,0,0,0,0,0,0,0,0,0,0,0,0,0,0,0,0,0,0,0,0,0,0,0,0,0,126,200
170,85,3032,2843,2771,2850,3195,2905,2895,2910,0,0,0,0,0,0,0,0,0,0,0,0,0,0,0,0,0,0,0,0,0,0,0,0,0,0,0,248,200
170,85,3014,2817,2760,2854,3197,2895,2896,2911,0,0,0,0,0,0,0,0,0,0,0,0,0,0,0,0,0,0,0,0,0,0,0,0,0,0,0,237,200
170,85,3019,2816,2789,2841,3202,2920,2909,2920,0,0,0,0,0,0,0,0,0,0,0,0,0,0,0,0,0,0,0,0,0,0,0,0,0,0,0,17,200
170,85,3021,2844,2787,2858,3195,2917,2895,2901,0,0,0,0,0,0,0,0,0,0,0,0,0,0,0,0,0,0,0,0,0,0,0,0,0,0,0,229,200
170,85,3015,2834,2771,2867,3187,2906,2904,2918,0,0,0,0,0,0,0,0,0,0,0,0,0,0,0,0,0,0,0,0,0,0,0,0,0,0,0,219,200
170,85,3008,2828,2776,2859,3189,2895,2897,2911,0,0,0,0,0,0,0,0,0,0,0,0,0,0,0,0,0,0,0,0,0,0,0,0,0,0,0,242,200
170,85,3010,2834,2775,2840,3198,2892,2895,2901,0,0,0,0,0,0,0,0,0,0,0,0,0,0,0,0,0,0,0,0,0,0,0,0,0,0,0,206,201
170,85,3021,2845,2771,2837,3208,2878,2914,2909,0,0,0,0,0,0,0,0,0,0,0,0,0,0,0,0,0,0,0,0,0,0,0,0,0,0,0,102,201
170,85,3005,2826,2775,2847,3185,2917,2886,2910,0,0,0,0,0,0,0,0,0,0,0,0,0,0,0,0,0,0,0,0,0,0,0,0,0,0,0,138,200
170,85,2993,2832,2776,2837,3184,2904,2896,2922,0,0,0,0,0,0,0,0,0,0,0,0,0,0,0,0,0,0,0,0,0,0,0,0,0,0,0,135,200
170,85,3033,2828,2783,2838,3191,2918,2892,2900,0,0,0,0,0,0,0,0,0,0,0,0,0,0,0,0,0,0,0,0,0,0,0,0,0,0,0,236,200
170,85,3007,2817,2776,2846,3192,2905,2901,2899,0,0,0,0,0,0,0,0,0,0,0,0,0,0,0,0,0,0,0,0,0,0,0,0,0,0,0,166,200
170,85,3021,2845,2777,2850,3195,2903,2891,2923,0,0,0,0,0,0,0,0,0,0,0,0,0,0,0,0,0,0,0,0,0,0,0,0,0,0,0,222,200
170,85,2997,2828,2770,2839,3197,2915,2896,2918,0,0,0,0,0,0,0,0,0,0,0,0,0,0,0,0,0,0,0,0,0,0,0,0,0,0,0,173,200
170,85,3007,2844,2770,2850,3194,2906,2885,2884,0,0,0,0,0,0,0,0,0,0,0,0,0,0,0,0,0,0,0,0,0,0,0,0,0,0,0,139,200
170,85,3001,2842,2788,2832,3188,2905,2914,2900,0,0,0,0,0,0,0,0,0,0,0,0,0,0,0,0,0,0,0,0,0,0,0,0,0,0,0,181,200
170,85,3028,2846,2788,2867,3177,2881,2891,2920,0,0,0,0,0,0,0,0,0,0,0,0,0,0,0,0,0,0,0,0,0,0,0,0,0,0,0,239,200
170,85,3010,2817,2760,2863,3204,2895,2886,2918,0,0,0,0,0,0,0,0,0,0,0,0,0,0,0,0,0,0,0,0,0,0,0,0,0,0,0,54,200
170,85,3014,2828,2770,2837,3201,2905,2881,2910,0,0,0,0,0,0,0,0,0,0,0,0,0,0,0,0,0,0,0,0,0,0,0,0,0,0,0,51,200
170,85,3014,2829,2788,2842,3155,2878,2906,2899,0,0,0,0,0,0,0,0,0,0,0,0,0,0,0,0,0,0,0,0,0,0,0,0,0,0,0,168,200
170,85,3010,2833,2769,2820,3176,2905,2896,2929,0,0,0,0,0,0,0,0,0,0,0,0,0,0,0,0,0,0,0,0,0,0,0,0,0,0,0,239,200
170,85,2986,2844,2775,2861,3198,2914,2912,2901,0,0,0,0,0,0,0,0,0,0,0,0,0,0,0,0,0,0,0,0,0,0,0,0,0,0,0,156,201
170,85,3014,2844,2782,2860,3183,2894,2907,2899,0,0,0,0,0,0,0,0,0,0,0,0,0,0,0,0,0,0,0,0,0,0,0,0,0,0,0,248,200
170,85,3018,2815,2788,2846,3177,2904,2914,2898,0,0,0,0,0,0,0,0,0,0,0,0,0,0,0,0,0,0,0,0,0,0,0,0,0,0,0,54,201
170,85,2999,2845,2757,2836,3196,2914,2883,2909,0,0,0,0,0,0,0,0,0,0,0,0,0,0,0,0,0,0,0,0,0,0,0,0,0,0,0,130,201
170,85,3003,2842,2788,2848,3190,2902,2893,2898,0,0,0,0,0,0,0,0,0,0,0,0,0,0,0,0,0,0,0,0,0,0,0,0,0,0,0,163,201
170,85,3014,2843,2757,2829,3189,2901,2881,2908,0,0,0,0,0,0,0,0,0,0,0,0,0,0,0,0,0,0,0,0,0,0,0,0,0,0,0,209,201
170,85,2992,2828,2770,2830,3177,2902,2894,2898,0,0,0,0,0,0,0,0,0,0,0,0,0,0,0,0,0,0,0,0,0,0,0,0,0,0,0,186,201
170,85,3027,2852,2776,2837,3171,2892,2894,2898,0,0,0,0,0,0,0,0,0,0,0,0,0,0,0,0,0,0,0,0,0,0,0,0,0,0,0,240,201
170,85,2986,2851,2775,2836,3180,2876,2895,2899,0,0,0,0,0,0,0,0,0,0,0,0,0,0,0,0,0,0,0,0,0,0,0,0,0,0,0,255,201
170,85,3002,2841,2769,2849,3171,2903,2895,2907,0,0,0,0,0,0,0,0,0,0,0,0,0,0,0,0,0,0,0,0,0,0,0,0,0,0,0,138,201
170,85,3014,2843,2786,2846,3156,2915,2906,2909,0,0,0,0,0,0,0,0,0,0,0,0,0,0,0,0,0,0,0,0,0,0,0,0,0,0,0,232,201
170,85,3016,2833,2769,2819,3181,2902,2894,2908,0,0,0,0,0,0,0,0,0,0,0,0,0,0,0,0,0,0,0,0,0,0,0,0,0,0,0,219,201
170,85,3013,2816,2768,2835,3182,2892,2882,2910,0,0,0,0,0,0,0,0,0,0,0,0,0,0,0,0,0,0,0,0,0,0,0,0,0,0,0,193,201
170,85,2996,2816,2775,2868,3193,2903,2895,2920,0,0,0,0,0,0,0,0,0,0,0,0,0,0,0,0,0,0,0,0,0,0,0,0,0,0,0,167,200
170,85,3003,2842,2769,2835,3181,2892,2893,2901,0,0,0,0,0,0,0,0,0,0,0,0,0,0,0,0,0,0,0,0,0,0,0,0,0,0,0,163,200
170,85,3015,2833,2758,2831,3175,2903,2895,2899,0,0,0,0,0,0,0,0,0,0,0,0,0,0,0,0,0,0,0,0,0,0,0,0,0,0,0,202,200
170,85,2998,2815,2775,2836,3182,2877,2893,2921,0,0,0,0,0,0,0,0,0,0,0,0,0,0,0,0,0,0,0,0,0,0,0,0,0,0,0,5,201
170,85,3015,2840,2757,2848,3179,2892,2894,2907,0,0,0,0,0,0,0,0,0,0,0,0,0,0,0,0,0,0,0,0,0,0,0,0,0,0,0,241,201
170,85,3008,2841,2758,2830,3175,2903,2883,2907,0,0,0,0,0,0,0,0,0,0,0,0,0,0,0,0,0,0,0,0,0,0,0,0,0,0,0,192,201
170,85,3003,2837,2770,2844,3174,2905,2880,2909,0,0,0,0,0,0,0,0,0,0,0,0,0,0,0,0,0,0,0,0,0,0,0,0,0,0,0,187,201
170,85,3020,2826,2758,2871,3186,2892,2921,2908,0,0,0,0,0,0,0,0,0,0,0,0,0,0,0,0,0,0,0,0,0,0,0,0,0,0,0,197,201
170,85,3000,2844,2758,2846,3182,2877,2893,2916,0,0,0,0,0,0,0,0,0,0,0,0,0,0,0,0,0,0,0,0,0,0,0,0,0,0,0,255,201
170,85,3022,2843,2774,2835,3182,2894,2892,2920,0,0,0,0,0,0,0,0,0,0,0,0,0,0,0,0,0,0,0,0,0,0,0,0,0,0,0,237,201
170,85,3015,2827,2758,2836,3181,2902,2881,2908,0,0,0,0,0,0,0,0,0,0,0,0,0,0,0,0,0,0,0,0,0,0,0,0,0,0,0,193,201
170,85,3001,2842,2756,2829,3172,2899,2883,2909,0,0,0,0,0,0,0,0,0,0,0,0,0,0,0,0,0,0,0,0,0,0,0,0,0,0,0,186,201
170,85,3014,2831,2786,2837,3197,2892,2892,2899,0,0,0,0,0,0,0,0,0,0,0,0,0,0,0,0,0,0,0,0,0,0,0,0,0,0,0,233,201
170,85,3027,2840,2770,2828,3176,2914,2880,2898,0,0,0,0,0,0,0,0,0,0,0,0,0,0,0,0,0,0,0,0,0,0,0,0,0,0,0,244,201
170,85,3016,2825,2756,2818,3180,2890,2906,2898,0,0,0,0,0,0,0,0,0,0,0,0,0,0,0,0,0,0,0,0,0,0,0,0,0,0,0,208,201
170,85,3016,2832,2767,2829,3193,2903,2882,2907,0,0,0,0,0,0,0,0,0,0,0,0,0,0,0,0,0,0,0,0,0,0,0,0,0,0,0,212,201
170,85,3014,2832,2757,2829,3174,2891,2919,2909,0,0,0,0,0,0,0,0,0,0,0,0,0,0,0,0,0,0,0,0,0,0,0,0,0,0,0,240,201
170,85,3001,2825,2769,2830,3180,2911,2866,2882,0,0,0,0,0,0,0,0,0,0,0,0,0,0,0,0,0,0,0,0,0,0,0,0,0,0,0,213,200
170,85,3014,2831,2776,2828,3173,2901,2890,2908,0,0,0,0,0,0,0,0,0,0,0,0,0,0,0,0,0,0,0,0,0,0,0,0,0,0,0,194,201
170,85,3001,2839,2774,2817,3179,2905,2889,2909,0,0,0,0,0,0,0,0,0,0,0,0,0,0,0,0,0,0,0,0,0,0,0,0,0,0,0,166,200
170,85,3006,2850,2785,2834,3172,2892,2890,2896,0,0,0,0,0,0,0,0,0,0,0,0,0,0,0,0,0,0,0,0,0,0,0,0,0,0,0,164,201
170,85,3002,2816,2770,2839,3182,2904,2878,2921,0,0,0,0,0,0,0,0,0,0,0,0,0,0,0,0,0,0,0,0,0,0,0,0,0,0,0,231,201
170,85,3005,2830,2768,2829,3172,2893,2893,2897,0,0,0,0,0,0,0,0,0,0,0,0,0,0,0,0,0,0,0,0,0,0,0,0,0,0,0,162,201
170,85,2986,2813,2775,2835,3182,2914,2892,2899,0,0,0,0,0,0,0,0,0,0,0,0,0,0,0,0,0,0,0,0,0,0,0,0,0,0,0,120,201
170,85,2986,2824,2768,2836,3172,2892,2882,2897,0,0,0,0,0,0,0,0,0,0,0,0,0,0,0,0,0,0,0,0,0,0,0,0,0,0,0,164,201
170,85,3003,2844,2757,2835,3156,2903,2885,2921,0,0,0,0,0,0,0,0,0,0,0,0,0,0,0,0,0,0,0,0,0,0,0,0,0,0,0,167,201
170,85,2985,2826,2775,2835,3181,2914,2907,2897,0,0,0,0,0,0,0,0,0,0,0,0,0,0,0,0,0,0,0,0,0,0,0,0,0,0,0,155,201
170,85,3009,2813,2768,2835,3176,2904,2913,2907,0,0,0,0,0,0,0,0,0,0,0,0,0,0,0,0,0,0,0,0,0,0,0,0,0,0,0,13,201
170,85,3014,2828,2786,2842,3173,2904,2871,2898,0,0,0,0,0,0,0,0,0,0,0,0,0,0,0,0,0,0,0,0,0,0,0,0,0,0,0,147,201
170,85,3022,2837,2783,2846,3181,2914,2896,2918,0,0,0,0,0,0,0,0,0,0,0,0,0,0,0,0,0,0,0,0,0,0,0,0,0,0,0,218,200
170,85,3023,2840,2786,2833,3176,2893,2884,2909,0,0,0,0,0,0,0,0,0,0,0,0,0,0,0,0,0,0,0,0,0,0,0,0,0,0,0,225,200
170,85,3017,2844,2758,2842,3184,2903,2902,2908,0,0,0,0,0,0,0,0,0,0,0,0,0,0,0,0,0,0,0,0,0,0,0,0,0,0,0,221,200
170,85,3017,2825,2775,2835,3181,2904,2892,2900,0,0,0,0,0,0,0,0,0,0,0,0,0,0,0,0,0,0,0,0,0,0,0,0,0,0,0,208,200
170,85,2985,2832,2768,2835,3202,2877,2893,2921,0,0,0,0,0,0,0,0,0,0,0,0,0,0,0,0,0,0,0,0,0,0,0,0,0,0,0,24,200
170,85,3029,2812,2785,2818,3193,2901,2892,2897,0,0,0,0,0,0,0,0,0,0,0,0,0,0,0,0,0,0,0,0,0,0,0,0,0,0,0,3,200
170,85,3016,2827,2776,2818,3187,2904,2882,2917,0,0,0,0,0,0,0,0,0,0,0,0,0,0,0,0,0,0,0,0,0,0,0,0,0,0,0,236,199
170,85,3004,2815,2768,2845,3180,2892,2892,2883,0,0,0,0,0,0,0,0,0,0,0,0,0,0,0,0,0,0,0,0,0,0,0,0,0,0,0,89,200
170,85,3011,2831,2786,2818,3201,2891,2893,2908,0,0,0,0,0,0,0,0,0,0,0,0,0,0,0,0,0,0,0,0,0,0,0,0,0,0,0,14,200
170,85,3013,2843,2770,2836,3189,2916,2891,2908,0,0,0,0,0,0,0,0,0,0,0,0,0,0,0,0,0,0,0,0,0,0,0,0,0,0,0,231,199
170,85,3028,2823,2771,2842,3186,2876,2885,2907,0,0,0,0,0,0,0,0,0,0,0,0,0,0,0,0,0,0,0,0,0,0,0,0,0,0,0,179,199
170,85,2997,2842,2755,2838,3200,2892,2893,2918,0,0,0,0,0,0,0,0,0,0,0,0,0,0,0,0,0,0,0,0,0,0,0,0,0,0,0,100,199
170,85,3005,2827,2770,2845,3186,2900,2881,2917,0,0,0,0,0,0,0,0,0,0,0,0,0,0,0,0,0,0,0,0,0,0,0,0,0,0,0,130,200
170,85,3016,2831,2776,2859,3189,2876,2893,2920,0,0,0,0,0,0,0,0,0,0,0,0,0,0,0,0,0,0,0,0,0,0,0,0,0,0,0,161,200
170,85,2991,2827,2769,2829,3198,2902,2894,2899,0,0,0,0,0,0,0,0,0,0,0,0,0,0,0,0,0,0,0,0,0,0,0,0,0,0,0,180,200
170,85,3002,2825,2775,2848,3194,2891,2884,2907,0,0,0,0,0,0,0,0,0,0,0,0,0,0,0,0,0,0,0,0,0,0,0,0,0,0,0,147,200
170,85,3002,2837,2756,2838,3191,2877,2882,2882,0,0,0,0,0,0,0,0,0,0,0,0,0,0,0,0,0,0,0,0,0,0,0,0,0,0,0,206,200
170,85,3022,2826,2769,2835,3195,2892,2894,2883,0,0,0,0,0,0,0,0,0,0,0,0,0,0,0,0,0,0,0,0,0,0,0,0,0,0,0,197,200
170,85,3001,2843,2781,2836,3190,2903,2894,2882,0,0,0,0,0,0,0,0,0,0,0,0,0,0,0,0,0,0,0,0,0,0,0,0,0,0,0,191,200
170,85,3012,2828,2775,2830,3192,2893,2872,2899,0,0,0,0,0,0,0,0,0,0,0,0,0,0,0,0,0,0,0,0,0,0,0,0,0,0,0,182,200
170,85,3001,2827,2770,2836,3201,2896,2885,2924,0,0,0,0,0,0,0,0,0,0,0,0,0,0,0,0,0,0,0,0,0,0,0,0,0,0,0,117,200
170,85,2996,2834,2776,2846,3198,2895,2895,2899,0,0,0,0,0,0,0,0,0,0,0,0,0,0,0,0,0,0,0,0,0,0,0,0,0,0,0,180,200
170,85,3012,2829,2771,2837,3178,2907,2898,2911,0,0,0,0,0,0,0,0,0,0,0,0,0,0,0,0,0,0,0,0,0,0,0,0,0,0,0,202,200
170,85,3018,2818,2779,2841,3182,2903,2896,2902,0,0,0,0,0,0,0,0,0,0,0,0,0,0,0,0,0,0,0,0,0,0,0,0,0,0,0,204,200
170,85,3011,2847,2789,2841,3185,2901,2898,2904,0,0,0,0,0,0,0,0,0,0,0,0,0,0,0,0,0,0,0,0,0,0,0,0,0,0,0,247,200
170,85,2998,2846,2781,2851,3191,2881,2906,2913,0,0,0,0,0,0,0,0,0,0,0,0,0,0,0,0,0,0,0,0,0,0,0,0,0,0,0,162,200
170,85,3012,2818,2779,2847,3189,2898,2897,2886,0,0,0,0,0,0,0,0,0,0,0,0,0,0,0,0,0,0,0,0,0,0,0,0,0,0,0,203,200
170,85,3001,2835,2778,2834,3179,2903,2917,2925,0,0,0,0,0,0,0,0,0,0,0,0,0,0,0,0,0,0,0,0,0,0,0,0,0,0,0,175,199
170,85,3010,2836,2789,2858,3188,2892,2896,2925,0,0,0,0,0,0,0,0,0,0,0,0,0,0,0,0,0,0,0,0,0,0,0,0,0,0,0,229,199
170,85,3002,2831,2759,2834,3187,2895,2898,2903,0,0,0,0,0,0,0,0,0,0,0,0,0,0,0,0,0,0,0,0,0,0,0,0,0,0,0,160,199
170,85,2984,2829,2780,2850,3182,2907,2886,2907,0,0,0,0,0,0,0,0,0,0,0,0,0,0,0,0,0,0,0,0,0,0,0,0,0,0,0,138,199
170,85,3025,2844,2788,2858,3181,2901,2878,2904,0,0,0,0,0,0,0,0,0,0,0,0,0,0,0,0,0,0,0,0,0,0,0,0,0,0,0,164,199
170,85,3000,2835,2779,2834,3204,2887,2886,2911,0,0,0,0,0,0,0,0,0,0,0,0,0,0,0,0,0,0,0,0,0,0,0,0,0,0,0,65,199
170,85,3011,2817,2761,2848,3190,2895,2899,2916,0,0,0,0,0,0,0,0,0,0,0,0,0,0,0,0,0,0,0,0,0,0,0,0,0,0,0,220,199
170,85,3014,2817,2778,2841,3204,2901,2888,2914,0,0,0,0,0,0,0,0,0,0,0,0,0,0,0,0,0,0,0,0,0,0,0,0,0,0,0,6,199
170,85,3013,2819,2780,2851,3189,2902,2905,2912,0,0,0,0,0,0,0,0,0,0,0,0,0,0,0,0,0,0,0,0,0,0,0,0,0,0,0,218,199
170,85,3019,2822,2779,2854,3177,2904,2901,2916,0,0,0,0,0,0,0,0,0,0,0,0,0,0,0,0,0,0,0,0,0,0,0,0,0,0,0,201,199
170,85,3000,2854,2793,2863,3197,2929,2891,2916,0,0,0,0,0,0,0,0,0,0,0,0,0,0,0,0,0,0,0,0,0,0,0,0,0,0,0,130,199
170,85,3005,2831,2783,2860,3188,2898,2901,2908,0,0,0,0,0,0,0,0,0,0,0,0,0,0,0,0,0,0,0,0,0,0,0,0,0,0,0,151,199
170,85,3015,2848,2790,2863,3180,2905,2900,2915,0,0,0,0,0,0,0,0,0,0,0,0,0,0,0,0,0,0,0,0,0,0,0,0,0,0,0,213,199
170,85,3026,2829,2781,2849,3185,2901,2887,2904,0,0,0,0,0,0,0,0,0,0,0,0,0,0,0,0,0,0,0,0,0,0,0,0,0,0,0,225,199
170,85,3014,2847,2777,2840,3176,2901,2906,2916,0,0,0,0,0,0,0,0,0,0,0,0,0,0,0,0,0,0,0,0,0,0,0,0,0,0,0,226,200
170,85,3013,2831,2763,2867,3185,2892,2888,2905,0,0,0,0,0,0,0,0,0,0,0,0,0,0,0,0,0,0,0,0,0,0,0,0,0,0,0,231,199
170,85,3003,2836,2765,2854,3174,2903,2910,2915,0,0,0,0,0,0,0,0,0,0,0,0,0,0,0,0,0,0,0,0,0,0,0,0,0,0,0,177,200
170,85,3032,2847,2779,2841,3193,2898,2902,2903,0,0,0,0,0,0,0,0,0,0,0,0,0,0,0,0,0,0,0,0,0,0,0,0,0,0,0,214,200
170,85,3010,2829,2788,2851,3189,2921,2887,2912,0,0,0,0,0,0,0,0,0,0,0,0,0,0,0,0,0,0,0,0,0,0,0,0,0,0,0,202,200
170,85,3013,2855,2789,2849,3183,2913,2886,2904,0,0,0,0,0,0,0,0,0,0,0,0,0,0,0,0,0,0,0,0,0,0,0,0,0,0,0,207,201
170,85,3003,2836,2772,2857,3183,2900,2888,2915,0,0,0,0,0,0,0,0,0,0,0,0,0,0,0,0,0,0,0,0,0,0,0,0,0,0,0,187,201
170,85,3011,2818,2773,2846,3179,2909,2901,2915,0,0,0,0,0,0,0,0,0,0,0,0,0,0,0,0,0,0,0,0,0,0,0,0,0,0,0,243,201
170,85,2996,2845,2777,2852,3189,2911,2887,2904,0,0,0,0,0,0,0,0,0,0,0,0,0,0,0,0,0,0,0,0,0,0,0,0,0,0,0,152,200
170,85,3010,2846,2788,2849,3181,2906,2887,2902,0,0,0,0,0,0,0,0,0,0,0,0,0,0,0,0,0,0,0,0,0,0,0,0,0,0,0,198,200
170,85,2995,2838,2771,2845,3188,2904,2885,2909,0,0,0,0,0,0,0,0,0,0,0,0,0,0,0,0,0,0,0,0,0,0,0,0,0,0,0,166,200
170,85,3012,2834,2777,2850,3190,2897,2876,2906,0,0,0,0,0,0,0,0,0,0,0,0,0,0,0,0,0,0,0,0,0,0,0,0,0,0,0,149,200
170,85,3012,2835,2776,2836,3175,2904,2897,2910,0,0,0,0,0,0,0,0,0,0,0,0,0,0,0,0,0,0,0,0,0,0,0,0,0,0,0,210,200
170,85,3000,2816,2769,2842,3184,2893,2897,2900,0,0,0,0,0,0,0,0,0,0,0,0,0,0,0,0,0,0,0,0,0,0,0,0,0,0,0,178,199
170,85,2996,2832,2786,2829,3171,2893,2885,2901,0,0,0,0,0,0,0,0,0,0,0,0,0,0,0,0,0,0,0,0,0,0,0,0,0,0,0,140,199
170,85,3014,2826,2787,2818,3184,2893,2907,2908,0,0,0,0,0,0,0,0,0,0,0,0,0,0,0,0,0,0,0,0,0,0,0,0,0,0,0,238,199
170,85,3013,2844,2769,2843,3175,2893,2885,2883,0,0,0,0,0,0,0,0,0,0,0,0,0,0,0,0,0,0,0,0,0,0,0,0,0,0,0,198,198
170,85,3007,2852,2775,2831,3179,2904,2888,2900,0,0,0,0,0,0,0,0,0,0,0,0,0,0,0,0,0,0,0,0,0,0,0,0,0,0,0,149,198
170,85,2990,2844,2775,2840,3187,2903,2899,2899,0,0,0,0,0,0,0,0,0,0,0,0,0,0,0,0,0,0,0,0,0,0,0,0,0,0,0,160,198
170,85,3000,2832,2785,2848,3177,2923,2885,2911,0,0,0,0,0,0,0,0,0,0,0,0,0,0,0,0,0,0,0,0,0,0,0,0,0,0,0,136,198
170,85,3002,2838,2770,2848,3189,2907,2896,2912,0,0,0,0,0,0,0,0,0,0,0,0,0,0,0,0,0,0,0,0,0,0,0,0,0,0,0,185,198
170,85,3000,2828,2776,2852,3188,2893,2888,2902,0,0,0,0,0,0,0,0,0,0,0,0,0,0,0,0,0,0,0,0,0,0,0,0,0,0,0,150,198
170,85,3001,2843,2784,2848,3184,2906,2878,2921,0,0,0,0,0,0,0,0,0,0,0,0,0,0,0,0,0,0,0,0,0,0,0,0,0,0,0,230,198
170,85,3001,2816,2760,2832,3191,2904,2887,2911,0,0,0,0,0,0,0,0,0,0,0,0,0,0,0,0,0,0,0,0,0,0,0,0,0,0,0,175,198
170,85,3025,2843,2779,2850,3176,2906,2889,2895,0,0,0,0,0,0,0,0,0,0,0,0,0,0,0,0,0,0,0,0,0,0,0,0,0,0,0,254,198
170,85,3014,2828,2773,2859,3176,2905,2898,2903,0,0,0,0,0,0,0,0,0,0,0,0,0,0,0,0,0,0,0,0,0,0,0,0,0,0,0,249,198
170,85,3012,2819,2763,2860,3184,2904,2901,2913,0,0,0,0,0,0,0,0,0,0,0,0,0,0,0,0,0,0,0,0,0,0,0,0,0,0,0,197,198
170,85,3013,2834,2779,2834,3195,2888,2877,2914,0,0,0,0,0,0,0,0,0,0,0,0,0,0,0,0,0,0,0,0,0,0,0,0,0,0,0,139,198
170,85,2987,2819,2765,2849,3177,2900,2916,2901,0,0,0,0,0,0,0,0,0,0,0,0,0,0,0,0,0,0,0,0,0,0,0,0,0,0,0,177,198
170,85,3034,2843,2787,2833,3184,2909,2915,2912,0,0,0,0,0,0,0,0,0,0,0,0,0,0,0,0,0,0,0,0,0,0,0,0,0,0,0,228,199
170,85,3010,2817,2786,2821,3162,2921,2896,2901,0,0,0,0,0,0,0,0,0,0,0,0,0,0,0,0,0,0,0,0,0,0,0,0,0,0,0,235,199
170,85,3002,2817,2776,2836,3176,2907,2886,2910,0,0,0,0,0,0,0,0,0,0,0,0,0,0,0,0,0,0,0,0,0,0,0,0,0,0,0,165,199
170,85,2984,2844,2770,2850,3190,2906,2897,2911,0,0,0,0,0,0,0,0,0,0,0,0,0,0,0,0,0,0,0,0,0,0,0,0,0,0,0,159,199
170,85,3002,2844,2770,2821,3182,2899,2885,2911,0,0,0,0,0,0,0,0,0,0,0,0,0,0,0,0,0,0,0,0,0,0,0,0,0,0,0,175,199
170,85,3013,2846,2777,2835,3177,2908,2888,2890,0,0,0,0,0,0,0,0,0,0,0,0,0,0,0,0,0,0,0,0,0,0,0,0,0,0,0,223,199
170,85,2985,2834,2776,2851,3169,2910,2884,2889,0,0,0,0,0,0,0,0,0,0,0,0,0,0,0,0,0,0,0,0,0,0,0,0,0,0,0,139,199
170,85,3001,2816,2771,2847,3159,2903,2909,2920,0,0,0,0,0,0,0,0,0,0,0,0,0,0,0,0,0,0,0,0,0,0,0,0,0,0,0,185,199
170,85,2998,2828,2760,2869,3181,2899,2887,2926,0,0,0,0,0,0,0,0,0,0,0,0,0,0,0,0,0,0,0,0,0,0,0,0,0,0,0,169,198
170,85,2997,2833,2775,2851,3192,2898,2904,2916,0,0,0,0,0,0,0,0,0,0,0,0,0,0,0,0,0,0,0,0,0,0,0,0,0,0,0,191,198
170,85,3001,2855,2773,2847,3175,2886,2899,2914,0,0,0,0,0,0,0,0,0,0,0,0,0,0,0,0,0,0,0,0,0,0,0,0,0,0,0,189,198
170,85,2995,2845,2786,2841,3164,2885,2888,2904,0,0,0,0,0,0,0,0,0,0,0,0,0,0,0,0,0,0,0,0,0,0,0,0,0,0,0,165,197
170,85,3009,2836,2780,2860,3174,2897,2905,2902,0,0,0,0,0,0,0,0,0,0,0,0,0,0,0,0,0,0,0,0,0,0,0,0,0,0,0,228,197
170,85,3000,2844,2781,2860,3170,2891,2900,2904,0,0,0,0,0,0,0,0,0,0,0,0,0,0,0,0,0,0,0,0,0,0,0,0,0,0,0,137,197
170,85,2984,2845,2775,2861,3168,2897,2887,2912,0,0,0,0,0,0,0,0,0,0,0,0,0,0,0,0,0,0,0,0,0,0,0,0,0,0,0,160,197
170,85,3000,2855,2782,2849,3191,2886,2898,2923,0,0,0,0,0,0,0,0,0,0,0,0,0,0,0,0,0,0,0,0,0,0,0,0,0,0,0,145,197
170,85,3002,2846,2763,2852,3180,2889,2885,2913,0,0,0,0,0,0,0,0,0,0,0,0,0,0,0,0,0,0,0,0,0,0,0,0,0,0,0,179,197
170,85,2994,2834,2772,2850,3192,2916,2899,2911,0,0,0,0,0,0,0,0,0,0,0,0,0,0,0,0,0,0,0,0,0,0,0,0,0,0,0,191,198
170,85,3021,2828,2762,2860,3176,2884,2910,2913,0,0,0,0,0,0,0,0,0,0,0,0,0,0,0,0,0,0,0,0,0,0,0,0,0,0,0,205,198
170,85,3000,2844,2789,2840,3150,2888,2899,2903,0,0,0,0,0,0,0,0,0,0,0,0,0,0,0,0,0,0,0,0,0,0,0,0,0,0,0,162,198
170,85,3010,2829,2790,2834,3179,2902,2887,2915,0,0,0,0,0,0,0,0,0,0,0,0,0,0,0,0,0,0,0,0,0,0,0,0,0,0,0,219,199
170,85,3000,2834,2778,2845,3178,2888,2898,2904,0,0,0,0,0,0,0,0,0,0,0,0,0,0,0,0,0,0,0,0,0,0,0,0,0,0,0,188,199
170,85,3000,2854,2761,2852,3168,2907,2915,2933,0,0,0,0,0,0,0,0,0,0,0,0,0,0,0,0,0,0,0,0,0,0,0,0,0,0,0,167,199
170,85,3011,2834,2780,2839,3177,2896,2893,2914,0,0,0,0,0,0,0,0,0,0,0,0,0,0,0,0,0,0,0,0,0,0,0,0,0,0,0,245,199
170,85,2994,2845,2778,2841,3171,2896,2888,2915,0,0,0,0,0,0,0,0,0,0,0,0,0,0,0,0,0,0,0,0,0,0,0,0,0,0,0,141,199
170,85,2996,2844,2763,2847,3182,2914,2900,2902,0,0,0,0,0,0,0,0,0,0,0,0,0,0,0,0,0,0,0,0,0,0,0,0,0,0,0,139,199
170,85,3009,2834,2774,2824,3176,2882,2898,2903,0,0,0,0,0,0,0,0,0,0,0,0,0,0,0,0,0,0,0,0,0,0,0,0,0,0,0,219,199
170,85,2999,2816,2789,2852,3169,2905,2901,2905,0,0,0,0,0,0,0,0,0,0,0,0,0,0,0,0,0,0,0,0,0,0,0,0,0,0,0,187,199
170,85,2984,2815,2759,2844,3167,2893,2900,2905,0,0,0,0,0,0,0,0,0,0,0,0,0,0,0,0,0,0,0,0,0,0,0,0,0,0,0,107,199
170,85,3009,2827,2758,2837,3171,2895,2895,2885,0,0,0,0,0,0,0,0,0,0,0,0,0,0,0,0,0,0,0,0,0,0,0,0,0,0,0,198,198
170,85,2984,2844,2778,2838,3190,2899,2877,2914,0,0,0,0,0,0,0,0,0,0,0,0,0,0,0,0,0,0,0,0,0,0,0,0,0,0,0,251,198
170,85,3000,2833,2759,2862,3180,2908,2887,2904,0,0,0,0,0,0,0,0,0,0,0,0,0,0,0,0,0,0,0,0,0,0,0,0,0,0,0,150,198
170,85,2999,2845,2771,2839,3178,2892,2887,2914,0,0,0,0,0,0,0,0,0,0,0,0,0,0,0,0,0,0,0,0,0,0,0,0,0,0,0,148,198
170,85,2999,2853,2761,2863,3177,2903,2892,2892,0,0,0,0,0,0,0,0,0,0,0,0,0,0,0,0,0,0,0,0,0,0,0,0,0,0,0,179,198
170,85,3021,2817,2761,2848,3169,2900,2887,2903,0,0,0,0,0,0,0,0,0,0,0,0,0,0,0,0,0,0,0,0,0,0,0,0,0,0,0,249,198
170,85,2999,2816,2773,2850,3178,2912,2898,2920,0,0,0,0,0,0,0,0,0,0,0,0,0,0,0,0,0,0,0,0,0,0,0,0,0,0,0,137,198
170,85,3000,2836,2780,2836,3178,2900,2897,2904,0,0,0,0,0,0,0,0,0,0,0,0,0,0,0,0,0,0,0,0,0,0,0,0,0,0,0,170,198
170,85,3001,2844,2791,2839,3173,2896,2887,2914,0,0,0,0,0,0,0,0,0,0,0,0,0,0,0,0,0,0,0,0,0,0,0,0,0,0,0,188,198
170,85,2982,2842,2781,2838,3183,2897,2876,2911,0,0,0,0,0,0,0,0,0,0,0,0,0,0,0,0,0,0,0,0,0,0,0,0,0,0,0,211,199
170,85,3008,2833,2779,2863,3182,2885,2898,2901,0,0,0,0,0,0,0,0,0,0,0,0,0,0,0,0,0,0,0,0,0,0,0,0,0,0,0,240,199
170,85,3010,2833,2759,2851,3171,2897,2887,2902,0,0,0,0,0,0,0,0,0,0,0,0,0,0,0,0,0,0,0,0,0,0,0,0,0,0,0,237,199
170,85,3011,2843,2789,2860,3190,2885,2886,2925,0,0,0,0,0,0,0,0,0,0,0,0,0,0,0,0,0,0,0,0,0,0,0,0,0,0,0,240,199
170,85,2999,2836,2773,2865,3170,2897,2921,2924,0,0,0,0,0,0,0,0,0,0,0,0,0,0,0,0,0,0,0,0,0,0,0,0,0,0,0,136,198
170,85,2995,2829,2789,2839,3174,2910,2886,2891,0,0,0,0,0,0,0,0,0,0,0,0,0,0,0,0,0,0,0,0,0,0,0,0,0,0,0,128,198
170,85,2984,2828,2784,2851,3196,2898,2898,2912,0,0,0,0,0,0,0,0,0,0,0,0,0,0,0,0,0,0,0,0,0,0,0,0,0,0,0,130,199
170,85,3022,2844,2782,2851,3185,2887,2886,2913,0,0,0,0,0,0,0,0,0,0,0,0,0,0,0,0,0,0,0,0,0,0,0,0,0,0,0,199,198
170,85,2982,2839,2771,2831,3189,2892,2889,2912,0,0,0,0,0,0,0,0,0,0,0,0,0,0,0,0,0,0,0,0,0,0,0,0,0,0,0,132,199
170,85,3010,2853,2771,2847,3183,2895,2897,2911,0,0,0,0,0,0,0,0,0,0,0,0,0,0,0,0,0,0,0,0,0,0,0,0,0,0,0,252,199
170,85,2993,2851,2776,2847,3189,2902,2886,2923,0,0,0,0,0,0,0,0,0,0,0,0,0,0,0,0,0,0,0,0,0,0,0,0,0,0,0,162,199
170,85,3008,2816,2787,2834,3181,2887,2909,2903,0,0,0,0,0,0,0,0,0,0,0,0,0,0,0,0,0,0,0,0,0,0,0,0,0,0,0,232,199
170,85,2993,2844,2760,2849,3184,2891,2897,2904,0,0,0,0,0,0,0,0,0,0,0,0,0,0,0,0,0,0,0,0,0,0,0,0,0,0,0,143,199
170,85,2999,2842,2777,2819,3190,2892,2898,2921,0,0,0,0,0,0,0,0,0,0,0,0,0,0,0,0,0,0,0,0,0,0,0,0,0,0,0,143,199
170,85,3010,2826,2761,2836,3190,2894,2896,2902,0,0,0,0,0,0,0,0,0,0,0,0,0,0,0,0,0,0,0,0,0,0,0,0,0,0,0,210,199
170,85,2998,2817,2770,2836,3180,2877,2886,2886,0,0,0,0,0,0,0,0,0,0,0,0,0,0,0,0,0,0,0,0,0,0,0,0,0,0,0,217,199
170,85,2994,2843,2761,2830,3160,2896,2884,2923,0,0,0,0,0,0,0,0,0,0,0,0,0,0,0,0,0,0,0,0,0,0,0,0,0,0,0,176,199
170,85,2999,2840,2785,2814,3187,2917,2886,2921,0,0,0,0,0,0,0,0,0,0,0,0,0,0,0,0,0,0,0,0,0,0,0,0,0,0,0,113,199
170,85,3001,2825,2769,2846,3196,2877,2884,2898,0,0,0,0,0,0,0,0,0,0,0,0,0,0,0,0,0,0,0,0,0,0,0,0,0,0,0,209,199
170,85,2984,2842,2769,2847,3191,2892,2896,2899,0,0,0,0,0,0,0,0,0,0,0,0,0,0,0,0,0,0,0,0,0,0,0,0,0,0,0,189,199
170,85,2983,2814,2775,2834,3181,2900,2895,2909,0,0,0,0,0,0,0,0,0,0,0,0,0,0,0,0,0,0,0,0,0,0,0,0,0,0,0,79,199
170,85,3000,2841,2757,2836,3185,2905,2896,2923,0,0,0,0,0,0,0,0,0,0,0,0,0,0,0,0,0,0,0,0,0,0,0,0,0,0,0,154,199
170,85,3010,2826,2769,2836,3199,2907,2895,2913,0,0,0,0,0,0,0,0,0,0,0,0,0,0,0,0,0,0,0,0,0,0,0,0,0,0,0,254,199
170,85,3000,2815,2774,2855,3186,2893,2884,2885,0,0,0,0,0,0,0,0,0,0,0,0,0,0,0,0,0,0,0,0,0,0,0,0,0,0,0,112,199
170,85,2998,2826,2757,2837,3181,2881,2894,2902,0,0,0,0,0,0,0,0,0,0,0,0,0,0,0,0,0,0,0,0,0,0,0,0,0,0,0,161,199
170,85,3011,2814,2769,2835,3182,2897,2895,2902,0,0,0,0,0,0,0,0,0,0,0,0,0,0,0,0,0,0,0,0,0,0,0,0,0,0,0,33,199
170,85,3013,2816,2770,2836,3188,2893,2869,2899,0,0,0,0,0,0,0,0,0,0,0,0,0,0,0,0,0,0,0,0,0,0,0,0,0,0,0,165,199
170,85,2999,2831,2769,2846,3179,2892,2895,2897,0,0,0,0,0,0,0,0,0,0,0,0,0,0,0,0,0,0,0,0,0,0,0,0,0,0,0,183,199
170,85,2994,2826,2768,2843,3182,2893,2896,2920,0,0,0,0,0,0,0,0,0,0,0,0,0,0,0,0,0,0,0,0,0,0,0,0,0,0,0,145,199
170,85,2982,2826,2766,2840,3176,2900,2895,2912,0,0,0,0,0,0,0,0,0,0,0,0,0,0,0,0,0,0,0,0,0,0,0,0,0,0,0,144,199
170,85,3012,2832,2774,2818,3180,2905,2893,2920,0,0,0,0,0,0,0,0,0,0,0,0,0,0,0,0,0,0,0,0,0,0,0,0,0,0,0,233,199
170,85,2994,2826,2781,2841,3159,2902,2886,2897,0,0,0,0,0,0,0,0,0,0,0,0,0,0,0,0,0,0,0,0,0,0,0,0,0,0,0,147,199
170,85,2993,2826,2786,2820,3195,2895,2895,2900,0,0,0,0,0,0,0,0,0,0,0,0,0,0,0,0,0,0,0,0,0,0,0,0,0,0,0,139,199
170,85,3000,2842,2781,2845,3191,2894,2894,2911,0,0,0,0,0,0,0,0,0,0,0,0,0,0,0,0,0,0,0,0,0,0,0,0,0,0,0,179,199
170,85,2982,2843,2776,2836,3188,2894,2885,2898,0,0,0,0,0,0,0,0,0,0,0,0,0,0,0,0,0,0,0,0,0,0,0,0,0,0,0,165,199
170,85,2998,2840,2774,2817,3190,2906,2896,2898,0,0,0,0,0,0,0,0,0,0,0,0,0,0,0,0,0,0,0,0,0,0,0,0,0,0,0,174,199
170,85,3010,2812,2768,2829,3199,2903,2869,2917,0,0,0,0,0,0,0,0,0,0,0,0,0,0,0,0,0,0,0,0,0,0,0,0,0,0,0,99,200
170,85,3000,2833,2768,2840,3187,2917,2908,2921,0,0,0,0,0,0,0,0,0,0,0,0,0,0,0,0,0,0,0,0,0,0,0,0,0,0,0,187,199
170,85,2999,2812,2774,2844,3195,2913,2893,2907,0,0,0,0,0,0,0,0,0,0,0,0,0,0,0,0,0,0,0,0,0,0,0,0,0,0,0,117,199
170,85,2994,2824,2773,2840,3210,2902,2883,2895,0,0,0,0,0,0,0,0,0,0,0,0,0,0,0,0,0,0,0,0,0,0,0,0,0,0,0,94,199
170,85,3009,2841,2768,2826,3210,2890,2883,2906,0,0,0,0,0,0,0,0,0,0,0,0,0,0,0,0,0,0,0,0,0,0,0,0,0,0,0,34,199
170,85,2983,2813,2754,2838,3212,2889,2892,2893,0,0,0,0,0,0,0,0,0,0,0,0,0,0,0,0,0,0,0,0,0,0,0,0,0,0,0,178,199
170,85,3010,2812,2766,2831,3211,2900,2876,2894,0,0,0,0,0,0,0,0,0,0,0,0,0,0,0,0,0,0,0,0,0,0,0,0,0,0,0,170,199
170,85,3000,2819,2764,2815,3216,2908,2885,2912,0,0,0,0,0,0,0,0,0,0,0,0,0,0,0,0,0,0,0,0,0,0,0,0,0,0,0,153,199
170,85,2983,2812,2765,2825,3210,2899,2885,2904,0,0,0,0,0,0,0,0,0,0,0,0,0,0,0,0,0,0,0,0,0,0,0,0,0,0,0,163,199
170,85,2982,2810,2764,2814,3218,2888,2876,2895,0,0,0,0,0,0,0,0,0,0,0,0,0,0,0,0,0,0,0,0,0,0,0,0,0,0,0,62,198
170,85,2994,2823,2766,2823,3208,2889,2859,2917,0,0,0,0,0,0,0,0,0,0,0,0,0,0,0,0,0,0,0,0,0,0,0,0,0,0,0,10,197
170,85,3011,2823,2779,2831,3208,2889,2888,2893,0,0,0,0,0,0,0,0,0,0,0,0,0,0,0,0,0,0,0,0,0,0,0,0,0,0,0,45,197
170,85,2999,2824,2754,2826,3195,2902,2862,2912,0,0,0,0,0,0,0,0,0,0,0,0,0,0,0,0,0,0,0,0,0,0,0,0,0,0,0,237,198
170,85,3008,2840,2775,2856,3209,2888,2871,2893,0,0,0,0,0,0,0,0,0,0,0,0,0,0,0,0,0,0,0,0,0,0,0,0,0,0,0,101,198
170,85,3020,2823,2771,2843,3208,2889,2859,2879,0,0,0,0,0,0,0,0,0,0,0,0,0,0,0,0,0,0,0,0,0,0,0,0,0,0,0,47,197
170,85,3011,2830,2765,2843,3210,2911,2889,2892,0,0,0,0,0,0,0,0,0,0,0,0,0,0,0,0,0,0,0,0,0,0,0,0,0,0,0,50,198
170,85,2993,2824,2783,2827,3202,2890,2878,2904,0,0,0,0,0,0,0,0,0,0,0,0,0,0,0,0,0,0,0,0,0,0,0,0,0,0,0,58,199
170,85,3000,2823,2772,2833,3187,2911,2868,2904,0,0,0,0,0,0,0,0,0,0,0,0,0,0,0,0,0,0,0,0,0,0,0,0,0,0,0,195,199
170,85,3009,2826,2765,2816,3201,2889,2891,2894,0,0,0,0,0,0,0,0,0,0,0,0,0,0,0,0,0,0,0,0,0,0,0,0,0,0,0,50,198
170,85,2981,2823,2768,2814,3201,2901,2878,2903,0,0,0,0,0,0,0,0,0,0,0,0,0,0,0,0,0,0,0,0,0,0,0,0,0,0,0,201,197
170,85,2998,2839,2772,2826,3194,2873,2881,2929,0,0,0,0,0,0,0,0,0,0,0,0,0,0,0,0,0,0,0,0,0,0,0,0,0,0,0,245,197
170,85,2992,2823,2778,2819,3188,2873,2875,2904,0,0,0,0,0,0,0,0,0,0,0,0,0,0,0,0,0,0,0,0,0,0,0,0,0,0,0,185,197
170,85,3007,2811,2770,2842,3188,2898,2879,2893,0,0,0,0,0,0,0,0,0,0,0,0,0,0,0,0,0,0,0,0,0,0,0,0,0,0,0,32,198
170,85,2999,2816,2780,2854,3187,2890,2904,2893,0,0,0,0,0,0,0,0,0,0,0,0,0,0,0,0,0,0,0,0,0,0,0,0,0,0,0,152,197
170,85,3009,2811,2755,2815,3177,2900,2875,2904,0,0,0,0,0,0,0,0,0,0,0,0,0,0,0,0,0,0,0,0,0,0,0,0,0,0,0,161,196
170,85,3000,2828,2778,2832,3188,2888,2878,2917,0,0,0,0,0,0,0,0,0,0,0,0,0,0,0,0,0,0,0,0,0,0,0,0,0,0,0,224,197
170,85,3018,2811,2779,2819,3184,2890,2905,2897,0,0,0,0,0,0,0,0,0,0,0,0,0,0,0,0,0,0,0,0,0,0,0,0,0,0,0,35,197
170,85,3008,2812,2767,2844,3189,2889,2880,2895,0,0,0,0,0,0,0,0,0,0,0,0,0,0,0,0,0,0,0,0,0,0,0,0,0,0,0,36,195
170,85,2992,2813,2768,2827,3184,2892,2894,2897,0,0,0,0,0,0,0,0,0,0,0,0,0,0,0,0,0,0,0,0,0,0,0,0,0,0,0,77,197
170,85,2982,2824,2768,2845,3198,2893,2896,2920,0,0,0,0,0,0,0,0,0,0,0,0,0,0,0,0,0,0,0,0,0,0,0,0,0,0,0,145,197
170,85,2994,2840,2754,2855,3181,2901,2866,2893,0,0,0,0,0,0,0,0,0,0,0,0,0,0,0,0,0,0,0,0,0,0,0,0,0,0,0,241,196
170,85,3010,2830,2766,2834,3174,2892,2892,2897,0,0,0,0,0,0,0,0,0,0,0,0,0,0,0,0,0,0,0,0,0,0,0,0,0,0,0,222,197
170,85,3012,2812,2767,2816,3177,2891,2894,2907,0,0,0,0,0,0,0,0,0,0,0,0,0,0,0,0,0,0,0,0,0,0,0,0,0,0,0,56,196
170,85,3009,2811,2766,2832,3179,2888,2886,2904,0,0,0,0,0,0,0,0,0,0,0,0,0,0,0,0,0,0,0,0,0,0,0,0,0,0,0,33,197
170,85,3010,2822,2753,2815,3187,2890,2888,2895,0,0,0,0,0,0,0,0,0,0,0,0,0,0,0,0,0,0,0,0,0,0,0,0,0,0,0,60,197
170,85,2994,2824,2767,2825,3187,2889,2891,2903,0,0,0,0,0,0,0,0,0,0,0,0,0,0,0,0,0,0,0,0,0,0,0,0,0,0,0,163,195
170,85,2979,2824,2778,2816,3188,2898,2891,2894,0,0,0,0,0,0,0,0,0,0,0,0,0,0,0,0,0,0,0,0,0,0,0,0,0,0,0,171,197
170,85,3000,2838,2765,2821,3180,2886,2878,2894,0,0,0,0,0,0,0,0,0,0,0,0,0,0,0,0,0,0,0,0,0,0,0,0,0,0,0,197,196
170,85,3007,2822,2770,2825,3179,2900,2900,2904,0,0,0,0,0,0,0,0,0,0,0,0,0,0,0,0,0,0,0,0,0,0,0,0,0,0,0,168,197
170,85,2987,2821,2764,2838,3186,2910,2888,2903,0,0,0,0,0,0,0,0,0,0,0,0,0,0,0,0,0,0,0,0,0,0,0,0,0,0,0,190,197
170,85,3017,2838,2779,2831,3195,2896,2858,2895,0,0,0,0,0,0,0,0,0,0,0,0,0,0,0,0,0,0,0,0,0,0,0,0,0,0,0,188,196
170,85,3009,2838,2765,2831,3201,2898,2877,2903,0,0,0,0,0,0,0,0,0,0,0,0,0,0,0,0,0,0,0,0,0,0,0,0,0,0,0,85,197
170,85,3019,2821,2772,2826,3185,2885,2887,2902,0,0,0,0,0,0,0,0,0,0,0,0,0,0,0,0,0,0,0,0,0,0,0,0,0,0,0,204,197
170,85,3008,2809,2754,2842,3184,2888,2860,2911,0,0,0,0,0,0,0,0,0,0,0,0,0,0,0,0,0,0,0,0,0,0,0,0,0,0,0,82,198
170,85,2993,2822,2764,2838,3182,2884,2875,2903,0,0,0,0,0,0,0,0,0,0,0,0,0,0,0,0,0,0,0,0,0,0,0,0,0,0,0,210,198
170,85,2982,2831,2751,2835,3191,2886,2860,2905,0,0,0,0,0,0,0,0,0,0,0,0,0,0,0,0,0,0,0,0,0,0,0,0,0,0,0,184,198
170,85,3008,2819,2762,2836,3202,2887,2859,2875,0,0,0,0,0,0,0,0,0,0,0,0,0,0,0,0,0,0,0,0,0,0,0,0,0,0,0,49,198
170,85,2997,2836,2776,2821,3211,2899,2857,2874,0,0,0,0,0,0,0,0,0,0,0,0,0,0,0,0,0,0,0,0,0,0,0,0,0,0,0,78,198
170,85,2991,2817,2775,2809,3194,2884,2893,2890,0,0,0,0,0,0,0,0,0,0,0,0,0,0,0,0,0,0,0,0,0,0,0,0,0,0,0,65,198
170,85,2992,2805,2774,2822,3200,2895,2857,2875,0,0,0,0,0,0,0,0,0,0,0,0,0,0,0,0,0,0,0,0,0,0,0,0,0,0,0,176,198
170,85,3008,2806,2760,2833,3202,2885,2873,2893,0,0,0,0,0,0,0,0,0,0,0,0,0,0,0,0,0,0,0,0,0,0,0,0,0,0,0,164,199
170,85,3009,2819,2763,2822,3196,2886,2873,2891,0,0,0,0,0,0,0,0,0,0,0,0,0,0,0,0,0,0,0,0,0,0,0,0,0,0,0,190,199
170,85,3016,2806,2751,2828,3209,2887,2857,2912,0,0,0,0,0,0,0,0,0,0,0,0,0,0,0,0,0,0,0,0,0,0,0,0,0,0,0,242,199
170,85,2997,2835,2761,2833,3201,2869,2885,2901,0,0,0,0,0,0,0,0,0,0,0,0,0,0,0,0,0,0,0,0,0,0,0,0,0,0,0,35,199
170,85,2984,2817,2760,2833,3203,2887,2857,2889,0,0,0,0,0,0,0,0,0,0,0,0,0,0,0,0,0,0,0,0,0,0,0,0,0,0,0,45,199
170,85,2992,2816,2763,2821,3209,2869,2871,2890,0,0,0,0,0,0,0,0,0,0,0,0,0,0,0,0,0,0,0,0,0,0,0,0,0,0,0,70,200
170,85,3008,2819,2775,2846,3217,2883,2873,2890,0,0,0,0,0,0,0,0,0,0,0,0,0,0,0,0,0,0,0,0,0,0,0,0,0,0,0,82,200
170,85,3008,2835,2768,2822,3221,2869,2874,2890,0,0,0,0,0,0,0,0,0,0,0,0,0,0,0,0,0,0,0,0,0,0,0,0,0,0,0,44,201
170,85,2985,2820,2748,2828,3206,2886,2872,2892,0,0,0,0,0,0,0,0,0,0,0,0,0,0,0,0,0,0,0,0,0,0,0,0,0,0,0,80,201
170,85,3008,2806,2774,2823,3196,2878,2874,2914,0,0,0,0,0,0,0,0,0,0,0,0,0,0,0,0,0,0,0,0,0,0,0,0,0,0,0,5,201
170,85,3008,2809,2763,2821,3209,2887,2875,2892,0,0,0,0,0,0,0,0,0,0,0,0,0,0,0,0,0,0,0,0,0,0,0,0,0,0,0,182,201
170,85,2981,2820,2763,2812,3182,2884,2893,2891,0,0,0,0,0,0,0,0,0,0,0,0,0,0,0,0,0,0,0,0,0,0,0,0,0,0,0,66,201
170,85,3009,2826,2749,2811,3195,2885,2884,2891,0,0,0,0,0,0,0,0,0,0,0,0,0,0,0,0,0,0,0,0,0,0,0,0,0,0,0,68,201
170,85,2981,2820,2764,2822,3196,2870,2884,2891,0,0,0,0,0,0,0,0,0,0,0,0,0,0,0,0,0,0,0,0,0,0,0,0,0,0,0,215,201
170,85,2998,2826,2750,2840,3190,2886,2874,2874,0,0,0,0,0,0,0,0,0,0,0,0,0,0,0,0,0,0,0,0,0,0,0,0,0,0,0,211,201
170,85,3009,2812,2776,2835,3189,2897,2874,2913,0,0,0,0,0,0,0,0,0,0,0,0,0,0,0,0,0,0,0,0,0,0,0,0,0,0,0,113,200
170,85,2979,2821,2762,2810,3176,2869,2873,2900,0,0,0,0,0,0,0,0,0,0,0,0,0,0,0,0,0,0,0,0,0,0,0,0,0,0,0,94,199
170,85,2990,2833,2763,2835,3176,2870,2857,2895,0,0,0,0,0,0,0,0,0,0,0,0,0,0,0,0,0,0,0,0,0,0,0,0,0,0,0,166,199
170,85,3006,2805,2749,2822,3200,2904,2872,2875,0,0,0,0,0,0,0,0,0,0,0,0,0,0,0,0,0,0,0,0,0,0,0,0,0,0,0,211,200
170,85,2998,2817,2776,2835,3182,2895,2884,2889,0,0,0,0,0,0,0,0,0,0,0,0,0,0,0,0,0,0,0,0,0,0,0,0,0,0,0,169,200
170,85,3018,2821,2768,2822,3189,2887,2857,2900,0,0,0,0,0,0,0,0,0,0,0,0,0,0,0,0,0,0,0,0,0,0,0,0,0,0,0,175,200
170,85,2980,2837,2768,2829,3205,2877,2875,2875,0,0,0,0,0,0,0,0,0,0,0,0,0,0,0,0,0,0,0,0,0,0,0,0,0,0,0,45,200
170,85,2997,2820,2774,2833,3196,2874,2873,2875,0,0,0,0,0,0,0,0,0,0,0,0,0,0,0,0,0,0,0,0,0,0,0,0,0,0,0,203,200
170,85,2993,2832,2778,2834,3192,2896,2871,2892,0,0,0,0,0,0,0,0,0,0,0,0,0,0,0,0,0,0,0,0,0,0,0,0,0,0,0,195,199
170,85,3016,2809,2777,2824,3183,2884,2872,2903,0,0,0,0,0,0,0,0,0,0,0,0,0,0,0,0,0,0,0,0,0,0,0,0,0,0,0,92,199
170,85,2982,2808,2751,2811,3203,2887,2874,2904,0,0,0,0,0,0,0,0,0,0,0,0,0,0,0,0,0,0,0,0,0,0,0,0,0,0,0,69,199
170,85,2981,2822,2766,2824,3199,2883,2861,2889,0,0,0,0,0,0,0,0,0,0,0,0,0,0,0,0,0,0,0,0,0,0,0,0,0,0,0,196,200
170,85,2998,2837,2778,2836,3198,2899,2872,2892,0,0,0,0,0,0,0,0,0,0,0,0,0,0,0,0,0,0,0,0,0,0,0,0,0,0,0,205,199
170,85,3007,2807,2749,2823,3217,2888,2886,2891,0,0,0,0,0,0,0,0,0,0,0,0,0,0,0,0,0,0,0,0,0,0,0,0,0,0,0,222,198
170,85,2992,2806,2763,2821,3200,2895,2885,2902,0,0,0,0,0,0,0,0,0,0,0,0,0,0,0,0,0,0,0,0,0,0,0,0,0,0,0,172,199
170,85,2998,2819,2776,2837,3179,2886,2857,2914,0,0,0,0,0,0,0,0,0,0,0,0,0,0,0,0,0,0,0,0,0,0,0,0,0,0,0,231,198
170,85,2982,2805,2768,2847,3209,2907,2858,2891,0,0,0,0,0,0,0,0,0,0,0,0,0,0,0,0,0,0,0,0,0,0,0,0,0,0,0,215,198
170,85,3010,2807,2763,2810,3200,2898,2884,2891,0,0,0,0,0,0,0,0,0,0,0,0,0,0,0,0,0,0,0,0,0,0,0,0,0,0,0,32,197
170,85,2992,2835,2749,2834,3203,2861,2858,2901,0,0,0,0,0,0,0,0,0,0,0,0,0,0,0,0,0,0,0,0,0,0,0,0,0,0,0,36,198
170,85,2990,2818,2762,2827,3210,2888,2875,2913,0,0,0,0,0,0,0,0,0,0,0,0,0,0,0,0,0,0,0,0,0,0,0,0,0,0,0,12,197
170,85,2992,2834,2762,2830,3183,2886,2873,2892,0,0,0,0,0,0,0,0,0,0,0,0,0,0,0,0,0,0,0,0,0,0,0,0,0,0,0,195,197
170,85,3007,2836,2752,2813,3182,2884,2873,2903,0,0,0,0,0,0,0,0,0,0,0,0,0,0,0,0,0,0,0,0,0,0,0,0,0,0,0,42,197
170,85,3009,2821,2763,2834,3209,2886,2884,2893,0,0,0,0,0,0,0,0,0,0,0,0,0,0,0,0,0,0,0,0,0,0,0,0,0,0,0,34,197
170,85,3009,2819,2762,2826,3209,2871,2857,2891,0,0,0,0,0,0,0,0,0,0,0,0,0,0,0,0,0,0,0,0,0,0,0,0,0,0,0,39,198
170,85,3010,2819,2751,2829,3210,2886,2858,2875,0,0,0,0,0,0,0,0,0,0,0,0,0,0,0,0,0,0,0,0,0,0,0,0,0,0,0,87,197
170,85,2993,2819,2774,2811,3202,2886,2875,2888,0,0,0,0,0,0,0,0,0,0,0,0,0,0,0,0,0,0,0,0,0,0,0,0,0,0,0,208,196
170,85,2992,2820,2777,2834,3202,2887,2883,2889,0,0,0,0,0,0,0,0,0,0,0,0,0,0,0,0,0,0,0,0,0,0,0,0,0,0,0,73,196
170,85,2987,2807,2753,2812,3209,2887,2883,2905,0,0,0,0,0,0,0,0,0,0,0,0,0,0,0,0,0,0,0,0,0,0,0,0,0,0,0,76,196
170,85,3008,2821,2748,2840,3202,2886,2884,2902,0,0,0,0,0,0,0,0,0,0,0,0,0,0,0,0,0,0,0,0,0,0,0,0,0,0,0,78,197
170,85,2997,2820,2761,2823,3200,2897,2874,2905,0,0,0,0,0,0,0,0,0,0,0,0,0,0,0,0,0,0,0,0,0,0,0,0,0,0,0,52,196
170,85,2979,2832,2748,2811,3171,2897,2874,2901,0,0,0,0,0,0,0,0,0,0,0,0,0,0,0,0,0,0,0,0,0,0,0,0,0,0,0,81,197
170,85,2992,2808,2764,2830,3171,2888,2882,2892,0,0,0,0,0,0,0,0,0,0,0,0,0,0,0,0,0,0,0,0,0,0,0,0,0,0,0,87,198
170,85,2981,2807,2764,2836,3185,2907,2875,2901,0,0,0,0,0,0,0,0,0,0,0,0,0,0,0,0,0,0,0,0,0,0,0,0,0,0,0,54,198
170,85,3016,2820,2752,2813,3202,2887,2875,2905,0,0,0,0,0,0,0,0,0,0,0,0,0,0,0,0,0,0,0,0,0,0,0,0,0,0,0,174,198
170,85,2998,2821,2753,2837,3197,2898,2864,2904,0,0,0,0,0,0,0,0,0,0,0,0,0,0,0,0,0,0,0,0,0,0,0,0,0,0,0,217,199
170,85,2992,2833,2754,2826,3189,2901,2877,2893,0,0,0,0,0,0,0,0,0,0,0,0,0,0,0,0,0,0,0,0,0,0,0,0,0,0,0,192,199
170,85,2992,2840,2752,2837,3180,2890,2880,2893,0,0,0,0,0,0,0,0,0,0,0,0,0,0,0,0,0,0,0,0,0,0,0,0,0,0,0,175,199
170,85,2996,2810,2770,2811,3211,2885,2859,2891,0,0,0,0,0,0,0,0,0,0,0,0,0,0,0,0,0,0,0,0,0,0,0,0,0,0,0,48,199
170,85,3009,2831,2764,2823,3190,2898,2883,2904,0,0,0,0,0,0,0,0,0,0,0,0,0,0,0,0,0,0,0,0,0,0,0,0,0,0,0,195,199
170,85,3016,2821,2763,2823,3197,2895,2858,2902,0,0,0,0,0,0,0,0,0,0,0,0,0,0,0,0,0,0,0,0,0,0,0,0,0,0,0,182,199
170,85,3009,2820,2753,2830,3197,2895,2884,2875,0,0,0,0,0,0,0,0,0,0,0,0,0,0,0,0,0,0,0,0,0,0,0,0,0,0,0,190,200
170,85,3009,2815,2763,2825,3182,2909,2876,2892,0,0,0,0,0,0,0,0,0,0,0,0,0,0,0,0,0,0,0,0,0,0,0,0,0,0,0,71,200
170,85,2997,2821,2752,2812,3154,2896,2895,2910,0,0,0,0,0,0,0,0,0,0,0,0,0,0,0,0,0,0,0,0,0,0,0,0,0,0,0,103,200
170,85,2997,2826,2749,2824,3183,2897,2883,2905,0,0,0,0,0,0,0,0,0,0,0,0,0,0,0,0,0,0,0,0,0,0,0,0,0,0,0,215,201
170,85,2992,2820,2765,2823,3188,2896,2884,2889,0,0,0,0,0,0,0,0,0,0,0,0,0,0,0,0,0,0,0,0,0,0,0,0,0,0,0,174,200
170,85,2996,2822,2777,2830,3174,2894,2886,2916,0,0,0,0,0,0,0,0,0,0,0,0,0,0,0,0,0,0,0,0,0,0,0,0,0,0,0,150,201
170,85,3005,2833,2753,2824,3181,2887,2876,2895,0,0,0,0,0,0,0,0,0,0,0,0,0,0,0,0,0,0,0,0,0,0,0,0,0,0,0,197,200
170,85,2989,2823,2783,2829,3156,2892,2880,2918,0,0,0,0,0,0,0,0,0,0,0,0,0,0,0,0,0,0,0,0,0,0,0,0,0,0,0,191,200
170,85,2982,2822,2771,2825,3177,2880,2889,2899,0,0,0,0,0,0,0,0,0,0,0,0,0,0,0,0,0,0,0,0,0,0,0,0,0,0,0,176,201
170,85,3007,2810,2750,2823,3192,2869,2884,2903,0,0,0,0,0,0,0,0,0,0,0,0,0,0,0,0,0,0,0,0,0,0,0,0,0,0,0,90,201
170,85,3005,2826,2752,2822,3183,2894,2875,2891,0,0,0,0,0,0,0,0,0,0,0,0,0,0,0,0,0,0,0,0,0,0,0,0,0,0,0,217,201
170,85,2979,2818,2777,2847,3177,2886,2874,2914,0,0,0,0,0,0,0,0,0,0,0,0,0,0,0,0,0,0,0,0,0,0,0,0,0,0,0,233,200
170,85,3006,2819,2778,2822,3170,2886,2883,2874,0,0,0,0,0,0,0,0,0,0,0,0,0,0,0,0,0,0,0,0,0,0,0,0,0,0,0,197,200
170,85,2997,2831,2751,2823,3167,2895,2884,2891,0,0,0,0,0,0,0,0,0,0,0,0,0,0,0,0,0,0,0,0,0,0,0,0,0,0,0,228,200
170,85,2985,2807,2764,2841,3150,2885,2887,2892,0,0,0,0,0,0,0,0,0,0,0,0,0,0,0,0,0,0,0,0,0,0,0,0,0,0,0,115,200
170,85,2984,2833,2753,2837,3164,2876,2868,2892,0,0,0,0,0,0,0,0,0,0,0,0,0,0,0,0,0,0,0,0,0,0,0,0,0,0,0,140,200
170,85,2983,2838,2777,2825,3173,2878,2889,2877,0,0,0,0,0,0,0,0,0,0,0,0,0,0,0,0,0,0,0,0,0,0,0,0,0,0,0,183,201
170,85,2997,2830,2763,2823,3173,2897,2875,2909,0,0,0,0,0,0,0,0,0,0,0,0,0,0,0,0,0,0,0,0,0,0,0,0,0,0,0,220,200
170,85,2990,2819,2750,2837,3169,2894,2878,2876,0,0,0,0,0,0,0,0,0,0,0,0,0,0,0,0,0,0,0,0,0,0,0,0,0,0,0,210,201
170,85,3005,2821,2762,2823,3178,2875,2873,2892,0,0,0,0,0,0,0,0,0,0,0,0,0,0,0,0,0,0,0,0,0,0,0,0,0,0,0,168,201
170,85,2978,2821,2770,2851,3170,2890,2876,2904,0,0,0,0,0,0,0,0,0,0,0,0,0,0,0,0,0,0,0,0,0,0,0,0,0,0,0,227,200
170,85,3003,2822,2766,2826,3179,2889,2901,2894,0,0,0,0,0,0,0,0,0,0,0,0,0,0,0,0,0,0,0,0,0,0,0,0,0,0,0,185,200
170,85,2993,2811,2751,2838,3173,2887,2888,2917,0,0,0,0,0,0,0,0,0,0,0,0,0,0,0,0,0,0,0,0,0,0,0,0,0,0,0,20,201
170,85,2980,2808,2765,2837,3168,2885,2874,2892,0,0,0,0,0,0,0,0,0,0,0,0,0,0,0,0,0,0,0,0,0,0,0,0,0,0,0,47,201
170,85,2992,2820,2764,2834,3169,2907,2878,2890,0,0,0,0,0,0,0,0,0,0,0,0,0,0,0,0,0,0,0,0,0,0,0,0,0,0,0,221,201
170,85,3006,2837,2769,2823,3169,2895,2874,2896,0,0,0,0,0,0,0,0,0,0,0,0,0,0,0,0,0,0,0,0,0,0,0,0,0,0,0,192,201
170,85,2998,2836,2765,2822,3178,2899,2859,2914,0,0,0,0,0,0,0,0,0,0,0,0,0,0,0,0,0,0,0,0,0,0,0,0,0,0,0,224,201
170,85,2991,2822,2777,2841,3155,2896,2887,2877,0,0,0,0,0,0,0,0,0,0,0,0,0,0,0,0,0,0,0,0,0,0,0,0,0,0,0,233,201
170,85,3007,2823,2764,2842,3178,2879,2862,2906,0,0,0,0,0,0,0,0,0,0,0,0,0,0,0,0,0,0,0,0,0,0,0,0,0,0,0,182,201
170,85,3000,2834,2766,2832,3183,2900,2894,2894,0,0,0,0,0,0,0,0,0,0,0,0,0,0,0,0,0,0,0,0,0,0,0,0,0,0,0,182,201
170,85,2998,2821,2762,2825,3181,2900,2860,2891,0,0,0,0,0,0,0,0,0,0,0,0,0,0,0,0,0,0,0,0,0,0,0,0,0,0,0,215,201
170,85,2992,2821,2776,2828,3149,2896,2880,2909,0,0,0,0,0,0,0,0,0,0,0,0,0,0,0,0,0,0,0,0,0,0,0,0,0,0,0,152,201
170,85,2983,2814,2764,2812,3156,2860,2876,2877,0,0,0,0,0,0,0,0,0,0,0,0,0,0,0,0,0,0,0,0,0,0,0,0,0,0,0,233,201
170,85,2980,2809,2750,2812,3180,2909,2875,2914,0,0,0,0,0,0,0,0,0,0,0,0,0,0,0,0,0,0,0,0,0,0,0,0,0,0,0,142,201
170,85,3005,2821,2777,2811,3181,2876,2883,2891,0,0,0,0,0,0,0,0,0,0,0,0,0,0,0,0,0,0,0,0,0,0,0,0,0,0,0,59,201
170,85,3007,2832,2751,2834,3173,2895,2858,2892,0,0,0,0,0,0,0,0,0,0,0,0,0,0,0,0,0,0,0,0,0,0,0,0,0,0,0,183,201
170,85,2992,2822,2762,2841,3196,2876,2884,2900,0,0,0,0,0,0,0,0,0,0,0,0,0,0,0,0,0,0,0,0,0,0,0,0,0,0,0,204,201
170,85,3006,2821,2749,2837,3156,2900,2878,2915,0,0,0,0,0,0,0,0,0,0,0,0,0,0,0,0,0,0,0,0,0,0,0,0,0,0,0,183,201
170,85,3007,2823,2771,2833,3196,2895,2889,2897,0,0,0,0,0,0,0,0,0,0,0,0,0,0,0,0,0,0,0,0,0,0,0,0,0,0,0,168,201
170,85,3006,2820,2783,2815,3174,2881,2891,2917,0,0,0,0,0,0,0,0,0,0,0,0,0,0,0,0,0,0,0,0,0,0,0,0,0,0,0,107,201
170,85,2997,2821,2761,2828,3170,2894,2875,2902,0,0,0,0,0,0,0,0,0,0,0,0,0,0,0,0,0,0,0,0,0,0,0,0,0,0,0,205,201
170,85,3009,2825,2770,2824,3172,2886,2859,2890,0,0,0,0,0,0,0,0,0,0,0,0,0,0,0,0,0,0,0,0,0,0,0,0,0,0,0,168,201
170,85,3000,2835,2765,2814,3172,2885,2886,2877,0,0,0,0,0,0,0,0,0,0,0,0,0,0,0,0,0,0,0,0,0,0,0,0,0,0,0,58,201
170,85,3006,2809,2765,2814,3177,2881,2875,2906,0,0,0,0,0,0,0,0,0,0,0,0,0,0,0,0,0,0,0,0,0,0,0,0,0,0,0,196,201
170,85,2995,2820,2753,2825,3180,2896,2874,2906,0,0,0,0,0,0,0,0,0,0,0,0,0,0,0,0,0,0,0,0,0,0,0,0,0,0,0,218,201
170,85,2996,2809,2765,2811,3178,2876,2872,2874,0,0,0,0,0,0,0,0,0,0,0,0,0,0,0,0,0,0,0,0,0,0,0,0,0,0,0,214,201
170,85,3006,2820,2764,2824,3164,2874,2871,2911,0,0,0,0,0,0,0,0,0,0,0,0,0,0,0,0,0,0,0,0,0,0,0,0,0,0,0,137,201
170,85,3005,2819,2751,2824,3150,2870,2892,2901,0,0,0,0,0,0,0,0,0,0,0,0,0,0,0,0,0,0,0,0,0,0,0,0,0,0,0,145,201
170,85,3006,2809,2753,2814,3170,2878,2858,2903,0,0,0,0,0,0,0,0,0,0,0,0,0,0,0,0,0,0,0,0,0,0,0,0,0,0,0,160,201
170,85,2985,2835,2763,2834,3172,2894,2854,2889,0,0,0,0,0,0,0,0,0,0,0,0,0,0,0,0,0,0,0,0,0,0,0,0,0,0,0,223,200
170,85,2992,2814,2762,2821,3181,2861,2882,2914,0,0,0,0,0,0,0,0,0,0,0,0,0,0,0,0,0,0,0,0,0,0,0,0,0,0,0,25,201
170,85,2995,2836,2764,2834,3169,2859,2873,2889,0,0,0,0,0,0,0,0,0,0,0,0,0,0,0,0,0,0,0,0,0,0,0,0,0,0,0,186,200
170,85,2997,2821,2749,2839,3170,2884,2875,2896,0,0,0,0,0,0,0,0,0,0,0,0,0,0,0,0,0,0,0,0,0,0,0,0,0,0,0,174,201
170,85,2991,2816,2762,2838,3171,2886,2874,2891,0,0,0,0,0,0,0,0,0,0,0,0,0,0,0,0,0,0,0,0,0,0,0,0,0,0,0,222,201
170,85,3009,2832,2777,2836,3173,2876,2873,2901,0,0,0,0,0,0,0,0,0,0,0,0,0,0,0,0,0,0,0,0,0,0,0,0,0,0,0,208,201
170,85,2997,2818,2762,2822,3170,2895,2873,2902,0,0,0,0,0,0,0,0,0,0,0,0,0,0,0,0,0,0,0,0,0,0,0,0,0,0,0,192,201
170,85,2978,2825,2764,2838,3176,2895,2857,2873,0,0,0,0,0,0,0,0,0,0,0,0,0,0,0,0,0,0,0,0,0,0,0,0,0,0,0,191,201
170,85,3008,2821,2764,2820,3168,2896,2887,2893,0,0,0,0,0,0,0,0,0,0,0,0,0,0,0,0,0,0,0,0,0,0,0,0,0,0,0,206,201
170,85,2997,2830,2762,2814,3181,2907,2883,2890,0,0,0,0,0,0,0,0,0,0,0,0,0,0,0,0,0,0,0,0,0,0,0,0,0,0,0,72,201
170,85,2979,2805,2760,2822,3183,2886,2855,2874,0,0,0,0,0,0,0,0,0,0,0,0,0,0,0,0,0,0,0,0,0,0,0,0,0,0,0,84,201
170,85,3006,2811,2763,2811,3175,2895,2858,2891,0,0,0,0,0,0,0,0,0,0,0,0,0,0,0,0,0,0,0,0,0,0,0,0,0,0,0,197,201
170,85,2980,2805,2765,2823,3190,2898,2885,2893,0,0,0,0,0,0,0,0,0,0,0,0,0,0,0,0,0,0,0,0,0,0,0,0,0,0,0,79,201
170,85,2996,2836,2761,2821,3170,2886,2883,2891,0,0,0,0,0,0,0,0,0,0,0,0,0,0,0,0,0,0,0,0,0,0,0,0,0,0,0,185,201
170,85,2991,2818,2748,2822,3184,2908,2894,2892,0,0,0,0,0,0,0,0,0,0,0,0,0,0,0,0,0,0,0,0,0,0,0,0,0,0,0,192,201
170,85,3008,2820,2763,2823,3192,2889,2875,2913,0,0,0,0,0,0,0,0,0,0,0,0,0,0,0,0,0,0,0,0,0,0,0,0,0,0,0,154,200
170,85,2983,2815,2770,2812,3179,2874,2876,2876,0,0,0,0,0,0,0,0,0,0,0,0,0,0,0,0,0,0,0,0,0,0,0,0,0,0,0,222,201
170,85,2991,2818,2773,2821,3197,2869,2892,2902,0,0,0,0,0,0,0,0,0,0,0,0,0,0,0,0,0,0,0,0,0,0,0,0,0,0,0,214,201
170,85,3017,2811,2762,2828,3157,2883,2874,2912,0,0,0,0,0,0,0,0,0,0,0,0,0,0,0,0,0,0,0,0,0,0,0,0,0,0,0,64,200
170,85,2994,2831,2770,2835,3177,2882,2873,2901,0,0,0,0,0,0,0,0,0,0,0,0,0,0,0,0,0,0,0,0,0,0,0,0,0,0,0,194,201
170,85,3005,2831,2760,2837,3183,2869,2874,2893,0,0,0,0,0,0,0,0,0,0,0,0,0,0,0,0,0,0,0,0,0,0,0,0,0,0,0,187,201
170,85,2992,2813,2776,2825,3184,2885,2875,2901,0,0,0,0,0,0,0,0,0,0,0,0,0,0,0,0,0,0,0,0,0,0,0,0,0,0,0,63,200
170,85,3004,2822,2762,2838,3175,2859,2877,2895,0,0,0,0,0,0,0,0,0,0,0,0,0,0,0,0,0,0,0,0,0,0,0,0,0,0,0,161,201
170,85,3015,2827,2751,2825,3176,2889,2887,2907,0,0,0,0,0,0,0,0,0,0,0,0,0,0,0,0,0,0,0,0,0,0,0,0,0,0,0,190,201
170,85,3007,2822,2772,2833,3178,2908,2883,2881,0,0,0,0,0,0,0,0,0,0,0,0,0,0,0,0,0,0,0,0,0,0,0,0,0,0,0,177,200
170,85,3006,2833,2770,2831,3183,2899,2891,2877,0,0,0,0,0,0,0,0,0,0,0,0,0,0,0,0,0,0,0,0,0,0,0,0,0,0,0,193,201
170,85,2984,2821,2749,2823,3172,2860,2879,2876,0,0,0,0,0,0,0,0,0,0,0,0,0,0,0,0,0,0,0,0,0,0,0,0,0,0,0,165,201
170,85,2996,2819,2762,2834,3195,2896,2875,2890,0,0,0,0,0,0,0,0,0,0,0,0,0,0,0,0,0,0,0,0,0,0,0,0,0,0,0,204,201
170,85,2979,2831,2759,2832,3176,2898,2882,2874,0,0,0,0,0,0,0,0,0,0,0,0,0,0,0,0,0,0,0,0,0,0,0,0,0,0,0,192,201
170,85,2979,2807,2763,2821,3189,2875,2874,2874,0,0,0,0,0,0,0,0,0,0,0,0,0,0,0,0,0,0,0,0,0,0,0,0,0,0,0,44,202
170,85,2991,2832,2762,2833,3195,2884,2856,2875,0,0,0,0,0,0,0,0,0,0,0,0,0,0,0,0,0,0,0,0,0,0,0,0,0,0,0,177,202
170,85,2991,2820,2761,2822,3186,2874,2874,2890,0,0,0,0,0,0,0,0,0,0,0,0,0,0,0,0,0,0,0,0,0,0,0,0,0,0,0,165,202
170,85,3008,2817,2749,2810,3179,2908,2882,2905,0,0,0,0,0,0,0,0,0,0,0,0,0,0,0,0,0,0,0,0,0,0,0,0,0,0,0,82,202
170,85,2985,2805,2763,2834,3198,2898,2874,2902,0,0,0,0,0,0,0,0,0,0,0,0,0,0,0,0,0,0,0,0,0,0,0,0,0,0,0,61,202
170,85,2997,2806,2762,2822,3197,2886,2874,2901,0,0,0,0,0,0,0,0,0,0,0,0,0,0,0,0,0,0,0,0,0,0,0,0,0,0,0,35,202
170,85,2992,2834,2747,2820,3209,2886,2857,2900,0,0,0,0,0,0,0,0,0,0,0,0,0,0,0,0,0,0,0,0,0,0,0,0,0,0,0,86,202
170,85,2997,2812,2761,2822,3183,2890,2874,2890,0,0,0,0,0,0,0,0,0,0,0,0,0,0,0,0,0,0,0,0,0,0,0,0,0,0,0,43,202
170,85,2978,2819,2774,2845,3197,2895,2885,2891,0,0,0,0,0,0,0,0,0,0,0,0,0,0,0,0,0,0,0,0,0,0,0,0,0,0,0,175,202
170,85,2991,2804,2750,2838,3191,2858,2891,2902,0,0,0,0,0,0,0,0,0,0,0,0,0,0,0,0,0,0,0,0,0,0,0,0,0,0,0,75,203
170,85,2978,2806,2762,2821,3195,2860,2873,2893,0,0,0,0,0,0,0,0,0,0,0,0,0,0,0,0,0,0,0,0,0,0,0,0,0,0,0,64,202
170,85,3007,2828,2762,2809,3170,2886,2873,2903,0,0,0,0,0,0,0,0,0,0,0,0,0,0,0,0,0,0,0,0,0,0,0,0,0,0,0,50,202
170,85,2991,2818,2763,2834,3183,2896,2883,2891,0,0,0,0,0,0,0,0,0,0,0,0,0,0,0,0,0,0,0,0,0,0,0,0,0,0,0,186,203
170,85,2997,2832,2748,2834,3199,2876,2875,2891,0,0,0,0,0,0,0,0,0,0,0,0,0,0,0,0,0,0,0,0,0,0,0,0,0,0,0,193,202
170,85,2983,2834,2758,2838,3184,2886,2872,2873,0,0,0,0,0,0,0,0,0,0,0,0,0,0,0,0,0,0,0,0,0,0,0,0,0,0,0,171,202
170,85,2983,2816,2758,2820,3211,2874,2885,2901,0,0,0,0,0,0,0,0,0,0,0,0,0,0,0,0,0,0,0,0,0,0,0,0,0,0,0,61,203
170,85,2986,2804,2762,2826,3193,2884,2874,2891,0,0,0,0,0,0,0,0,0,0,0,0,0,0,0,0,0,0,0,0,0,0,0,0,0,0,0,42,202
170,85,2989,2817,2747,2832,3209,2895,2872,2889,0,0,0,0,0,0,0,0,0,0,0,0,0,0,0,0,0,0,0,0,0,0,0,0,0,0,0,73,203
170,85,2990,2819,2762,2823,3211,2885,2872,2891,0,0,0,0,0,0,0,0,0,0,0,0,0,0,0,0,0,0,0,0,0,0,0,0,0,0,0,36,203
170,85,2985,2806,2761,2820,3170,2883,2872,2900,0,0,0,0,0,0,0,0,0,0,0,0,0,0,0,0,0,0,0,0,0,0,0,0,0,0,0,39,203
170,85,2996,2818,2746,2821,3210,2896,2872,2889,0,0,0,0,0,0,0,0,0,0,0,0,0,0,0,0,0,0,0,0,0,0,0,0,0,0,0,91,203
170,85,2985,2830,2775,2822,3185,2886,2872,2888,0,0,0,0,0,0,0,0,0,0,0,0,0,0,0,0,0,0,0,0,0,0,0,0,0,0,0,200,203
170,85,2978,2811,2759,2827,3189,2886,2873,2896,0,0,0,0,0,0,0,0,0,0,0,0,0,0,0,0,0,0,0,0,0,0,0,0,0,0,0,55,203
170,85,3007,2818,2755,2819,3175,2894,2873,2895,0,0,0,0,0,0,0,0,0,0,0,0,0,0,0,0,0,0,0,0,0,0,0,0,0,0,0,219,203
170,85,2989,2807,2777,2822,3171,2886,2896,2889,0,0,0,0,0,0,0,0,0,0,0,0,0,0,0,0,0,0,0,0,0,0,0,0,0,0,0,65,203
170,85,2996,2819,2772,2808,3178,2875,2874,2901,0,0,0,0,0,0,0,0,0,0,0,0,0,0,0,0,0,0,0,0,0,0,0,0,0,0,0,93,203
170,85,2981,2835,2760,2827,3196,2889,2883,2890,0,0,0,0,0,0,0,0,0,0,0,0,0,0,0,0,0,0,0,0,0,0,0,0,0,0,0,176,203
170,85,2996,2804,2760,2828,3214,2896,2882,2899,0,0,0,0,0,0,0,0,0,0,0,0,0,0,0,0,0,0,0,0,0,0,0,0,0,0,0,179,202
170,85,2983,2829,2771,2819,3190,2857,2882,2891,0,0,0,0,0,0,0,0,0,0,0,0,0,0,0,0,0,0,0,0,0,0,0,0,0,0,0,213,203
170,85,2983,2828,2759,2827,3194,2875,2872,2900,0,0,0,0,0,0,0,0,0,0,0,0,0,0,0,0,0,0,0,0,0,0,0,0,0,0,0,179,203
170,85,2985,2829,2760,2819,3183,2873,2891,2900,0,0,0,0,0,0,0,0,0,0,0,0,0,0,0,0,0,0,0,0,0,0,0,0,0,0,0,223,203
170,85,2991,2804,2752,2822,3176,2885,2892,2901,0,0,0,0,0,0,0,0,0,0,0,0,0,0,0,0,0,0,0,0,0,0,0,0,0,0,0,81,203
170,85,2990,2831,2761,2834,3208,2868,2878,2889,0,0,0,0,0,0,0,0,0,0,0,0,0,0,0,0,0,0,0,0,0,0,0,0,0,0,0,72,202
170,85,2991,2828,2762,2835,3207,2903,2872,2874,0,0,0,0,0,0,0,0,0,0,0,0,0,0,0,0,0,0,0,0,0,0,0,0,0,0,0,81,203
170,85,2995,2806,2760,2810,3198,2887,2873,2898,0,0,0,0,0,0,0,0,0,0,0,0,0,0,0,0,0,0,0,0,0,0,0,0,0,0,0,220,203
170,85,2983,2806,2760,2822,3196,2893,2873,2899,0,0,0,0,0,0,0,0,0,0,0,0,0,0,0,0,0,0,0,0,0,0,0,0,0,0,0,60,203
170,85,2978,2817,2759,2834,3180,2875,2886,2913,0,0,0,0,0,0,0,0,0,0,0,0,0,0,0,0,0,0,0,0,0,0,0,0,0,0,0,255,203
170,85,2990,2819,2761,2809,3208,2894,2874,2890,0,0,0,0,0,0,0,0,0,0,0,0,0,0,0,0,0,0,0,0,0,0,0,0,0,0,0,211,203
170,85,2979,2831,2762,2833,3185,2895,2884,2901,0,0,0,0,0,0,0,0,0,0,0,0,0,0,0,0,0,0,0,0,0,0,0,0,0,0,0,161,203
170,85,2978,2819,2761,2821,3205,2884,2871,2890,0,0,0,0,0,0,0,0,0,0,0,0,0,0,0,0,0,0,0,0,0,0,0,0,0,0,0,40,202
170,85,3007,2818,2763,2820,3189,2884,2873,2874,0,0,0,0,0,0,0,0,0,0,0,0,0,0,0,0,0,0,0,0,0,0,0,0,0,0,0,185,201
170,85,3006,2813,2763,2810,3204,2861,2857,2889,0,0,0,0,0,0,0,0,0,0,0,0,0,0,0,0,0,0,0,0,0,0,0,0,0,0,0,66,202
170,85,2980,2830,2775,2809,3187,2883,2871,2874,0,0,0,0,0,0,0,0,0,0,0,0,0,0,0,0,0,0,0,0,0,0,0,0,0,0,0,65,202
170,85,2991,2806,2748,2835,3184,2894,2858,2874,0,0,0,0,0,0,0,0,0,0,0,0,0,0,0,0,0,0,0,0,0,0,0,0,0,0,0,32,202
170,85,2992,2819,2759,2834,3190,2886,2873,2891,0,0,0,0,0,0,0,0,0,0,0,0,0,0,0,0,0,0,0,0,0,0,0,0,0,0,0,221,201
170,85,2997,2819,2758,2834,3203,2869,2882,2891,0,0,0,0,0,0,0,0,0,0,0,0,0,0,0,0,0,0,0,0,0,0,0,0,0,0,0,36,201
170,85,2983,2816,2759,2821,3211,2895,2873,2913,0,0,0,0,0,0,0,0,0,0,0,0,0,0,0,0,0,0,0,0,0,0,0,0,0,0,0,0,201
170,85,2977,2819,2759,2819,3195,2860,2885,2902,0,0,0,0,0,0,0,0,0,0,0,0,0,0,0,0,0,0,0,0,0,0,0,0,0,0,0,219,201
170,85,3014,2818,2761,2834,3196,2875,2873,2890,0,0,0,0,0,0,0,0,0,0,0,0,0,0,0,0,0,0,0,0,0,0,0,0,0,0,0,210,202
170,85,2990,2818,2762,2808,3190,2877,2857,2889,0,0,0,0,0,0,0,0,0,0,0,0,0,0,0,0,0,0,0,0,0,0,0,0,0,0,0,77,201
170,85,2978,2806,2748,2826,3210,2886,2873,2903,0,0,0,0,0,0,0,0,0,0,0,0,0,0,0,0,0,0,0,0,0,0,0,0,0,0,0,184,201
170,85,2977,2806,2748,2808,3207,2873,2884,2890,0,0,0,0,0,0,0,0,0,0,0,0,0,0,0,0,0,0,0,0,0,0,0,0,0,0,0,90,201
170,85,3005,2817,2774,2821,3178,2859,2882,2873,0,0,0,0,0,0,0,0,0,0,0,0,0,0,0,0,0,0,0,0,0,0,0,0,0,0,0,172,201
170,85,3006,2835,2761,2835,3205,2885,2884,2913,0,0,0,0,0,0,0,0,0,0,0,0,0,0,0,0,0,0,0,0,0,0,0,0,0,0,0,107,200
170,85,2984,2819,2774,2833,3205,2894,2873,2901,0,0,0,0,0,0,0,0,0,0,0,0,0,0,0,0,0,0,0,0,0,0,0,0,0,0,0,50,201
170,85,2996,2833,2775,2832,3206,2894,2883,2890,0,0,0,0,0,0,0,0,0,0,0,0,0,0,0,0,0,0,0,0,0,0,0,0,0,0,0,90,201
170,85,2992,2819,2759,2832,3189,2897,2879,2903,0,0,0,0,0,0,0,0,0,0,0,0,0,0,0,0,0,0,0,0,0,0,0,0,0,0,0,209,202
170,85,2996,2818,2759,2832,3207,2893,2883,2874,0,0,0,0,0,0,0,0,0,0,0,0,0,0,0,0,0,0,0,0,0,0,0,0,0,0,0,43,202
170,85,2978,2804,2759,2821,3219,2885,2882,2874,0,0,0,0,0,0,0,0,0,0,0,0,0,0,0,0,0,0,0,0,0,0,0,0,0,0,0,194,202
170,85,2991,2816,2747,2838,3203,2885,2871,2888,0,0,0,0,0,0,0,0,0,0,0,0,0,0,0,0,0,0,0,0,0,0,0,0,0,0,0,66,202
170,85,2979,2830,2761,2811,3195,2886,2884,2875,0,0,0,0,0,0,0,0,0,0,0,0,0,0,0,0,0,0,0,0,0,0,0,0,0,0,0,37,201
170,85,3004,2820,2763,2809,3207,2887,2873,2873,0,0,0,0,0,0,0,0,0,0,0,0,0,0,0,0,0,0,0,0,0,0,0,0,0,0,0,178,201
170,85,2990,2819,2747,2846,3189,2886,2873,2903,0,0,0,0,0,0,0,0,0,0,0,0,0,0,0,0,0,0,0,0,0,0,0,0,0,0,0,172,201
170,85,2979,2818,2761,2823,3197,2857,2855,2911,0,0,0,0,0,0,0,0,0,0,0,0,0,0,0,0,0,0,0,0,0,0,0,0,0,0,0,186,201
170,85,2991,2834,2772,2822,3170,2896,2871,2873,0,0,0,0,0,0,0,0,0,0,0,0,0,0,0,0,0,0,0,0,0,0,0,0,0,0,0,170,201
170,85,3013,2828,2747,2809,3196,2885,2878,2889,0,0,0,0,0,0,0,0,0,0,0,0,0,0,0,0,0,0,0,0,0,0,0,0,0,0,0,61,202
170,85,2991,2817,2772,2820,3197,2887,2856,2889,0,0,0,0,0,0,0,0,0,0,0,0,0,0,0,0,0,0,0,0,0,0,0,0,0,0,0,220,201
170,85,2990,2816,2759,2834,3190,2868,2873,2911,0,0,0,0,0,0,0,0,0,0,0,0,0,0,0,0,0,0,0,0,0,0,0,0,0,0,0,166,201
170,85,2990,2811,2761,2809,3195,2869,2872,2901,0,0,0,0,0,0,0,0,0,0,0,0,0,0,0,0,0,0,0,0,0,0,0,0,0,0,0,191,201
170,85,3007,2816,2747,2832,3203,2885,2855,2889,0,0,0,0,0,0,0,0,0,0,0,0,0,0,0,0,0,0,0,0,0,0,0,0,0,0,0,69,201
170,85,2990,2805,2774,2845,3215,2885,2872,2874,0,0,0,0,0,0,0,0,0,0,0,0,0,0,0,0,0,0,0,0,0,0,0,0,0,0,0,160,201
170,85,2991,2828,2748,2839,3201,2902,2872,2873,0,0,0,0,0,0,0,0,0,0,0,0,0,0,0,0,0,0,0,0,0,0,0,0,0,0,0,39,200
170,85,2978,2817,2747,2815,3203,2868,2855,2899,0,0,0,0,0,0,0,0,0,0,0,0,0,0,0,0,0,0,0,0,0,0,0,0,0,0,0,220,200
170,85,3004,2818,2761,2845,3210,2885,2878,2887,0,0,0,0,0,0,0,0,0,0,0,0,0,0,0,0,0,0,0,0,0,0,0,0,0,0,0,37,201
170,85,2991,2805,2773,2832,3207,2884,2884,2890,0,0,0,0,0,0,0,0,0,0,0,0,0,0,0,0,0,0,0,0,0,0,0,0,0,0,0,170,200
170,85,2977,2805,2761,2828,3207,2886,2881,2891,0,0,0,0,0,0,0,0,0,0,0,0,0,0,0,0,0,0,0,0,0,0,0,0,0,0,0,162,201
170,85,2984,2816,2760,2849,3190,2897,2872,2911,0,0,0,0,0,0,0,0,0,0,0,0,0,0,0,0,0,0,0,0,0,0,0,0,0,0,0,248,201
170,85,2977,2817,2747,2835,3221,2877,2883,2873,0,0,0,0,0,0,0,0,0,0,0,0,0,0,0,0,0,0,0,0,0,0,0,0,0,0,0,35,200
170,85,2994,2818,2749,2826,3198,2884,2872,2895,0,0,0,0,0,0,0,0,0,0,0,0,0,0,0,0,0,0,0,0,0,0,0,0,0,0,0,179,200
170,85,2977,2819,2760,2808,3200,2874,2871,2895,0,0,0,0,0,0,0,0,0,0,0,0,0,0,0,0,0,0,0,0,0,0,0,0,0,0,0,168,201
170,85,3004,2804,2760,2819,3207,2886,2853,2900,0,0,0,0,0,0,0,0,0,0,0,0,0,0,0,0,0,0,0,0,0,0,0,0,0,0,0,203,201
170,85,2983,2818,2760,2807,3200,2883,2856,2889,0,0,0,0,0,0,0,0,0,0,0,0,0,0,0,0,0,0,0,0,0,0,0,0,0,0,0,192,201
170,85,2978,2817,2760,2809,3207,2886,2882,2886,0,0,0,0,0,0,0,0,0,0,0,0,0,0,0,0,0,0,0,0,0,0,0,0,0,0,0,175,201
170,85,2997,2816,2758,2831,3199,2873,2872,2889,0,0,0,0,0,0,0,0,0,0,0,0,0,0,0,0,0,0,0,0,0,0,0,0,0,0,0,178,201
170,85,2990,2817,2759,2831,3195,2873,2871,2873,0,0,0,0,0,0,0,0,0,0,0,0,0,0,0,0,0,0,0,0,0,0,0,0,0,0,0,210,201
170,85,2991,2804,2747,2821,3214,2874,2869,2889,0,0,0,0,0,0,0,0,0,0,0,0,0,0,0,0,0,0,0,0,0,0,0,0,0,0,0,213,201
170,85,2977,2817,2762,2833,3206,2892,2878,2911,0,0,0,0,0,0,0,0,0,0,0,0,0,0,0,0,0,0,0,0,0,0,0,0,0,0,0,41,202
170,85,2990,2820,2773,2810,3202,2866,2856,2908,0,0,0,0,0,0,0,0,0,0,0,0,0,0,0,0,0,0,0,0,0,0,0,0,0,0,0,185,202
170,85,2983,2806,2763,2821,3193,2893,2856,2902,0,0,0,0,0,0,0,0,0,0,0,0,0,0,0,0,0,0,0,0,0,0,0,0,0,0,0,45,202
170,85,2980,2819,2761,2850,3176,2875,2857,2871,0,0,0,0,0,0,0,0,0,0,0,0,0,0,0,0,0,0,0,0,0,0,0,0,0,0,0,248,201
170,85,2995,2821,2751,2824,3160,2876,2857,2892,0,0,0,0,0,0,0,0,0,0,0,0,0,0,0,0,0,0,0,0,0,0,0,0,0,0,0,249,201
170,85,3005,2821,2777,2810,3202,2889,2887,2892,0,0,0,0,0,0,0,0,0,0,0,0,0,0,0,0,0,0,0,0,0,0,0,0,0,0,0,163,201
170,85,3005,2837,2765,2826,3179,2879,2888,2894,0,0,0,0,0,0,0,0,0,0,0,0,0,0,0,0,0,0,0,0,0,0,0,0,0,0,0,196,201
170,85,2996,2826,2766,2825,3172,2893,2882,2908,0,0,0,0,0,0,0,0,0,0,0,0,0,0,0,0,0,0,0,0,0,0,0,0,0,0,0,183,201
170,85,3007,2821,2764,2836,3184,2884,2875,2892,0,0,0,0,0,0,0,0,0,0,0,0,0,0,0,0,0,0,0,0,0,0,0,0,0,0,0,216,201
170,85,2996,2822,2772,2833,3168,2878,2900,2893,0,0,0,0,0,0,0,0,0,0,0,0,0,0,0,0,0,0,0,0,0,0,0,0,0,0,0,201,201
170,85,3004,2811,2756,2835,3174,2882,2892,2910,0,0,0,0,0,0,0,0,0,0,0,0,0,0,0,0,0,0,0,0,0,0,0,0,0,0,0,94,201
170,85,2995,2823,2767,2827,3168,2880,2891,2892,0,0,0,0,0,0,0,0,0,0,0,0,0,0,0,0,0,0,0,0,0,0,0,0,0,0,0,174,201
170,85,3000,2831,2773,2828,3173,2878,2862,2905,0,0,0,0,0,0,0,0,0,0,0,0,0,0,0,0,0,0,0,0,0,0,0,0,0,0,0,187,201
170,85,2987,2827,2754,2832,3180,2900,2887,2904,0,0,0,0,0,0,0,0,0,0,0,0,0,0,0,0,0,0,0,0,0,0,0,0,0,0,0,172,201
170,85,2991,2832,2766,2823,3195,2860,2880,2904,0,0,0,0,0,0,0,0,0,0,0,0,0,0,0,0,0,0,0,0,0,0,0,0,0,0,0,192,200
170,85,2976,2819,2761,2850,3176,2891,2884,2905,0,0,0,0,0,0,0,0,0,0,0,0,0,0,0,0,0,0,0,0,0,0,0,0,0,0,0,143,200
170,85,2980,2819,2770,2823,3183,2879,2873,2916,0,0,0,0,0,0,0,0,0,0,0,0,0,0,0,0,0,0,0,0,0,0,0,0,0,0,0,134,200
170,85,2989,2821,2764,2821,3185,2880,2889,2896,0,0,0,0,0,0,0,0,0,0,0,0,0,0,0,0,0,0,0,0,0,0,0,0,0,0,0,176,200
170,85,2989,2820,2762,2810,3184,2873,2896,2890,0,0,0,0,0,0,0,0,0,0,0,0,0,0,0,0,0,0,0,0,0,0,0,0,0,0,0,50,200
170,85,2975,2835,2773,2828,3187,2861,2875,2893,0,0,0,0,0,0,0,0,0,0,0,0,0,0,0,0,0,0,0,0,0,0,0,0,0,0,0,132,200
170,85,3002,2819,2759,2809,3178,2884,2881,2890,0,0,0,0,0,0,0,0,0,0,0,0,0,0,0,0,0,0,0,0,0,0,0,0,0,0,0,90,200
170,85,2982,2827,2761,2819,3184,2874,2868,2870,0,0,0,0,0,0,0,0,0,0,0,0,0,0,0,0,0,0,0,0,0,0,0,0,0,0,0,214,200
170,85,3004,2810,2758,2819,3192,2883,2870,2887,0,0,0,0,0,0,0,0,0,0,0,0,0,0,0,0,0,0,0,0,0,0,0,0,0,0,0,49,201
170,85,2989,2818,2761,2819,3185,2883,2877,2870,0,0,0,0,0,0,0,0,0,0,0,0,0,0,0,0,0,0,0,0,0,0,0,0,0,0,0,165,201
170,85,3004,2816,2768,2819,3170,2873,2869,2870,0,0,0,0,0,0,0,0,0,0,0,0,0,0,0,0,0,0,0,0,0,0,0,0,0,0,0,206,200
170,85,3004,2818,2761,2845,3155,2873,2869,2900,0,0,0,0,0,0,0,0,0,0,0,0,0,0,0,0,0,0,0,0,0,0,0,0,0,0,0,152,201
170,85,2988,2815,2753,2832,3153,2882,2869,2900,0,0,0,0,0,0,0,0,0,0,0,0,0,0,0,0,0,0,0,0,0,0,0,0,0,0,0,8,201
170,85,2976,2816,2744,2820,3180,2872,2869,2908,0,0,0,0,0,0,0,0,0,0,0,0,0,0,0,0,0,0,0,0,0,0,0,0,0,0,0,216,201
170,85,2982,2815,2755,2820,3169,2873,2851,2900,0,0,0,0,0,0,0,0,0,0,0,0,0,0,0,0,0,0,0,0,0,0,0,0,0,0,0,73,201
170,85,2990,2826,2758,2819,3169,2882,2852,2886,0,0,0,0,0,0,0,0,0,0,0,0,0,0,0,0,0,0,0,0,0,0,0,0,0,0,0,217,201
170,85,3003,2808,2745,2831,3192,2886,2888,2869,0,0,0,0,0,0,0,0,0,0,0,0,0,0,0,0,0,0,0,0,0,0,0,0,0,0,0,78,201
170,85,2987,2803,2758,2831,3184,2871,2881,2886,0,0,0,0,0,0,0,0,0,0,0,0,0,0,0,0,0,0,0,0,0,0,0,0,0,0,0,41,201
170,85,2983,2816,2772,2833,3181,2855,2853,2869,0,0,0,0,0,0,0,0,0,0,0,0,0,0,0,0,0,0,0,0,0,0,0,0,0,0,0,193,202
170,85,3004,2838,2768,2829,3168,2881,2869,2908,0,0,0,0,0,0,0,0,0,0,0,0,0,0,0,0,0,0,0,0,0,0,0,0,0,0,0,198,202
170,85,3005,2808,2758,2819,3166,2853,2869,2886,0,0,0,0,0,0,0,0,0,0,0,0,0,0,0,0,0,0,0,0,0,0,0,0,0,0,0,112,201
170,85,2973,2813,2758,2815,3191,2873,2867,2884,0,0,0,0,0,0,0,0,0,0,0,0,0,0,0,0,0,0,0,0,0,0,0,0,0,0,0,153,201
170,85,2993,2800,2759,2812,3205,2882,2869,2881,0,0,0,0,0,0,0,0,0,0,0,0,0,0,0,0,0,0,0,0,0,0,0,0,0,0,0,48,201
170,85,2980,2816,2758,2829,3200,2855,2868,2885,0,0,0,0,0,0,0,0,0,0,0,0,0,0,0,0,0,0,0,0,0,0,0,0,0,0,0,64,201
170,85,2987,2815,2744,2829,3186,2872,2868,2891,0,0,0,0,0,0,0,0,0,0,0,0,0,0,0,0,0,0,0,0,0,0,0,0,0,0,0,44,201
170,85,2987,2808,2758,2818,3187,2872,2875,2900,0,0,0,0,0,0,0,0,0,0,0,0,0,0,0,0,0,0,0,0,0,0,0,0,0,0,0,75,201
170,85,3003,2815,2757,2804,3191,2855,2868,2886,0,0,0,0,0,0,0,0,0,0,0,0,0,0,0,0,0,0,0,0,0,0,0,0,0,0,0,174,201
170,85,2980,2814,2769,2817,3201,2872,2862,2873,0,0,0,0,0,0,0,0,0,0,0,0,0,0,0,0,0,0,0,0,0,0,0,0,0,0,0,220,201
170,85,2987,2801,2757,2811,3172,2872,2850,2867,0,0,0,0,0,0,0,0,0,0,0,0,0,0,0,0,0,0,0,0,0,0,0,0,0,0,0,208,201
170,85,2975,2814,2755,2817,3187,2883,2887,2888,0,0,0,0,0,0,0,0,0,0,0,0,0,0,0,0,0,0,0,0,0,0,0,0,0,0,0,100,201
170,85,2978,2827,2768,2828,3203,2869,2852,2870,0,0,0,0,0,0,0,0,0,0,0,0,0,0,0,0,0,0,0,0,0,0,0,0,0,0,0,40,201
170,85,2980,2801,2751,2816,3168,2870,2887,2890,0,0,0,0,0,0,0,0,0,0,0,0,0,0,0,0,0,0,0,0,0,0,0,0,0,0,0,73,201
170,85,2987,2814,2768,2816,3194,2880,2888,2875,0,0,0,0,0,0,0,0,0,0,0,0,0,0,0,0,0,0,0,0,0,0,0,0,0,0,0,52,201
170,85,3012,2802,2771,2829,3172,2887,2869,2905,0,0,0,0,0,0,0,0,0,0,0,0,0,0,0,0,0,0,0,0,0,0,0,0,0,0,0,95,201
170,85,2993,2815,2758,2845,3184,2865,2874,2881,0,0,0,0,0,0,0,0,0,0,0,0,0,0,0,0,0,0,0,0,0,0,0,0,0,0,0,87,201
170,85,2974,2803,2772,2817,3172,2871,2890,2882,0,0,0,0,0,0,0,0,0,0,0,0,0,0,0,0,0,0,0,0,0,0,0,0,0,0,0,27,202
170,85,3001,2827,2769,2815,3169,2854,2880,2890,0,0,0,0,0,0,0,0,0,0,0,0,0,0,0,0,0,0,0,0,0,0,0,0,0,0,0,41,201
170,85,2988,2808,2773,2819,3151,2854,2880,2884,0,0,0,0,0,0,0,0,0,0,0,0,0,0,0,0,0,0,0,0,0,0,0,0,0,0,0,23,201
170,85,2981,2828,2758,2818,3150,2872,2874,2886,0,0,0,0,0,0,0,0,0,0,0,0,0,0,0,0,0,0,0,0,0,0,0,0,0,0,0,158,201
170,85,2987,2813,2746,2807,3190,2881,2880,2887,0,0,0,0,0,0,0,0,0,0,0,0,0,0,0,0,0,0,0,0,0,0,0,0,0,0,0,210,201
170,85,2977,2825,2744,2806,3149,2883,2886,2869,0,0,0,0,0,0,0,0,0,0,0,0,0,0,0,0,0,0,0,0,0,0,0,0,0,0,0,99,201
170,85,2988,2815,2746,2816,3166,2882,2866,2874,0,0,0,0,0,0,0,0,0,0,0,0,0,0,0,0,0,0,0,0,0,0,0,0,0,0,0,5,201
170,85,2980,2825,2758,2824,3177,2852,2885,2875,0,0,0,0,0,0,0,0,0,0,0,0,0,0,0,0,0,0,0,0,0,0,0,0,0,0,0,169,201
170,85,2981,2826,2749,2831,3180,2871,2882,2907,0,0,0,0,0,0,0,0,0,0,0,0,0,0,0,0,0,0,0,0,0,0,0,0,0,0,0,166,201
170,85,3007,2829,2758,2819,3162,2883,2870,2880,0,0,0,0,0,0,0,0,0,0,0,0,0,0,0,0,0,0,0,0,0,0,0,0,0,0,0,225,201
170,85,3001,2829,2758,2821,3147,2871,2881,2887,0,0,0,0,0,0,0,0,0,0,0,0,0,0,0,0,0,0,0,0,0,0,0,0,0,0,0,244,200
170,85,3013,2809,2770,2808,3160,2871,2876,2856,0,0,0,0,0,0,0,0,0,0,0,0,0,0,0,0,0,0,0,0,0,0,0,0,0,0,0,148,200
170,85,2976,2817,2760,2820,3167,2852,2868,2893,0,0,0,0,0,0,0,0,0,0,0,0,0,0,0,0,0,0,0,0,0,0,0,0,0,0,0,150,200
170,85,2982,2815,2751,2824,3169,2871,2869,2880,0,0,0,0,0,0,0,0,0,0,0,0,0,0,0,0,0,0,0,0,0,0,0,0,0,0,0,53,200
170,85,2982,2803,2744,2806,3165,2881,2873,2874,0,0,0,0,0,0,0,0,0,0,0,0,0,0,0,0,0,0,0,0,0,0,0,0,0,0,0,253,200
170,85,2988,2807,2770,2812,3173,2871,2866,2907,0,0,0,0,0,0,0,0,0,0,0,0,0,0,0,0,0,0,0,0,0,0,0,0,0,0,0,183,200
170,85,3004,2816,2758,2805,3169,2873,2866,2874,0,0,0,0,0,0,0,0,0,0,0,0,0,0,0,0,0,0,0,0,0,0,0,0,0,0,0,39,200
170,85,3003,2815,2756,2805,3193,2876,2889,2874,0,0,0,0,0,0,0,0,0,0,0,0,0,0,0,0,0,0,0,0,0,0,0,0,0,0,0,186,200
170,85,2988,2812,2755,2817,3195,2871,2851,2874,0,0,0,0,0,0,0,0,0,0,0,0,0,0,0,0,0,0,0,0,0,0,0,0,0,0,0,63,200
170,85,2980,2812,2756,2828,3186,2855,2868,2869,0,0,0,0,0,0,0,0,0,0,0,0,0,0,0,0,0,0,0,0,0,0,0,0,0,0,0,60,200
170,85,2988,2826,2756,2816,3205,2853,2868,2857,0,0,0,0,0,0,0,0,0,0,0,0,0,0,0,0,0,0,0,0,0,0,0,0,0,0,0,38,200
170,85,2981,2808,2750,2829,3193,2854,2866,2886,0,0,0,0,0,0,0,0,0,0,0,0,0,0,0,0,0,0,0,0,0,0,0,0,0,0,0,61,200
170,85,2986,2814,2770,2829,3192,2871,2875,2873,0,0,0,0,0,0,0,0,0,0,0,0,0,0,0,0,0,0,0,0,0,0,0,0,0,0,0,62,200
170,85,2981,2815,2768,2818,3187,2884,2851,2867,0,0,0,0,0,0,0,0,0,0,0,0,0,0,0,0,0,0,0,0,0,0,0,0,0,0,0,87,200
170,85,2974,2807,2734,2832,3197,2853,2851,2886,0,0,0,0,0,0,0,0,0,0,0,0,0,0,0,0,0,0,0,0,0,0,0,0,0,0,0,18,199
170,85,2987,2826,2745,2817,3193,2851,2868,2856,0,0,0,0,0,0,0,0,0,0,0,0,0,0,0,0,0,0,0,0,0,0,0,0,0,0,0,166,199
170,85,2973,2813,2769,2804,3174,2870,2882,2873,0,0,0,0,0,0,0,0,0,0,0,0,0,0,0,0,0,0,0,0,0,0,0,0,0,0,0,151,199
170,85,2987,2814,2743,2804,3194,2868,2873,2856,0,0,0,0,0,0,0,0,0,0,0,0,0,0,0,0,0,0,0,0,0,0,0,0,0,0,0,176,199
170,85,3003,2815,2769,2811,3182,2875,2879,2873,0,0,0,0,0,0,0,0,0,0,0,0,0,0,0,0,0,0,0,0,0,0,0,0,0,0,0,196,199
170,85,2996,2814,2766,2816,3166,2855,2867,2879,0,0,0,0,0,0,0,0,0,0,0,0,0,0,0,0,0,0,0,0,0,0,0,0,0,0,0,9,199
170,85,2974,2814,2744,2818,3149,2870,2873,2880,0,0,0,0,0,0,0,0,0,0,0,0,0,0,0,0,0,0,0,0,0,0,0,0,0,0,0,32,199
170,85,2988,2814,2743,2810,3170,2883,2850,2881,0,0,0,0,0,0,0,0,0,0,0,0,0,0,0,0,0,0,0,0,0,0,0,0,0,0,0,164,199
170,85,2987,2823,2742,2805,3186,2863,2849,2879,0,0,0,0,0,0,0,0,0,0,0,0,0,0,0,0,0,0,0,0,0,0,0,0,0,0,0,84,199
170,85,3011,2816,2742,2815,3192,2853,2850,2873,0,0,0,0,0,0,0,0,0,0,0,0,0,0,0,0,0,0,0,0,0,0,0,0,0,0,0,52,200
170,85,2988,2826,2755,2815,3199,2870,2868,2868,0,0,0,0,0,0,0,0,0,0,0,0,0,0,0,0,0,0,0,0,0,0,0,0,0,0,0,43,199
