170,85,2808,2855,2750,2839,2878,2944,2872,2874,0,0,0,0,0,0,0,0,0,0,0,0,0,0,0,0,0,0,0,0,0,0,0,0,0,0,0,53,219
170,85,3004,2820,2761,2829,3348,2888,2886,2909,0,0,0,0,0,0,0,0,0,0,0,0,0,0,0,0,0,0,0,0,0,0,0,0,0,0,0,195,220
170,85,3012,2808,2763,2847,3366,2887,2895,2890,0,0,0,0,0,0,0,0,0,0,0,0,0,0,0,0,0,0,0,0,0,0,0,0,0,0,0,117,220
170,85,2982,2844,2773,2816,3391,2870,2875,2892,0,0,0,0,0,0,0,0,0,0,0,0,0,0,0,0,0,0,0,0,0,0,0,0,0,0,0,233,220
170,85,3010,2825,2768,2835,3378,2895,2886,2902,0,0,0,0,0,0,0,0,0,0,0,0,0,0,0,0,0,0,0,0,0,0,0,0,0,0,0,157,219
170,85,3005,2819,2748,2814,3391,2909,2878,2902,0,0,0,0,0,0,0,0,0,0,0,0,0,0,0,0,0,0,0,0,0,0,0,0,0,0,0,15,219
170,85,3025,2819,2776,2822,3378,2898,2875,2890,0,0,0,0,0,0,0,0,0,0,0,0,0,0,0,0,0,0,0,0,0,0,0,0,0,0,0,229,219
170,85,3008,2837,2761,2841,3377,2897,2859,2901,0,0,0,0,0,0,0,0,0,0,0,0,0,0,0,0,0,0,0,0,0,0,0,0,0,0,0,227,219
170,85,3004,2818,2750,2836,3387,2885,2898,2899,0,0,0,0,0,0,0,0,0,0,0,0,0,0,0,0,0,0,0,0,0,0,0,0,0,0,0,147,219
170,85,2994,2837,2764,2824,3370,2896,2885,2909,0,0,0,0,0,0,0,0,0,0,0,0,0,0,0,0,0,0,0,0,0,0,0,0,0,0,0,249,219
170,85,3013,2844,2775,2823,3378,2888,2886,2891,0,0,0,0,0,0,0,0,0,0,0,0,0,0,0,0,0,0,0,0,0,0,0,0,0,0,0,134,219
170,85,3010,2820,2763,2824,3377,2898,2887,2903,0,0,0,0,0,0,0,0,0,0,0,0,0,0,0,0,0,0,0,0,0,0,0,0,0,0,0,142,219
170,85,2998,2809,2764,2829,3368,2899,2884,2890,0,0,0,0,0,0,0,0,0,0,0,0,0,0,0,0,0,0,0,0,0,0,0,0,0,0,0,2,220
170,85,3013,2832,2776,2824,3376,2887,2886,2901,0,0,0,0,0,0,0,0,0,0,0,0,0,0,0,0,0,0,0,0,0,0,0,0,0,0,0,153,220
170,85,3005,2819,2764,2836,3398,2887,2885,2891,0,0,0,0,0,0,0,0,0,0,0,0,0,0,0,0,0,0,0,0,0,0,0,0,0,0,0,145,220
170,85,3015,2826,2751,2825,3368,2897,2898,2892,0,0,0,0,0,0,0,0,0,0,0,0,0,0,0,0,0,0,0,0,0,0,0,0,0,0,0,228,220
170,85,3005,2820,2750,2833,3370,2906,2887,2901,0,0,0,0,0,0,0,0,0,0,0,0,0,0,0,0,0,0,0,0,0,0,0,0,0,0,0,140,220
170,85,2994,2820,2776,2836,3381,2887,2884,2892,0,0,0,0,0,0,0,0,0,0,0,0,0,0,0,0,0,0,0,0,0,0,0,0,0,0,0,248,220
170,85,3004,2820,2773,2822,3367,2886,2887,2890,0,0,0,0,0,0,0,0,0,0,0,0,0,0,0,0,0,0,0,0,0,0,0,0,0,0,0,255,220
170,85,3007,2836,2765,2835,3371,2898,2875,2901,0,0,0,0,0,0,0,0,0,0,0,0,0,0,0,0,0,0,0,0,0,0,0,0,0,0,0,154,220
170,85,2997,2836,2770,2825,3379,2886,2875,2891,0,0,0,0,0,0,0,0,0,0,0,0,0,0,0,0,0,0,0,0,0,0,0,0,0,0,0,135,220
170,85,3001,2832,2763,2824,3377,2909,2887,2901,0,0,0,0,0,0,0,0,0,0,0,0,0,0,0,0,0,0,0,0,0,0,0,0,0,0,0,236,221
170,85,3013,2836,2764,2831,3366,2887,2885,2891,0,0,0,0,0,0,0,0,0,0,0,0,0,0,0,0,0,0,0,0,0,0,0,0,0,0,0,133,221
170,85,3015,2807,2763,2824,3366,2886,2876,2889,0,0,0,0,0,0,0,0,0,0,0,0,0,0,0,0,0,0,0,0,0,0,0,0,0,0,0,31,221
170,85,3005,2820,2776,2852,3368,2896,2859,2903,0,0,0,0,0,0,0,0,0,0,0,0,0,0,0,0,0,0,0,0,0,0,0,0,0,0,0,185,221
170,85,2980,2832,2764,2830,3368,2887,2875,2882,0,0,0,0,0,0,0,0,0,0,0,0,0,0,0,0,0,0,0,0,0,0,0,0,0,0,0,152,221
170,85,2994,2809,2769,2835,3366,2885,2888,2888,0,0,0,0,0,0,0,0,0,0,0,0,0,0,0,0,0,0,0,0,0,0,0,0,0,0,0,19,220
170,85,3005,2807,2763,2830,3368,2887,2874,2890,0,0,0,0,0,0,0,0,0,0,0,0,0,0,0,0,0,0,0,0,0,0,0,0,0,0,0,105,220
170,85,2998,2832,2761,2825,3383,2870,2873,2902,0,0,0,0,0,0,0,0,0,0,0,0,0,0,0,0,0,0,0,0,0,0,0,0,0,0,0,240,220
170,85,2981,2836,2763,2823,3399,2905,2858,2914,0,0,0,0,0,0,0,0,0,0,0,0,0,0,0,0,0,0,0,0,0,0,0,0,0,0,0,211,220
170,85,3004,2820,2749,2831,3368,2898,2860,2891,0,0,0,0,0,0,0,0,0,0,0,0,0,0,0,0,0,0,0,0,0,0,0,0,0,0,0,239,220
170,85,3000,2819,2749,2849,3365,2905,2859,2891,0,0,0,0,0,0,0,0,0,0,0,0,0,0,0,0,0,0,0,0,0,0,0,0,0,0,0,195,221
170,85,3007,2807,2763,2836,3398,2897,2875,2891,0,0,0,0,0,0,0,0,0,0,0,0,0,0,0,0,0,0,0,0,0,0,0,0,0,0,0,9,221
170,85,2988,2820,2763,2823,3359,2887,2895,2890,0,0,0,0,0,0,0,0,0,0,0,0,0,0,0,0,0,0,0,0,0,0,0,0,0,0,0,193,221
170,85,2988,2820,2750,2836,3381,2887,2885,2890,0,0,0,0,0,0,0,0,0,0,0,0,0,0,0,0,0,0,0,0,0,0,0,0,0,0,0,135,221
170,85,3010,2825,2776,2822,3367,2888,2885,2899,0,0,0,0,0,0,0,0,0,0,0,0,0,0,0,0,0,0,0,0,0,0,0,0,0,0,0,148,221
170,85,3003,2820,2769,2823,3367,2897,2873,2874,0,0,0,0,0,0,0,0,0,0,0,0,0,0,0,0,0,0,0,0,0,0,0,0,0,0,0,228,221
170,85,3016,2826,2763,2830,3361,2910,2886,2902,0,0,0,0,0,0,0,0,0,0,0,0,0,0,0,0,0,0,0,0,0,0,0,0,0,0,0,144,221
170,85,3024,2820,2749,2829,3386,2886,2887,2900,0,0,0,0,0,0,0,0,0,0,0,0,0,0,0,0,0,0,0,0,0,0,0,0,0,0,0,243,222
170,85,2997,2835,2769,2840,3366,2886,2873,2889,0,0,0,0,0,0,0,0,0,0,0,0,0,0,0,0,0,0,0,0,0,0,0,0,0,0,0,135,222
170,85,3023,2836,2776,2815,3367,2900,2876,2902,0,0,0,0,0,0,0,0,0,0,0,0,0,0,0,0,0,0,0,0,0,0,0,0,0,0,0,28,222
170,85,3017,2819,2762,2836,3367,2886,2876,2889,0,0,0,0,0,0,0,0,0,0,0,0,0,0,0,0,0,0,0,0,0,0,0,0,0,0,0,248,222
170,85,3010,2808,2775,2824,3380,2909,2888,2899,0,0,0,0,0,0,0,0,0,0,0,0,0,0,0,0,0,0,0,0,0,0,0,0,0,0,0,110,222
170,85,2998,2821,2754,2823,3367,2884,2876,2902,0,0,0,0,0,0,0,0,0,0,0,0,0,0,0,0,0,0,0,0,0,0,0,0,0,0,0,135,222
170,85,2980,2831,2749,2824,3368,2871,2872,2874,0,0,0,0,0,0,0,0,0,0,0,0,0,0,0,0,0,0,0,0,0,0,0,0,0,0,0,251,222
170,85,3001,2819,2750,2840,3369,2887,2874,2890,0,0,0,0,0,0,0,0,0,0,0,0,0,0,0,0,0,0,0,0,0,0,0,0,0,0,0,250,222
170,85,3007,2832,2763,2812,3365,2909,2876,2903,0,0,0,0,0,0,0,0,0,0,0,0,0,0,0,0,0,0,0,0,0,0,0,0,0,0,0,114,222
170,85,3000,2831,2761,2813,3399,2898,2875,2911,0,0,0,0,0,0,0,0,0,0,0,0,0,0,0,0,0,0,0,0,0,0,0,0,0,0,0,11,222
170,85,3012,2819,2764,2840,3367,2895,2876,2891,0,0,0,0,0,0,0,0,0,0,0,0,0,0,0,0,0,0,0,0,0,0,0,0,0,0,0,244,222
170,85,3010,2825,2769,2840,3398,2898,2876,2889,0,0,0,0,0,0,0,0,0,0,0,0,0,0,0,0,0,0,0,0,0,0,0,0,0,0,0,155,222
170,85,3006,2819,2750,2813,3376,2896,2892,2892,0,0,0,0,0,0,0,0,0,0,0,0,0,0,0,0,0,0,0,0,0,0,0,0,0,0,0,103,222
170,85,3028,2836,2750,2812,3368,2897,2876,2889,0,0,0,0,0,0,0,0,0,0,0,0,0,0,0,0,0,0,0,0,0,0,0,0,0,0,0,119,222
170,85,3000,2821,2764,2822,3360,2898,2874,2892,0,0,0,0,0,0,0,0,0,0,0,0,0,0,0,0,0,0,0,0,0,0,0,0,0,0,0,139,222
170,85,3013,2806,2763,2822,3386,2909,2876,2913,0,0,0,0,0,0,0,0,0,0,0,0,0,0,0,0,0,0,0,0,0,0,0,0,0,0,0,61,223
170,85,3004,2820,2776,2823,3366,2878,2875,2890,0,0,0,0,0,0,0,0,0,0,0,0,0,0,0,0,0,0,0,0,0,0,0,0,0,0,0,246,223
170,85,3017,2819,2776,2841,3364,2886,2875,2892,0,0,0,0,0,0,0,0,0,0,0,0,0,0,0,0,0,0,0,0,0,0,0,0,0,0,0,230,223
170,85,3015,2821,2777,2824,3377,2897,2899,2901,0,0,0,0,0,0,0,0,0,0,0,0,0,0,0,0,0,0,0,0,0,0,0,0,0,0,0,141,223
170,85,3018,2819,2764,2813,3366,2888,2859,2900,0,0,0,0,0,0,0,0,0,0,0,0,0,0,0,0,0,0,0,0,0,0,0,0,0,0,0,16,223
170,85,2998,2821,2764,2814,3376,2910,2876,2891,0,0,0,0,0,0,0,0,0,0,0,0,0,0,0,0,0,0,0,0,0,0,0,0,0,0,0,97,223
170,85,3017,2820,2750,2835,3367,2889,2897,2913,0,0,0,0,0,0,0,0,0,0,0,0,0,0,0,0,0,0,0,0,0,0,0,0,0,0,0,198,224
170,85,3012,2838,2764,2825,3366,2896,2877,2902,0,0,0,0,0,0,0,0,0,0,0,0,0,0,0,0,0,0,0,0,0,0,0,0,0,0,0,242,224
170,85,3014,2809,2776,2825,3396,2889,2884,2890,0,0,0,0,0,0,0,0,0,0,0,0,0,0,0,0,0,0,0,0,0,0,0,0,0,0,0,20,224
170,85,3015,2821,2764,2815,3359,2888,2875,2892,0,0,0,0,0,0,0,0,0,0,0,0,0,0,0,0,0,0,0,0,0,0,0,0,0,0,0,40,224
170,85,3025,2819,2775,2812,3359,2887,2874,2891,0,0,0,0,0,0,0,0,0,0,0,0,0,0,0,0,0,0,0,0,0,0,0,0,0,0,0,41,224
170,85,2993,2821,2769,2835,3367,2887,2860,2914,0,0,0,0,0,0,0,0,0,0,0,0,0,0,0,0,0,0,0,0,0,0,0,0,0,0,0,160,224
170,85,2997,2809,2762,2812,3367,2910,2886,2903,0,0,0,0,0,0,0,0,0,0,0,0,0,0,0,0,0,0,0,0,0,0,0,0,0,0,0,234,223
170,85,3015,2821,2775,2823,3366,2905,2887,2902,0,0,0,0,0,0,0,0,0,0,0,0,0,0,0,0,0,0,0,0,0,0,0,0,0,0,0,132,223
170,85,3016,2829,2750,2829,3378,2871,2877,2892,0,0,0,0,0,0,0,0,0,0,0,0,0,0,0,0,0,0,0,0,0,0,0,0,0,0,0,250,223
170,85,2996,2807,2775,2835,3377,2899,2875,2889,0,0,0,0,0,0,0,0,0,0,0,0,0,0,0,0,0,0,0,0,0,0,0,0,0,0,0,110,223
170,85,2993,2819,2761,2841,3384,2885,2886,2891,0,0,0,0,0,0,0,0,0,0,0,0,0,0,0,0,0,0,0,0,0,0,0,0,0,0,0,234,223
170,85,3006,2819,2777,2823,3397,2898,2874,2876,0,0,0,0,0,0,0,0,0,0,0,0,0,0,0,0,0,0,0,0,0,0,0,0,0,0,0,138,224
170,85,3026,2837,2774,2813,3375,2897,2886,2893,0,0,0,0,0,0,0,0,0,0,0,0,0,0,0,0,0,0,0,0,0,0,0,0,0,0,0,96,223
170,85,3003,2819,2776,2822,3378,2896,2875,2902,0,0,0,0,0,0,0,0,0,0,0,0,0,0,0,0,0,0,0,0,0,0,0,0,0,0,0,145,223
170,85,2988,2826,2762,2823,3366,2896,2860,2891,0,0,0,0,0,0,0,0,0,0,0,0,0,0,0,0,0,0,0,0,0,0,0,0,0,0,0,130,223
170,85,3009,2808,2764,2824,3364,2886,2885,2889,0,0,0,0,0,0,0,0,0,0,0,0,0,0,0,0,0,0,0,0,0,0,0,0,0,0,0,106,223
170,85,3013,2820,2777,2829,3364,2885,2887,2889,0,0,0,0,0,0,0,0,0,0,0,0,0,0,0,0,0,0,0,0,0,0,0,0,0,0,0,130,223
170,85,3014,2820,2762,2841,3366,2886,2886,2874,0,0,0,0,0,0,0,0,0,0,0,0,0,0,0,0,0,0,0,0,0,0,0,0,0,0,0,245,223
170,85,2991,2807,2751,2829,3384,2888,2885,2890,0,0,0,0,0,0,0,0,0,0,0,0,0,0,0,0,0,0,0,0,0,0,0,0,0,0,0,108,223
170,85,3009,2832,2774,2836,3395,2886,2860,2888,0,0,0,0,0,0,0,0,0,0,0,0,0,0,0,0,0,0,0,0,0,0,0,0,0,0,0,138,223
170,85,2980,2829,2777,2827,3374,2887,2884,2913,0,0,0,0,0,0,0,0,0,0,0,0,0,0,0,0,0,0,0,0,0,0,0,0,0,0,0,207,223
170,85,3015,2826,2777,2813,3372,2898,2886,2903,0,0,0,0,0,0,0,0,0,0,0,0,0,0,0,0,0,0,0,0,0,0,0,0,0,0,0,127,222
170,85,3027,2837,2778,2824,3358,2897,2885,2901,0,0,0,0,0,0,0,0,0,0,0,0,0,0,0,0,0,0,0,0,0,0,0,0,0,0,0,179,223
170,85,2997,2845,2751,2813,3359,2885,2859,2902,0,0,0,0,0,0,0,0,0,0,0,0,0,0,0,0,0,0,0,0,0,0,0,0,0,0,0,52,222
170,85,2998,2836,2776,2822,3358,2886,2886,2913,0,0,0,0,0,0,0,0,0,0,0,0,0,0,0,0,0,0,0,0,0,0,0,0,0,0,0,251,223
170,85,3011,2830,2769,2841,3367,2886,2874,2899,0,0,0,0,0,0,0,0,0,0,0,0,0,0,0,0,0,0,0,0,0,0,0,0,0,0,0,245,223
170,85,2980,2826,2764,2814,3388,2888,2874,2875,0,0,0,0,0,0,0,0,0,0,0,0,0,0,0,0,0,0,0,0,0,0,0,0,0,0,0,16,223
170,85,3012,2819,2760,2824,3372,2870,2876,2899,0,0,0,0,0,0,0,0,0,0,0,0,0,0,0,0,0,0,0,0,0,0,0,0,0,0,0,138,223
170,85,3015,2831,2750,2841,3349,2886,2887,2890,0,0,0,0,0,0,0,0,0,0,0,0,0,0,0,0,0,0,0,0,0,0,0,0,0,0,0,201,223
170,85,3001,2826,2768,2825,3357,2896,2884,2913,0,0,0,0,0,0,0,0,0,0,0,0,0,0,0,0,0,0,0,0,0,0,0,0,0,0,0,250,223
170,85,3023,2820,2764,2841,3356,2905,2875,2891,0,0,0,0,0,0,0,0,0,0,0,0,0,0,0,0,0,0,0,0,0,0,0,0,0,0,0,211,223
170,85,3009,2807,2763,2852,3371,2886,2874,2889,0,0,0,0,0,0,0,0,0,0,0,0,0,0,0,0,0,0,0,0,0,0,0,0,0,0,0,62,223
170,85,3014,2807,2761,2836,3366,2886,2885,2891,0,0,0,0,0,0,0,0,0,0,0,0,0,0,0,0,0,0,0,0,0,0,0,0,0,0,0,123,223
170,85,2997,2819,2763,2841,3366,2909,2875,2889,0,0,0,0,0,0,0,0,0,0,0,0,0,0,0,0,0,0,0,0,0,0,0,0,0,0,0,149,223
170,85,3013,2820,2749,2824,3377,2887,2859,2892,0,0,0,0,0,0,0,0,0,0,0,0,0,0,0,0,0,0,0,0,0,0,0,0,0,0,0,157,223
170,85,3013,2832,2764,2824,3357,2909,2875,2890,0,0,0,0,0,0,0,0,0,0,0,0,0,0,0,0,0,0,0,0,0,0,0,0,0,0,0,216,223
170,85,2992,2837,2762,2835,3357,2896,2877,2909,0,0,0,0,0,0,0,0,0,0,0,0,0,0,0,0,0,0,0,0,0,0,0,0,0,0,0,169,223
170,85,3006,2821,2766,2837,3396,2896,2874,2913,0,0,0,0,0,0,0,0,0,0,0,0,0,0,0,0,0,0,0,0,0,0,0,0,0,0,0,215,223
170,85,2982,2807,2763,2822,3367,2870,2898,2891,0,0,0,0,0,0,0,0,0,0,0,0,0,0,0,0,0,0,0,0,0,0,0,0,0,0,0,109,223
170,85,3009,2808,2770,2842,3364,2896,2888,2902,0,0,0,0,0,0,0,0,0,0,0,0,0,0,0,0,0,0,0,0,0,0,0,0,0,0,0,98,223
170,85,2988,2837,2752,2824,3375,2897,2886,2889,0,0,0,0,0,0,0,0,0,0,0,0,0,0,0,0,0,0,0,0,0,0,0,0,0,0,0,248,223
170,85,2999,2820,2769,2841,3366,2887,2860,2901,0,0,0,0,0,0,0,0,0,0,0,0,0,0,0,0,0,0,0,0,0,0,0,0,0,0,0,155,222
170,85,3016,2831,2769,2852,3364,2887,2875,2891,0,0,0,0,0,0,0,0,0,0,0,0,0,0,0,0,0,0,0,0,0,0,0,0,0,0,0,217,223
170,85,3006,2837,2765,2830,3365,2888,2876,2889,0,0,0,0,0,0,0,0,0,0,0,0,0,0,0,0,0,0,0,0,0,0,0,0,0,0,0,136,223
170,85,2982,2821,2763,2825,3373,2887,2886,2876,0,0,0,0,0,0,0,0,0,0,0,0,0,0,0,0,0,0,0,0,0,0,0,0,0,0,0,137,223
170,85,2980,2819,2776,2824,3374,2909,2884,2890,0,0,0,0,0,0,0,0,0,0,0,0,0,0,0,0,0,0,0,0,0,0,0,0,0,0,0,242,223
170,85,2997,2837,2770,2824,3377,2909,2894,2914,0,0,0,0,0,0,0,0,0,0,0,0,0,0,0,0,0,0,0,0,0,0,0,0,0,0,0,194,223
170,85,3003,2832,2776,2829,3375,2886,2888,2900,0,0,0,0,0,0,0,0,0,0,0,0,0,0,0,0,0,0,0,0,0,0,0,0,0,0,0,243,223
170,85,3012,2820,2763,2852,3366,2910,2876,2901,0,0,0,0,0,0,0,0,0,0,0,0,0,0,0,0,0,0,0,0,0,0,0,0,0,0,0,198,223
170,85,3011,2821,2764,2831,3367,2886,2886,2891,0,0,0,0,0,0,0,0,0,0,0,0,0,0,0,0,0,0,0,0,0,0,0,0,0,0,0,145,223
170,85,3003,2819,2763,2836,3365,2899,2884,2902,0,0,0,0,0,0,0,0,0,0,0,0,0,0,0,0,0,0,0,0,0,0,0,0,0,0,0,251,223
170,85,2982,2820,2750,2823,3396,2888,2873,2902,0,0,0,0,0,0,0,0,0,0,0,0,0,0,0,0,0,0,0,0,0,0,0,0,0,0,0,128,223
170,85,3010,2808,2750,2824,3365,2909,2887,2891,0,0,0,0,0,0,0,0,0,0,0,0,0,0,0,0,0,0,0,0,0,0,0,0,0,0,0,1,223
170,85,2994,2820,2762,2824,3364,2896,2886,2902,0,0,0,0,0,0,0,0,0,0,0,0,0,0,0,0,0,0,0,0,0,0,0,0,0,0,0,232,223
170,85,3009,2820,2752,2824,3366,2897,2876,2889,0,0,0,0,0,0,0,0,0,0,0,0,0,0,0,0,0,0,0,0,0,0,0,0,0,0,0,247,223
170,85,2981,2837,2778,2823,3355,2888,2876,2890,0,0,0,0,0,0,0,0,0,0,0,0,0,0,0,0,0,0,0,0,0,0,0,0,0,0,0,176,223
170,85,2993,2810,2764,2822,3358,2887,2875,2901,0,0,0,0,0,0,0,0,0,0,0,0,0,0,0,0,0,0,0,0,0,0,0,0,0,0,0,79,223
170,85,3010,2837,2775,2841,3369,2907,2875,2891,0,0,0,0,0,0,0,0,0,0,0,0,0,0,0,0,0,0,0,0,0,0,0,0,0,0,0,227,223
170,85,2999,2819,2752,2841,3367,2911,2887,2913,0,0,0,0,0,0,0,0,0,0,0,0,0,0,0,0,0,0,0,0,0,0,0,0,0,0,0,203,222
170,85,2999,2820,2776,2813,3361,2898,2886,2875,0,0,0,0,0,0,0,0,0,0,0,0,0,0,0,0,0,0,0,0,0,0,0,0,0,0,0,97,222
170,85,3006,2807,2751,2825,3359,2887,2898,2902,0,0,0,0,0,0,0,0,0,0,0,0,0,0,0,0,0,0,0,0,0,0,0,0,0,0,0,90,222
170,85,3010,2832,2777,2825,3369,2906,2886,2893,0,0,0,0,0,0,0,0,0,0,0,0,0,0,0,0,0,0,0,0,0,0,0,0,0,0,0,130,222
170,85,3004,2826,2777,2814,3366,2888,2875,2914,0,0,0,0,0,0,0,0,0,0,0,0,0,0,0,0,0,0,0,0,0,0,0,0,0,0,0,95,222
170,85,3005,2809,2764,2836,3367,2886,2877,2914,0,0,0,0,0,0,0,0,0,0,0,0,0,0,0,0,0,0,0,0,0,0,0,0,0,0,0,91,222
170,85,3007,2808,2763,2825,3359,2873,2885,2892,0,0,0,0,0,0,0,0,0,0,0,0,0,0,0,0,0,0,0,0,0,0,0,0,0,0,0,83,222
170,85,2998,2821,2775,2831,3380,2887,2885,2891,0,0,0,0,0,0,0,0,0,0,0,0,0,0,0,0,0,0,0,0,0,0,0,0,0,0,0,238,222
170,85,3022,2820,2762,2825,3365,2886,2877,2884,0,0,0,0,0,0,0,0,0,0,0,0,0,0,0,0,0,0,0,0,0,0,0,0,0,0,0,235,223
170,85,3016,2821,2777,2825,3365,2887,2887,2892,0,0,0,0,0,0,0,0,0,0,0,0,0,0,0,0,0,0,0,0,0,0,0,0,0,0,0,140,223
170,85,3016,2808,2765,2822,3387,2888,2862,2914,0,0,0,0,0,0,0,0,0,0,0,0,0,0,0,0,0,0,0,0,0,0,0,0,0,0,0,61,223
170,85,3015,2821,2762,2836,3386,2886,2878,2915,0,0,0,0,0,0,0,0,0,0,0,0,0,0,0,0,0,0,0,0,0,0,0,0,0,0,0,197,223
170,85,2982,2837,2764,2824,3379,2871,2887,2891,0,0,0,0,0,0,0,0,0,0,0,0,0,0,0,0,0,0,0,0,0,0,0,0,0,0,0,135,223
170,85,3015,2838,2767,2831,3359,2872,2888,2904,0,0,0,0,0,0,0,0,0,0,0,0,0,0,0,0,0,0,0,0,0,0,0,0,0,0,0,222,223
170,85,3004,2826,2765,2824,3360,2888,2888,2892,0,0,0,0,0,0,0,0,0,0,0,0,0,0,0,0,0,0,0,0,0,0,0,0,0,0,0,231,223
170,85,2987,2821,2765,2837,3368,2888,2877,2910,0,0,0,0,0,0,0,0,0,0,0,0,0,0,0,0,0,0,0,0,0,0,0,0,0,0,0,141,223
170,85,2982,2822,2764,2814,3367,2898,2888,2892,0,0,0,0,0,0,0,0,0,0,0,0,0,0,0,0,0,0,0,0,0,0,0,0,0,0,0,26,222
170,85,3016,2821,2764,2814,3359,2910,2889,2893,0,0,0,0,0,0,0,0,0,0,0,0,0,0,0,0,0,0,0,0,0,0,0,0,0,0,0,67,223
170,85,3028,2838,2770,2825,3382,2888,2876,2894,0,0,0,0,0,0,0,0,0,0,0,0,0,0,0,0,0,0,0,0,0,0,0,0,0,0,0,237,223
170,85,3017,2838,2763,2842,3369,2887,2876,2904,0,0,0,0,0,0,0,0,0,0,0,0,0,0,0,0,0,0,0,0,0,0,0,0,0,0,0,252,223
170,85,2998,2839,2778,2825,3379,2912,2889,2916,0,0,0,0,0,0,0,0,0,0,0,0,0,0,0,0,0,0,0,0,0,0,0,0,0,0,0,244,223
170,85,2997,2837,2764,2824,3381,2907,2887,2877,0,0,0,0,0,0,0,0,0,0,0,0,0,0,0,0,0,0,0,0,0,0,0,0,0,0,0,136,223
170,85,3001,2833,2765,2830,3401,2888,2889,2904,0,0,0,0,0,0,0,0,0,0,0,0,0,0,0,0,0,0,0,0,0,0,0,0,0,0,0,131,223
170,85,2984,2838,2779,2837,3387,2899,2887,2890,0,0,0,0,0,0,0,0,0,0,0,0,0,0,0,0,0,0,0,0,0,0,0,0,0,0,0,237,223
170,85,3014,2837,2750,2843,3361,2888,2886,2904,0,0,0,0,0,0,0,0,0,0,0,0,0,0,0,0,0,0,0,0,0,0,0,0,0,0,0,249,223
170,85,3004,2837,2764,2812,3369,2900,2876,2902,0,0,0,0,0,0,0,0,0,0,0,0,0,0,0,0,0,0,0,0,0,0,0,0,0,0,0,119,222
170,85,3015,2822,2763,2830,3380,2889,2877,2893,0,0,0,0,0,0,0,0,0,0,0,0,0,0,0,0,0,0,0,0,0,0,0,0,0,0,0,241,223
170,85,3011,2824,2764,2832,3370,2910,2888,2893,0,0,0,0,0,0,0,0,0,0,0,0,0,0,0,0,0,0,0,0,0,0,0,0,0,0,0,158,222
170,85,3015,2827,2762,2830,3378,2887,2878,2893,0,0,0,0,0,0,0,0,0,0,0,0,0,0,0,0,0,0,0,0,0,0,0,0,0,0,0,246,222
170,85,2982,2831,2753,2837,3368,2912,2879,2892,0,0,0,0,0,0,0,0,0,0,0,0,0,0,0,0,0,0,0,0,0,0,0,0,0,0,0,190,222
170,85,3028,2821,2765,2824,3387,2872,2887,2893,0,0,0,0,0,0,0,0,0,0,0,0,0,0,0,0,0,0,0,0,0,0,0,0,0,0,0,229,222
170,85,3015,2832,2752,2849,3378,2897,2876,2892,0,0,0,0,0,0,0,0,0,0,0,0,0,0,0,0,0,0,0,0,0,0,0,0,0,0,0,221,222
170,85,2998,2826,2770,2852,3410,2889,2899,2910,0,0,0,0,0,0,0,0,0,0,0,0,0,0,0,0,0,0,0,0,0,0,0,0,0,0,0,164,222
170,85,2998,2820,2763,2824,3381,2872,2862,2903,0,0,0,0,0,0,0,0,0,0,0,0,0,0,0,0,0,0,0,0,0,0,0,0,0,0,0,253,222
170,85,2993,2807,2777,2813,3369,2910,2877,2891,0,0,0,0,0,0,0,0,0,0,0,0,0,0,0,0,0,0,0,0,0,0,0,0,0,0,0,155,222
170,85,2998,2833,2763,2813,3367,2888,2886,2915,0,0,0,0,0,0,0,0,0,0,0,0,0,0,0,0,0,0,0,0,0,0,0,0,0,0,0,34,222
170,85,3013,2809,2779,2824,3362,2888,2860,2903,0,0,0,0,0,0,0,0,0,0,0,0,0,0,0,0,0,0,0,0,0,0,0,0,0,0,0,7,222
170,85,3015,2821,2774,2852,3366,2889,2859,2915,0,0,0,0,0,0,0,0,0,0,0,0,0,0,0,0,0,0,0,0,0,0,0,0,0,0,0,239,222
170,85,2981,2821,2765,2822,3368,2906,2876,2892,0,0,0,0,0,0,0,0,0,0,0,0,0,0,0,0,0,0,0,0,0,0,0,0,0,0,0,145,222
170,85,3009,2810,2763,2824,3360,2872,2875,2901,0,0,0,0,0,0,0,0,0,0,0,0,0,0,0,0,0,0,0,0,0,0,0,0,0,0,0,119,222
170,85,3004,2810,2763,2836,3377,2887,2877,2914,0,0,0,0,0,0,0,0,0,0,0,0,0,0,0,0,0,0,0,0,0,0,0,0,0,0,0,73,222
170,85,2999,2820,2776,2841,3375,2887,2887,2876,0,0,0,0,0,0,0,0,0,0,0,0,0,0,0,0,0,0,0,0,0,0,0,0,0,0,0,153,222
170,85,3009,2813,2764,2830,3368,2899,2887,2894,0,0,0,0,0,0,0,0,0,0,0,0,0,0,0,0,0,0,0,0,0,0,0,0,0,0,0,117,222
170,85,3026,2837,2750,2832,3360,2898,2876,2901,0,0,0,0,0,0,0,0,0,0,0,0,0,0,0,0,0,0,0,0,0,0,0,0,0,0,0,138,222
170,85,3012,2820,2764,2835,3361,2887,2859,2902,0,0,0,0,0,0,0,0,0,0,0,0,0,0,0,0,0,0,0,0,0,0,0,0,0,0,0,252,223
170,85,3007,2831,2778,2824,3366,2886,2877,2891,0,0,0,0,0,0,0,0,0,0,0,0,0,0,0,0,0,0,0,0,0,0,0,0,0,0,0,140,223
170,85,3005,2836,2770,2825,3366,2888,2876,2916,0,0,0,0,0,0,0,0,0,0,0,0,0,0,0,0,0,0,0,0,0,0,0,0,0,0,0,188,223
170,85,2998,2836,2764,2842,3358,2872,2888,2892,0,0,0,0,0,0,0,0,0,0,0,0,0,0,0,0,0,0,0,0,0,0,0,0,0,0,0,174,222
170,85,3000,2831,2769,2835,3365,2896,2887,2891,0,0,0,0,0,0,0,0,0,0,0,0,0,0,0,0,0,0,0,0,0,0,0,0,0,0,0,244,222
170,85,3011,2809,2776,2825,3365,2872,2861,2893,0,0,0,0,0,0,0,0,0,0,0,0,0,0,0,0,0,0,0,0,0,0,0,0,0,0,0,111,222
170,85,3027,2836,2750,2825,3375,2896,2887,2891,0,0,0,0,0,0,0,0,0,0,0,0,0,0,0,0,0,0,0,0,0,0,0,0,0,0,0,251,222
170,85,2998,2809,2762,2814,3379,2886,2876,2910,0,0,0,0,0,0,0,0,0,0,0,0,0,0,0,0,0,0,0,0,0,0,0,0,0,0,0,148,222
170,85,3009,2826,2776,2835,3380,2905,2886,2876,0,0,0,0,0,0,0,0,0,0,0,0,0,0,0,0,0,0,0,0,0,0,0,0,0,0,0,239,222
170,85,3013,2832,2769,2829,3375,2897,2888,2901,0,0,0,0,0,0,0,0,0,0,0,0,0,0,0,0,0,0,0,0,0,0,0,0,0,0,0,146,222
170,85,3010,2826,2768,2836,3365,2888,2860,2892,0,0,0,0,0,0,0,0,0,0,0,0,0,0,0,0,0,0,0,0,0,0,0,0,0,0,0,249,222
170,85,3004,2820,2764,2836,3398,2887,2886,2892,0,0,0,0,0,0,0,0,0,0,0,0,0,0,0,0,0,0,0,0,0,0,0,0,0,0,0,147,222
170,85,2998,2809,2750,2852,3367,2888,2886,2915,0,0,0,0,0,0,0,0,0,0,0,0,0,0,0,0,0,0,0,0,0,0,0,0,0,0,0,102,222
170,85,2999,2819,2767,2824,3367,2887,2887,2876,0,0,0,0,0,0,0,0,0,0,0,0,0,0,0,0,0,0,0,0,0,0,0,0,0,0,0,144,222
170,85,2988,2836,2774,2836,3365,2872,2860,2893,0,0,0,0,0,0,0,0,0,0,0,0,0,0,0,0,0,0,0,0,0,0,0,0,0,0,0,254,222
170,85,3012,2821,2763,2834,3368,2871,2861,2892,0,0,0,0,0,0,0,0,0,0,0,0,0,0,0,0,0,0,0,0,0,0,0,0,0,0,0,158,222
170,85,3000,2819,2765,2829,3366,2886,2860,2903,0,0,0,0,0,0,0,0,0,0,0,0,0,0,0,0,0,0,0,0,0,0,0,0,0,0,0,152,222
170,85,2997,2820,2769,2829,3399,2887,2887,2913,0,0,0,0,0,0,0,0,0,0,0,0,0,0,0,0,0,0,0,0,0,0,0,0,0,0,0,179,221
170,85,3023,2830,2762,2834,3368,2897,2886,2891,0,0,0,0,0,0,0,0,0,0,0,0,0,0,0,0,0,0,0,0,0,0,0,0,0,0,0,149,221
170,85,2981,2820,2762,2837,3381,2899,2875,2901,0,0,0,0,0,0,0,0,0,0,0,0,0,0,0,0,0,0,0,0,0,0,0,0,0,0,0,142,222
170,85,3024,2835,2749,2836,3366,2899,2875,2902,0,0,0,0,0,0,0,0,0,0,0,0,0,0,0,0,0,0,0,0,0,0,0,0,0,0,0,138,221
170,85,2994,2819,2762,2823,3360,2899,2886,2889,0,0,0,0,0,0,0,0,0,0,0,0,0,0,0,0,0,0,0,0,0,0,0,0,0,0,0,248,221
170,85,3009,2831,2761,2836,3369,2885,2887,2891,0,0,0,0,0,0,0,0,0,0,0,0,0,0,0,0,0,0,0,0,0,0,0,0,0,0,0,139,221
170,85,2998,2820,2751,2835,3361,2871,2875,2890,0,0,0,0,0,0,0,0,0,0,0,0,0,0,0,0,0,0,0,0,0,0,0,0,0,0,0,129,221
170,85,2994,2835,2763,2822,3368,2887,2888,2909,0,0,0,0,0,0,0,0,0,0,0,0,0,0,0,0,0,0,0,0,0,0,0,0,0,0,0,238,221
170,85,3007,2820,2774,2832,3367,2871,2886,2891,0,0,0,0,0,0,0,0,0,0,0,0,0,0,0,0,0,0,0,0,0,0,0,0,0,0,0,152,221
170,85,3009,2817,2749,2824,3367,2887,2885,2889,0,0,0,0,0,0,0,0,0,0,0,0,0,0,0,0,0,0,0,0,0,0,0,0,0,0,0,225,221
170,85,2992,2820,2762,2835,3359,2887,2886,2875,0,0,0,0,0,0,0,0,0,0,0,0,0,0,0,0,0,0,0,0,0,0,0,0,0,0,0,176,221
170,85,3022,2807,2763,2835,3359,2887,2887,2899,0,0,0,0,0,0,0,0,0,0,0,0,0,0,0,0,0,0,0,0,0,0,0,0,0,0,0,84,222
170,85,3007,2824,2749,2835,3368,2909,2886,2908,0,0,0,0,0,0,0,0,0,0,0,0,0,0,0,0,0,0,0,0,0,0,0,0,0,0,0,142,222
170,85,3024,2820,2761,2818,3366,2887,2886,2902,0,0,0,0,0,0,0,0,0,0,0,0,0,0,0,0,0,0,0,0,0,0,0,0,0,0,0,150,222
170,85,2996,2825,2748,2812,3367,2885,2886,2890,0,0,0,0,0,0,0,0,0,0,0,0,0,0,0,0,0,0,0,0,0,0,0,0,0,0,0,106,222
170,85,3012,2836,2768,2822,3369,2886,2875,2903,0,0,0,0,0,0,0,0,0,0,0,0,0,0,0,0,0,0,0,0,0,0,0,0,0,0,0,253,222
170,85,2997,2819,2763,2829,3360,2886,2898,2891,0,0,0,0,0,0,0,0,0,0,0,0,0,0,0,0,0,0,0,0,0,0,0,0,0,0,0,247,222
170,85,2993,2834,2762,2822,3367,2887,2897,2888,0,0,0,0,0,0,0,0,0,0,0,0,0,0,0,0,0,0,0,0,0,0,0,0,0,0,0,238,222
170,85,3012,2835,2763,2829,3368,2887,2876,2888,0,0,0,0,0,0,0,0,0,0,0,0,0,0,0,0,0,0,0,0,0,0,0,0,0,0,0,242,223
170,85,2982,2843,2762,2822,3360,2898,2874,2899,0,0,0,0,0,0,0,0,0,0,0,0,0,0,0,0,0,0,0,0,0,0,0,0,0,0,0,146,223
170,85,2997,2835,2774,2823,3398,2898,2884,2890,0,0,0,0,0,0,0,0,0,0,0,0,0,0,0,0,0,0,0,0,0,0,0,0,0,0,0,149,223
170,85,3002,2829,2760,2823,3368,2885,2859,2913,0,0,0,0,0,0,0,0,0,0,0,0,0,0,0,0,0,0,0,0,0,0,0,0,0,0,0,167,223
170,85,2981,2807,2748,2823,3360,2896,2886,2889,0,0,0,0,0,0,0,0,0,0,0,0,0,0,0,0,0,0,0,0,0,0,0,0,0,0,0,111,222
170,85,2998,2834,2762,2835,3367,2887,2872,2901,0,0,0,0,0,0,0,0,0,0,0,0,0,0,0,0,0,0,0,0,0,0,0,0,0,0,0,136,222
170,85,3009,2807,2762,2822,3360,2886,2875,2891,0,0,0,0,0,0,0,0,0,0,0,0,0,0,0,0,0,0,0,0,0,0,0,0,0,0,0,21,222
170,85,3010,2817,2761,2834,3365,2885,2858,2900,0,0,0,0,0,0,0,0,0,0,0,0,0,0,0,0,0,0,0,0,0,0,0,0,0,0,0,254,222
170,85,2998,2819,2749,2828,3366,2897,2885,2890,0,0,0,0,0,0,0,0,0,0,0,0,0,0,0,0,0,0,0,0,0,0,0,0,0,0,0,132,222
170,85,2996,2817,2761,2850,3359,2869,2857,2900,0,0,0,0,0,0,0,0,0,0,0,0,0,0,0,0,0,0,0,0,0,0,0,0,0,0,0,241,222
170,85,2991,2834,2762,2808,3368,2908,2859,2899,0,0,0,0,0,0,0,0,0,0,0,0,0,0,0,0,0,0,0,0,0,0,0,0,0,0,0,122,222
170,85,3006,2830,2775,2822,3368,2869,2885,2887,0,0,0,0,0,0,0,0,0,0,0,0,0,0,0,0,0,0,0,0,0,0,0,0,0,0,0,134,222
170,85,2996,2835,2762,2833,3365,2887,2857,2888,0,0,0,0,0,0,0,0,0,0,0,0,0,0,0,0,0,0,0,0,0,0,0,0,0,0,0,135,222
170,85,2987,2829,2760,2835,3380,2908,2874,2912,0,0,0,0,0,0,0,0,0,0,0,0,0,0,0,0,0,0,0,0,0,0,0,0,0,0,0,183,222
170,85,2997,2805,2760,2809,3368,2895,2859,2888,0,0,0,0,0,0,0,0,0,0,0,0,0,0,0,0,0,0,0,0,0,0,0,0,0,0,0,141,222
170,85,3008,2829,2759,2846,3365,2897,2896,2887,0,0,0,0,0,0,0,0,0,0,0,0,0,0,0,0,0,0,0,0,0,0,0,0,0,0,0,143,222
170,85,3008,2816,2760,2810,3358,2884,2858,2889,0,0,0,0,0,0,0,0,0,0,0,0,0,0,0,0,0,0,0,0,0,0,0,0,0,0,0,50,222
170,85,2980,2805,2753,2836,3367,2886,2883,2912,0,0,0,0,0,0,0,0,0,0,0,0,0,0,0,0,0,0,0,0,0,0,0,0,0,0,0,63,222
170,85,3009,2842,2761,2808,3386,2896,2873,2899,0,0,0,0,0,0,0,0,0,0,0,0,0,0,0,0,0,0,0,0,0,0,0,0,0,0,0,19,222
170,85,3005,2816,2772,2828,3366,2908,2872,2873,0,0,0,0,0,0,0,0,0,0,0,0,0,0,0,0,0,0,0,0,0,0,0,0,0,0,0,230,221
170,85,2981,2817,2775,2833,3378,2909,2874,2890,0,0,0,0,0,0,0,0,0,0,0,0,0,0,0,0,0,0,0,0,0,0,0,0,0,0,0,133,222
170,85,2997,2824,2759,2832,3365,2869,2872,2873,0,0,0,0,0,0,0,0,0,0,0,0,0,0,0,0,0,0,0,0,0,0,0,0,0,0,0,131,222
170,85,3009,2804,2775,2832,3367,2869,2886,2889,0,0,0,0,0,0,0,0,0,0,0,0,0,0,0,0,0,0,0,0,0,0,0,0,0,0,0,22,222
170,85,2997,2805,2776,2828,3366,2869,2874,2873,0,0,0,0,0,0,0,0,0,0,0,0,0,0,0,0,0,0,0,0,0,0,0,0,0,0,0,125,221
170,85,3006,2829,2766,2815,3367,2884,2874,2911,0,0,0,0,0,0,0,0,0,0,0,0,0,0,0,0,0,0,0,0,0,0,0,0,0,0,0,125,221
170,85,2996,2816,2773,2835,3363,2886,2873,2911,0,0,0,0,0,0,0,0,0,0,0,0,0,0,0,0,0,0,0,0,0,0,0,0,0,0,0,137,221
170,85,3008,2816,2761,2833,3367,2905,2885,2912,0,0,0,0,0,0,0,0,0,0,0,0,0,0,0,0,0,0,0,0,0,0,0,0,0,0,0,187,221
170,85,2997,2834,2773,2810,3376,2884,2866,2889,0,0,0,0,0,0,0,0,0,0,0,0,0,0,0,0,0,0,0,0,0,0,0,0,0,0,0,126,221
170,85,3008,2818,2761,2810,3365,2885,2876,2890,0,0,0,0,0,0,0,0,0,0,0,0,0,0,0,0,0,0,0,0,0,0,0,0,0,0,0,30,221
170,85,3007,2811,2758,2810,3368,2886,2857,2890,0,0,0,0,0,0,0,0,0,0,0,0,0,0,0,0,0,0,0,0,0,0,0,0,0,0,0,141,221
170,85,3016,2817,2760,2810,3368,2885,2859,2890,0,0,0,0,0,0,0,0,0,0,0,0,0,0,0,0,0,0,0,0,0,0,0,0,0,0,0,14,222
170,85,2979,2835,2747,2821,3358,2895,2876,2889,0,0,0,0,0,0,0,0,0,0,0,0,0,0,0,0,0,0,0,0,0,0,0,0,0,0,0,210,221
170,85,2991,2818,2767,2835,3364,2897,2872,2889,0,0,0,0,0,0,0,0,0,0,0,0,0,0,0,0,0,0,0,0,0,0,0,0,0,0,0,141,221
170,85,3016,2824,2773,2839,3358,2885,2859,2887,0,0,0,0,0,0,0,0,0,0,0,0,0,0,0,0,0,0,0,0,0,0,0,0,0,0,0,205,222
170,85,2980,2834,2748,2822,3358,2908,2873,2884,0,0,0,0,0,0,0,0,0,0,0,0,0,0,0,0,0,0,0,0,0,0,0,0,0,0,0,203,222
170,85,2996,2834,2773,2810,3398,2870,2860,2912,0,0,0,0,0,0,0,0,0,0,0,0,0,0,0,0,0,0,0,0,0,0,0,0,0,0,0,76,221
170,85,2996,2811,2761,2822,3366,2903,2859,2899,0,0,0,0,0,0,0,0,0,0,0,0,0,0,0,0,0,0,0,0,0,0,0,0,0,0,0,112,222
170,85,3004,2804,2773,2822,3397,2885,2872,2888,0,0,0,0,0,0,0,0,0,0,0,0,0,0,0,0,0,0,0,0,0,0,0,0,0,0,0,18,222
170,85,2994,2817,2760,2827,3359,2895,2892,2886,0,0,0,0,0,0,0,0,0,0,0,0,0,0,0,0,0,0,0,0,0,0,0,0,0,0,0,210,222
170,85,3004,2818,2760,2808,3365,2884,2875,2886,0,0,0,0,0,0,0,0,0,0,0,0,0,0,0,0,0,0,0,0,0,0,0,0,0,0,0,107,222
170,85,3004,2817,2760,2822,3396,2883,2884,2912,0,0,0,0,0,0,0,0,0,0,0,0,0,0,0,0,0,0,0,0,0,0,0,0,0,0,0,168,222
170,85,3008,2816,2774,2820,3357,2884,2895,2889,0,0,0,0,0,0,0,0,0,0,0,0,0,0,0,0,0,0,0,0,0,0,0,0,0,0,0,181,221
170,85,3006,2818,2758,2809,3364,2885,2884,2891,0,0,0,0,0,0,0,0,0,0,0,0,0,0,0,0,0,0,0,0,0,0,0,0,0,0,0,20,222
170,85,2983,2823,2759,2820,3368,2882,2885,2888,0,0,0,0,0,0,0,0,0,0,0,0,0,0,0,0,0,0,0,0,0,0,0,0,0,0,0,252,221
170,85,2995,2828,2758,2820,3391,2895,2885,2899,0,0,0,0,0,0,0,0,0,0,0,0,0,0,0,0,0,0,0,0,0,0,0,0,0,0,0,227,221
170,85,3006,2823,2760,2831,3376,2897,2885,2888,0,0,0,0,0,0,0,0,0,0,0,0,0,0,0,0,0,0,0,0,0,0,0,0,0,0,0,234,222
170,85,3007,2841,2773,2819,3375,2882,2873,2899,0,0,0,0,0,0,0,0,0,0,0,0,0,0,0,0,0,0,0,0,0,0,0,0,0,0,0,143,222
170,85,3007,2816,2744,2819,3406,2869,2884,2898,0,0,0,0,0,0,0,0,0,0,0,0,0,0,0,0,0,0,0,0,0,0,0,0,0,0,0,145,222
170,85,2990,2817,2745,2808,3376,2883,2873,2900,0,0,0,0,0,0,0,0,0,0,0,0,0,0,0,0,0,0,0,0,0,0,0,0,0,0,0,9,222
170,85,2990,2816,2759,2808,3368,2885,2884,2872,0,0,0,0,0,0,0,0,0,0,0,0,0,0,0,0,0,0,0,0,0,0,0,0,0,0,0,121,222
170,85,2983,2816,2746,2848,3369,2885,2858,2887,0,0,0,0,0,0,0,0,0,0,0,0,0,0,0,0,0,0,0,0,0,0,0,0,0,0,0,196,222
170,85,3007,2826,2759,2806,3377,2882,2873,2887,0,0,0,0,0,0,0,0,0,0,0,0,0,0,0,0,0,0,0,0,0,0,0,0,0,0,0,112,222
170,85,2979,2833,2771,2832,3377,2907,2883,2888,0,0,0,0,0,0,0,0,0,0,0,0,0,0,0,0,0,0,0,0,0,0,0,0,0,0,0,232,222
170,85,3007,2827,2758,2837,3385,2906,2872,2889,0,0,0,0,0,0,0,0,0,0,0,0,0,0,0,0,0,0,0,0,0,0,0,0,0,0,0,141,222
170,85,3006,2815,2770,2820,3378,2896,2882,2889,0,0,0,0,0,0,0,0,0,0,0,0,0,0,0,0,0,0,0,0,0,0,0,0,0,0,0,7,223
170,85,2990,2833,2746,2820,3376,2907,2873,2871,0,0,0,0,0,0,0,0,0,0,0,0,0,0,0,0,0,0,0,0,0,0,0,0,0,0,0,156,222
170,85,2990,2826,2758,2833,3376,2884,2874,2899,0,0,0,0,0,0,0,0,0,0,0,0,0,0,0,0,0,0,0,0,0,0,0,0,0,0,0,150,223
170,85,2991,2803,2745,2834,3371,2894,2857,2872,0,0,0,0,0,0,0,0,0,0,0,0,0,0,0,0,0,0,0,0,0,0,0,0,0,0,0,122,223
170,85,2995,2815,2756,2821,3376,2886,2857,2899,0,0,0,0,0,0,0,0,0,0,0,0,0,0,0,0,0,0,0,0,0,0,0,0,0,0,0,120,223
170,85,2989,2827,2771,2808,3378,2894,2885,2898,0,0,0,0,0,0,0,0,0,0,0,0,0,0,0,0,0,0,0,0,0,0,0,0,0,0,0,31,223
170,85,3006,2826,2757,2819,3376,2894,2884,2887,0,0,0,0,0,0,0,0,0,0,0,0,0,0,0,0,0,0,0,0,0,0,0,0,0,0,0,247,223
170,85,3006,2828,2759,2820,3377,2906,2893,2889,0,0,0,0,0,0,0,0,0,0,0,0,0,0,0,0,0,0,0,0,0,0,0,0,0,0,0,230,223
170,85,2995,2816,2756,2833,3376,2885,2858,2889,0,0,0,0,0,0,0,0,0,0,0,0,0,0,0,0,0,0,0,0,0,0,0,0,0,0,0,136,223
170,85,2996,2804,2757,2830,3376,2895,2878,2889,0,0,0,0,0,0,0,0,0,0,0,0,0,0,0,0,0,0,0,0,0,0,0,0,0,0,0,122,223
170,85,2985,2816,2745,2831,3377,2894,2875,2889,0,0,0,0,0,0,0,0,0,0,0,0,0,0,0,0,0,0,0,0,0,0,0,0,0,0,0,234,223
170,85,3007,2829,2773,2820,3409,2869,2873,2899,0,0,0,0,0,0,0,0,0,0,0,0,0,0,0,0,0,0,0,0,0,0,0,0,0,0,0,149,223
170,85,2978,2818,2757,2834,3376,2883,2875,2891,0,0,0,0,0,0,0,0,0,0,0,0,0,0,0,0,0,0,0,0,0,0,0,0,0,0,0,140,223
170,85,2996,2804,2752,2821,3377,2869,2873,2888,0,0,0,0,0,0,0,0,0,0,0,0,0,0,0,0,0,0,0,0,0,0,0,0,0,0,0,9,223
170,85,2978,2830,2761,2847,3377,2896,2857,2888,0,0,0,0,0,0,0,0,0,0,0,0,0,0,0,0,0,0,0,0,0,0,0,0,0,0,0,130,223
170,85,2977,2817,2759,2832,3377,2907,2874,2873,0,0,0,0,0,0,0,0,0,0,0,0,0,0,0,0,0,0,0,0,0,0,0,0,0,0,0,230,223
170,85,2979,2817,2746,2820,3379,2904,2874,2899,0,0,0,0,0,0,0,0,0,0,0,0,0,0,0,0,0,0,0,0,0,0,0,0,0,0,0,230,223
170,85,2990,2817,2760,2848,3392,2885,2875,2912,0,0,0,0,0,0,0,0,0,0,0,0,0,0,0,0,0,0,0,0,0,0,0,0,0,0,0,225,223
170,85,2986,2815,2746,2821,3400,2886,2876,2910,0,0,0,0,0,0,0,0,0,0,0,0,0,0,0,0,0,0,0,0,0,0,0,0,0,0,0,127,222
170,85,2978,2817,2760,2820,3375,2896,2887,2891,0,0,0,0,0,0,0,0,0,0,0,0,0,0,0,0,0,0,0,0,0,0,0,0,0,0,0,228,223
170,85,2996,2817,2745,2837,3388,2894,2857,2898,0,0,0,0,0,0,0,0,0,0,0,0,0,0,0,0,0,0,0,0,0,0,0,0,0,0,0,232,223
170,85,3007,2828,2746,2821,3386,2885,2876,2911,0,0,0,0,0,0,0,0,0,0,0,0,0,0,0,0,0,0,0,0,0,0,0,0,0,0,0,232,222
170,85,3007,2823,2760,2814,3376,2886,2874,2903,0,0,0,0,0,0,0,0,0,0,0,0,0,0,0,0,0,0,0,0,0,0,0,0,0,0,0,108,222
170,85,3009,2806,2758,2820,3378,2884,2886,2873,0,0,0,0,0,0,0,0,0,0,0,0,0,0,0,0,0,0,0,0,0,0,0,0,0,0,0,5,222
170,85,3004,2834,2758,2833,3398,2896,2876,2911,0,0,0,0,0,0,0,0,0,0,0,0,0,0,0,0,0,0,0,0,0,0,0,0,0,0,0,244,222
170,85,2990,2817,2746,2820,3367,2882,2885,2889,0,0,0,0,0,0,0,0,0,0,0,0,0,0,0,0,0,0,0,0,0,0,0,0,0,0,0,128,222
170,85,2984,2830,2747,2848,3377,2898,2886,2912,0,0,0,0,0,0,0,0,0,0,0,0,0,0,0,0,0,0,0,0,0,0,0,0,0,0,0,128,222
170,85,2996,2816,2761,2832,3376,2897,2887,2889,0,0,0,0,0,0,0,0,0,0,0,0,0,0,0,0,0,0,0,0,0,0,0,0,0,0,0,250,222
170,85,3004,2828,2759,2820,3365,2895,2888,2888,0,0,0,0,0,0,0,0,0,0,0,0,0,0,0,0,0,0,0,0,0,0,0,0,0,0,0,225,222
170,85,2991,2824,2772,2820,3364,2869,2887,2889,0,0,0,0,0,0,0,0,0,0,0,0,0,0,0,0,0,0,0,0,0,0,0,0,0,0,0,144,222
170,85,2978,2823,2745,2820,3378,2885,2874,2890,0,0,0,0,0,0,0,0,0,0,0,0,0,0,0,0,0,0,0,0,0,0,0,0,0,0,0,231,222
170,85,2994,2828,2771,2822,3367,2895,2880,2884,0,0,0,0,0,0,0,0,0,0,0,0,0,0,0,0,0,0,0,0,0,0,0,0,0,0,0,255,222
170,85,2990,2817,2760,2835,3366,2904,2886,2911,0,0,0,0,0,0,0,0,0,0,0,0,0,0,0,0,0,0,0,0,0,0,0,0,0,0,0,235,222
170,85,2990,2816,2745,2835,3366,2885,2887,2888,0,0,0,0,0,0,0,0,0,0,0,0,0,0,0,0,0,0,0,0,0,0,0,0,0,0,0,144,222
170,85,3006,2817,2759,2826,3365,2885,2886,2873,0,0,0,0,0,0,0,0,0,0,0,0,0,0,0,0,0,0,0,0,0,0,0,0,0,0,0,149,222
170,85,2990,2804,2760,2832,3378,2896,2886,2913,0,0,0,0,0,0,0,0,0,0,0,0,0,0,0,0,0,0,0,0,0,0,0,0,0,0,0,62,222
170,85,2990,2816,2773,2820,3378,2908,2880,2874,0,0,0,0,0,0,0,0,0,0,0,0,0,0,0,0,0,0,0,0,0,0,0,0,0,0,0,147,222
170,85,2990,2828,2759,2808,3367,2894,2860,2890,0,0,0,0,0,0,0,0,0,0,0,0,0,0,0,0,0,0,0,0,0,0,0,0,0,0,0,107,222
170,85,2995,2804,2774,2845,3360,2897,2873,2890,0,0,0,0,0,0,0,0,0,0,0,0,0,0,0,0,0,0,0,0,0,0,0,0,0,0,0,119,222
170,85,3004,2817,2761,2820,3359,2903,2886,2899,0,0,0,0,0,0,0,0,0,0,0,0,0,0,0,0,0,0,0,0,0,0,0,0,0,0,0,213,222
170,85,3008,2811,2757,2832,3379,2885,2876,2890,0,0,0,0,0,0,0,0,0,0,0,0,0,0,0,0,0,0,0,0,0,0,0,0,0,0,0,23,222
170,85,2978,2816,2759,2827,3358,2886,2880,2901,0,0,0,0,0,0,0,0,0,0,0,0,0,0,0,0,0,0,0,0,0,0,0,0,0,0,0,219,222
170,85,2977,2818,2760,2813,3379,2898,2891,2899,0,0,0,0,0,0,0,0,0,0,0,0,0,0,0,0,0,0,0,0,0,0,0,0,0,0,0,22,222
170,85,2987,2833,2757,2849,3367,2886,2876,2888,0,0,0,0,0,0,0,0,0,0,0,0,0,0,0,0,0,0,0,0,0,0,0,0,0,0,0,179,222
170,85,3014,2803,2771,2827,3378,2885,2884,2911,0,0,0,0,0,0,0,0,0,0,0,0,0,0,0,0,0,0,0,0,0,0,0,0,0,0,0,120,222
170,85,2991,2816,2746,2821,3359,2885,2886,2908,0,0,0,0,0,0,0,0,0,0,0,0,0,0,0,0,0,0,0,0,0,0,0,0,0,0,0,168,222
170,85,2980,2841,2758,2810,3366,2883,2876,2899,0,0,0,0,0,0,0,0,0,0,0,0,0,0,0,0,0,0,0,0,0,0,0,0,0,0,0,114,222
170,85,3007,2818,2760,2821,3360,2898,2875,2901,0,0,0,0,0,0,0,0,0,0,0,0,0,0,0,0,0,0,0,0,0,0,0,0,0,0,0,148,222
170,85,3007,2816,2760,2835,3367,2886,2885,2891,0,0,0,0,0,0,0,0,0,0,0,0,0,0,0,0,0,0,0,0,0,0,0,0,0,0,0,243,222
170,85,3007,2834,2765,2848,3359,2898,2888,2907,0,0,0,0,0,0,0,0,0,0,0,0,0,0,0,0,0,0,0,0,0,0,0,0,0,0,0,230,222
170,85,2977,2805,2746,2809,3359,2897,2884,2902,0,0,0,0,0,0,0,0,0,0,0,0,0,0,0,0,0,0,0,0,0,0,0,0,0,0,0,179,222
170,85,2979,2817,2770,2848,3367,2895,2876,2891,0,0,0,0,0,0,0,0,0,0,0,0,0,0,0,0,0,0,0,0,0,0,0,0,0,0,0,183,222
170,85,2978,2830,2746,2810,3366,2885,2859,2891,0,0,0,0,0,0,0,0,0,0,0,0,0,0,0,0,0,0,0,0,0,0,0,0,0,0,0,22,222
170,85,2991,2805,2760,2848,3367,2886,2888,2890,0,0,0,0,0,0,0,0,0,0,0,0,0,0,0,0,0,0,0,0,0,0,0,0,0,0,0,40,222
170,85,2991,2817,2765,2821,3395,2898,2897,2891,0,0,0,0,0,0,0,0,0,0,0,0,0,0,0,0,0,0,0,0,0,0,0,0,0,0,0,149,222
170,85,2978,2833,2770,2838,3368,2895,2873,2891,0,0,0,0,0,0,0,0,0,0,0,0,0,0,0,0,0,0,0,0,0,0,0,0,0,0,0,154,222
170,85,2992,2817,2746,2822,3365,2899,2899,2908,0,0,0,0,0,0,0,0,0,0,0,0,0,0,0,0,0,0,0,0,0,0,0,0,0,0,0,140,223
170,85,2990,2816,2758,2833,3398,2886,2875,2891,0,0,0,0,0,0,0,0,0,0,0,0,0,0,0,0,0,0,0,0,0,0,0,0,0,0,0,241,223
170,85,3008,2816,2747,2821,3368,2887,2877,2892,0,0,0,0,0,0,0,0,0,0,0,0,0,0,0,0,0,0,0,0,0,0,0,0,0,0,0,152,223
170,85,3008,2834,2747,2809,3398,2910,2885,2893,0,0,0,0,0,0,0,0,0,0,0,0,0,0,0,0,0,0,0,0,0,0,0,0,0,0,0,121,223
170,85,2997,2805,2757,2834,3397,2886,2861,2915,0,0,0,0,0,0,0,0,0,0,0,0,0,0,0,0,0,0,0,0,0,0,0,0,0,0,0,35,222
170,85,3016,2816,2761,2821,3368,2899,2888,2890,0,0,0,0,0,0,0,0,0,0,0,0,0,0,0,0,0,0,0,0,0,0,0,0,0,0,0,133,223
170,85,3005,2817,2759,2809,3400,2870,2899,2913,0,0,0,0,0,0,0,0,0,0,0,0,0,0,0,0,0,0,0,0,0,0,0,0,0,0,0,55,223
170,85,2979,2819,2768,2832,3359,2872,2875,2902,0,0,0,0,0,0,0,0,0,0,0,0,0,0,0,0,0,0,0,0,0,0,0,0,0,0,0,210,223
170,85,2996,2812,2772,2821,3369,2888,2862,2909,0,0,0,0,0,0,0,0,0,0,0,0,0,0,0,0,0,0,0,0,0,0,0,0,0,0,0,114,223
170,85,3008,2842,2766,2834,3369,2887,2876,2902,0,0,0,0,0,0,0,0,0,0,0,0,0,0,0,0,0,0,0,0,0,0,0,0,0,0,0,250,223
170,85,3009,2829,2745,2828,3368,2897,2881,2892,0,0,0,0,0,0,0,0,0,0,0,0,0,0,0,0,0,0,0,0,0,0,0,0,0,0,0,245,223
170,85,2985,2834,2760,2822,3378,2888,2876,2889,0,0,0,0,0,0,0,0,0,0,0,0,0,0,0,0,0,0,0,0,0,0,0,0,0,0,0,130,223
170,85,3009,2818,2760,2821,3388,2888,2859,2892,0,0,0,0,0,0,0,0,0,0,0,0,0,0,0,0,0,0,0,0,0,0,0,0,0,0,0,229,223
170,85,2991,2816,2759,2820,3380,2900,2862,2892,0,0,0,0,0,0,0,0,0,0,0,0,0,0,0,0,0,0,0,0,0,0,0,0,0,0,0,150,223
170,85,2991,2827,2761,2832,3369,2910,2887,2891,0,0,0,0,0,0,0,0,0,0,0,0,0,0,0,0,0,0,0,0,0,0,0,0,0,0,0,254,222
170,85,3007,2823,2760,2832,3369,2889,2888,2903,0,0,0,0,0,0,0,0,0,0,0,0,0,0,0,0,0,0,0,0,0,0,0,0,0,0,0,231,222
170,85,2991,2826,2772,2821,3386,2887,2862,2909,0,0,0,0,0,0,0,0,0,0,0,0,0,0,0,0,0,0,0,0,0,0,0,0,0,0,0,130,222
170,85,2996,2830,2760,2834,3369,2888,2887,2893,0,0,0,0,0,0,0,0,0,0,0,0,0,0,0,0,0,0,0,0,0,0,0,0,0,0,0,243,223
170,85,3007,2818,2758,2821,3362,2888,2863,2876,0,0,0,0,0,0,0,0,0,0,0,0,0,0,0,0,0,0,0,0,0,0,0,0,0,0,0,255,222
170,85,3006,2818,2759,2835,3387,2897,2888,2901,0,0,0,0,0,0,0,0,0,0,0,0,0,0,0,0,0,0,0,0,0,0,0,0,0,0,0,231,222
170,85,2991,2835,2748,2822,3387,2871,2900,2901,0,0,0,0,0,0,0,0,0,0,0,0,0,0,0,0,0,0,0,0,0,0,0,0,0,0,0,243,222
170,85,2981,2817,2759,2849,3370,2889,2888,2876,0,0,0,0,0,0,0,0,0,0,0,0,0,0,0,0,0,0,0,0,0,0,0,0,0,0,0,173,222
170,85,3006,2818,2761,2832,3360,2889,2875,2876,0,0,0,0,0,0,0,0,0,0,0,0,0,0,0,0,0,0,0,0,0,0,0,0,0,0,0,243,222
170,85,3007,2806,2760,2810,3360,2888,2877,2876,0,0,0,0,0,0,0,0,0,0,0,0,0,0,0,0,0,0,0,0,0,0,0,0,0,0,0,234,222
170,85,2997,2817,2748,2822,3381,2889,2860,2876,0,0,0,0,0,0,0,0,0,0,0,0,0,0,0,0,0,0,0,0,0,0,0,0,0,0,0,154,221
170,85,2996,2817,2759,2821,3362,2907,2899,2911,0,0,0,0,0,0,0,0,0,0,0,0,0,0,0,0,0,0,0,0,0,0,0,0,0,0,0,250,221
170,85,3007,2818,2766,2823,3366,2897,2887,2902,0,0,0,0,0,0,0,0,0,0,0,0,0,0,0,0,0,0,0,0,0,0,0,0,0,0,0,234,221
170,85,2980,2805,2759,2822,3399,2900,2887,2891,0,0,0,0,0,0,0,0,0,0,0,0,0,0,0,0,0,0,0,0,0,0,0,0,0,0,0,118,221
170,85,2991,2828,2761,2847,3368,2888,2875,2892,0,0,0,0,0,0,0,0,0,0,0,0,0,0,0,0,0,0,0,0,0,0,0,0,0,0,0,154,221
170,85,2996,2828,2773,2834,3399,2900,2875,2876,0,0,0,0,0,0,0,0,0,0,0,0,0,0,0,0,0,0,0,0,0,0,0,0,0,0,0,147,221
170,85,3008,2835,2761,2809,3361,2906,2889,2877,0,0,0,0,0,0,0,0,0,0,0,0,0,0,0,0,0,0,0,0,0,0,0,0,0,0,0,21,221
170,85,3006,2835,2775,2832,3368,2872,2887,2902,0,0,0,0,0,0,0,0,0,0,0,0,0,0,0,0,0,0,0,0,0,0,0,0,0,0,0,147,221
170,85,2998,2824,2773,2834,3360,2872,2888,2894,0,0,0,0,0,0,0,0,0,0,0,0,0,0,0,0,0,0,0,0,0,0,0,0,0,0,0,159,221
170,85,2997,2805,2748,2833,3368,2888,2887,2915,0,0,0,0,0,0,0,0,0,0,0,0,0,0,0,0,0,0,0,0,0,0,0,0,0,0,0,80,221
170,85,2979,2817,2748,2822,3367,2886,2886,2903,0,0,0,0,0,0,0,0,0,0,0,0,0,0,0,0,0,0,0,0,0,0,0,0,0,0,0,144,222
170,85,3005,2834,2767,2821,3367,2873,2898,2891,0,0,0,0,0,0,0,0,0,0,0,0,0,0,0,0,0,0,0,0,0,0,0,0,0,0,0,154,222
170,85,3009,2830,2760,2821,3383,2897,2887,2910,0,0,0,0,0,0,0,0,0,0,0,0,0,0,0,0,0,0,0,0,0,0,0,0,0,0,0,133,222
170,85,2997,2830,2759,2835,3360,2899,2887,2892,0,0,0,0,0,0,0,0,0,0,0,0,0,0,0,0,0,0,0,0,0,0,0,0,0,0,0,239,222
170,85,2996,2841,2775,2828,3380,2899,2877,2914,0,0,0,0,0,0,0,0,0,0,0,0,0,0,0,0,0,0,0,0,0,0,0,0,0,0,0,182,222
170,85,2998,2806,2761,2834,3368,2887,2888,2893,0,0,0,0,0,0,0,0,0,0,0,0,0,0,0,0,0,0,0,0,0,0,0,0,0,0,0,8,222
170,85,3009,2834,2766,2822,3399,2910,2877,2892,0,0,0,0,0,0,0,0,0,0,0,0,0,0,0,0,0,0,0,0,0,0,0,0,0,0,0,139,222
170,85,2981,2824,2772,2846,3368,2899,2875,2901,0,0,0,0,0,0,0,0,0,0,0,0,0,0,0,0,0,0,0,0,0,0,0,0,0,0,0,138,222
170,85,3010,2817,2759,2846,3369,2911,2878,2903,0,0,0,0,0,0,0,0,0,0,0,0,0,0,0,0,0,0,0,0,0,0,0,0,0,0,0,253,222
170,85,2981,2819,2767,2846,3368,2888,2877,2891,0,0,0,0,0,0,0,0,0,0,0,0,0,0,0,0,0,0,0,0,0,0,0,0,0,0,0,153,221
170,85,3008,2829,2760,2849,3367,2910,2888,2890,0,0,0,0,0,0,0,0,0,0,0,0,0,0,0,0,0,0,0,0,0,0,0,0,0,0,0,167,221
170,85,2997,2819,2761,2840,3370,2888,2888,2915,0,0,0,0,0,0,0,0,0,0,0,0,0,0,0,0,0,0,0,0,0,0,0,0,0,0,0,214,221
170,85,3008,2824,2767,2822,3360,2898,2889,2916,0,0,0,0,0,0,0,0,0,0,0,0,0,0,0,0,0,0,0,0,0,0,0,0,0,0,0,166,221
170,85,3010,2807,2762,2849,3369,2872,2899,2891,0,0,0,0,0,0,0,0,0,0,0,0,0,0,0,0,0,0,0,0,0,0,0,0,0,0,0,46,221
170,85,2979,2819,2760,2822,3362,2899,2887,2903,0,0,0,0,0,0,0,0,0,0,0,0,0,0,0,0,0,0,0,0,0,0,0,0,0,0,0,247,221
170,85,2992,2835,2775,2818,3360,2897,2899,2912,0,0,0,0,0,0,0,0,0,0,0,0,0,0,0,0,0,0,0,0,0,0,0,0,0,0,0,204,221
170,85,2992,2818,2774,2822,3368,2898,2886,2892,0,0,0,0,0,0,0,0,0,0,0,0,0,0,0,0,0,0,0,0,0,0,0,0,0,0,0,234,221
170,85,3000,2818,2759,2811,3367,2872,2888,2891,0,0,0,0,0,0,0,0,0,0,0,0,0,0,0,0,0,0,0,0,0,0,0,0,0,0,0,99,221
170,85,2998,2829,2760,2821,3366,2887,2875,2892,0,0,0,0,0,0,0,0,0,0,0,0,0,0,0,0,0,0,0,0,0,0,0,0,0,0,0,152,221
170,85,2991,2818,2759,2810,3368,2899,2900,2874,0,0,0,0,0,0,0,0,0,0,0,0,0,0,0,0,0,0,0,0,0,0,0,0,0,0,0,124,221
170,85,2981,2829,2760,2820,3360,2888,2875,2876,0,0,0,0,0,0,0,0,0,0,0,0,0,0,0,0,0,0,0,0,0,0,0,0,0,0,0,243,222
170,85,2998,2818,2747,2834,3360,2897,2875,2875,0,0,0,0,0,0,0,0,0,0,0,0,0,0,0,0,0,0,0,0,0,0,0,0,0,0,0,148,222
170,85,2993,2807,2767,2820,3368,2887,2886,2914,0,0,0,0,0,0,0,0,0,0,0,0,0,0,0,0,0,0,0,0,0,0,0,0,0,0,0,63,222
170,85,2998,2834,2767,2849,3387,2887,2876,2890,0,0,0,0,0,0,0,0,0,0,0,0,0,0,0,0,0,0,0,0,0,0,0,0,0,0,0,184,222
170,85,3007,2817,2767,2811,3380,2886,2889,2900,0,0,0,0,0,0,0,0,0,0,0,0,0,0,0,0,0,0,0,0,0,0,0,0,0,0,0,28,222
170,85,2981,2818,2749,2835,3360,2871,2887,2891,0,0,0,0,0,0,0,0,0,0,0,0,0,0,0,0,0,0,0,0,0,0,0,0,0,0,0,234,222
170,85,3009,2818,2776,2835,3360,2910,2878,2892,0,0,0,0,0,0,0,0,0,0,0,0,0,0,0,0,0,0,0,0,0,0,0,0,0,0,0,252,222
170,85,2998,2819,2758,2828,3368,2888,2901,2891,0,0,0,0,0,0,0,0,0,0,0,0,0,0,0,0,0,0,0,0,0,0,0,0,0,0,0,249,223
170,85,3010,2807,2762,2810,3370,2898,2886,2891,0,0,0,0,0,0,0,0,0,0,0,0,0,0,0,0,0,0,0,0,0,0,0,0,0,0,0,136,223
170,85,3007,2806,2775,2822,3367,2888,2886,2901,0,0,0,0,0,0,0,0,0,0,0,0,0,0,0,0,0,0,0,0,0,0,0,0,0,0,0,29,223
170,85,2979,2817,2774,2835,3370,2897,2861,2889,0,0,0,0,0,0,0,0,0,0,0,0,0,0,0,0,0,0,0,0,0,0,0,0,0,0,0,128,223
170,85,2980,2829,2759,2839,3368,2888,2875,2889,0,0,0,0,0,0,0,0,0,0,0,0,0,0,0,0,0,0,0,0,0,0,0,0,0,0,0,147,223
170,85,2992,2817,2760,2835,3368,2899,2886,2891,0,0,0,0,0,0,0,0,0,0,0,0,0,0,0,0,0,0,0,0,0,0,0,0,0,0,0,228,223
170,85,3008,2819,2759,2833,3387,2910,2886,2901,0,0,0,0,0,0,0,0,0,0,0,0,0,0,0,0,0,0,0,0,0,0,0,0,0,0,0,155,223
170,85,2997,2822,2758,2839,3382,2906,2885,2900,0,0,0,0,0,0,0,0,0,0,0,0,0,0,0,0,0,0,0,0,0,0,0,0,0,0,0,231,223
170,85,2979,2818,2759,2821,3369,2886,2860,2901,0,0,0,0,0,0,0,0,0,0,0,0,0,0,0,0,0,0,0,0,0,0,0,0,0,0,0,141,223
170,85,3006,2830,2764,2839,3367,2896,2876,2902,0,0,0,0,0,0,0,0,0,0,0,0,0,0,0,0,0,0,0,0,0,0,0,0,0,0,0,142,223
170,85,2997,2833,2774,2828,3367,2897,2859,2902,0,0,0,0,0,0,0,0,0,0,0,0,0,0,0,0,0,0,0,0,0,0,0,0,0,0,0,141,223
170,85,2998,2829,2774,2822,3380,2907,2877,2912,0,0,0,0,0,0,0,0,0,0,0,0,0,0,0,0,0,0,0,0,0,0,0,0,0,0,0,161,223
170,85,2979,2817,2760,2821,3396,2897,2886,2901,0,0,0,0,0,0,0,0,0,0,0,0,0,0,0,0,0,0,0,0,0,0,0,0,0,0,0,145,223
170,85,3008,2811,2759,2835,3378,2909,2887,2874,0,0,0,0,0,0,0,0,0,0,0,0,0,0,0,0,0,0,0,0,0,0,0,0,0,0,0,4,223
170,85,3008,2835,2762,2809,3368,2897,2880,2890,0,0,0,0,0,0,0,0,0,0,0,0,0,0,0,0,0,0,0,0,0,0,0,0,0,0,0,106,223
170,85,3010,2828,2758,2839,3369,2898,2885,2874,0,0,0,0,0,0,0,0,0,0,0,0,0,0,0,0,0,0,0,0,0,0,0,0,0,0,0,227,223
170,85,2981,2823,2749,2815,3382,2898,2886,2900,0,0,0,0,0,0,0,0,0,0,0,0,0,0,0,0,0,0,0,0,0,0,0,0,0,0,0,111,224
170,85,2992,2816,2762,2835,3378,2887,2876,2888,0,0,0,0,0,0,0,0,0,0,0,0,0,0,0,0,0,0,0,0,0,0,0,0,0,0,0,144,223
170,85,3004,2805,2774,2833,3368,2888,2885,2873,0,0,0,0,0,0,0,0,0,0,0,0,0,0,0,0,0,0,0,0,0,0,0,0,0,0,0,107,223
170,85,2991,2842,2760,2821,3365,2885,2896,2890,0,0,0,0,0,0,0,0,0,0,0,0,0,0,0,0,0,0,0,0,0,0,0,0,0,0,0,250,223
170,85,3008,2805,2760,2835,3360,2887,2877,2891,0,0,0,0,0,0,0,0,0,0,0,0,0,0,0,0,0,0,0,0,0,0,0,0,0,0,0,6,223
170,85,2997,2823,2758,2845,3376,2895,2875,2901,0,0,0,0,0,0,0,0,0,0,0,0,0,0,0,0,0,0,0,0,0,0,0,0,0,0,0,128,223
170,85,2996,2806,2767,2821,3360,2896,2876,2889,0,0,0,0,0,0,0,0,0,0,0,0,0,0,0,0,0,0,0,0,0,0,0,0,0,0,0,116,223
170,85,3007,2806,2761,2827,3359,2908,2875,2901,0,0,0,0,0,0,0,0,0,0,0,0,0,0,0,0,0,0,0,0,0,0,0,0,0,0,0,95,223
170,85,3009,2817,2760,2848,3367,2887,2875,2900,0,0,0,0,0,0,0,0,0,0,0,0,0,0,0,0,0,0,0,0,0,0,0,0,0,0,0,223,223
170,85,3009,2817,2758,2834,3368,2897,2887,2891,0,0,0,0,0,0,0,0,0,0,0,0,0,0,0,0,0,0,0,0,0,0,0,0,0,0,0,153,223
170,85,2997,2823,2746,2832,3368,2890,2875,2913,0,0,0,0,0,0,0,0,0,0,0,0,0,0,0,0,0,0,0,0,0,0,0,0,0,0,0,216,223
170,85,2991,2833,2758,2809,3367,2885,2887,2913,0,0,0,0,0,0,0,0,0,0,0,0,0,0,0,0,0,0,0,0,0,0,0,0,0,0,0,60,224
170,85,3005,2828,2759,2820,3374,2887,2866,2889,0,0,0,0,0,0,0,0,0,0,0,0,0,0,0,0,0,0,0,0,0,0,0,0,0,0,0,152,223
170,85,3007,2817,2758,2848,3368,2895,2894,2891,0,0,0,0,0,0,0,0,0,0,0,0,0,0,0,0,0,0,0,0,0,0,0,0,0,0,0,194,223
170,85,2990,2816,2768,2820,3369,2895,2858,2901,0,0,0,0,0,0,0,0,0,0,0,0,0,0,0,0,0,0,0,0,0,0,0,0,0,0,0,155,223
170,85,3003,2827,2746,2844,3394,2886,2897,2887,0,0,0,0,0,0,0,0,0,0,0,0,0,0,0,0,0,0,0,0,0,0,0,0,0,0,0,252,223
170,85,2996,2829,2772,2834,3375,2894,2873,2899,0,0,0,0,0,0,0,0,0,0,0,0,0,0,0,0,0,0,0,0,0,0,0,0,0,0,0,140,223
170,85,2995,2816,2772,2821,3408,2895,2874,2901,0,0,0,0,0,0,0,0,0,0,0,0,0,0,0,0,0,0,0,0,0,0,0,0,0,0,0,234,223
170,85,3007,2816,2757,2832,3376,2908,2884,2875,0,0,0,0,0,0,0,0,0,0,0,0,0,0,0,0,0,0,0,0,0,0,0,0,0,0,0,129,223
170,85,2983,2833,2755,2822,3377,2886,2875,2899,0,0,0,0,0,0,0,0,0,0,0,0,0,0,0,0,0,0,0,0,0,0,0,0,0,0,0,148,223
170,85,2979,2816,2759,2820,3392,2870,2885,2888,0,0,0,0,0,0,0,0,0,0,0,0,0,0,0,0,0,0,0,0,0,0,0,0,0,0,0,227,223
170,85,3005,2827,2771,2808,3386,2893,2874,2888,0,0,0,0,0,0,0,0,0,0,0,0,0,0,0,0,0,0,0,0,0,0,0,0,0,0,0,97,223
170,85,2996,2816,2746,2831,3379,2904,2875,2889,0,0,0,0,0,0,0,0,0,0,0,0,0,0,0,0,0,0,0,0,0,0,0,0,0,0,0,224,223
170,85,3006,2816,2758,2807,3378,2885,2884,2897,0,0,0,0,0,0,0,0,0,0,0,0,0,0,0,0,0,0,0,0,0,0,0,0,0,0,0,20,223
170,85,2996,2832,2765,2819,3378,2885,2875,2898,0,0,0,0,0,0,0,0,0,0,0,0,0,0,0,0,0,0,0,0,0,0,0,0,0,0,0,140,223
170,85,2995,2829,2772,2826,3370,2897,2873,2873,0,0,0,0,0,0,0,0,0,0,0,0,0,0,0,0,0,0,0,0,0,0,0,0,0,0,0,227,223
170,85,2989,2815,2772,2820,3390,2869,2873,2888,0,0,0,0,0,0,0,0,0,0,0,0,0,0,0,0,0,0,0,0,0,0,0,0,0,0,0,1,223
170,85,2982,2803,2745,2819,3379,2885,2858,2911,0,0,0,0,0,0,0,0,0,0,0,0,0,0,0,0,0,0,0,0,0,0,0,0,0,0,0,21,223
170,85,2990,2815,2770,2819,3377,2882,2857,2887,0,0,0,0,0,0,0,0,0,0,0,0,0,0,0,0,0,0,0,0,0,0,0,0,0,0,0,100,223
170,85,3003,2827,2745,2818,3380,2885,2857,2888,0,0,0,0,0,0,0,0,0,0,0,0,0,0,0,0,0,0,0,0,0,0,0,0,0,0,0,227,223
170,85,2983,2826,2770,2826,3378,2896,2884,2888,0,0,0,0,0,0,0,0,0,0,0,0,0,0,0,0,0,0,0,0,0,0,0,0,0,0,0,227,223
170,85,3005,2815,2744,2818,3375,2894,2884,2898,0,0,0,0,0,0,0,0,0,0,0,0,0,0,0,0,0,0,0,0,0,0,0,0,0,0,0,118,224
170,85,2976,2815,2746,2820,3377,2868,2874,2894,0,0,0,0,0,0,0,0,0,0,0,0,0,0,0,0,0,0,0,0,0,0,0,0,0,0,0,105,223
170,85,3003,2832,2770,2830,3390,2893,2872,2886,0,0,0,0,0,0,0,0,0,0,0,0,0,0,0,0,0,0,0,0,0,0,0,0,0,0,0,130,223
170,85,2983,2833,2759,2833,3376,2896,2858,2887,0,0,0,0,0,0,0,0,0,0,0,0,0,0,0,0,0,0,0,0,0,0,0,0,0,0,0,149,223
170,85,2988,2826,2743,2818,3391,2902,2873,2899,0,0,0,0,0,0,0,0,0,0,0,0,0,0,0,0,0,0,0,0,0,0,0,0,0,0,0,232,223
170,85,2977,2833,2757,2820,3377,2895,2872,2888,0,0,0,0,0,0,0,0,0,0,0,0,0,0,0,0,0,0,0,0,0,0,0,0,0,0,0,135,223
170,85,2983,2815,2769,2832,3369,2893,2871,2898,0,0,0,0,0,0,0,0,0,0,0,0,0,0,0,0,0,0,0,0,0,0,0,0,0,0,0,97,223
170,85,2975,2839,2759,2832,3374,2884,2871,2888,0,0,0,0,0,0,0,0,0,0,0,0,0,0,0,0,0,0,0,0,0,0,0,0,0,0,0,178,223
170,85,2982,2826,2756,2820,3390,2885,2883,2898,0,0,0,0,0,0,0,0,0,0,0,0,0,0,0,0,0,0,0,0,0,0,0,0,0,0,0,254,222
170,85,2989,2815,2756,2832,3376,2908,2886,2888,0,0,0,0,0,0,0,0,0,0,0,0,0,0,0,0,0,0,0,0,0,0,0,0,0,0,0,29,222
170,85,2989,2819,2758,2818,3367,2882,2879,2890,0,0,0,0,0,0,0,0,0,0,0,0,0,0,0,0,0,0,0,0,0,0,0,0,0,0,0,130,222
170,85,3003,2816,2757,2820,3376,2905,2874,2897,0,0,0,0,0,0,0,0,0,0,0,0,0,0,0,0,0,0,0,0,0,0,0,0,0,0,0,128,222
170,85,2977,2802,2770,2818,3375,2884,2857,2871,0,0,0,0,0,0,0,0,0,0,0,0,0,0,0,0,0,0,0,0,0,0,0,0,0,0,0,15,222
170,85,2988,2815,2756,2820,3388,2893,2883,2882,0,0,0,0,0,0,0,0,0,0,0,0,0,0,0,0,0,0,0,0,0,0,0,0,0,0,0,26,222
170,85,3004,2802,2755,2818,3376,2905,2885,2898,0,0,0,0,0,0,0,0,0,0,0,0,0,0,0,0,0,0,0,0,0,0,0,0,0,0,0,8,222
170,85,3005,2801,2746,2820,3368,2882,2885,2901,0,0,0,0,0,0,0,0,0,0,0,0,0,0,0,0,0,0,0,0,0,0,0,0,0,0,0,113,222
170,85,2989,2816,2742,2806,3377,2893,2872,2888,0,0,0,0,0,0,0,0,0,0,0,0,0,0,0,0,0,0,0,0,0,0,0,0,0,0,0,24,222
170,85,2975,2814,2758,2818,3406,2895,2872,2888,0,0,0,0,0,0,0,0,0,0,0,0,0,0,0,0,0,0,0,0,0,0,0,0,0,0,0,45,222
170,85,3002,2816,2756,2807,3383,2883,2873,2897,0,0,0,0,0,0,0,0,0,0,0,0,0,0,0,0,0,0,0,0,0,0,0,0,0,0,0,108,222
170,85,2993,2817,2756,2806,3389,2897,2871,2888,0,0,0,0,0,0,0,0,0,0,0,0,0,0,0,0,0,0,0,0,0,0,0,0,0,0,0,104,222
170,85,2983,2831,2770,2831,3378,2883,2896,2898,0,0,0,0,0,0,0,0,0,0,0,0,0,0,0,0,0,0,0,0,0,0,0,0,0,0,0,254,222
170,85,3006,2802,2769,2819,3372,2886,2884,2902,0,0,0,0,0,0,0,0,0,0,0,0,0,0,0,0,0,0,0,0,0,0,0,0,0,0,0,31,222
170,85,2993,2815,2757,2818,3377,2881,2873,2892,0,0,0,0,0,0,0,0,0,0,0,0,0,0,0,0,0,0,0,0,0,0,0,0,0,0,0,117,222
170,85,3003,2814,2768,2829,3369,2894,2879,2909,0,0,0,0,0,0,0,0,0,0,0,0,0,0,0,0,0,0,0,0,0,0,0,0,0,0,0,100,222
170,85,2994,2813,2742,2818,3377,2892,2879,2886,0,0,0,0,0,0,0,0,0,0,0,0,0,0,0,0,0,0,0,0,0,0,0,0,0,0,0,6,222
170,85,3007,2802,2759,2818,3377,2892,2891,2887,0,0,0,0,0,0,0,0,0,0,0,0,0,0,0,0,0,0,0,0,0,0,0,0,0,0,0,0,222
170,85,2982,2815,2750,2817,3377,2883,2877,2897,0,0,0,0,0,0,0,0,0,0,0,0,0,0,0,0,0,0,0,0,0,0,0,0,0,0,0,1,222
170,85,2975,2816,2757,2832,3375,2865,2858,2893,0,0,0,0,0,0,0,0,0,0,0,0,0,0,0,0,0,0,0,0,0,0,0,0,0,0,0,203,222
170,85,3006,2839,2757,2829,3378,2883,2857,2872,0,0,0,0,0,0,0,0,0,0,0,0,0,0,0,0,0,0,0,0,0,0,0,0,0,0,0,249,222
170,85,3003,2802,2768,2818,3406,2884,2881,2887,0,0,0,0,0,0,0,0,0,0,0,0,0,0,0,0,0,0,0,0,0,0,0,0,0,0,0,110,222
170,85,2991,2803,2757,2831,3374,2888,2854,2886,0,0,0,0,0,0,0,0,0,0,0,0,0,0,0,0,0,0,0,0,0,0,0,0,0,0,0,105,222
170,85,2988,2814,2771,2842,3376,2894,2877,2896,0,0,0,0,0,0,0,0,0,0,0,0,0,0,0,0,0,0,0,0,0,0,0,0,0,0,0,113,222
170,85,2994,2816,2757,2818,3367,2888,2883,2886,0,0,0,0,0,0,0,0,0,0,0,0,0,0,0,0,0,0,0,0,0,0,0,0,0,0,0,231,222
170,85,2988,2814,2757,2831,3385,2904,2857,2897,0,0,0,0,0,0,0,0,0,0,0,0,0,0,0,0,0,0,0,0,0,0,0,0,0,0,0,120,222
170,85,2983,2814,2746,2805,3376,2873,2872,2897,0,0,0,0,0,0,0,0,0,0,0,0,0,0,0,0,0,0,0,0,0,0,0,0,0,0,0,142,222
170,85,3003,2815,2768,2805,3404,2883,2856,2900,0,0,0,0,0,0,0,0,0,0,0,0,0,0,0,0,0,0,0,0,0,0,0,0,0,0,0,234,222
170,85,2987,2808,2755,2805,3405,2882,2883,2900,0,0,0,0,0,0,0,0,0,0,0,0,0,0,0,0,0,0,0,0,0,0,0,0,0,0,0,133,222
170,85,2976,2827,2767,2832,3376,2866,2884,2869,0,0,0,0,0,0,0,0,0,0,0,0,0,0,0,0,0,0,0,0,0,0,0,0,0,0,0,255,222
170,85,2980,2814,2756,2806,3389,2880,2856,2887,0,0,0,0,0,0,0,0,0,0,0,0,0,0,0,0,0,0,0,0,0,0,0,0,0,0,0,130,222
170,85,3002,2815,2734,2841,3406,2883,2881,2889,0,0,0,0,0,0,0,0,0,0,0,0,0,0,0,0,0,0,0,0,0,0,0,0,0,0,0,14,222
170,85,3003,2825,2743,2829,3369,2888,2856,2886,0,0,0,0,0,0,0,0,0,0,0,0,0,0,0,0,0,0,0,0,0,0,0,0,0,0,0,255,222
170,85,3004,2801,2744,2816,3377,2881,2881,2886,0,0,0,0,0,0,0,0,0,0,0,0,0,0,0,0,0,0,0,0,0,0,0,0,0,0,0,123,222
170,85,3005,2807,2767,2829,3374,2873,2882,2886,0,0,0,0,0,0,0,0,0,0,0,0,0,0,0,0,0,0,0,0,0,0,0,0,0,0,0,98,222
170,85,3003,2801,2756,2817,3374,2882,2869,2887,0,0,0,0,0,0,0,0,0,0,0,0,0,0,0,0,0,0,0,0,0,0,0,0,0,0,0,104,222
170,85,3001,2814,2768,2808,3374,2880,2883,2885,0,0,0,0,0,0,0,0,0,0,0,0,0,0,0,0,0,0,0,0,0,0,0,0,0,0,0,255,223
170,85,3002,2802,2756,2818,3404,2871,2883,2886,0,0,0,0,0,0,0,0,0,0,0,0,0,0,0,0,0,0,0,0,0,0,0,0,0,0,0,9,222
170,85,3003,2814,2753,2825,3372,2872,2882,2869,0,0,0,0,0,0,0,0,0,0,0,0,0,0,0,0,0,0,0,0,0,0,0,0,0,0,0,23,223
170,85,3000,2807,2744,2845,3367,2893,2870,2889,0,0,0,0,0,0,0,0,0,0,0,0,0,0,0,0,0,0,0,0,0,0,0,0,0,0,0,6,223
170,85,2976,2815,2755,2829,3385,2893,2893,2908,0,0,0,0,0,0,0,0,0,0,0,0,0,0,0,0,0,0,0,0,0,0,0,0,0,0,0,13,223
170,85,2988,2813,2767,2816,3404,2895,2882,2908,0,0,0,0,0,0,0,0,0,0,0,0,0,0,0,0,0,0,0,0,0,0,0,0,0,0,0,122,222
170,85,2993,2827,2754,2828,3365,2905,2870,2886,0,0,0,0,0,0,0,0,0,0,0,0,0,0,0,0,0,0,0,0,0,0,0,0,0,0,0,128,222
170,85,2987,2832,2755,2818,3366,2893,2872,2893,0,0,0,0,0,0,0,0,0,0,0,0,0,0,0,0,0,0,0,0,0,0,0,0,0,0,0,156,222
170,85,2976,2816,2754,2824,3381,2864,2853,2886,0,0,0,0,0,0,0,0,0,0,0,0,0,0,0,0,0,0,0,0,0,0,0,0,0,0,0,244,222
170,85,2975,2813,2769,2830,3404,2882,2870,2885,0,0,0,0,0,0,0,0,0,0,0,0,0,0,0,0,0,0,0,0,0,0,0,0,0,0,0,57,222
170,85,2988,2800,2753,2816,3373,2878,2872,2884,0,0,0,0,0,0,0,0,0,0,0,0,0,0,0,0,0,0,0,0,0,0,0,0,0,0,0,11,222
170,85,3001,2807,2769,2829,3364,2893,2871,2878,0,0,0,0,0,0,0,0,0,0,0,0,0,0,0,0,0,0,0,0,0,0,0,0,0,0,0,11,222
170,85,2982,2825,2744,2817,3386,2885,2871,2898,0,0,0,0,0,0,0,0,0,0,0,0,0,0,0,0,0,0,0,0,0,0,0,0,0,0,0,244,222
170,85,2992,2827,2742,2805,3370,2887,2882,2886,0,0,0,0,0,0,0,0,0,0,0,0,0,0,0,0,0,0,0,0,0,0,0,0,0,0,0,104,221
170,85,3000,2815,2742,2819,3369,2887,2854,2896,0,0,0,0,0,0,0,0,0,0,0,0,0,0,0,0,0,0,0,0,0,0,0,0,0,0,0,19,221
170,85,3003,2806,2755,2829,3371,2864,2870,2891,0,0,0,0,0,0,0,0,0,0,0,0,0,0,0,0,0,0,0,0,0,0,0,0,0,0,0,28,221
170,85,2981,2837,2754,2829,3365,2855,2871,2906,0,0,0,0,0,0,0,0,0,0,0,0,0,0,0,0,0,0,0,0,0,0,0,0,0,0,0,232,221
170,85,3004,2814,2768,2832,3373,2873,2877,2869,0,0,0,0,0,0,0,0,0,0,0,0,0,0,0,0,0,0,0,0,0,0,0,0,0,0,0,103,222
170,85,2987,2813,2744,2820,3371,2872,2877,2899,0,0,0,0,0,0,0,0,0,0,0,0,0,0,0,0,0,0,0,0,0,0,0,0,0,0,0,110,222
170,85,2989,2815,2742,2818,3373,2884,2855,2890,0,0,0,0,0,0,0,0,0,0,0,0,0,0,0,0,0,0,0,0,0,0,0,0,0,0,0,27,222
170,85,2989,2826,2767,2818,3355,2885,2871,2886,0,0,0,0,0,0,0,0,0,0,0,0,0,0,0,0,0,0,0,0,0,0,0,0,0,0,0,189,222
170,85,2975,2801,2754,2817,3368,2893,2855,2891,0,0,0,0,0,0,0,0,0,0,0,0,0,0,0,0,0,0,0,0,0,0,0,0,0,0,0,93,222
170,85,2987,2813,2754,2828,3381,2877,2870,2899,0,0,0,0,0,0,0,0,0,0,0,0,0,0,0,0,0,0,0,0,0,0,0,0,0,0,0,12,222
170,85,2975,2800,2743,2816,3383,2881,2869,2869,0,0,0,0,0,0,0,0,0,0,0,0,0,0,0,0,0,0,0,0,0,0,0,0,0,0,0,87,222
170,85,3004,2801,2742,2824,3383,2872,2872,2896,0,0,0,0,0,0,0,0,0,0,0,0,0,0,0,0,0,0,0,0,0,0,0,0,0,0,0,109,222
170,85,2981,2812,2754,2841,3382,2900,2875,2906,0,0,0,0,0,0,0,0,0,0,0,0,0,0,0,0,0,0,0,0,0,0,0,0,0,0,0,120,222
170,85,2992,2800,2754,2830,3367,2882,2854,2869,0,0,0,0,0,0,0,0,0,0,0,0,0,0,0,0,0,0,0,0,0,0,0,0,0,0,0,3,221
170,85,2974,2837,2757,2831,3365,2896,2882,2869,0,0,0,0,0,0,0,0,0,0,0,0,0,0,0,0,0,0,0,0,0,0,0,0,0,0,0,187,221
170,85,2987,2814,2754,2818,3368,2883,2872,2867,0,0,0,0,0,0,0,0,0,0,0,0,0,0,0,0,0,0,0,0,0,0,0,0,0,0,0,12,222
170,85,3001,2814,2755,2819,3359,2882,2855,2907,0,0,0,0,0,0,0,0,0,0,0,0,0,0,0,0,0,0,0,0,0,0,0,0,0,0,0,95,222
170,85,3003,2815,2755,2817,3367,2882,2882,2885,0,0,0,0,0,0,0,0,0,0,0,0,0,0,0,0,0,0,0,0,0,0,0,0,0,0,0,29,221
170,85,3003,2832,2744,2818,3378,2903,2854,2886,0,0,0,0,0,0,0,0,0,0,0,0,0,0,0,0,0,0,0,0,0,0,0,0,0,0,0,236,221
170,85,2976,2838,2756,2825,3364,2888,2870,2910,0,0,0,0,0,0,0,0,0,0,0,0,0,0,0,0,0,0,0,0,0,0,0,0,0,0,0,135,221
170,85,2976,2802,2768,2806,3370,2893,2875,2885,0,0,0,0,0,0,0,0,0,0,0,0,0,0,0,0,0,0,0,0,0,0,0,0,0,0,0,149,221
170,85,2982,2827,2743,2830,3380,2883,2890,2879,0,0,0,0,0,0,0,0,0,0,0,0,0,0,0,0,0,0,0,0,0,0,0,0,0,0,0,238,222
170,85,3002,2808,2743,2817,3379,2882,2856,2902,0,0,0,0,0,0,0,0,0,0,0,0,0,0,0,0,0,0,0,0,0,0,0,0,0,0,0,2,221
170,85,2976,2825,2757,2828,3361,2882,2877,2868,0,0,0,0,0,0,0,0,0,0,0,0,0,0,0,0,0,0,0,0,0,0,0,0,0,0,0,242,221
170,85,3003,2824,2757,2819,3365,2875,2869,2895,0,0,0,0,0,0,0,0,0,0,0,0,0,0,0,0,0,0,0,0,0,0,0,0,0,0,0,233,221
170,85,2993,2827,2757,2845,3367,2881,2877,2907,0,0,0,0,0,0,0,0,0,0,0,0,0,0,0,0,0,0,0,0,0,0,0,0,0,0,0,154,221
170,85,2981,2808,2757,2818,3395,2900,2883,2885,0,0,0,0,0,0,0,0,0,0,0,0,0,0,0,0,0,0,0,0,0,0,0,0,0,0,0,114,221
170,85,3003,2827,2756,2817,3354,2905,2872,2896,0,0,0,0,0,0,0,0,0,0,0,0,0,0,0,0,0,0,0,0,0,0,0,0,0,0,0,166,221
170,85,2975,2814,2748,2817,3382,2881,2889,2886,0,0,0,0,0,0,0,0,0,0,0,0,0,0,0,0,0,0,0,0,0,0,0,0,0,0,0,93,221
170,85,3005,2816,2770,2829,3365,2904,2871,2900,0,0,0,0,0,0,0,0,0,0,0,0,0,0,0,0,0,0,0,0,0,0,0,0,0,0,0,132,222
170,85,2983,2808,2744,2829,3368,2875,2855,2880,0,0,0,0,0,0,0,0,0,0,0,0,0,0,0,0,0,0,0,0,0,0,0,0,0,0,0,103,221
170,85,3002,2808,2757,2818,3359,2882,2874,2908,0,0,0,0,0,0,0,0,0,0,0,0,0,0,0,0,0,0,0,0,0,0,0,0,0,0,0,71,221
170,85,3004,2808,2743,2830,3359,2892,2870,2868,0,0,0,0,0,0,0,0,0,0,0,0,0,0,0,0,0,0,0,0,0,0,0,0,0,0,0,85,221
170,85,2993,2802,2743,2837,3381,2875,2869,2885,0,0,0,0,0,0,0,0,0,0,0,0,0,0,0,0,0,0,0,0,0,0,0,0,0,0,0,102,221
170,85,2988,2809,2757,2818,3399,2892,2878,2908,0,0,0,0,0,0,0,0,0,0,0,0,0,0,0,0,0,0,0,0,0,0,0,0,0,0,0,2,221
170,85,2975,2802,2771,2819,3383,2856,2877,2896,0,0,0,0,0,0,0,0,0,0,0,0,0,0,0,0,0,0,0,0,0,0,0,0,0,0,0,54,221
170,85,2988,2801,2771,2824,3365,2883,2878,2885,0,0,0,0,0,0,0,0,0,0,0,0,0,0,0,0,0,0,0,0,0,0,0,0,0,0,0,98,221
170,85,3003,2827,2772,2832,3360,2880,2872,2868,0,0,0,0,0,0,0,0,0,0,0,0,0,0,0,0,0,0,0,0,0,0,0,0,0,0,0,224,221
170,85,3003,2808,2768,2811,3360,2883,2870,2896,0,0,0,0,0,0,0,0,0,0,0,0,0,0,0,0,0,0,0,0,0,0,0,0,0,0,0,149,221
170,85,2989,2814,2757,2832,3368,2894,2870,2886,0,0,0,0,0,0,0,0,0,0,0,0,0,0,0,0,0,0,0,0,0,0,0,0,0,0,0,105,221
170,85,2990,2832,2758,2807,3372,2885,2884,2893,0,0,0,0,0,0,0,0,0,0,0,0,0,0,0,0,0,0,0,0,0,0,0,0,0,0,0,22,221
170,85,2995,2805,2744,2818,3371,2881,2871,2887,0,0,0,0,0,0,0,0,0,0,0,0,0,0,0,0,0,0,0,0,0,0,0,0,0,0,0,31,222
170,85,2983,2814,2768,2824,3358,2883,2872,2892,0,0,0,0,0,0,0,0,0,0,0,0,0,0,0,0,0,0,0,0,0,0,0,0,0,0,0,81,222
170,85,2982,2808,2758,2810,3366,2894,2853,2886,0,0,0,0,0,0,0,0,0,0,0,0,0,0,0,0,0,0,0,0,0,0,0,0,0,0,0,145,222
170,85,2989,2813,2758,2820,3370,2883,2889,2885,0,0,0,0,0,0,0,0,0,0,0,0,0,0,0,0,0,0,0,0,0,0,0,0,0,0,0,14,222
170,85,2989,2815,2757,2816,3369,2896,2881,2887,0,0,0,0,0,0,0,0,0,0,0,0,0,0,0,0,0,0,0,0,0,0,0,0,0,0,0,17,222
170,85,3004,2831,2743,2817,3373,2872,2871,2886,0,0,0,0,0,0,0,0,0,0,0,0,0,0,0,0,0,0,0,0,0,0,0,0,0,0,0,153,222
170,85,2975,2802,2756,2805,3367,2881,2869,2896,0,0,0,0,0,0,0,0,0,0,0,0,0,0,0,0,0,0,0,0,0,0,0,0,0,0,0,167,222
170,85,2989,2814,2768,2830,3385,2872,2856,2895,0,0,0,0,0,0,0,0,0,0,0,0,0,0,0,0,0,0,0,0,0,0,0,0,0,0,0,18,222
170,85,2976,2801,2755,2805,3403,2882,2881,2878,0,0,0,0,0,0,0,0,0,0,0,0,0,0,0,0,0,0,0,0,0,0,0,0,0,0,0,233,222
170,85,3002,2807,2749,2832,3387,2881,2862,2878,0,0,0,0,0,0,0,0,0,0,0,0,0,0,0,0,0,0,0,0,0,0,0,0,0,0,0,115,222
170,85,2988,2815,2742,2842,3372,2874,2883,2884,0,0,0,0,0,0,0,0,0,0,0,0,0,0,0,0,0,0,0,0,0,0,0,0,0,0,0,23,222
170,85,2990,2815,2756,2806,3373,2872,2854,2895,0,0,0,0,0,0,0,0,0,0,0,0,0,0,0,0,0,0,0,0,0,0,0,0,0,0,0,231,222
170,85,2977,2814,2756,2816,3365,2883,2869,2887,0,0,0,0,0,0,0,0,0,0,0,0,0,0,0,0,0,0,0,0,0,0,0,0,0,0,0,118,222
170,85,3003,2815,2755,2819,3372,2893,2871,2900,0,0,0,0,0,0,0,0,0,0,0,0,0,0,0,0,0,0,0,0,0,0,0,0,0,0,0,127,221
170,85,2994,2807,2754,2844,3371,2882,2876,2907,0,0,0,0,0,0,0,0,0,0,0,0,0,0,0,0,0,0,0,0,0,0,0,0,0,0,0,108,221
170,85,2996,2827,2741,2806,3381,2874,2871,2870,0,0,0,0,0,0,0,0,0,0,0,0,0,0,0,0,0,0,0,0,0,0,0,0,0,0,0,11,221
170,85,2993,2813,2743,2832,3382,2891,2889,2885,0,0,0,0,0,0,0,0,0,0,0,0,0,0,0,0,0,0,0,0,0,0,0,0,0,0,0,99,221
170,85,2988,2802,2770,2817,3366,2865,2872,2892,0,0,0,0,0,0,0,0,0,0,0,0,0,0,0,0,0,0,0,0,0,0,0,0,0,0,0,23,221
170,85,2975,2815,2757,2819,3360,2882,2855,2885,0,0,0,0,0,0,0,0,0,0,0,0,0,0,0,0,0,0,0,0,0,0,0,0,0,0,0,95,221
170,85,2994,2827,2758,2806,3367,2882,2870,2892,0,0,0,0,0,0,0,0,0,0,0,0,0,0,0,0,0,0,0,0,0,0,0,0,0,0,0,111,222
170,85,2994,2801,2755,2808,3368,2871,2871,2899,0,0,0,0,0,0,0,0,0,0,0,0,0,0,0,0,0,0,0,0,0,0,0,0,0,0,0,251,222
170,85,2989,2814,2769,2819,3370,2883,2883,2906,0,0,0,0,0,0,0,0,0,0,0,0,0,0,0,0,0,0,0,0,0,0,0,0,0,0,0,8,222
170,85,3002,2832,2768,2818,3360,2882,2852,2869,0,0,0,0,0,0,0,0,0,0,0,0,0,0,0,0,0,0,0,0,0,0,0,0,0,0,0,243,222
170,85,2974,2814,2770,2819,3372,2872,2881,2887,0,0,0,0,0,0,0,0,0,0,0,0,0,0,0,0,0,0,0,0,0,0,0,0,0,0,0,90,222
170,85,2994,2828,2758,2816,3387,2893,2871,2909,0,0,0,0,0,0,0,0,0,0,0,0,0,0,0,0,0,0,0,0,0,0,0,0,0,0,0,156,222
170,85,3004,2815,2770,2832,3363,2893,2883,2886,0,0,0,0,0,0,0,0,0,0,0,0,0,0,0,0,0,0,0,0,0,0,0,0,0,0,0,19,222
170,85,2991,2807,2768,2831,3382,2857,2875,2887,0,0,0,0,0,0,0,0,0,0,0,0,0,0,0,0,0,0,0,0,0,0,0,0,0,0,0,29,222
170,85,3001,2828,2768,2821,3373,2885,2871,2908,0,0,0,0,0,0,0,0,0,0,0,0,0,0,0,0,0,0,0,0,0,0,0,0,0,0,0,155,222
170,85,2975,2814,2758,2844,3364,2882,2875,2894,0,0,0,0,0,0,0,0,0,0,0,0,0,0,0,0,0,0,0,0,0,0,0,0,0,0,0,81,222
170,85,2975,2838,2758,2817,3374,2882,2854,2907,0,0,0,0,0,0,0,0,0,0,0,0,0,0,0,0,0,0,0,0,0,0,0,0,0,0,0,167,222
170,85,2989,2814,2741,2805,3363,2894,2871,2886,0,0,0,0,0,0,0,0,0,0,0,0,0,0,0,0,0,0,0,0,0,0,0,0,0,0,0,247,223
170,85,2974,2826,2768,2829,3372,2864,2883,2878,0,0,0,0,0,0,0,0,0,0,0,0,0,0,0,0,0,0,0,0,0,0,0,0,0,0,0,208,222
170,85,3003,2807,2767,2831,3375,2884,2870,2884,0,0,0,0,0,0,0,0,0,0,0,0,0,0,0,0,0,0,0,0,0,0,0,0,0,0,0,108,223
170,85,3005,2815,2758,2806,3404,2873,2877,2869,0,0,0,0,0,0,0,0,0,0,0,0,0,0,0,0,0,0,0,0,0,0,0,0,0,0,0,247,222
170,85,3002,2814,2757,2829,3375,2890,2869,2906,0,0,0,0,0,0,0,0,0,0,0,0,0,0,0,0,0,0,0,0,0,0,0,0,0,0,0,127,222
170,85,2989,2815,2770,2819,3403,2882,2871,2879,0,0,0,0,0,0,0,0,0,0,0,0,0,0,0,0,0,0,0,0,0,0,0,0,0,0,0,123,222
170,85,2987,2808,2743,2805,3372,2891,2851,2885,0,0,0,0,0,0,0,0,0,0,0,0,0,0,0,0,0,0,0,0,0,0,0,0,0,0,0,232,222
170,85,3003,2808,2755,2845,3402,2869,2877,2879,0,0,0,0,0,0,0,0,0,0,0,0,0,0,0,0,0,0,0,0,0,0,0,0,0,0,0,25,222
170,85,2994,2814,2756,2832,3373,2885,2872,2878,0,0,0,0,0,0,0,0,0,0,0,0,0,0,0,0,0,0,0,0,0,0,0,0,0,0,0,15,222
170,85,2988,2809,2758,2805,3372,2892,2856,2884,0,0,0,0,0,0,0,0,0,0,0,0,0,0,0,0,0,0,0,0,0,0,0,0,0,0,0,146,222
170,85,3007,2808,2757,2845,3365,2891,2863,2886,0,0,0,0,0,0,0,0,0,0,0,0,0,0,0,0,0,0,0,0,0,0,0,0,0,0,0,97,222
170,85,2982,2808,2770,2818,3405,2881,2882,2868,0,0,0,0,0,0,0,0,0,0,0,0,0,0,0,0,0,0,0,0,0,0,0,0,0,0,0,13,222
170,85,3003,2816,2769,2832,3365,2881,2871,2890,0,0,0,0,0,0,0,0,0,0,0,0,0,0,0,0,0,0,0,0,0,0,0,0,0,0,0,155,222
170,85,2989,2812,2757,2831,3373,2891,2872,2885,0,0,0,0,0,0,0,0,0,0,0,0,0,0,0,0,0,0,0,0,0,0,0,0,0,0,0,121,222
170,85,3004,2814,2770,2818,3405,2872,2855,2899,0,0,0,0,0,0,0,0,0,0,0,0,0,0,0,0,0,0,0,0,0,0,0,0,0,0,0,106,222
170,85,2993,2815,2768,2819,3372,2883,2857,2885,0,0,0,0,0,0,0,0,0,0,0,0,0,0,0,0,0,0,0,0,0,0,0,0,0,0,0,103,222
170,85,3003,2814,2756,2832,3366,2882,2856,2891,0,0,0,0,0,0,0,0,0,0,0,0,0,0,0,0,0,0,0,0,0,0,0,0,0,0,0,111,222
170,85,2978,2826,2743,2819,3376,2893,2881,2886,0,0,0,0,0,0,0,0,0,0,0,0,0,0,0,0,0,0,0,0,0,0,0,0,0,0,0,158,222
170,85,3006,2807,2745,2818,3367,2891,2870,2896,0,0,0,0,0,0,0,0,0,0,0,0,0,0,0,0,0,0,0,0,0,0,0,0,0,0,0,1,222
170,85,3007,2816,2745,2829,3367,2894,2872,2906,0,0,0,0,0,0,0,0,0,0,0,0,0,0,0,0,0,0,0,0,0,0,0,0,0,0,0,248,223
170,85,2995,2808,2758,2832,3386,2877,2893,2892,0,0,0,0,0,0,0,0,0,0,0,0,0,0,0,0,0,0,0,0,0,0,0,0,0,0,0,98,223
170,85,3005,2807,2757,2817,3373,2885,2877,2901,0,0,0,0,0,0,0,0,0,0,0,0,0,0,0,0,0,0,0,0,0,0,0,0,0,0,0,119,223
170,85,2994,2825,2771,2831,3367,2874,2855,2886,0,0,0,0,0,0,0,0,0,0,0,0,0,0,0,0,0,0,0,0,0,0,0,0,0,0,0,227,223
170,85,2981,2827,2743,2818,3374,2874,2871,2877,0,0,0,0,0,0,0,0,0,0,0,0,0,0,0,0,0,0,0,0,0,0,0,0,0,0,0,253,222
170,85,3006,2816,2758,2817,3372,2882,2872,2886,0,0,0,0,0,0,0,0,0,0,0,0,0,0,0,0,0,0,0,0,0,0,0,0,0,0,0,145,223
170,85,2975,2815,2755,2807,3374,2855,2864,2907,0,0,0,0,0,0,0,0,0,0,0,0,0,0,0,0,0,0,0,0,0,0,0,0,0,0,0,206,223
170,85,2981,2808,2770,2807,3364,2882,2871,2886,0,0,0,0,0,0,0,0,0,0,0,0,0,0,0,0,0,0,0,0,0,0,0,0,0,0,0,151,223
170,85,2987,2814,2757,2819,3365,2874,2870,2899,0,0,0,0,0,0,0,0,0,0,0,0,0,0,0,0,0,0,0,0,0,0,0,0,0,0,0,16,223
170,85,2990,2802,2746,2818,3374,2881,2882,2895,0,0,0,0,0,0,0,0,0,0,0,0,0,0,0,0,0,0,0,0,0,0,0,0,0,0,0,127,222
170,85,3004,2814,2756,2818,3386,2903,2867,2877,0,0,0,0,0,0,0,0,0,0,0,0,0,0,0,0,0,0,0,0,0,0,0,0,0,0,0,30,222
170,85,2982,2814,2757,2817,3364,2892,2870,2892,0,0,0,0,0,0,0,0,0,0,0,0,0,0,0,0,0,0,0,0,0,0,0,0,0,0,0,119,222
170,85,3004,2802,2771,2816,3365,2871,2870,2886,0,0,0,0,0,0,0,0,0,0,0,0,0,0,0,0,0,0,0,0,0,0,0,0,0,0,0,6,222
170,85,2993,2815,2768,2804,3374,2874,2855,2895,0,0,0,0,0,0,0,0,0,0,0,0,0,0,0,0,0,0,0,0,0,0,0,0,0,0,0,238,222
170,85,2988,2814,2744,2818,3403,2864,2878,2907,0,0,0,0,0,0,0,0,0,0,0,0,0,0,0,0,0,0,0,0,0,0,0,0,0,0,0,15,222
170,85,2975,2814,2754,2811,3388,2880,2890,2868,0,0,0,0,0,0,0,0,0,0,0,0,0,0,0,0,0,0,0,0,0,0,0,0,0,0,0,162,222
170,85,3003,2814,2749,2829,3374,2884,2855,2891,0,0,0,0,0,0,0,0,0,0,0,0,0,0,0,0,0,0,0,0,0,0,0,0,0,0,0,10,222
170,85,2996,2814,2742,2829,3373,2892,2877,2877,0,0,0,0,0,0,0,0,0,0,0,0,0,0,0,0,0,0,0,0,0,0,0,0,0,0,0,105,222
170,85,3003,2824,2744,2817,3375,2870,2868,2870,0,0,0,0,0,0,0,0,0,0,0,0,0,0,0,0,0,0,0,0,0,0,0,0,0,0,0,233,222
170,85,2976,2803,2756,2828,3374,2881,2881,2906,0,0,0,0,0,0,0,0,0,0,0,0,0,0,0,0,0,0,0,0,0,0,0,0,0,0,0,22,222
170,85,3000,2801,2749,2819,3374,2881,2875,2884,0,0,0,0,0,0,0,0,0,0,0,0,0,0,0,0,0,0,0,0,0,0,0,0,0,0,0,30,222
170,85,2987,2826,2756,2804,3386,2869,2869,2868,0,0,0,0,0,0,0,0,0,0,0,0,0,0,0,0,0,0,0,0,0,0,0,0,0,0,0,102,222
170,85,2992,2807,2756,2806,3364,2870,2864,2906,0,0,0,0,0,0,0,0,0,0,0,0,0,0,0,0,0,0,0,0,0,0,0,0,0,0,0,245,222
170,85,2988,2801,2744,2818,3372,2856,2876,2891,0,0,0,0,0,0,0,0,0,0,0,0,0,0,0,0,0,0,0,0,0,0,0,0,0,0,0,109,222
170,85,2987,2814,2743,2805,3373,2883,2872,2907,0,0,0,0,0,0,0,0,0,0,0,0,0,0,0,0,0,0,0,0,0,0,0,0,0,0,0,226,222
170,85,2987,2807,2755,2818,3404,2877,2869,2867,0,0,0,0,0,0,0,0,0,0,0,0,0,0,0,0,0,0,0,0,0,0,0,0,0,0,0,19,222
170,85,3002,2800,2748,2830,3370,2881,2870,2885,0,0,0,0,0,0,0,0,0,0,0,0,0,0,0,0,0,0,0,0,0,0,0,0,0,0,0,25,222
170,85,2980,2806,2749,2832,3357,2874,2869,2885,0,0,0,0,0,0,0,0,0,0,0,0,0,0,0,0,0,0,0,0,0,0,0,0,0,0,0,81,222
170,85,2981,2812,2757,2829,3358,2870,2882,2895,0,0,0,0,0,0,0,0,0,0,0,0,0,0,0,0,0,0,0,0,0,0,0,0,0,0,0,77,222
170,85,2988,2825,2757,2830,3368,2887,2870,2878,0,0,0,0,0,0,0,0,0,0,0,0,0,0,0,0,0,0,0,0,0,0,0,0,0,0,0,241,222
170,85,2993,2801,2768,2817,3360,2892,2889,2885,0,0,0,0,0,0,0,0,0,0,0,0,0,0,0,0,0,0,0,0,0,0,0,0,0,0,0,8,222
170,85,2993,2831,2749,2804,3370,2882,2883,2897,0,0,0,0,0,0,0,0,0,0,0,0,0,0,0,0,0,0,0,0,0,0,0,0,0,0,0,116,222
170,85,2987,2801,2749,2829,3366,2854,2880,2885,0,0,0,0,0,0,0,0,0,0,0,0,0,0,0,0,0,0,0,0,0,0,0,0,0,0,0,22,222
170,85,3000,2801,2755,2817,3368,2864,2863,2887,0,0,0,0,0,0,0,0,0,0,0,0,0,0,0,0,0,0,0,0,0,0,0,0,0,0,0,2,222
170,85,2987,2838,2742,2817,3378,2881,2862,2869,0,0,0,0,0,0,0,0,0,0,0,0,0,0,0,0,0,0,0,0,0,0,0,0,0,0,0,154,222
170,85,2986,2813,2767,2825,3360,2864,2853,2895,0,0,0,0,0,0,0,0,0,0,0,0,0,0,0,0,0,0,0,0,0,0,0,0,0,0,0,18,222
170,85,2974,2813,2742,2831,3368,2881,2871,2906,0,0,0,0,0,0,0,0,0,0,0,0,0,0,0,0,0,0,0,0,0,0,0,0,0,0,0,39,222
170,85,2975,2803,2754,2831,3360,2892,2873,2900,0,0,0,0,0,0,0,0,0,0,0,0,0,0,0,0,0,0,0,0,0,0,0,0,0,0,0,89,222
170,85,2987,2813,2741,2817,3356,2882,2853,2885,0,0,0,0,0,0,0,0,0,0,0,0,0,0,0,0,0,0,0,0,0,0,0,0,0,0,0,37,222
170,85,3003,2827,2767,2830,3355,2891,2853,2885,0,0,0,0,0,0,0,0,0,0,0,0,0,0,0,0,0,0,0,0,0,0,0,0,0,0,0,185,222
170,85,2975,2813,2755,2819,3366,2903,2881,2885,0,0,0,0,0,0,0,0,0,0,0,0,0,0,0,0,0,0,0,0,0,0,0,0,0,0,0,46,222
170,85,2978,2801,2754,2830,3371,2870,2869,2886,0,0,0,0,0,0,0,0,0,0,0,0,0,0,0,0,0,0,0,0,0,0,0,0,0,0,0,8,222
170,85,3000,2814,2757,2844,3366,2892,2882,2892,0,0,0,0,0,0,0,0,0,0,0,0,0,0,0,0,0,0,0,0,0,0,0,0,0,0,0,2,222
170,85,2994,2831,2749,2810,3372,2895,2855,2898,0,0,0,0,0,0,0,0,0,0,0,0,0,0,0,0,0,0,0,0,0,0,0,0,0,0,0,21,222
170,85,2988,2802,2757,2818,3359,2872,2855,2896,0,0,0,0,0,0,0,0,0,0,0,0,0,0,0,0,0,0,0,0,0,0,0,0,0,0,0,48,222
170,85,2981,2813,2769,2810,3373,2882,2855,2892,0,0,0,0,0,0,0,0,0,0,0,0,0,0,0,0,0,0,0,0,0,0,0,0,0,0,0,143,222
170,85,2976,2803,2743,2806,3381,2875,2883,2885,0,0,0,0,0,0,0,0,0,0,0,0,0,0,0,0,0,0,0,0,0,0,0,0,0,0,0,226,222
170,85,2988,2800,2744,2817,3373,2871,2872,2907,0,0,0,0,0,0,0,0,0,0,0,0,0,0,0,0,0,0,0,0,0,0,0,0,0,0,0,101,222
170,85,3002,2802,2744,2829,3374,2875,2871,2886,0,0,0,0,0,0,0,0,0,0,0,0,0,0,0,0,0,0,0,0,0,0,0,0,0,0,0,96,222
170,85,2988,2809,2757,2832,3361,2882,2871,2888,0,0,0,0,0,0,0,0,0,0,0,0,0,0,0,0,0,0,0,0,0,0,0,0,0,0,0,101,222
170,85,2982,2826,2741,2831,3372,2881,2854,2878,0,0,0,0,0,0,0,0,0,0,0,0,0,0,0,0,0,0,0,0,0,0,0,0,0,0,0,155,222
170,85,3002,2808,2757,2820,3365,2892,2873,2896,0,0,0,0,0,0,0,0,0,0,0,0,0,0,0,0,0,0,0,0,0,0,0,0,0,0,0,122,222
170,85,2988,2808,2757,2818,3367,2886,2873,2909,0,0,0,0,0,0,0,0,0,0,0,0,0,0,0,0,0,0,0,0,0,0,0,0,0,0,0,111,222
170,85,2993,2826,2756,2806,3381,2892,2872,2887,0,0,0,0,0,0,0,0,0,0,0,0,0,0,0,0,0,0,0,0,0,0,0,0,0,0,0,118,222
170,85,2994,2801,2742,2831,3398,2894,2872,2893,0,0,0,0,0,0,0,0,0,0,0,0,0,0,0,0,0,0,0,0,0,0,0,0,0,0,0,126,222
170,85,2974,2808,2757,2818,3368,2866,2855,2880,0,0,0,0,0,0,0,0,0,0,0,0,0,0,0,0,0,0,0,0,0,0,0,0,0,0,0,37,222
170,85,2981,2827,2770,2831,3359,2866,2856,2891,0,0,0,0,0,0,0,0,0,0,0,0,0,0,0,0,0,0,0,0,0,0,0,0,0,0,0,197,222
170,85,2988,2827,2755,2831,3385,2882,2873,2886,0,0,0,0,0,0,0,0,0,0,0,0,0,0,0,0,0,0,0,0,0,0,0,0,0,0,0,151,222
170,85,2975,2830,2755,2818,3373,2874,2871,2887,0,0,0,0,0,0,0,0,0,0,0,0,0,0,0,0,0,0,0,0,0,0,0,0,0,0,0,207,222
170,85,2988,2816,2757,2818,3401,2895,2872,2906,0,0,0,0,0,0,0,0,0,0,0,0,0,0,0,0,0,0,0,0,0,0,0,0,0,0,0,247,222
170,85,2988,2815,2757,2817,3404,2883,2856,2909,0,0,0,0,0,0,0,0,0,0,0,0,0,0,0,0,0,0,0,0,0,0,0,0,0,0,0,20,222
170,85,3006,2814,2743,2807,3365,2892,2872,2885,0,0,0,0,0,0,0,0,0,0,0,0,0,0,0,0,0,0,0,0,0,0,0,0,0,0,0,236,223
170,85,3012,2802,2755,2820,3374,2881,2880,2893,0,0,0,0,0,0,0,0,0,0,0,0,0,0,0,0,0,0,0,0,0,0,0,0,0,0,0,106,222
170,85,2977,2815,2742,2819,3366,2892,2878,2897,0,0,0,0,0,0,0,0,0,0,0,0,0,0,0,0,0,0,0,0,0,0,0,0,0,0,0,23,223
170,85,2994,2803,2769,2829,3364,2896,2884,2908,0,0,0,0,0,0,0,0,0,0,0,0,0,0,0,0,0,0,0,0,0,0,0,0,0,0,0,8,223
170,85,3003,2827,2755,2818,3372,2884,2856,2870,0,0,0,0,0,0,0,0,0,0,0,0,0,0,0,0,0,0,0,0,0,0,0,0,0,0,0,255,223
170,85,2989,2815,2754,2817,3403,2896,2877,2908,0,0,0,0,0,0,0,0,0,0,0,0,0,0,0,0,0,0,0,0,0,0,0,0,0,0,0,18,223
170,85,2988,2839,2757,2825,3366,2894,2873,2889,0,0,0,0,0,0,0,0,0,0,0,0,0,0,0,0,0,0,0,0,0,0,0,0,0,0,0,151,222
170,85,2994,2815,2744,2818,3407,2901,2875,2887,0,0,0,0,0,0,0,0,0,0,0,0,0,0,0,0,0,0,0,0,0,0,0,0,0,0,0,104,223
170,85,2988,2814,2757,2805,3366,2892,2880,2897,0,0,0,0,0,0,0,0,0,0,0,0,0,0,0,0,0,0,0,0,0,0,0,0,0,0,0,225,223
170,85,2982,2815,2769,2842,3367,2866,2871,2901,0,0,0,0,0,0,0,0,0,0,0,0,0,0,0,0,0,0,0,0,0,0,0,0,0,0,0,28,222
170,85,2977,2825,2771,2830,3374,2894,2884,2887,0,0,0,0,0,0,0,0,0,0,0,0,0,0,0,0,0,0,0,0,0,0,0,0,0,0,0,238,223
170,85,3004,2816,2755,2807,3405,2896,2856,2897,0,0,0,0,0,0,0,0,0,0,0,0,0,0,0,0,0,0,0,0,0,0,0,0,0,0,0,21,223
170,85,2988,2802,2745,2818,3366,2884,2856,2888,0,0,0,0,0,0,0,0,0,0,0,0,0,0,0,0,0,0,0,0,0,0,0,0,0,0,0,30,222
170,85,3006,2807,2770,2818,3374,2882,2877,2898,0,0,0,0,0,0,0,0,0,0,0,0,0,0,0,0,0,0,0,0,0,0,0,0,0,0,0,99,223
170,85,2993,2802,2743,2816,3365,2865,2878,2886,0,0,0,0,0,0,0,0,0,0,0,0,0,0,0,0,0,0,0,0,0,0,0,0,0,0,0,97,223
170,85,3002,2807,2743,2817,3372,2883,2856,2898,0,0,0,0,0,0,0,0,0,0,0,0,0,0,0,0,0,0,0,0,0,0,0,0,0,0,0,23,223
170,85,3003,2814,2756,2817,3388,2882,2872,2871,0,0,0,0,0,0,0,0,0,0,0,0,0,0,0,0,0,0,0,0,0,0,0,0,0,0,0,8,223
170,85,2988,2813,2744,2816,3366,2883,2877,2885,0,0,0,0,0,0,0,0,0,0,0,0,0,0,0,0,0,0,0,0,0,0,0,0,0,0,0,13,223
170,85,2988,2813,2743,2819,3376,2893,2871,2909,0,0,0,0,0,0,0,0,0,0,0,0,0,0,0,0,0,0,0,0,0,0,0,0,0,0,0,11,223
170,85,3001,2814,2758,2817,3374,2892,2884,2889,0,0,0,0,0,0,0,0,0,0,0,0,0,0,0,0,0,0,0,0,0,0,0,0,0,0,0,22,223
170,85,3003,2802,2756,2811,3404,2884,2884,2887,0,0,0,0,0,0,0,0,0,0,0,0,0,0,0,0,0,0,0,0,0,0,0,0,0,0,0,133,222
170,85,2988,2827,2770,2829,3365,2892,2872,2893,0,0,0,0,0,0,0,0,0,0,0,0,0,0,0,0,0,0,0,0,0,0,0,0,0,0,0,156,223
170,85,2981,2807,2742,2819,3367,2894,2882,2886,0,0,0,0,0,0,0,0,0,0,0,0,0,0,0,0,0,0,0,0,0,0,0,0,0,0,0,115,223
170,85,3003,2802,2757,2805,3375,2884,2888,2894,0,0,0,0,0,0,0,0,0,0,0,0,0,0,0,0,0,0,0,0,0,0,0,0,0,0,0,236,223
170,85,2988,2814,2754,2819,3374,2882,2895,2902,0,0,0,0,0,0,0,0,0,0,0,0,0,0,0,0,0,0,0,0,0,0,0,0,0,0,0,31,223
170,85,2988,2800,2745,2832,3376,2866,2872,2888,0,0,0,0,0,0,0,0,0,0,0,0,0,0,0,0,0,0,0,0,0,0,0,0,0,0,0,126,222
170,85,3012,2827,2743,2831,3372,2883,2857,2885,0,0,0,0,0,0,0,0,0,0,0,0,0,0,0,0,0,0,0,0,0,0,0,0,0,0,0,140,223
170,85,2976,2809,2758,2806,3367,2884,2872,2897,0,0,0,0,0,0,0,0,0,0,0,0,0,0,0,0,0,0,0,0,0,0,0,0,0,0,0,155,223
170,85,3004,2815,2749,2831,3366,2883,2873,2886,0,0,0,0,0,0,0,0,0,0,0,0,0,0,0,0,0,0,0,0,0,0,0,0,0,0,0,18,223
170,85,2975,2801,2756,2829,3373,2883,2891,2886,0,0,0,0,0,0,0,0,0,0,0,0,0,0,0,0,0,0,0,0,0,0,0,0,0,0,0,61,223
170,85,2993,2801,2743,2806,3375,2884,2885,2886,0,0,0,0,0,0,0,0,0,0,0,0,0,0,0,0,0,0,0,0,0,0,0,0,0,0,0,145,223
170,85,3003,2801,2770,2830,3373,2881,2872,2897,0,0,0,0,0,0,0,0,0,0,0,0,0,0,0,0,0,0,0,0,0,0,0,0,0,0,0,106,223
170,85,3003,2808,2755,2818,3374,2906,2893,2910,0,0,0,0,0,0,0,0,0,0,0,0,0,0,0,0,0,0,0,0,0,0,0,0,0,0,0,28,223
170,85,2987,2814,2742,2818,3373,2895,2871,2897,0,0,0,0,0,0,0,0,0,0,0,0,0,0,0,0,0,0,0,0,0,0,0,0,0,0,0,28,223
170,85,2982,2802,2758,2811,3374,2885,2885,2909,0,0,0,0,0,0,0,0,0,0,0,0,0,0,0,0,0,0,0,0,0,0,0,0,0,0,0,226,223
170,85,3002,2826,2769,2806,3373,2894,2884,2886,0,0,0,0,0,0,0,0,0,0,0,0,0,0,0,0,0,0,0,0,0,0,0,0,0,0,0,15,223
170,85,2974,2801,2756,2807,3374,2905,2882,2897,0,0,0,0,0,0,0,0,0,0,0,0,0,0,0,0,0,0,0,0,0,0,0,0,0,0,0,192,222
170,85,2988,2815,2750,2817,3373,2895,2884,2886,0,0,0,0,0,0,0,0,0,0,0,0,0,0,0,0,0,0,0,0,0,0,0,0,0,0,0,117,223
170,85,3004,2813,2743,2831,3407,2884,2856,2901,0,0,0,0,0,0,0,0,0,0,0,0,0,0,0,0,0,0,0,0,0,0,0,0,0,0,0,118,223
170,85,2987,2814,2757,2832,3367,2881,2889,2901,0,0,0,0,0,0,0,0,0,0,0,0,0,0,0,0,0,0,0,0,0,0,0,0,0,0,0,3,222
170,85,3001,2802,2754,2818,3375,2884,2891,2898,0,0,0,0,0,0,0,0,0,0,0,0,0,0,0,0,0,0,0,0,0,0,0,0,0,0,0,0,223
170,85,2989,2814,2755,2819,3376,2885,2875,2899,0,0,0,0,0,0,0,0,0,0,0,0,0,0,0,0,0,0,0,0,0,0,0,0,0,0,0,119,222
170,85,3004,2802,2771,2829,3367,2884,2874,2909,0,0,0,0,0,0,0,0,0,0,0,0,0,0,0,0,0,0,0,0,0,0,0,0,0,0,0,109,223
170,85,2981,2801,2757,2807,3406,2886,2873,2888,0,0,0,0,0,0,0,0,0,0,0,0,0,0,0,0,0,0,0,0,0,0,0,0,0,0,0,231,223
170,85,2981,2807,2756,2818,3376,2892,2883,2889,0,0,0,0,0,0,0,0,0,0,0,0,0,0,0,0,0,0,0,0,0,0,0,0,0,0,0,27,222
170,85,2988,2825,2757,2819,3369,2908,2874,2888,0,0,0,0,0,0,0,0,0,0,0,0,0,0,0,0,0,0,0,0,0,0,0,0,0,0,0,156,223
170,85,2977,2802,2749,2818,3367,2898,2879,2899,0,0,0,0,0,0,0,0,0,0,0,0,0,0,0,0,0,0,0,0,0,0,0,0,0,0,0,12,223
170,85,2981,2807,2768,2831,3367,2893,2877,2898,0,0,0,0,0,0,0,0,0,0,0,0,0,0,0,0,0,0,0,0,0,0,0,0,0,0,0,113,223
170,85,2982,2801,2743,2820,3406,2906,2872,2886,0,0,0,0,0,0,0,0,0,0,0,0,0,0,0,0,0,0,0,0,0,0,0,0,0,0,0,119,223
170,85,3003,2839,2743,2825,3376,2907,2884,2911,0,0,0,0,0,0,0,0,0,0,0,0,0,0,0,0,0,0,0,0,0,0,0,0,0,0,0,154,222
170,85,2994,2801,2743,2806,3408,2884,2874,2899,0,0,0,0,0,0,0,0,0,0,0,0,0,0,0,0,0,0,0,0,0,0,0,0,0,0,0,135,223
170,85,2992,2802,2756,2831,3407,2867,2882,2899,0,0,0,0,0,0,0,0,0,0,0,0,0,0,0,0,0,0,0,0,0,0,0,0,0,0,0,29,223
170,85,2988,2814,2744,2830,3369,2902,2892,2894,0,0,0,0,0,0,0,0,0,0,0,0,0,0,0,0,0,0,0,0,0,0,0,0,0,0,0,96,223
170,85,3003,2800,2757,2828,3391,2895,2884,2885,0,0,0,0,0,0,0,0,0,0,0,0,0,0,0,0,0,0,0,0,0,0,0,0,0,0,0,10,223
170,85,3001,2814,2755,2806,3379,2894,2853,2886,0,0,0,0,0,0,0,0,0,0,0,0,0,0,0,0,0,0,0,0,0,0,0,0,0,0,0,148,223
170,85,2987,2814,2744,2831,3389,2893,2873,2900,0,0,0,0,0,0,0,0,0,0,0,0,0,0,0,0,0,0,0,0,0,0,0,0,0,0,0,6,223
170,85,3005,2814,2744,2830,3378,2902,2873,2893,0,0,0,0,0,0,0,0,0,0,0,0,0,0,0,0,0,0,0,0,0,0,0,0,0,0,0,28,223
170,85,2975,2814,2756,2806,3387,2905,2872,2899,0,0,0,0,0,0,0,0,0,0,0,0,0,0,0,0,0,0,0,0,0,0,0,0,0,0,0,162,223
170,85,2994,2826,2756,2832,3389,2867,2857,2871,0,0,0,0,0,0,0,0,0,0,0,0,0,0,0,0,0,0,0,0,0,0,0,0,0,0,0,132,223
170,85,2988,2814,2755,2828,3388,2885,2857,2898,0,0,0,0,0,0,0,0,0,0,0,0,0,0,0,0,0,0,0,0,0,0,0,0,0,0,0,102,223
170,85,2989,2827,2757,2832,3373,2883,2872,2888,0,0,0,0,0,0,0,0,0,0,0,0,0,0,0,0,0,0,0,0,0,0,0,0,0,0,0,149,223
170,85,2994,2816,2767,2830,3374,2893,2857,2888,0,0,0,0,0,0,0,0,0,0,0,0,0,0,0,0,0,0,0,0,0,0,0,0,0,0,0,137,223
170,85,3001,2828,2750,2830,3407,2883,2878,2910,0,0,0,0,0,0,0,0,0,0,0,0,0,0,0,0,0,0,0,0,0,0,0,0,0,0,0,145,223
170,85,2993,2808,2767,2806,3369,2886,2886,2909,0,0,0,0,0,0,0,0,0,0,0,0,0,0,0,0,0,0,0,0,0,0,0,0,0,0,0,252,223
170,85,2975,2813,2756,2818,3407,2883,2872,2886,0,0,0,0,0,0,0,0,0,0,0,0,0,0,0,0,0,0,0,0,0,0,0,0,0,0,0,47,223
170,85,2974,2814,2758,2805,3376,2906,2858,2871,0,0,0,0,0,0,0,0,0,0,0,0,0,0,0,0,0,0,0,0,0,0,0,0,0,0,0,220,223
170,85,2976,2801,2770,2829,3371,2903,2873,2870,0,0,0,0,0,0,0,0,0,0,0,0,0,0,0,0,0,0,0,0,0,0,0,0,0,0,0,4,223
170,85,3003,2813,2742,2805,3367,2885,2873,2894,0,0,0,0,0,0,0,0,0,0,0,0,0,0,0,0,0,0,0,0,0,0,0,0,0,0,0,232,222
170,85,2994,2829,2767,2842,3404,2883,2857,2889,0,0,0,0,0,0,0,0,0,0,0,0,0,0,0,0,0,0,0,0,0,0,0,0,0,0,0,253,223
170,85,3004,2827,2742,2812,3391,2907,2875,2870,0,0,0,0,0,0,0,0,0,0,0,0,0,0,0,0,0,0,0,0,0,0,0,0,0,0,0,109,223
170,85,3004,2816,2754,2806,3389,2867,2873,2883,0,0,0,0,0,0,0,0,0,0,0,0,0,0,0,0,0,0,0,0,0,0,0,0,0,0,0,5,223
170,85,3002,2813,2742,2842,3375,2868,2886,2887,0,0,0,0,0,0,0,0,0,0,0,0,0,0,0,0,0,0,0,0,0,0,0,0,0,0,0,8,222
170,85,2988,2802,2756,2824,3378,2884,2883,2883,0,0,0,0,0,0,0,0,0,0,0,0,0,0,0,0,0,0,0,0,0,0,0,0,0,0,0,29,222
170,85,2987,2807,2756,2817,3376,2906,2873,2887,0,0,0,0,0,0,0,0,0,0,0,0,0,0,0,0,0,0,0,0,0,0,0,0,0,0,0,116,223
170,85,3004,2831,2758,2818,3367,2867,2872,2901,0,0,0,0,0,0,0,0,0,0,0,0,0,0,0,0,0,0,0,0,0,0,0,0,0,0,0,246,223
170,85,2975,2813,2757,2827,3377,2902,2878,2888,0,0,0,0,0,0,0,0,0,0,0,0,0,0,0,0,0,0,0,0,0,0,0,0,0,0,0,68,223
170,85,2981,2814,2758,2814,3375,2905,2873,2902,0,0,0,0,0,0,0,0,0,0,0,0,0,0,0,0,0,0,0,0,0,0,0,0,0,0,0,130,222
170,85,2988,2813,2757,2829,3376,2883,2872,2887,0,0,0,0,0,0,0,0,0,0,0,0,0,0,0,0,0,0,0,0,0,0,0,0,0,0,0,108,223
170,85,2993,2825,2757,2831,3375,2858,2872,2901,0,0,0,0,0,0,0,0,0,0,0,0,0,0,0,0,0,0,0,0,0,0,0,0,0,0,0,226,222
170,85,2987,2815,2756,2817,3375,2892,2883,2887,0,0,0,0,0,0,0,0,0,0,0,0,0,0,0,0,0,0,0,0,0,0,0,0,0,0,0,15,223
170,85,2987,2813,2749,2805,3367,2892,2857,2897,0,0,0,0,0,0,0,0,0,0,0,0,0,0,0,0,0,0,0,0,0,0,0,0,0,0,0,245,223
170,85,2987,2815,2742,2811,3374,2866,2871,2876,0,0,0,0,0,0,0,0,0,0,0,0,0,0,0,0,0,0,0,0,0,0,0,0,0,0,0,246,223
170,85,2980,2837,2755,2817,3367,2857,2872,2888,0,0,0,0,0,0,0,0,0,0,0,0,0,0,0,0,0,0,0,0,0,0,0,0,0,0,0,245,223
170,85,3002,2813,2755,2818,3373,2895,2895,2910,0,0,0,0,0,0,0,0,0,0,0,0,0,0,0,0,0,0,0,0,0,0,0,0,0,0,0,12,222
170,85,2993,2801,2770,2817,3390,2883,2885,2901,0,0,0,0,0,0,0,0,0,0,0,0,0,0,0,0,0,0,0,0,0,0,0,0,0,0,0,7,223
170,85,3003,2815,2769,2806,3375,2867,2856,2889,0,0,0,0,0,0,0,0,0,0,0,0,0,0,0,0,0,0,0,0,0,0,0,0,0,0,0,230,222
170,85,2993,2813,2741,2806,3388,2878,2857,2886,0,0,0,0,0,0,0,0,0,0,0,0,0,0,0,0,0,0,0,0,0,0,0,0,0,0,0,154,223
170,85,2986,2813,2755,2829,3397,2883,2870,2870,0,0,0,0,0,0,0,0,0,0,0,0,0,0,0,0,0,0,0,0,0,0,0,0,0,0,0,102,222
170,85,3000,2824,2757,2841,3377,2894,2883,2887,0,0,0,0,0,0,0,0,0,0,0,0,0,0,0,0,0,0,0,0,0,0,0,0,0,0,0,239,222
170,85,2979,2813,2754,2804,3377,2906,2871,2887,0,0,0,0,0,0,0,0,0,0,0,0,0,0,0,0,0,0,0,0,0,0,0,0,0,0,0,139,222
170,85,2987,2814,2742,2817,3377,2874,2887,2901,0,0,0,0,0,0,0,0,0,0,0,0,0,0,0,0,0,0,0,0,0,0,0,0,0,0,0,2,222
170,85,3004,2814,2742,2827,3373,2897,2856,2887,0,0,0,0,0,0,0,0,0,0,0,0,0,0,0,0,0,0,0,0,0,0,0,0,0,0,0,21,222
170,85,3004,2814,2769,2818,3374,2874,2872,2871,0,0,0,0,0,0,0,0,0,0,0,0,0,0,0,0,0,0,0,0,0,0,0,0,0,0,0,115,222
170,85,2993,2814,2753,2817,3375,2875,2872,2886,0,0,0,0,0,0,0,0,0,0,0,0,0,0,0,0,0,0,0,0,0,0,0,0,0,0,0,28,222
170,85,2988,2802,2770,2817,3375,2884,2891,2910,0,0,0,0,0,0,0,0,0,0,0,0,0,0,0,0,0,0,0,0,0,0,0,0,0,0,0,10,223
170,85,2974,2826,2767,2817,3374,2897,2855,2893,0,0,0,0,0,0,0,0,0,0,0,0,0,0,0,0,0,0,0,0,0,0,0,0,0,0,0,183,223
170,85,2987,2815,2754,2816,3376,2883,2874,2887,0,0,0,0,0,0,0,0,0,0,0,0,0,0,0,0,0,0,0,0,0,0,0,0,0,0,0,97,222
170,85,3002,2800,2754,2804,3367,2903,2882,2895,0,0,0,0,0,0,0,0,0,0,0,0,0,0,0,0,0,0,0,0,0,0,0,0,0,0,0,249,223
170,85,2987,2800,2767,2818,3389,2882,2855,2897,0,0,0,0,0,0,0,0,0,0,0,0,0,0,0,0,0,0,0,0,0,0,0,0,0,0,0,102,223
170,85,2974,2807,2769,2816,3375,2874,2872,2886,0,0,0,0,0,0,0,0,0,0,0,0,0,0,0,0,0,0,0,0,0,0,0,0,0,0,0,42,222
170,85,2974,2815,2756,2804,3389,2894,2872,2870,0,0,0,0,0,0,0,0,0,0,0,0,0,0,0,0,0,0,0,0,0,0,0,0,0,0,0,212,223
170,85,2986,2825,2756,2829,3375,2880,2878,2900,0,0,0,0,0,0,0,0,0,0,0,0,0,0,0,0,0,0,0,0,0,0,0,0,0,0,0,151,223
170,85,2980,2826,2755,2805,3388,2883,2873,2886,0,0,0,0,0,0,0,0,0,0,0,0,0,0,0,0,0,0,0,0,0,0,0,0,0,0,0,97,222
170,85,3004,2800,2766,2831,3385,2901,2852,2908,0,0,0,0,0,0,0,0,0,0,0,0,0,0,0,0,0,0,0,0,0,0,0,0,0,0,0,96,222
170,85,2981,2814,2755,2829,3387,2882,2863,2886,0,0,0,0,0,0,0,0,0,0,0,0,0,0,0,0,0,0,0,0,0,0,0,0,0,0,0,124,223
170,85,2987,2806,2753,2816,3376,2884,2890,2886,0,0,0,0,0,0,0,0,0,0,0,0,0,0,0,0,0,0,0,0,0,0,0,0,0,0,0,29,222
170,85,2980,2813,2742,2816,3374,2871,2883,2870,0,0,0,0,0,0,0,0,0,0,0,0,0,0,0,0,0,0,0,0,0,0,0,0,0,0,0,122,222
170,85,2987,2826,2742,2805,3388,2882,2872,2894,0,0,0,0,0,0,0,0,0,0,0,0,0,0,0,0,0,0,0,0,0,0,0,0,0,0,0,19,222
170,85,2979,2812,2755,2815,3374,2882,2872,2879,0,0,0,0,0,0,0,0,0,0,0,0,0,0,0,0,0,0,0,0,0,0,0,0,0,0,0,240,223
170,85,2980,2806,2754,2829,3388,2856,2871,2907,0,0,0,0,0,0,0,0,0,0,0,0,0,0,0,0,0,0,0,0,0,0,0,0,0,0,0,28,223
170,85,3001,2813,2747,2809,3375,2883,2855,2885,0,0,0,0,0,0,0,0,0,0,0,0,0,0,0,0,0,0,0,0,0,0,0,0,0,0,0,240,222
170,85,2992,2806,2755,2803,3375,2872,2856,2886,0,0,0,0,0,0,0,0,0,0,0,0,0,0,0,0,0,0,0,0,0,0,0,0,0,0,0,247,222
170,85,3003,2812,2754,2830,3378,2883,2870,2887,0,0,0,0,0,0,0,0,0,0,0,0,0,0,0,0,0,0,0,0,0,0,0,0,0,0,0,114,223
170,85,3002,2823,2768,2818,3375,2871,2871,2886,0,0,0,0,0,0,0,0,0,0,0,0,0,0,0,0,0,0,0,0,0,0,0,0,0,0,0,254,222
170,85,2974,2813,2747,2817,3375,2855,2871,2896,0,0,0,0,0,0,0,0,0,0,0,0,0,0,0,0,0,0,0,0,0,0,0,0,0,0,0,79,223
170,85,3003,2799,2767,2816,3376,2904,2876,2885,0,0,0,0,0,0,0,0,0,0,0,0,0,0,0,0,0,0,0,0,0,0,0,0,0,0,0,115,223
170,85,3002,2826,2751,2828,3367,2855,2869,2886,0,0,0,0,0,0,0,0,0,0,0,0,0,0,0,0,0,0,0,0,0,0,0,0,0,0,0,136,222
170,85,2987,2800,2741,2842,3376,2904,2887,2899,0,0,0,0,0,0,0,0,0,0,0,0,0,0,0,0,0,0,0,0,0,0,0,0,0,0,0,113,222
170,85,3002,2813,2748,2815,3376,2857,2895,2899,0,0,0,0,0,0,0,0,0,0,0,0,0,0,0,0,0,0,0,0,0,0,0,0,0,0,0,249,223
170,85,2981,2812,2753,2842,3376,2875,2870,2885,0,0,0,0,0,0,0,0,0,0,0,0,0,0,0,0,0,0,0,0,0,0,0,0,0,0,0,3,222
170,85,2979,2806,2768,2816,3375,2883,2854,2887,0,0,0,0,0,0,0,0,0,0,0,0,0,0,0,0,0,0,0,0,0,0,0,0,0,0,0,113,221
170,85,2986,2827,2765,2803,3387,2871,2870,2884,0,0,0,0,0,0,0,0,0,0,0,0,0,0,0,0,0,0,0,0,0,0,0,0,0,0,0,24,223
170,85,3002,2813,2740,2828,3368,2881,2869,2868,0,0,0,0,0,0,0,0,0,0,0,0,0,0,0,0,0,0,0,0,0,0,0,0,0,0,0,110,221
170,85,2986,2811,2746,2816,3394,2900,2863,2885,0,0,0,0,0,0,0,0,0,0,0,0,0,0,0,0,0,0,0,0,0,0,0,0,0,0,0,110,222
170,85,2995,2825,2740,2828,3376,2884,2892,2891,0,0,0,0,0,0,0,0,0,0,0,0,0,0,0,0,0,0,0,0,0,0,0,0,0,0,0,137,222
170,85,2998,2826,2741,2840,3382,2869,2869,2891,0,0,0,0,0,0,0,0,0,0,0,0,0,0,0,0,0,0,0,0,0,0,0,0,0,0,0,148,222
170,85,3000,2812,2767,2814,3374,2880,2889,2868,0,0,0,0,0,0,0,0,0,0,0,0,0,0,0,0,0,0,0,0,0,0,0,0,0,0,0,158,221
170,85,3002,2824,2755,2815,3371,2872,2870,2868,0,0,0,0,0,0,0,0,0,0,0,0,0,0,0,0,0,0,0,0,0,0,0,0,0,0,0,102,221
170,85,2979,2813,2754,2803,3374,2870,2855,2870,0,0,0,0,0,0,0,0,0,0,0,0,0,0,0,0,0,0,0,0,0,0,0,0,0,0,0,158,223
170,85,2979,2805,2748,2829,3364,2890,2870,2906,0,0,0,0,0,0,0,0,0,0,0,0,0,0,0,0,0,0,0,0,0,0,0,0,0,0,0,28,223
170,85,2986,2811,2745,2829,3406,2875,2852,2891,0,0,0,0,0,0,0,0,0,0,0,0,0,0,0,0,0,0,0,0,0,0,0,0,0,0,0,6,222
170,85,2991,2799,2752,2829,3366,2856,2878,2906,0,0,0,0,0,0,0,0,0,0,0,0,0,0,0,0,0,0,0,0,0,0,0,0,0,0,0,30,223
170,85,3003,2799,2760,2816,3376,2872,2881,2905,0,0,0,0,0,0,0,0,0,0,0,0,0,0,0,0,0,0,0,0,0,0,0,0,0,0,0,117,223
170,85,2989,2805,2765,2816,3376,2905,2869,2885,0,0,0,0,0,0,0,0,0,0,0,0,0,0,0,0,0,0,0,0,0,0,0,0,0,0,0,117,223
170,85,2986,2808,2746,2803,3387,2853,2869,2884,0,0,0,0,0,0,0,0,0,0,0,0,0,0,0,0,0,0,0,0,0,0,0,0,0,0,0,140,223
170,85,2986,2813,2753,2815,3384,2869,2875,2895,0,0,0,0,0,0,0,0,0,0,0,0,0,0,0,0,0,0,0,0,0,0,0,0,0,0,0,232,223
170,85,2972,2806,2753,2803,3407,2871,2854,2883,0,0,0,0,0,0,0,0,0,0,0,0,0,0,0,0,0,0,0,0,0,0,0,0,0,0,0,189,223
170,85,2996,2813,2764,2816,3376,2871,2881,2866,0,0,0,0,0,0,0,0,0,0,0,0,0,0,0,0,0,0,0,0,0,0,0,0,0,0,0,8,223
170,85,2976,2825,2745,2815,3368,2870,2876,2883,0,0,0,0,0,0,0,0,0,0,0,0,0,0,0,0,0,0,0,0,0,0,0,0,0,0,0,119,223
170,85,2985,2823,2746,2813,3375,2871,2852,2884,0,0,0,0,0,0,0,0,0,0,0,0,0,0,0,0,0,0,0,0,0,0,0,0,0,0,0,104,223
170,85,2978,2811,2746,2803,3374,2870,2858,2905,0,0,0,0,0,0,0,0,0,0,0,0,0,0,0,0,0,0,0,0,0,0,0,0,0,0,0,131,222
170,85,2999,2812,2764,2827,3388,2869,2869,2882,0,0,0,0,0,0,0,0,0,0,0,0,0,0,0,0,0,0,0,0,0,0,0,0,0,0,0,11,222
170,85,3001,2804,2740,2816,3367,2870,2875,2872,0,0,0,0,0,0,0,0,0,0,0,0,0,0,0,0,0,0,0,0,0,0,0,0,0,0,0,18,222
170,85,3001,2812,2753,2829,3386,2880,2853,2889,0,0,0,0,0,0,0,0,0,0,0,0,0,0,0,0,0,0,0,0,0,0,0,0,0,0,0,102,222
170,85,2995,2823,2733,2815,3376,2869,2875,2885,0,0,0,0,0,0,0,0,0,0,0,0,0,0,0,0,0,0,0,0,0,0,0,0,0,0,0,100,222
170,85,2972,2798,2755,2816,3374,2870,2852,2884,0,0,0,0,0,0,0,0,0,0,0,0,0,0,0,0,0,0,0,0,0,0,0,0,0,0,0,48,223
170,85,2999,2810,2732,2814,3374,2881,2863,2879,0,0,0,0,0,0,0,0,0,0,0,0,0,0,0,0,0,0,0,0,0,0,0,0,0,0,0,152,223
170,85,2972,2810,2752,2801,3375,2852,2874,2866,0,0,0,0,0,0,0,0,0,0,0,0,0,0,0,0,0,0,0,0,0,0,0,0,0,0,0,172,223
170,85,2995,2810,2747,2814,3390,2870,2851,2891,0,0,0,0,0,0,0,0,0,0,0,0,0,0,0,0,0,0,0,0,0,0,0,0,0,0,0,148,223
170,85,2971,2823,2753,2814,3373,2868,2875,2864,0,0,0,0,0,0,0,0,0,0,0,0,0,0,0,0,0,0,0,0,0,0,0,0,0,0,0,72,223
170,85,2992,2810,2744,2828,3365,2884,2861,2905,0,0,0,0,0,0,0,0,0,0,0,0,0,0,0,0,0,0,0,0,0,0,0,0,0,0,0,18,223
170,85,2984,2806,2753,2807,3388,2876,2889,2855,0,0,0,0,0,0,0,0,0,0,0,0,0,0,0,0,0,0,0,0,0,0,0,0,0,0,0,254,223
170,85,2985,2823,2756,2814,3373,2867,2851,2855,0,0,0,0,0,0,0,0,0,0,0,0,0,0,0,0,0,0,0,0,0,0,0,0,0,0,0,119,223
170,85,2978,2813,2737,2826,3377,2870,2863,2855,0,0,0,0,0,0,0,0,0,0,0,0,0,0,0,0,0,0,0,0,0,0,0,0,0,0,0,18,223
170,85,2995,2805,2739,2815,3389,2870,2861,2871,0,0,0,0,0,0,0,0,0,0,0,0,0,0,0,0,0,0,0,0,0,0,0,0,0,0,0,227,223
170,85,2985,2798,2752,2826,3379,2881,2868,2872,0,0,0,0,0,0,0,0,0,0,0,0,0,0,0,0,0,0,0,0,0,0,0,0,0,0,0,10,223
170,85,2977,2812,2742,2802,3402,2881,2871,2873,0,0,0,0,0,0,0,0,0,0,0,0,0,0,0,0,0,0,0,0,0,0,0,0,0,0,0,228,223
170,85,2999,2811,2731,2802,3391,2869,2867,2884,0,0,0,0,0,0,0,0,0,0,0,0,0,0,0,0,0,0,0,0,0,0,0,0,0,0,0,144,223
170,85,2985,2799,2747,2815,3404,2869,2852,2897,0,0,0,0,0,0,0,0,0,0,0,0,0,0,0,0,0,0,0,0,0,0,0,0,0,0,0,246,223
170,85,2971,2810,2763,2828,3388,2851,2874,2873,0,0,0,0,0,0,0,0,0,0,0,0,0,0,0,0,0,0,0,0,0,0,0,0,0,0,0,67,223
170,85,2969,2822,2763,2813,3391,2852,2868,2882,0,0,0,0,0,0,0,0,0,0,0,0,0,0,0,0,0,0,0,0,0,0,0,0,0,0,0,61,223
170,85,2979,2821,2744,2824,3391,2851,2867,2872,0,0,0,0,0,0,0,0,0,0,0,0,0,0,0,0,0,0,0,0,0,0,0,0,0,0,0,249,222
170,85,2985,2811,2752,2815,3389,2869,2858,2872,0,0,0,0,0,0,0,0,0,0,0,0,0,0,0,0,0,0,0,0,0,0,0,0,0,0,0,143,222
170,85,2990,2810,2731,2826,3390,2862,2868,2882,0,0,0,0,0,0,0,0,0,0,0,0,0,0,0,0,0,0,0,0,0,0,0,0,0,0,0,106,222
170,85,2983,2798,2764,2826,3393,2879,2867,2877,0,0,0,0,0,0,0,0,0,0,0,0,0,0,0,0,0,0,0,0,0,0,0,0,0,0,0,6,222
170,85,2970,2811,2730,2801,3390,2875,2850,2872,0,0,0,0,0,0,0,0,0,0,0,0,0,0,0,0,0,0,0,0,0,0,0,0,0,0,0,221,222
170,85,2978,2821,2736,2801,3392,2851,2874,2867,0,0,0,0,0,0,0,0,0,0,0,0,0,0,0,0,0,0,0,0,0,0,0,0,0,0,0,117,223
170,85,2984,2809,2751,2815,3388,2869,2867,2870,0,0,0,0,0,0,0,0,0,0,0,0,0,0,0,0,0,0,0,0,0,0,0,0,0,0,0,229,223
170,85,2978,2812,2730,2814,3390,2857,2872,2871,0,0,0,0,0,0,0,0,0,0,0,0,0,0,0,0,0,0,0,0,0,0,0,0,0,0,0,234,223
170,85,2977,2810,2744,2826,3422,2879,2867,2884,0,0,0,0,0,0,0,0,0,0,0,0,0,0,0,0,0,0,0,0,0,0,0,0,0,0,0,6,223
170,85,2977,2811,2744,2812,3389,2868,2866,2885,0,0,0,0,0,0,0,0,0,0,0,0,0,0,0,0,0,0,0,0,0,0,0,0,0,0,0,152,223
170,85,2971,2802,2754,2829,3381,2879,2878,2864,0,0,0,0,0,0,0,0,0,0,0,0,0,0,0,0,0,0,0,0,0,0,0,0,0,0,0,91,222
170,85,2984,2796,2754,2815,3390,2862,2868,2880,0,0,0,0,0,0,0,0,0,0,0,0,0,0,0,0,0,0,0,0,0,0,0,0,0,0,0,229,223
170,85,2981,2821,2736,2816,3381,2861,2866,2871,0,0,0,0,0,0,0,0,0,0,0,0,0,0,0,0,0,0,0,0,0,0,0,0,0,0,0,245,223
170,85,2976,2822,2729,2826,3392,2857,2867,2878,0,0,0,0,0,0,0,0,0,0,0,0,0,0,0,0,0,0,0,0,0,0,0,0,0,0,0,153,223
170,85,2978,2809,2754,2806,3398,2851,2849,2886,0,0,0,0,0,0,0,0,0,0,0,0,0,0,0,0,0,0,0,0,0,0,0,0,0,0,0,149,223
170,85,2976,2823,2729,2806,3381,2867,2866,2864,0,0,0,0,0,0,0,0,0,0,0,0,0,0,0,0,0,0,0,0,0,0,0,0,0,0,0,5,223
170,85,2983,2821,2737,2801,3389,2879,2879,2853,0,0,0,0,0,0,0,0,0,0,0,0,0,0,0,0,0,0,0,0,0,0,0,0,0,0,0,3,223
170,85,2983,2796,2729,2825,3381,2878,2873,2876,0,0,0,0,0,0,0,0,0,0,0,0,0,0,0,0,0,0,0,0,0,0,0,0,0,0,0,28,223
170,85,2983,2795,2743,2814,3421,2866,2859,2852,0,0,0,0,0,0,0,0,0,0,0,0,0,0,0,0,0,0,0,0,0,0,0,0,0,0,0,157,223
170,85,2998,2821,2731,2799,3389,2866,2867,2854,0,0,0,0,0,0,0,0,0,0,0,0,0,0,0,0,0,0,0,0,0,0,0,0,0,0,0,20,223
170,85,2971,2802,2743,2812,3403,2878,2868,2854,0,0,0,0,0,0,0,0,0,0,0,0,0,0,0,0,0,0,0,0,0,0,0,0,0,0,0,189,223
170,85,2999,2822,2728,2799,3391,2867,2867,2853,0,0,0,0,0,0,0,0,0,0,0,0,0,0,0,0,0,0,0,0,0,0,0,0,0,0,0,21,223
170,85,2982,2810,2736,2813,3397,2868,2865,2880,0,0,0,0,0,0,0,0,0,0,0,0,0,0,0,0,0,0,0,0,0,0,0,0,0,0,0,233,224
170,85,2983,2803,2731,2806,3382,2851,2847,2872,0,0,0,0,0,0,0,0,0,0,0,0,0,0,0,0,0,0,0,0,0,0,0,0,0,0,0,195,224
170,85,2971,2797,2731,2814,3391,2851,2870,2870,0,0,0,0,0,0,0,0,0,0,0,0,0,0,0,0,0,0,0,0,0,0,0,0,0,0,0,199,224
170,85,2970,2796,2755,2826,3390,2879,2866,2853,0,0,0,0,0,0,0,0,0,0,0,0,0,0,0,0,0,0,0,0,0,0,0,0,0,0,0,80,224
170,85,2997,2803,2736,2839,3392,2874,2861,2877,0,0,0,0,0,0,0,0,0,0,0,0,0,0,0,0,0,0,0,0,0,0,0,0,0,0,0,114,224
170,85,3000,2797,2730,2829,3390,2881,2885,2871,0,0,0,0,0,0,0,0,0,0,0,0,0,0,0,0,0,0,0,0,0,0,0,0,0,0,0,6,224
170,85,2998,2796,2746,2800,3381,2856,2866,2882,0,0,0,0,0,0,0,0,0,0,0,0,0,0,0,0,0,0,0,0,0,0,0,0,0,0,0,133,224
170,85,2969,2802,2743,2814,3388,2868,2872,2868,0,0,0,0,0,0,0,0,0,0,0,0,0,0,0,0,0,0,0,0,0,0,0,0,0,0,0,222,224
170,85,2983,2822,2743,2800,3388,2848,2886,2877,0,0,0,0,0,0,0,0,0,0,0,0,0,0,0,0,0,0,0,0,0,0,0,0,0,0,0,120,224
170,85,2978,2809,2736,2823,3402,2856,2849,2858,0,0,0,0,0,0,0,0,0,0,0,0,0,0,0,0,0,0,0,0,0,0,0,0,0,0,0,124,224
170,85,2978,2797,2745,2801,3389,2867,2859,2884,0,0,0,0,0,0,0,0,0,0,0,0,0,0,0,0,0,0,0,0,0,0,0,0,0,0,0,158,224
170,85,2968,2804,2726,2814,3396,2880,2850,2871,0,0,0,0,0,0,0,0,0,0,0,0,0,0,0,0,0,0,0,0,0,0,0,0,0,0,0,221,224
170,85,2984,2810,2754,2806,3387,2850,2850,2853,0,0,0,0,0,0,0,0,0,0,0,0,0,0,0,0,0,0,0,0,0,0,0,0,0,0,0,128,224
170,85,2983,2810,2756,2800,3380,2851,2872,2871,0,0,0,0,0,0,0,0,0,0,0,0,0,0,0,0,0,0,0,0,0,0,0,0,0,0,0,137,224
170,85,2977,2801,2745,2800,3373,2851,2865,2875,0,0,0,0,0,0,0,0,0,0,0,0,0,0,0,0,0,0,0,0,0,0,0,0,0,0,0,229,224
170,85,2983,2823,2729,2801,3401,2850,2887,2873,0,0,0,0,0,0,0,0,0,0,0,0,0,0,0,0,0,0,0,0,0,0,0,0,0,0,0,20,224
170,85,2984,2809,2742,2801,3386,2883,2881,2888,0,0,0,0,0,0,0,0,0,0,0,0,0,0,0,0,0,0,0,0,0,0,0,0,0,0,0,158,224
170,85,2970,2810,2729,2802,3404,2868,2866,2855,0,0,0,0,0,0,0,0,0,0,0,0,0,0,0,0,0,0,0,0,0,0,0,0,0,0,0,174,223
170,85,2983,2797,2731,2808,3386,2879,2866,2877,0,0,0,0,0,0,0,0,0,0,0,0,0,0,0,0,0,0,0,0,0,0,0,0,0,0,0,235,223
170,85,2983,2796,2732,2815,3371,2852,2853,2866,0,0,0,0,0,0,0,0,0,0,0,0,0,0,0,0,0,0,0,0,0,0,0,0,0,0,0,248,224
170,85,2971,2803,2757,2816,3401,2869,2867,2855,0,0,0,0,0,0,0,0,0,0,0,0,0,0,0,0,0,0,0,0,0,0,0,0,0,0,0,60,223
170,85,2970,2810,2730,2803,3382,2868,2877,2872,0,0,0,0,0,0,0,0,0,0,0,0,0,0,0,0,0,0,0,0,0,0,0,0,0,0,0,198,223
170,85,2999,2796,2754,2808,3365,2869,2850,2889,0,0,0,0,0,0,0,0,0,0,0,0,0,0,0,0,0,0,0,0,0,0,0,0,0,0,0,226,223
170,85,2971,2800,2757,2828,3368,2871,2873,2875,0,0,0,0,0,0,0,0,0,0,0,0,0,0,0,0,0,0,0,0,0,0,0,0,0,0,0,70,223
170,85,2977,2798,2754,2840,3358,2884,2862,2883,0,0,0,0,0,0,0,0,0,0,0,0,0,0,0,0,0,0,0,0,0,0,0,0,0,0,0,91,223
170,85,2989,2806,2756,2818,3362,2877,2880,2900,0,0,0,0,0,0,0,0,0,0,0,0,0,0,0,0,0,0,0,0,0,0,0,0,0,0,0,111,223
170,85,2969,2807,2746,2805,3400,2859,2871,2888,0,0,0,0,0,0,0,0,0,0,0,0,0,0,0,0,0,0,0,0,0,0,0,0,0,0,0,197,223
170,85,2978,2808,2768,2820,3368,2875,2868,2886,0,0,0,0,0,0,0,0,0,0,0,0,0,0,0,0,0,0,0,0,0,0,0,0,0,0,0,22,223
170,85,2997,2804,2757,2807,3368,2874,2870,2882,0,0,0,0,0,0,0,0,0,0,0,0,0,0,0,0,0,0,0,0,0,0,0,0,0,0,0,237,223
170,85,2983,2814,2757,2824,3366,2871,2851,2893,0,0,0,0,0,0,0,0,0,0,0,0,0,0,0,0,0,0,0,0,0,0,0,0,0,0,0,18,224
170,85,2971,2806,2756,2810,3359,2885,2868,2881,0,0,0,0,0,0,0,0,0,0,0,0,0,0,0,0,0,0,0,0,0,0,0,0,0,0,0,132,223
170,85,2984,2824,2736,2816,3357,2881,2853,2888,0,0,0,0,0,0,0,0,0,0,0,0,0,0,0,0,0,0,0,0,0,0,0,0,0,0,0,217,223
170,85,3007,2800,2742,2816,3358,2872,2867,2897,0,0,0,0,0,0,0,0,0,0,0,0,0,0,0,0,0,0,0,0,0,0,0,0,0,0,0,68,223
170,85,2977,2798,2734,2805,3359,2871,2867,2893,0,0,0,0,0,0,0,0,0,0,0,0,0,0,0,0,0,0,0,0,0,0,0,0,0,0,0,186,223
170,85,2971,2824,2734,2817,3373,2881,2849,2905,0,0,0,0,0,0,0,0,0,0,0,0,0,0,0,0,0,0,0,0,0,0,0,0,0,0,0,208,223
170,85,2998,2812,2756,2817,3372,2870,2878,2906,0,0,0,0,0,0,0,0,0,0,0,0,0,0,0,0,0,0,0,0,0,0,0,0,0,0,0,8,223
170,85,3001,2804,2759,2827,3369,2869,2849,2883,0,0,0,0,0,0,0,0,0,0,0,0,0,0,0,0,0,0,0,0,0,0,0,0,0,0,0,6,223
170,85,2971,2811,2734,2810,3365,2851,2866,2885,0,0,0,0,0,0,0,0,0,0,0,0,0,0,0,0,0,0,0,0,0,0,0,0,0,0,0,189,223
170,85,2983,2825,2732,2827,3373,2857,2866,2883,0,0,0,0,0,0,0,0,0,0,0,0,0,0,0,0,0,0,0,0,0,0,0,0,0,0,0,132,223
170,85,2998,2799,2759,2809,3363,2869,2849,2885,0,0,0,0,0,0,0,0,0,0,0,0,0,0,0,0,0,0,0,0,0,0,0,0,0,0,0,237,223
170,85,2977,2799,2746,2815,3368,2870,2868,2879,0,0,0,0,0,0,0,0,0,0,0,0,0,0,0,0,0,0,0,0,0,0,0,0,0,0,0,230,223
170,85,2970,2806,2767,2818,3366,2871,2873,2879,0,0,0,0,0,0,0,0,0,0,0,0,0,0,0,0,0,0,0,0,0,0,0,0,0,0,0,79,223
170,85,2975,2812,2747,2829,3378,2883,2869,2869,0,0,0,0,0,0,0,0,0,0,0,0,0,0,0,0,0,0,0,0,0,0,0,0,0,0,0,93,223
170,85,2975,2806,2721,2817,3367,2855,2880,2870,0,0,0,0,0,0,0,0,0,0,0,0,0,0,0,0,0,0,0,0,0,0,0,0,0,0,0,70,223
170,85,2975,2826,2736,2819,3369,2872,2870,2886,0,0,0,0,0,0,0,0,0,0,0,0,0,0,0,0,0,0,0,0,0,0,0,0,0,0,0,191,220
170,85,2975,2824,2760,2818,3368,2886,2854,2872,0,0,0,0,0,0,0,0,0,0,0,0,0,0,0,0,0,0,0,0,0,0,0,0,0,0,0,213,224
170,85,2995,2827,2754,2819,3352,2874,2869,2895,0,0,0,0,0,0,0,0,0,0,0,0,0,0,0,0,0,0,0,0,0,0,0,0,0,0,0,217,223
170,85,2969,2799,2747,2818,3359,2873,2852,2888,0,0,0,0,0,0,0,0,0,0,0,0,0,0,0,0,0,0,0,0,0,0,0,0,0,0,0,124,223
170,85,2983,2813,2741,2831,3365,2874,2851,2896,0,0,0,0,0,0,0,0,0,0,0,0,0,0,0,0,0,0,0,0,0,0,0,0,0,0,0,117,221
170,85,2981,2812,2749,2804,3374,2854,2861,2885,0,0,0,0,0,0,0,0,0,0,0,0,0,0,0,0,0,0,0,0,0,0,0,0,0,0,0,136,224
170,85,2976,2812,2759,2827,3362,2853,2867,2884,0,0,0,0,0,0,0,0,0,0,0,0,0,0,0,0,0,0,0,0,0,0,0,0,0,0,0,25,223
170,85,2970,2799,2724,2829,3363,2856,2868,2883,0,0,0,0,0,0,0,0,0,0,0,0,0,0,0,0,0,0,0,0,0,0,0,0,0,0,0,89,223
170,85,2988,2807,2747,2817,3363,2873,2851,2872,0,0,0,0,0,0,0,0,0,0,0,0,0,0,0,0,0,0,0,0,0,0,0,0,0,0,0,25,223
170,85,2971,2812,2735,2819,3395,2872,2874,2886,0,0,0,0,0,0,0,0,0,0,0,0,0,0,0,0,0,0,0,0,0,0,0,0,0,0,0,53,223
170,85,2998,2824,2746,2809,3356,2873,2852,2893,0,0,0,0,0,0,0,0,0,0,0,0,0,0,0,0,0,0,0,0,0,0,0,0,0,0,0,72,223
170,85,2985,2811,2747,2827,3365,2854,2867,2885,0,0,0,0,0,0,0,0,0,0,0,0,0,0,0,0,0,0,0,0,0,0,0,0,0,0,0,110,223
170,85,2971,2811,2746,2810,3363,2871,2866,2884,0,0,0,0,0,0,0,0,0,0,0,0,0,0,0,0,0,0,0,0,0,0,0,0,0,0,0,186,223
170,85,2970,2798,2732,2817,3355,2871,2867,2890,0,0,0,0,0,0,0,0,0,0,0,0,0,0,0,0,0,0,0,0,0,0,0,0,0,0,0,117,223
170,85,2984,2803,2759,2817,3355,2870,2852,2880,0,0,0,0,0,0,0,0,0,0,0,0,0,0,0,0,0,0,0,0,0,0,0,0,0,0,0,45,223
170,85,3003,2799,2757,2810,3356,2869,2878,2896,0,0,0,0,0,0,0,0,0,0,0,0,0,0,0,0,0,0,0,0,0,0,0,0,0,0,0,212,223
170,85,2983,2804,2759,2817,3357,2880,2869,2867,0,0,0,0,0,0,0,0,0,0,0,0,0,0,0,0,0,0,0,0,0,0,0,0,0,0,0,55,223
170,85,2998,2799,2745,2826,3378,2853,2873,2872,0,0,0,0,0,0,0,0,0,0,0,0,0,0,0,0,0,0,0,0,0,0,0,0,0,0,0,5,223
170,85,2984,2822,2732,2829,3376,2855,2873,2886,0,0,0,0,0,0,0,0,0,0,0,0,0,0,0,0,0,0,0,0,0,0,0,0,0,0,0,159,223
170,85,2977,2810,2746,2817,3366,2880,2875,2868,0,0,0,0,0,0,0,0,0,0,0,0,0,0,0,0,0,0,0,0,0,0,0,0,0,0,0,112,223
170,85,2999,2799,2734,2816,3355,2869,2851,2893,0,0,0,0,0,0,0,0,0,0,0,0,0,0,0,0,0,0,0,0,0,0,0,0,0,0,0,79,223
170,85,2985,2799,2734,2808,3377,2871,2873,2867,0,0,0,0,0,0,0,0,0,0,0,0,0,0,0,0,0,0,0,0,0,0,0,0,0,0,0,228,223
170,85,2975,2829,2746,2817,3362,2871,2868,2885,0,0,0,0,0,0,0,0,0,0,0,0,0,0,0,0,0,0,0,0,0,0,0,0,0,0,0,181,223
170,85,2997,2811,2756,2802,3355,2870,2868,2888,0,0,0,0,0,0,0,0,0,0,0,0,0,0,0,0,0,0,0,0,0,0,0,0,0,0,0,209,223
170,85,2983,2821,2739,2816,3377,2875,2878,2891,0,0,0,0,0,0,0,0,0,0,0,0,0,0,0,0,0,0,0,0,0,0,0,0,0,0,0,150,223
170,85,2977,2821,2734,2815,3366,2891,2878,2884,0,0,0,0,0,0,0,0,0,0,0,0,0,0,0,0,0,0,0,0,0,0,0,0,0,0,0,27,223
170,85,3003,2792,2731,2803,3385,2871,2861,2871,0,0,0,0,0,0,0,0,0,0,0,0,0,0,0,0,0,0,0,0,0,0,0,0,0,0,0,231,223
170,85,2997,2799,2734,2827,3365,2852,2850,2883,0,0,0,0,0,0,0,0,0,0,0,0,0,0,0,0,0,0,0,0,0,0,0,0,0,0,0,102,223
170,85,2976,2804,2743,2817,3376,2882,2862,2868,0,0,0,0,0,0,0,0,0,0,0,0,0,0,0,0,0,0,0,0,0,0,0,0,0,0,0,115,223
170,85,2999,2811,2733,2815,3354,2870,2861,2905,0,0,0,0,0,0,0,0,0,0,0,0,0,0,0,0,0,0,0,0,0,0,0,0,0,0,0,190,223
170,85,2998,2804,2745,2815,3362,2882,2857,2883,0,0,0,0,0,0,0,0,0,0,0,0,0,0,0,0,0,0,0,0,0,0,0,0,0,0,0,246,223
170,85,2983,2813,2753,2828,3363,2871,2879,2891,0,0,0,0,0,0,0,0,0,0,0,0,0,0,0,0,0,0,0,0,0,0,0,0,0,0,0,14,223
170,85,2975,2812,2733,2803,3362,2881,2873,2885,0,0,0,0,0,0,0,0,0,0,0,0,0,0,0,0,0,0,0,0,0,0,0,0,0,0,0,218,223
170,85,2999,2797,2753,2803,3362,2871,2852,2886,0,0,0,0,0,0,0,0,0,0,0,0,0,0,0,0,0,0,0,0,0,0,0,0,0,0,0,231,223
170,85,2985,2805,2747,2803,3355,2871,2886,2885,0,0,0,0,0,0,0,0,0,0,0,0,0,0,0,0,0,0,0,0,0,0,0,0,0,0,0,195,223
170,85,2981,2825,2739,2828,3365,2882,2879,2869,0,0,0,0,0,0,0,0,0,0,0,0,0,0,0,0,0,0,0,0,0,0,0,0,0,0,0,134,223
170,85,2970,2803,2748,2810,3364,2871,2891,2876,0,0,0,0,0,0,0,0,0,0,0,0,0,0,0,0,0,0,0,0,0,0,0,0,0,0,0,179,224
170,85,2971,2811,2758,2818,3364,2853,2871,2869,0,0,0,0,0,0,0,0,0,0,0,0,0,0,0,0,0,0,0,0,0,0,0,0,0,0,0,94,223
170,85,2969,2822,2747,2828,3356,2883,2862,2884,0,0,0,0,0,0,0,0,0,0,0,0,0,0,0,0,0,0,0,0,0,0,0,0,0,0,0,229,223
170,85,2970,2809,2734,2802,3361,2870,2874,2880,0,0,0,0,0,0,0,0,0,0,0,0,0,0,0,0,0,0,0,0,0,0,0,0,0,0,0,170,223
170,85,2983,2811,2731,2817,3357,2893,2890,2886,0,0,0,0,0,0,0,0,0,0,0,0,0,0,0,0,0,0,0,0,0,0,0,0,0,0,0,83,223
170,85,2976,2811,2756,2814,3378,2876,2851,2891,0,0,0,0,0,0,0,0,0,0,0,0,0,0,0,0,0,0,0,0,0,0,0,0,0,0,0,255,223
170,85,2978,2803,2739,2817,3364,2853,2878,2885,0,0,0,0,0,0,0,0,0,0,0,0,0,0,0,0,0,0,0,0,0,0,0,0,0,0,0,96,223
170,85,2983,2811,2733,2816,3356,2854,2888,2885,0,0,0,0,0,0,0,0,0,0,0,0,0,0,0,0,0,0,0,0,0,0,0,0,0,0,0,63,223
170,85,2970,2810,2722,2839,3356,2879,2868,2884,0,0,0,0,0,0,0,0,0,0,0,0,0,0,0,0,0,0,0,0,0,0,0,0,0,0,0,127,223
170,85,2970,2822,2731,2829,3375,2872,2868,2863,0,0,0,0,0,0,0,0,0,0,0,0,0,0,0,0,0,0,0,0,0,0,0,0,0,0,0,206,224
170,85,2976,2812,2746,2816,3363,2870,2879,2869,0,0,0,0,0,0,0,0,0,0,0,0,0,0,0,0,0,0,0,0,0,0,0,0,0,0,0,0,224
170,85,2983,2812,2732,2815,3356,2869,2874,2873,0,0,0,0,0,0,0,0,0,0,0,0,0,0,0,0,0,0,0,0,0,0,0,0,0,0,0,218,223
170,85,2975,2796,2756,2829,3393,2871,2869,2893,0,0,0,0,0,0,0,0,0,0,0,0,0,0,0,0,0,0,0,0,0,0,0,0,0,0,0,77,223
170,85,2984,2797,2740,2817,3362,2871,2851,2877,0,0,0,0,0,0,0,0,0,0,0,0,0,0,0,0,0,0,0,0,0,0,0,0,0,0,0,2,223
170,85,2979,2805,2731,2816,3363,2869,2880,2886,0,0,0,0,0,0,0,0,0,0,0,0,0,0,0,0,0,0,0,0,0,0,0,0,0,0,0,20,223
170,85,2985,2823,2732,2831,3363,2892,2861,2895,0,0,0,0,0,0,0,0,0,0,0,0,0,0,0,0,0,0,0,0,0,0,0,0,0,0,0,248,223
170,85,2972,2797,2732,2815,3375,2870,2861,2907,0,0,0,0,0,0,0,0,0,0,0,0,0,0,0,0,0,0,0,0,0,0,0,0,0,0,0,181,223
170,85,2981,2823,2739,2826,3394,2871,2861,2882,0,0,0,0,0,0,0,0,0,0,0,0,0,0,0,0,0,0,0,0,0,0,0,0,0,0,0,249,223
170,85,2970,2812,2734,2816,3374,2853,2867,2868,0,0,0,0,0,0,0,0,0,0,0,0,0,0,0,0,0,0,0,0,0,0,0,0,0,0,0,61,223
170,85,2978,2799,2740,2804,3354,2854,2867,2899,0,0,0,0,0,0,0,0,0,0,0,0,0,0,0,0,0,0,0,0,0,0,0,0,0,0,0,169,223
170,85,2984,2800,2738,2816,3365,2854,2867,2907,0,0,0,0,0,0,0,0,0,0,0,0,0,0,0,0,0,0,0,0,0,0,0,0,0,0,0,120,223
170,85,2977,2822,2739,2826,3374,2871,2850,2881,0,0,0,0,0,0,0,0,0,0,0,0,0,0,0,0,0,0,0,0,0,0,0,0,0,0,0,156,223
170,85,2970,2804,2745,2810,3354,2867,2868,2892,0,0,0,0,0,0,0,0,0,0,0,0,0,0,0,0,0,0,0,0,0,0,0,0,0,0,0,132,223
170,85,2975,2825,2743,2828,3377,2872,2873,2898,0,0,0,0,0,0,0,0,0,0,0,0,0,0,0,0,0,0,0,0,0,0,0,0,0,0,0,183,223
170,85,2977,2805,2740,2818,3376,2872,2869,2869,0,0,0,0,0,0,0,0,0,0,0,0,0,0,0,0,0,0,0,0,0,0,0,0,0,0,0,19,223
170,85,2991,2809,2748,2803,3364,2855,2861,2885,0,0,0,0,0,0,0,0,0,0,0,0,0,0,0,0,0,0,0,0,0,0,0,0,0,0,0,138,223
170,85,2998,2799,2745,2803,3364,2878,2869,2897,0,0,0,0,0,0,0,0,0,0,0,0,0,0,0,0,0,0,0,0,0,0,0,0,0,0,0,149,223
170,85,2998,2814,2746,2816,3363,2884,2869,2886,0,0,0,0,0,0,0,0,0,0,0,0,0,0,0,0,0,0,0,0,0,0,0,0,0,0,0,31,223
170,85,2977,2825,2745,2815,3365,2884,2868,2887,0,0,0,0,0,0,0,0,0,0,0,0,0,0,0,0,0,0,0,0,0,0,0,0,0,0,0,5,223
170,85,2990,2805,2757,2803,3395,2871,2850,2887,0,0,0,0,0,0,0,0,0,0,0,0,0,0,0,0,0,0,0,0,0,0,0,0,0,0,0,132,223
170,85,2984,2805,2745,2803,3378,2870,2852,2893,0,0,0,0,0,0,0,0,0,0,0,0,0,0,0,0,0,0,0,0,0,0,0,0,0,0,0,130,223
170,85,2969,2803,2743,2817,3365,2872,2868,2886,0,0,0,0,0,0,0,0,0,0,0,0,0,0,0,0,0,0,0,0,0,0,0,0,0,0,0,74,223
170,85,2983,2812,2758,2809,3366,2855,2885,2897,0,0,0,0,0,0,0,0,0,0,0,0,0,0,0,0,0,0,0,0,0,0,0,0,0,0,0,137,223
170,85,2999,2810,2745,2802,3357,2853,2867,2886,0,0,0,0,0,0,0,0,0,0,0,0,0,0,0,0,0,0,0,0,0,0,0,0,0,0,0,179,223
170,85,2977,2810,2747,2808,3365,2871,2868,2885,0,0,0,0,0,0,0,0,0,0,0,0,0,0,0,0,0,0,0,0,0,0,0,0,0,0,0,131,223
170,85,2970,2810,2747,2828,3364,2880,2868,2906,0,0,0,0,0,0,0,0,0,0,0,0,0,0,0,0,0,0,0,0,0,0,0,0,0,0,0,36,223
170,85,2984,2799,2732,2808,3369,2869,2879,2883,0,0,0,0,0,0,0,0,0,0,0,0,0,0,0,0,0,0,0,0,0,0,0,0,0,0,0,139,223
170,85,2983,2806,2745,2817,3386,2870,2868,2868,0,0,0,0,0,0,0,0,0,0,0,0,0,0,0,0,0,0,0,0,0,0,0,0,0,0,0,28,223
170,85,3001,2803,2746,2814,3382,2853,2860,2876,0,0,0,0,0,0,0,0,0,0,0,0,0,0,0,0,0,0,0,0,0,0,0,0,0,0,0,245,223
170,85,2982,2809,2739,2816,3365,2885,2866,2891,0,0,0,0,0,0,0,0,0,0,0,0,0,0,0,0,0,0,0,0,0,0,0,0,0,0,0,12,223
170,85,2983,2812,2745,2816,3363,2869,2867,2885,0,0,0,0,0,0,0,0,0,0,0,0,0,0,0,0,0,0,0,0,0,0,0,0,0,0,0,123,223
170,85,2977,2812,2733,2814,3364,2854,2849,2885,0,0,0,0,0,0,0,0,0,0,0,0,0,0,0,0,0,0,0,0,0,0,0,0,0,0,0,144,223
170,85,3002,2823,2758,2829,3366,2869,2868,2886,0,0,0,0,0,0,0,0,0,0,0,0,0,0,0,0,0,0,0,0,0,0,0,0,0,0,0,239,223
170,85,2969,2803,2731,2817,3366,2882,2867,2896,0,0,0,0,0,0,0,0,0,0,0,0,0,0,0,0,0,0,0,0,0,0,0,0,0,0,0,62,223
170,85,2983,2808,2745,2809,3369,2883,2868,2884,0,0,0,0,0,0,0,0,0,0,0,0,0,0,0,0,0,0,0,0,0,0,0,0,0,0,0,253,223
170,85,2969,2796,2747,2809,3368,2871,2866,2869,0,0,0,0,0,0,0,0,0,0,0,0,0,0,0,0,0,0,0,0,0,0,0,0,0,0,0,215,223
170,85,2976,2822,2745,2814,3366,2871,2850,2884,0,0,0,0,0,0,0,0,0,0,0,0,0,0,0,0,0,0,0,0,0,0,0,0,0,0,0,111,223
170,85,2982,2822,2738,2816,3365,2870,2867,2890,0,0,0,0,0,0,0,0,0,0,0,0,0,0,0,0,0,0,0,0,0,0,0,0,0,0,0,128,223
170,85,2984,2809,2732,2815,3359,2872,2850,2873,0,0,0,0,0,0,0,0,0,0,0,0,0,0,0,0,0,0,0,0,0,0,0,0,0,0,0,198,223
170,85,2984,2810,2735,2810,3356,2878,2860,2883,0,0,0,0,0,0,0,0,0,0,0,0,0,0,0,0,0,0,0,0,0,0,0,0,0,0,0,178,223
170,85,2982,2811,2732,2817,3364,2868,2865,2875,0,0,0,0,0,0,0,0,0,0,0,0,0,0,0,0,0,0,0,0,0,0,0,0,0,0,0,19,223
170,85,2989,2810,2722,2809,3364,2876,2888,2874,0,0,0,0,0,0,0,0,0,0,0,0,0,0,0,0,0,0,0,0,0,0,0,0,0,0,0,158,223
170,85,2983,2811,2745,2816,3357,2871,2878,2896,0,0,0,0,0,0,0,0,0,0,0,0,0,0,0,0,0,0,0,0,0,0,0,0,0,0,0,88,223
170,85,2977,2821,2745,2829,3355,2870,2879,2868,0,0,0,0,0,0,0,0,0,0,0,0,0,0,0,0,0,0,0,0,0,0,0,0,0,0,0,206,223
170,85,2998,2804,2745,2828,3364,2852,2866,2897,0,0,0,0,0,0,0,0,0,0,0,0,0,0,0,0,0,0,0,0,0,0,0,0,0,0,0,109,223
170,85,2982,2823,2744,2822,3356,2868,2866,2885,0,0,0,0,0,0,0,0,0,0,0,0,0,0,0,0,0,0,0,0,0,0,0,0,0,0,0,184,223
170,85,2982,2824,2745,2808,3363,2875,2849,2891,0,0,0,0,0,0,0,0,0,0,0,0,0,0,0,0,0,0,0,0,0,0,0,0,0,0,0,100,223
170,85,2996,2803,2746,2809,3364,2870,2867,2880,0,0,0,0,0,0,0,0,0,0,0,0,0,0,0,0,0,0,0,0,0,0,0,0,0,0,0,157,223
170,85,2971,2810,2723,2802,3394,2869,2868,2895,0,0,0,0,0,0,0,0,0,0,0,0,0,0,0,0,0,0,0,0,0,0,0,0,0,0,0,196,223
170,85,2997,2796,2746,2827,3395,2859,2878,2891,0,0,0,0,0,0,0,0,0,0,0,0,0,0,0,0,0,0,0,0,0,0,0,0,0,0,0,12,223
170,85,2996,2797,2740,2803,3362,2854,2868,2874,0,0,0,0,0,0,0,0,0,0,0,0,0,0,0,0,0,0,0,0,0,0,0,0,0,0,0,236,223
170,85,2984,2802,2757,2803,3363,2855,2866,2872,0,0,0,0,0,0,0,0,0,0,0,0,0,0,0,0,0,0,0,0,0,0,0,0,0,0,0,154,223
170,85,2997,2804,2739,2816,3377,2853,2889,2884,0,0,0,0,0,0,0,0,0,0,0,0,0,0,0,0,0,0,0,0,0,0,0,0,0,0,0,18,223
170,85,2998,2799,2745,2815,3367,2872,2867,2891,0,0,0,0,0,0,0,0,0,0,0,0,0,0,0,0,0,0,0,0,0,0,0,0,0,0,0,128,223
170,85,2982,2821,2744,2816,3365,2868,2851,2885,0,0,0,0,0,0,0,0,0,0,0,0,0,0,0,0,0,0,0,0,0,0,0,0,0,0,0,148,223
170,85,2983,2797,2756,2802,3354,2869,2878,2873,0,0,0,0,0,0,0,0,0,0,0,0,0,0,0,0,0,0,0,0,0,0,0,0,0,0,0,172,223
170,85,2970,2798,2758,2834,3359,2879,2868,2884,0,0,0,0,0,0,0,0,0,0,0,0,0,0,0,0,0,0,0,0,0,0,0,0,0,0,0,9,223
170,85,2983,2799,2745,2815,3364,2863,2850,2880,0,0,0,0,0,0,0,0,0,0,0,0,0,0,0,0,0,0,0,0,0,0,0,0,0,0,0,159,223
170,85,2997,2797,2737,2815,3377,2880,2849,2883,0,0,0,0,0,0,0,0,0,0,0,0,0,0,0,0,0,0,0,0,0,0,0,0,0,0,0,253,223
170,85,2997,2810,2745,2828,3376,2870,2861,2905,0,0,0,0,0,0,0,0,0,0,0,0,0,0,0,0,0,0,0,0,0,0,0,0,0,0,0,113,223
170,85,2982,2809,2757,2815,3380,2852,2863,2882,0,0,0,0,0,0,0,0,0,0,0,0,0,0,0,0,0,0,0,0,0,0,0,0,0,0,0,224,223
170,85,2982,2797,2745,2814,3365,2853,2850,2890,0,0,0,0,0,0,0,0,0,0,0,0,0,0,0,0,0,0,0,0,0,0,0,0,0,0,0,156,223
170,85,2982,2803,2723,2826,3364,2881,2866,2906,0,0,0,0,0,0,0,0,0,0,0,0,0,0,0,0,0,0,0,0,0,0,0,0,0,0,0,8,222
170,85,2968,2804,2737,2802,3358,2858,2866,2885,0,0,0,0,0,0,0,0,0,0,0,0,0,0,0,0,0,0,0,0,0,0,0,0,0,0,0,148,223
170,85,2968,2803,2742,2807,3359,2852,2868,2854,0,0,0,0,0,0,0,0,0,0,0,0,0,0,0,0,0,0,0,0,0,0,0,0,0,0,0,251,222
170,85,2969,2822,2731,2825,3365,2868,2867,2881,0,0,0,0,0,0,0,0,0,0,0,0,0,0,0,0,0,0,0,0,0,0,0,0,0,0,0,166,223
170,85,2974,2803,2733,2814,3386,2851,2850,2864,0,0,0,0,0,0,0,0,0,0,0,0,0,0,0,0,0,0,0,0,0,0,0,0,0,0,0,205,222
170,85,2988,2810,2732,2813,3368,2851,2874,2873,0,0,0,0,0,0,0,0,0,0,0,0,0,0,0,0,0,0,0,0,0,0,0,0,0,0,0,247,222
170,85,2998,2823,2744,2808,3359,2870,2859,2890,0,0,0,0,0,0,0,0,0,0,0,0,0,0,0,0,0,0,0,0,0,0,0,0,0,0,0,64,222
170,85,2982,2810,2733,2815,3372,2868,2866,2889,0,0,0,0,0,0,0,0,0,0,0,0,0,0,0,0,0,0,0,0,0,0,0,0,0,0,0,149,222
170,85,2983,2821,2733,2814,3366,2869,2860,2873,0,0,0,0,0,0,0,0,0,0,0,0,0,0,0,0,0,0,0,0,0,0,0,0,0,0,0,14,222
170,85,2982,2804,2738,2803,3367,2881,2874,2882,0,0,0,0,0,0,0,0,0,0,0,0,0,0,0,0,0,0,0,0,0,0,0,0,0,0,0,245,222
170,85,2978,2811,2738,2814,3367,2870,2849,2855,0,0,0,0,0,0,0,0,0,0,0,0,0,0,0,0,0,0,0,0,0,0,0,0,0,0,0,250,222
170,85,2983,2808,2738,2814,3358,2881,2877,2906,0,0,0,0,0,0,0,0,0,0,0,0,0,0,0,0,0,0,0,0,0,0,0,0,0,0,0,211,222
170,85,2977,2797,2757,2802,3368,2857,2847,2876,0,0,0,0,0,0,0,0,0,0,0,0,0,0,0,0,0,0,0,0,0,0,0,0,0,0,0,161,222
170,85,2983,2798,2733,2813,3382,2853,2864,2855,0,0,0,0,0,0,0,0,0,0,0,0,0,0,0,0,0,0,0,0,0,0,0,0,0,0,0,229,221
170,85,2975,2811,2746,2803,3360,2891,2847,2883,0,0,0,0,0,0,0,0,0,0,0,0,0,0,0,0,0,0,0,0,0,0,0,0,0,0,0,226,221
170,85,2982,2796,2745,2827,3379,2869,2850,2871,0,0,0,0,0,0,0,0,0,0,0,0,0,0,0,0,0,0,0,0,0,0,0,0,0,0,0,18,221
170,85,2976,2820,2732,2826,3353,2870,2847,2876,0,0,0,0,0,0,0,0,0,0,0,0,0,0,0,0,0,0,0,0,0,0,0,0,0,0,0,246,221
170,85,2976,2820,2732,2801,3358,2870,2848,2890,0,0,0,0,0,0,0,0,0,0,0,0,0,0,0,0,0,0,0,0,0,0,0,0,0,0,0,66,221
170,85,2997,2802,2733,2815,3370,2880,2865,2883,0,0,0,0,0,0,0,0,0,0,0,0,0,0,0,0,0,0,0,0,0,0,0,0,0,0,0,245,221
170,85,2975,2796,2732,2814,3383,2868,2887,2864,0,0,0,0,0,0,0,0,0,0,0,0,0,0,0,0,0,0,0,0,0,0,0,0,0,0,0,173,221
170,85,2996,2810,2731,2814,3385,2868,2866,2893,0,0,0,0,0,0,0,0,0,0,0,0,0,0,0,0,0,0,0,0,0,0,0,0,0,0,0,145,221
170,85,2975,2821,2744,2813,3372,2869,2866,2890,0,0,0,0,0,0,0,0,0,0,0,0,0,0,0,0,0,0,0,0,0,0,0,0,0,0,0,71,221
170,85,2975,2821,2745,2800,3368,2868,2862,2867,0,0,0,0,0,0,0,0,0,0,0,0,0,0,0,0,0,0,0,0,0,0,0,0,0,0,0,43,221
170,85,2974,2793,2746,2814,3383,2878,2886,2878,0,0,0,0,0,0,0,0,0,0,0,0,0,0,0,0,0,0,0,0,0,0,0,0,0,0,0,186,222
170,85,2983,2804,2743,2814,3370,2862,2871,2869,0,0,0,0,0,0,0,0,0,0,0,0,0,0,0,0,0,0,0,0,0,0,0,0,0,0,0,228,221
170,85,2976,2804,2744,2826,3402,2850,2864,2870,0,0,0,0,0,0,0,0,0,0,0,0,0,0,0,0,0,0,0,0,0,0,0,0,0,0,0,113,221
170,85,2982,2821,2731,2814,3370,2875,2866,2854,0,0,0,0,0,0,0,0,0,0,0,0,0,0,0,0,0,0,0,0,0,0,0,0,0,0,0,10,221
170,85,2975,2790,2730,2807,3372,2869,2871,2853,0,0,0,0,0,0,0,0,0,0,0,0,0,0,0,0,0,0,0,0,0,0,0,0,0,0,0,215,221
170,85,2996,2796,2757,2805,3372,2869,2865,2882,0,0,0,0,0,0,0,0,0,0,0,0,0,0,0,0,0,0,0,0,0,0,0,0,0,0,0,250,221
170,85,2983,2809,2736,2830,3371,2851,2847,2871,0,0,0,0,0,0,0,0,0,0,0,0,0,0,0,0,0,0,0,0,0,0,0,0,0,0,0,57,221
170,85,2982,2823,2730,2800,3370,2866,2873,2852,0,0,0,0,0,0,0,0,0,0,0,0,0,0,0,0,0,0,0,0,0,0,0,0,0,0,0,7,221
170,85,2974,2821,2755,2801,3403,2850,2859,2882,0,0,0,0,0,0,0,0,0,0,0,0,0,0,0,0,0,0,0,0,0,0,0,0,0,0,0,80,221
170,85,2974,2795,2743,2801,3372,2868,2848,2854,0,0,0,0,0,0,0,0,0,0,0,0,0,0,0,0,0,0,0,0,0,0,0,0,0,0,0,213,221
170,85,2981,2794,2737,2802,3364,2861,2870,2878,0,0,0,0,0,0,0,0,0,0,0,0,0,0,0,0,0,0,0,0,0,0,0,0,0,0,0,245,221
170,85,2982,2797,2721,2801,3362,2868,2866,2870,0,0,0,0,0,0,0,0,0,0,0,0,0,0,0,0,0,0,0,0,0,0,0,0,0,0,0,241,221
170,85,2976,2800,2755,2807,3361,2873,2870,2854,0,0,0,0,0,0,0,0,0,0,0,0,0,0,0,0,0,0,0,0,0,0,0,0,0,0,0,148,221
170,85,2968,2820,2742,2813,3372,2855,2864,2853,0,0,0,0,0,0,0,0,0,0,0,0,0,0,0,0,0,0,0,0,0,0,0,0,0,0,0,48,222
170,85,2997,2807,2743,2815,3372,2880,2847,2869,0,0,0,0,0,0,0,0,0,0,0,0,0,0,0,0,0,0,0,0,0,0,0,0,0,0,0,180,222
170,85,2975,2808,2730,2812,3369,2859,2858,2876,0,0,0,0,0,0,0,0,0,0,0,0,0,0,0,0,0,0,0,0,0,0,0,0,0,0,0,221,222
170,85,2968,2801,2730,2813,3357,2873,2846,2882,0,0,0,0,0,0,0,0,0,0,0,0,0,0,0,0,0,0,0,0,0,0,0,0,0,0,0,190,222
170,85,2991,2796,2731,2814,3364,2876,2875,2882,0,0,0,0,0,0,0,0,0,0,0,0,0,0,0,0,0,0,0,0,0,0,0,0,0,0,0,143,222
170,85,2982,2802,2742,2813,3369,2849,2846,2863,0,0,0,0,0,0,0,0,0,0,0,0,0,0,0,0,0,0,0,0,0,0,0,0,0,0,0,222,222
170,85,2995,2794,2743,2826,3369,2857,2869,2850,0,0,0,0,0,0,0,0,0,0,0,0,0,0,0,0,0,0,0,0,0,0,0,0,0,0,0,10,223
