170,85,2810,2892,2789,2814,11525,3451,3151,3323,0,0,0,0,0,0,0,0,0,0,0,0,0,0,0,0,0,0,0,0,0,0,0,0,0,0,0,185,188
170,85,3124,2830,2791,2867,11935,3368,2887,2915,0,0,0,0,0,0,0,0,0,0,0,0,0,0,0,0,0,0,0,0,0,0,0,0,0,0,0,167,188
170,85,3134,2821,2820,2896,11976,3423,2914,2906,0,0,0,0,0,0,0,0,0,0,0,0,0,0,0,0,0,0,0,0,0,0,0,0,0,0,0,27,187
170,85,3126,2859,2773,2822,11964,3394,2959,2980,0,0,0,0,0,0,0,0,0,0,0,0,0,0,0,0,0,0,0,0,0,0,0,0,0,0,0,193,187
170,85,3127,2829,2793,2766,11949,3409,2987,2997,0,0,0,0,0,0,0,0,0,0,0,0,0,0,0,0,0,0,0,0,0,0,0,0,0,0,0,36,187
170,85,3108,2869,2760,2792,11953,3389,2964,2990,0,0,0,0,0,0,0,0,0,0,0,0,0,0,0,0,0,0,0,0,0,0,0,0,0,0,0,92,187
170,85,3128,2828,2764,2856,11959,3424,2922,2933,0,0,0,0,0,0,0,0,0,0,0,0,0,0,0,0,0,0,0,0,0,0,0,0,0,0,0,194,187
170,85,3128,2876,2780,2888,11967,3363,2929,2868,0,0,0,0,0,0,0,0,0,0,0,0,0,0,0,0,0,0,0,0,0,0,0,0,0,0,0,147,187
170,85,3144,2871,2793,2842,11955,3395,2946,2956,0,0,0,0,0,0,0,0,0,0,0,0,0,0,0,0,0,0,0,0,0,0,0,0,0,0,0,168,186
170,85,3146,2843,2752,2815,11957,3400,2976,2977,0,0,0,0,0,0,0,0,0,0,0,0,0,0,0,0,0,0,0,0,0,0,0,0,0,0,0,73,187
170,85,3098,2855,2775,2809,12012,3413,2937,2923,0,0,0,0,0,0,0,0,0,0,0,0,0,0,0,0,0,0,0,0,0,0,0,0,0,0,0,99,186
170,85,3093,2880,2785,2861,12005,3426,2890,2906,0,0,0,0,0,0,0,0,0,0,0,0,0,0,0,0,0,0,0,0,0,0,0,0,0,0,0,212,187
170,85,3147,2878,2788,2818,11992,3428,2969,2961,0,0,0,0,0,0,0,0,0,0,0,0,0,0,0,0,0,0,0,0,0,0,0,0,0,0,0,253,187
170,85,3114,2844,2761,2835,12046,3413,2951,2893,0,0,0,0,0,0,0,0,0,0,0,0,0,0,0,0,0,0,0,0,0,0,0,0,0,0,0,166,187
170,85,3129,2871,2787,2877,11965,3403,2911,2907,0,0,0,0,0,0,0,0,0,0,0,0,0,0,0,0,0,0,0,0,0,0,0,0,0,0,0,248,187
170,85,3143,2862,2800,2856,11963,3397,2951,2954,0,0,0,0,0,0,0,0,0,0,0,0,0,0,0,0,0,0,0,0,0,0,0,0,0,0,0,152,186
170,85,3127,2828,2790,2770,11979,3419,2971,2975,0,0,0,0,0,0,0,0,0,0,0,0,0,0,0,0,0,0,0,0,0,0,0,0,0,0,0,64,187
170,85,3116,2840,2779,2829,11929,3432,2952,2916,0,0,0,0,0,0,0,0,0,0,0,0,0,0,0,0,0,0,0,0,0,0,0,0,0,0,0,37,186
170,85,3105,2879,2772,2876,12051,3411,2916,2889,0,0,0,0,0,0,0,0,0,0,0,0,0,0,0,0,0,0,0,0,0,0,0,0,0,0,0,64,187
170,85,3127,2854,2779,2775,12059,3429,2993,2982,0,0,0,0,0,0,0,0,0,0,0,0,0,0,0,0,0,0,0,0,0,0,0,0,0,0,0,174,188
170,85,3132,2843,2791,2832,12065,3411,2954,2939,0,0,0,0,0,0,0,0,0,0,0,0,0,0,0,0,0,0,0,0,0,0,0,0,0,0,0,136,187
170,85,3147,2842,2752,2805,12039,3430,2899,2996,0,0,0,0,0,0,0,0,0,0,0,0,0,0,0,0,0,0,0,0,0,0,0,0,0,0,0,56,188
170,85,3130,2804,2752,2816,12031,3432,2949,2905,0,0,0,0,0,0,0,0,0,0,0,0,0,0,0,0,0,0,0,0,0,0,0,0,0,0,0,158,187
170,85,3117,2847,2763,2867,12029,3428,2899,2892,0,0,0,0,0,0,0,0,0,0,0,0,0,0,0,0,0,0,0,0,0,0,0,0,0,0,0,150,188
170,85,3104,2865,2776,2840,11981,3403,2927,2939,0,0,0,0,0,0,0,0,0,0,0,0,0,0,0,0,0,0,0,0,0,0,0,0,0,0,0,153,187
170,85,3146,2880,2758,2783,12007,3442,2976,2978,0,0,0,0,0,0,0,0,0,0,0,0,0,0,0,0,0,0,0,0,0,0,0,0,0,0,0,95,187
170,85,3126,2822,2795,2868,11998,3426,2891,2907,0,0,0,0,0,0,0,0,0,0,0,0,0,0,0,0,0,0,0,0,0,0,0,0,0,0,0,153,187
170,85,3143,2861,2798,2852,12000,3424,2937,2925,0,0,0,0,0,0,0,0,0,0,0,0,0,0,0,0,0,0,0,0,0,0,0,0,0,0,0,238,186
170,85,3147,2860,2771,2795,12018,3429,3000,2942,0,0,0,0,0,0,0,0,0,0,0,0,0,0,0,0,0,0,0,0,0,0,0,0,0,0,0,213,187
170,85,3103,2850,2765,2823,12025,3415,2962,2933,0,0,0,0,0,0,0,0,0,0,0,0,0,0,0,0,0,0,0,0,0,0,0,0,0,0,0,100,186
170,85,3115,2846,2764,2871,12018,3423,2919,2894,0,0,0,0,0,0,0,0,0,0,0,0,0,0,0,0,0,0,0,0,0,0,0,0,0,0,0,144,187
170,85,3105,2872,2772,2828,12000,3424,2905,2904,0,0,0,0,0,0,0,0,0,0,0,0,0,0,0,0,0,0,0,0,0,0,0,0,0,0,0,154,186
170,85,3132,2889,2759,2813,11998,3441,2963,2982,0,0,0,0,0,0,0,0,0,0,0,0,0,0,0,0,0,0,0,0,0,0,0,0,0,0,0,14,187
170,85,3106,2820,2797,2860,11995,3410,2923,2917,0,0,0,0,0,0,0,0,0,0,0,0,0,0,0,0,0,0,0,0,0,0,0,0,0,0,0,186,187
170,85,3103,2877,2804,2841,12003,3409,2927,2891,0,0,0,0,0,0,0,0,0,0,0,0,0,0,0,0,0,0,0,0,0,0,0,0,0,0,0,131,186
170,85,3148,2888,2788,2775,11980,3432,2967,2952,0,0,0,0,0,0,0,0,0,0,0,0,0,0,0,0,0,0,0,0,0,0,0,0,0,0,0,87,187
170,85,3130,2842,2790,2815,11917,3435,2961,2930,0,0,0,0,0,0,0,0,0,0,0,0,0,0,0,0,0,0,0,0,0,0,0,0,0,0,0,231,186
170,85,3121,2859,2768,2866,11973,3426,2926,2882,0,0,0,0,0,0,0,0,0,0,0,0,0,0,0,0,0,0,0,0,0,0,0,0,0,0,0,169,187
170,85,3127,2882,2810,2834,11928,3422,2960,2909,0,0,0,0,0,0,0,0,0,0,0,0,0,0,0,0,0,0,0,0,0,0,0,0,0,0,0,76,186
170,85,3157,2860,2799,2809,11937,3417,2974,2954,0,0,0,0,0,0,0,0,0,0,0,0,0,0,0,0,0,0,0,0,0,0,0,0,0,0,0,88,187
170,85,3079,2828,2797,2866,11960,3431,2897,2896,0,0,0,0,0,0,0,0,0,0,0,0,0,0,0,0,0,0,0,0,0,0,0,0,0,0,0,208,187
170,85,3109,2892,2814,2850,11949,3429,2947,2896,0,0,0,0,0,0,0,0,0,0,0,0,0,0,0,0,0,0,0,0,0,0,0,0,0,0,0,116,186
170,85,3137,2863,2769,2806,11949,3419,2979,2968,0,0,0,0,0,0,0,0,0,0,0,0,0,0,0,0,0,0,0,0,0,0,0,0,0,0,0,95,187
170,85,3145,2831,2759,2807,12026,3423,2879,2977,0,0,0,0,0,0,0,0,0,0,0,0,0,0,0,0,0,0,0,0,0,0,0,0,0,0,0,150,187
170,85,3116,2803,2802,2867,12016,3437,2898,2887,0,0,0,0,0,0,0,0,0,0,0,0,0,0,0,0,0,0,0,0,0,0,0,0,0,0,0,77,187
170,85,3119,2844,2785,2853,11995,3428,2938,2908,0,0,0,0,0,0,0,0,0,0,0,0,0,0,0,0,0,0,0,0,0,0,0,0,0,0,0,180,187
170,85,3145,2868,2773,2813,12024,3430,2925,2956,0,0,0,0,0,0,0,0,0,0,0,0,0,0,0,0,0,0,0,0,0,0,0,0,0,0,0,241,187
170,85,3127,2802,2763,2860,11960,3426,2925,2904,0,0,0,0,0,0,0,0,0,0,0,0,0,0,0,0,0,0,0,0,0,0,0,0,0,0,0,22,187
170,85,3115,2882,2788,2838,11923,3415,2922,2901,0,0,0,0,0,0,0,0,0,0,0,0,0,0,0,0,0,0,0,0,0,0,0,0,0,0,0,186,187
170,85,3142,2864,2777,2797,11939,3430,2953,2945,0,0,0,0,0,0,0,0,0,0,0,0,0,0,0,0,0,0,0,0,0,0,0,0,0,0,0,84,187
170,85,3128,2864,2792,2778,11949,3428,2958,2952,0,0,0,0,0,0,0,0,0,0,0,0,0,0,0,0,0,0,0,0,0,0,0,0,0,0,0,46,187
170,85,3105,2833,2791,2858,11957,3429,2921,2882,0,0,0,0,0,0,0,0,0,0,0,0,0,0,0,0,0,0,0,0,0,0,0,0,0,0,0,220,187
170,85,3120,2870,2818,2872,11939,3426,2939,2883,0,0,0,0,0,0,0,0,0,0,0,0,0,0,0,0,0,0,0,0,0,0,0,0,0,0,0,30,187
170,85,3144,2857,2772,2835,11931,3428,2954,2965,0,0,0,0,0,0,0,0,0,0,0,0,0,0,0,0,0,0,0,0,0,0,0,0,0,0,0,156,187
170,85,3079,2835,2793,2855,11949,3427,2901,2908,0,0,0,0,0,0,0,0,0,0,0,0,0,0,0,0,0,0,0,0,0,0,0,0,0,0,0,199,187
170,85,3094,2882,2798,2892,11895,3410,2929,2894,0,0,0,0,0,0,0,0,0,0,0,0,0,0,0,0,0,0,0,0,0,0,0,0,0,0,0,54,186
170,85,3140,2894,2792,2789,11890,3432,2966,2951,0,0,0,0,0,0,0,0,0,0,0,0,0,0,0,0,0,0,0,0,0,0,0,0,0,0,0,215,185
170,85,3135,2832,2764,2803,11807,3433,2961,2976,0,0,0,0,0,0,0,0,0,0,0,0,0,0,0,0,0,0,0,0,0,0,0,0,0,0,0,140,186
170,85,3106,2879,2801,2861,11820,3442,2952,2888,0,0,0,0,0,0,0,0,0,0,0,0,0,0,0,0,0,0,0,0,0,0,0,0,0,0,0,133,186
170,85,3131,2863,2823,2880,11700,3385,2904,2888,0,0,0,0,0,0,0,0,0,0,0,0,0,0,0,0,0,0,0,0,0,0,0,0,0,0,0,22,186
170,85,3136,2870,2760,2829,11842,3410,2973,2943,0,0,0,0,0,0,0,0,0,0,0,0,0,0,0,0,0,0,0,0,0,0,0,0,0,0,0,155,185
170,85,3100,2836,2775,2861,11850,3432,2940,2903,0,0,0,0,0,0,0,0,0,0,0,0,0,0,0,0,0,0,0,0,0,0,0,0,0,0,0,33,186
170,85,3127,2889,2815,2898,11780,3386,2929,2910,0,0,0,0,0,0,0,0,0,0,0,0,0,0,0,0,0,0,0,0,0,0,0,0,0,0,0,24,186
170,85,3122,2854,2764,2839,11806,3400,2924,2944,0,0,0,0,0,0,0,0,0,0,0,0,0,0,0,0,0,0,0,0,0,0,0,0,0,0,0,175,186
170,85,3130,2857,2778,2783,11844,3421,2985,2960,0,0,0,0,0,0,0,0,0,0,0,0,0,0,0,0,0,0,0,0,0,0,0,0,0,0,0,237,186
170,85,3114,2866,2760,2828,11866,3395,2940,2899,0,0,0,0,0,0,0,0,0,0,0,0,0,0,0,0,0,0,0,0,0,0,0,0,0,0,0,48,186
170,85,3101,2820,2800,2872,11817,3431,2844,2914,0,0,0,0,0,0,0,0,0,0,0,0,0,0,0,0,0,0,0,0,0,0,0,0,0,0,0,59,186
170,85,3133,2835,2819,2867,11808,3427,2906,2904,0,0,0,0,0,0,0,0,0,0,0,0,0,0,0,0,0,0,0,0,0,0,0,0,0,0,0,132,186
170,85,3103,2816,2757,2816,11842,3410,2950,2929,0,0,0,0,0,0,0,0,0,0,0,0,0,0,0,0,0,0,0,0,0,0,0,0,0,0,0,231,186
170,85,3118,2808,2778,2876,11854,3416,2903,2891,0,0,0,0,0,0,0,0,0,0,0,0,0,0,0,0,0,0,0,0,0,0,0,0,0,0,0,225,187
170,85,3142,2846,2793,2863,11942,3426,2930,2903,0,0,0,0,0,0,0,0,0,0,0,0,0,0,0,0,0,0,0,0,0,0,0,0,0,0,0,165,186
170,85,3144,2869,2790,2787,11882,3419,2970,2957,0,0,0,0,0,0,0,0,0,0,0,0,0,0,0,0,0,0,0,0,0,0,0,0,0,0,0,133,187
170,85,3124,2868,2766,2821,11837,3446,2973,2938,0,0,0,0,0,0,0,0,0,0,0,0,0,0,0,0,0,0,0,0,0,0,0,0,0,0,0,189,187
170,85,3100,2846,2808,2854,11918,3431,2941,2881,0,0,0,0,0,0,0,0,0,0,0,0,0,0,0,0,0,0,0,0,0,0,0,0,0,0,0,211,187
170,85,3093,2879,2824,2873,11876,3410,2931,2886,0,0,0,0,0,0,0,0,0,0,0,0,0,0,0,0,0,0,0,0,0,0,0,0,0,0,0,195,187
170,85,3104,2853,2775,2811,11904,3416,2971,2929,0,0,0,0,0,0,0,0,0,0,0,0,0,0,0,0,0,0,0,0,0,0,0,0,0,0,0,192,186
170,85,3107,2858,2774,2860,11929,3443,2931,2886,0,0,0,0,0,0,0,0,0,0,0,0,0,0,0,0,0,0,0,0,0,0,0,0,0,0,0,246,187
170,85,3119,2887,2811,2841,11868,3427,2914,2897,0,0,0,0,0,0,0,0,0,0,0,0,0,0,0,0,0,0,0,0,0,0,0,0,0,0,0,92,187
170,85,3145,2870,2807,2799,11877,3419,2930,2958,0,0,0,0,0,0,0,0,0,0,0,0,0,0,0,0,0,0,0,0,0,0,0,0,0,0,0,126,187
170,85,3142,2842,2758,2804,11895,3430,2971,2947,0,0,0,0,0,0,0,0,0,0,0,0,0,0,0,0,0,0,0,0,0,0,0,0,0,0,0,188,187
170,85,3104,2854,2776,2861,11922,3398,2936,2902,0,0,0,0,0,0,0,0,0,0,0,0,0,0,0,0,0,0,0,0,0,0,0,0,0,0,0,211,186
170,85,3130,2861,2806,2897,11832,3427,2918,2859,0,0,0,0,0,0,0,0,0,0,0,0,0,0,0,0,0,0,0,0,0,0,0,0,0,0,0,124,187
170,85,3135,2843,2755,2791,11867,3445,2973,2932,0,0,0,0,0,0,0,0,0,0,0,0,0,0,0,0,0,0,0,0,0,0,0,0,0,0,0,28,186
170,85,3094,2844,2793,2869,11788,3435,2922,2909,0,0,0,0,0,0,0,0,0,0,0,0,0,0,0,0,0,0,0,0,0,0,0,0,0,0,0,92,187
170,85,3107,2861,2822,2881,11856,3427,2925,2870,0,0,0,0,0,0,0,0,0,0,0,0,0,0,0,0,0,0,0,0,0,0,0,0,0,0,0,250,187
170,85,3150,2895,2791,2854,11796,3443,2959,2955,0,0,0,0,0,0,0,0,0,0,0,0,0,0,0,0,0,0,0,0,0,0,0,0,0,0,0,121,187
170,85,3144,2830,2761,2776,11850,3414,2967,2975,0,0,0,0,0,0,0,0,0,0,0,0,0,0,0,0,0,0,0,0,0,0,0,0,0,0,0,152,187
170,85,3117,2842,2791,2836,11876,3433,2940,2886,0,0,0,0,0,0,0,0,0,0,0,0,0,0,0,0,0,0,0,0,0,0,0,0,0,0,0,41,187
170,85,3122,2846,2774,2868,11841,3433,2805,2871,0,0,0,0,0,0,0,0,0,0,0,0,0,0,0,0,0,0,0,0,0,0,0,0,0,0,0,255,187
170,85,3130,2857,2766,2789,11858,3441,2954,2952,0,0,0,0,0,0,0,0,0,0,0,0,0,0,0,0,0,0,0,0,0,0,0,0,0,0,0,194,187
170,85,3128,2846,2752,2830,11858,3439,2942,2907,0,0,0,0,0,0,0,0,0,0,0,0,0,0,0,0,0,0,0,0,0,0,0,0,0,0,0,42,186
170,85,3118,2847,2785,2874,11864,3420,2905,2889,0,0,0,0,0,0,0,0,0,0,0,0,0,0,0,0,0,0,0,0,0,0,0,0,0,0,0,36,187
170,85,3136,2862,2776,2864,11871,3428,2944,2889,0,0,0,0,0,0,0,0,0,0,0,0,0,0,0,0,0,0,0,0,0,0,0,0,0,0,0,174,186
170,85,3132,2863,2761,2824,11836,3444,2968,2949,0,0,0,0,0,0,0,0,0,0,0,0,0,0,0,0,0,0,0,0,0,0,0,0,0,0,0,93,187
170,85,3144,2852,2770,2823,11845,3430,2950,2893,0,0,0,0,0,0,0,0,0,0,0,0,0,0,0,0,0,0,0,0,0,0,0,0,0,0,0,139,185
170,85,3090,2879,2785,2852,11827,3412,2928,2898,0,0,0,0,0,0,0,0,0,0,0,0,0,0,0,0,0,0,0,0,0,0,0,0,0,0,0,119,186
170,85,3107,2868,2797,2817,11844,3422,2956,2945,0,0,0,0,0,0,0,0,0,0,0,0,0,0,0,0,0,0,0,0,0,0,0,0,0,0,0,54,185
170,85,3119,2868,2754,2826,11832,3440,2916,2923,0,0,0,0,0,0,0,0,0,0,0,0,0,0,0,0,0,0,0,0,0,0,0,0,0,0,0,78,184
170,85,3106,2868,2811,2872,11835,3429,2914,2908,0,0,0,0,0,0,0,0,0,0,0,0,0,0,0,0,0,0,0,0,0,0,0,0,0,0,0,111,184
170,85,3127,2881,2765,2839,11830,3439,2944,2906,0,0,0,0,0,0,0,0,0,0,0,0,0,0,0,0,0,0,0,0,0,0,0,0,0,0,0,245,182
170,85,3143,2882,2792,2803,11848,3419,2953,2951,0,0,0,0,0,0,0,0,0,0,0,0,0,0,0,0,0,0,0,0,0,0,0,0,0,0,0,216,182
170,85,3142,2842,2782,2790,11843,3438,2938,2929,0,0,0,0,0,0,0,0,0,0,0,0,0,0,0,0,0,0,0,0,0,0,0,0,0,0,0,153,177
170,85,3102,2881,2766,2846,11711,3415,2926,2907,0,0,0,0,0,0,0,0,0,0,0,0,0,0,0,0,0,0,0,0,0,0,0,0,0,0,0,139,174
170,85,3105,2831,2763,2813,11742,3420,2924,2904,0,0,0,0,0,0,0,0,0,0,0,0,0,0,0,0,0,0,0,0,0,0,0,0,0,0,0,118,177
170,85,3089,2859,2794,2867,11903,3399,2904,2899,0,0,0,0,0,0,0,0,0,0,0,0,0,0,0,0,0,0,0,0,0,0,0,0,0,0,0,10,177
170,85,3144,2834,2794,2825,11903,3433,2940,2908,0,0,0,0,0,0,0,0,0,0,0,0,0,0,0,0,0,0,0,0,0,0,0,0,0,0,0,85,181
170,85,3125,2877,2792,2824,11906,3421,2969,2945,0,0,0,0,0,0,0,0,0,0,0,0,0,0,0,0,0,0,0,0,0,0,0,0,0,0,0,245,181
170,85,3140,2854,2784,2830,11924,3441,2930,2930,0,0,0,0,0,0,0,0,0,0,0,0,0,0,0,0,0,0,0,0,0,0,0,0,0,0,0,179,182
170,85,3110,2881,2764,2866,11909,3443,2934,2867,0,0,0,0,0,0,0,0,0,0,0,0,0,0,0,0,0,0,0,0,0,0,0,0,0,0,0,240,185
170,85,3130,2828,2789,2819,11935,3469,2872,2978,0,0,0,0,0,0,0,0,0,0,0,0,0,0,0,0,0,0,0,0,0,0,0,0,0,0,0,130,191
170,85,3140,2846,2762,2831,11905,3416,2927,2914,0,0,0,0,0,0,0,0,0,0,0,0,0,0,0,0,0,0,0,0,0,0,0,0,0,0,0,145,191
170,85,3103,2867,2764,2826,11893,3418,2899,2895,0,0,0,0,0,0,0,0,0,0,0,0,0,0,0,0,0,0,0,0,0,0,0,0,0,0,0,3,192
170,85,3118,2856,2762,2817,11899,3450,2953,2912,0,0,0,0,0,0,0,0,0,0,0,0,0,0,0,0,0,0,0,0,0,0,0,0,0,0,0,255,192
170,85,3120,2860,2762,2825,11902,3439,2956,2954,0,0,0,0,0,0,0,0,0,0,0,0,0,0,0,0,0,0,0,0,0,0,0,0,0,0,0,18,193
170,85,3136,2842,2790,2824,11892,3437,2935,2888,0,0,0,0,0,0,0,0,0,0,0,0,0,0,0,0,0,0,0,0,0,0,0,0,0,0,0,72,193
170,85,3110,2876,2793,2853,11901,3442,2916,2902,0,0,0,0,0,0,0,0,0,0,0,0,0,0,0,0,0,0,0,0,0,0,0,0,0,0,0,49,193
170,85,3142,2858,2760,2802,11888,3452,2953,2942,0,0,0,0,0,0,0,0,0,0,0,0,0,0,0,0,0,0,0,0,0,0,0,0,0,0,0,118,193
170,85,3113,2854,2807,2817,11923,3437,2940,2922,0,0,0,0,0,0,0,0,0,0,0,0,0,0,0,0,0,0,0,0,0,0,0,0,0,0,0,203,192
170,85,3105,2868,2785,2863,11883,3422,2951,2908,0,0,0,0,0,0,0,0,0,0,0,0,0,0,0,0,0,0,0,0,0,0,0,0,0,0,0,239,193
170,85,3134,2865,2776,2838,11815,3428,2927,2902,0,0,0,0,0,0,0,0,0,0,0,0,0,0,0,0,0,0,0,0,0,0,0,0,0,0,0,97,192
170,85,3099,2853,2782,2825,11938,3431,2959,2940,0,0,0,0,0,0,0,0,0,0,0,0,0,0,0,0,0,0,0,0,0,0,0,0,0,0,0,5,193
170,85,3117,2858,2786,2830,11890,3433,2937,2934,0,0,0,0,0,0,0,0,0,0,0,0,0,0,0,0,0,0,0,0,0,0,0,0,0,0,0,37,192
170,85,3123,2843,2800,2856,11890,3426,2915,2907,0,0,0,0,0,0,0,0,0,0,0,0,0,0,0,0,0,0,0,0,0,0,0,0,0,0,0,2,192
170,85,3143,2875,2801,2778,11881,3426,2962,2954,0,0,0,0,0,0,0,0,0,0,0,0,0,0,0,0,0,0,0,0,0,0,0,0,0,0,0,159,191
170,85,3130,2844,2770,2820,11890,3464,2943,2913,0,0,0,0,0,0,0,0,0,0,0,0,0,0,0,0,0,0,0,0,0,0,0,0,0,0,0,206,191
170,85,3101,2831,2798,2854,11794,3443,2914,2895,0,0,0,0,0,0,0,0,0,0,0,0,0,0,0,0,0,0,0,0,0,0,0,0,0,0,0,76,192
170,85,3116,2882,2763,2841,11912,3434,2940,2928,0,0,0,0,0,0,0,0,0,0,0,0,0,0,0,0,0,0,0,0,0,0,0,0,0,0,0,136,192
170,85,3146,2862,2801,2805,11876,3414,2957,2960,0,0,0,0,0,0,0,0,0,0,0,0,0,0,0,0,0,0,0,0,0,0,0,0,0,0,0,148,192
170,85,3143,2859,2752,2822,11896,3441,2960,2926,0,0,0,0,0,0,0,0,0,0,0,0,0,0,0,0,0,0,0,0,0,0,0,0,0,0,0,135,192
170,85,3130,2852,2776,2857,11881,3431,2915,2891,0,0,0,0,0,0,0,0,0,0,0,0,0,0,0,0,0,0,0,0,0,0,0,0,0,0,0,19,193
170,85,3136,2860,2774,2826,11853,3433,2934,2935,0,0,0,0,0,0,0,0,0,0,0,0,0,0,0,0,0,0,0,0,0,0,0,0,0,0,0,79,194
170,85,3144,2844,2773,2807,11868,3455,2946,2925,0,0,0,0,0,0,0,0,0,0,0,0,0,0,0,0,0,0,0,0,0,0,0,0,0,0,0,97,193
170,85,3146,2836,2779,2873,11810,3517,2840,2949,0,0,0,0,0,0,0,0,0,0,0,0,0,0,0,0,0,0,0,0,0,0,0,0,0,0,0,100,194
170,85,3119,2830,2782,2812,11886,3484,2870,2931,0,0,0,0,0,0,0,0,0,0,0,0,0,0,0,0,0,0,0,0,0,0,0,0,0,0,0,111,195
170,85,3109,2823,2786,2855,11871,3449,2865,2905,0,0,0,0,0,0,0,0,0,0,0,0,0,0,0,0,0,0,0,0,0,0,0,0,0,0,0,115,195
170,85,3135,2832,2774,2854,11858,3439,2935,2886,0,0,0,0,0,0,0,0,0,0,0,0,0,0,0,0,0,0,0,0,0,0,0,0,0,0,0,9,195
170,85,3132,2859,2779,2828,11878,3431,2945,2942,0,0,0,0,0,0,0,0,0,0,0,0,0,0,0,0,0,0,0,0,0,0,0,0,0,0,0,228,195
170,85,3145,2842,2783,2780,11878,3452,2971,2944,0,0,0,0,0,0,0,0,0,0,0,0,0,0,0,0,0,0,0,0,0,0,0,0,0,0,0,138,195
170,85,3143,2859,2782,2843,11875,3434,2908,2899,0,0,0,0,0,0,0,0,0,0,0,0,0,0,0,0,0,0,0,0,0,0,0,0,0,0,0,117,195
170,85,3119,2885,2762,2825,11857,3444,2921,2932,0,0,0,0,0,0,0,0,0,0,0,0,0,0,0,0,0,0,0,0,0,0,0,0,0,0,0,75,195
170,85,3134,2876,2785,2816,11865,3454,2952,2917,0,0,0,0,0,0,0,0,0,0,0,0,0,0,0,0,0,0,0,0,0,0,0,0,0,0,0,243,195
170,85,3122,2845,2808,2847,11861,3441,2938,2894,0,0,0,0,0,0,0,0,0,0,0,0,0,0,0,0,0,0,0,0,0,0,0,0,0,0,0,2,195
170,85,3140,2866,2794,2841,11842,3403,2905,2890,0,0,0,0,0,0,0,0,0,0,0,0,0,0,0,0,0,0,0,0,0,0,0,0,0,0,0,69,195
170,85,3131,2846,2761,2826,11832,3453,2940,2905,0,0,0,0,0,0,0,0,0,0,0,0,0,0,0,0,0,0,0,0,0,0,0,0,0,0,0,92,196
170,85,3105,2844,2783,2828,11841,3441,2949,2937,0,0,0,0,0,0,0,0,0,0,0,0,0,0,0,0,0,0,0,0,0,0,0,0,0,0,0,248,196
170,85,3143,2866,2803,2859,11847,3428,2915,2910,0,0,0,0,0,0,0,0,0,0,0,0,0,0,0,0,0,0,0,0,0,0,0,0,0,0,0,105,196
170,85,3144,2844,2762,2822,11849,3428,2953,2956,0,0,0,0,0,0,0,0,0,0,0,0,0,0,0,0,0,0,0,0,0,0,0,0,0,0,0,106,195
170,85,3122,2866,2789,2829,11843,3456,2952,2941,0,0,0,0,0,0,0,0,0,0,0,0,0,0,0,0,0,0,0,0,0,0,0,0,0,0,0,4,196
170,85,3131,2860,2786,2822,11869,3407,2926,2906,0,0,0,0,0,0,0,0,0,0,0,0,0,0,0,0,0,0,0,0,0,0,0,0,0,0,0,15,196
170,85,3128,2877,2794,2860,11861,3436,2926,2900,0,0,0,0,0,0,0,0,0,0,0,0,0,0,0,0,0,0,0,0,0,0,0,0,0,0,0,26,196
170,85,3138,2832,2782,2790,11861,3424,2974,2895,0,0,0,0,0,0,0,0,0,0,0,0,0,0,0,0,0,0,0,0,0,0,0,0,0,0,0,85,196
170,85,3132,2869,2789,2824,11860,3440,2971,2905,0,0,0,0,0,0,0,0,0,0,0,0,0,0,0,0,0,0,0,0,0,0,0,0,0,0,0,216,195
170,85,3122,2863,2777,2863,11860,3447,2922,2925,0,0,0,0,0,0,0,0,0,0,0,0,0,0,0,0,0,0,0,0,0,0,0,0,0,0,0,21,196
170,85,3146,2864,2782,2822,11826,3440,2950,2943,0,0,0,0,0,0,0,0,0,0,0,0,0,0,0,0,0,0,0,0,0,0,0,0,0,0,0,195,196
170,85,3119,2882,2807,2817,11840,3447,2953,2902,0,0,0,0,0,0,0,0,0,0,0,0,0,0,0,0,0,0,0,0,0,0,0,0,0,0,0,169,196
170,85,3106,2851,2777,2806,11830,3423,2878,2969,0,0,0,0,0,0,0,0,0,0,0,0,0,0,0,0,0,0,0,0,0,0,0,0,0,0,0,59,195
170,85,3119,2831,2775,2832,11830,3442,2917,2902,0,0,0,0,0,0,0,0,0,0,0,0,0,0,0,0,0,0,0,0,0,0,0,0,0,0,0,74,195
170,85,3093,2831,2803,2870,11834,3438,2941,2904,0,0,0,0,0,0,0,0,0,0,0,0,0,0,0,0,0,0,0,0,0,0,0,0,0,0,0,116,195
170,85,3099,2837,2784,2859,11827,3427,2927,2926,0,0,0,0,0,0,0,0,0,0,0,0,0,0,0,0,0,0,0,0,0,0,0,0,0,0,0,78,195
170,85,3080,2832,2782,2808,11834,3437,2962,2887,0,0,0,0,0,0,0,0,0,0,0,0,0,0,0,0,0,0,0,0,0,0,0,0,0,0,0,103,195
170,85,3133,2860,2786,2863,11855,3430,2932,2895,0,0,0,0,0,0,0,0,0,0,0,0,0,0,0,0,0,0,0,0,0,0,0,0,0,0,0,20,196
170,85,3147,2846,2805,2842,11829,3425,2907,2906,0,0,0,0,0,0,0,0,0,0,0,0,0,0,0,0,0,0,0,0,0,0,0,0,0,0,0,53,195
170,85,3123,2866,2762,2826,11829,3426,2949,2941,0,0,0,0,0,0,0,0,0,0,0,0,0,0,0,0,0,0,0,0,0,0,0,0,0,0,0,180,196
170,85,3117,2853,2769,2805,11843,3454,2939,2889,0,0,0,0,0,0,0,0,0,0,0,0,0,0,0,0,0,0,0,0,0,0,0,0,0,0,0,248,194
170,85,3092,2861,2770,2866,11840,3423,2921,2904,0,0,0,0,0,0,0,0,0,0,0,0,0,0,0,0,0,0,0,0,0,0,0,0,0,0,0,45,195
170,85,3133,2847,2762,2853,11827,3427,2964,2899,0,0,0,0,0,0,0,0,0,0,0,0,0,0,0,0,0,0,0,0,0,0,0,0,0,0,0,128,195
170,85,3128,2858,2799,2851,11817,3446,2939,2902,0,0,0,0,0,0,0,0,0,0,0,0,0,0,0,0,0,0,0,0,0,0,0,0,0,0,0,118,194
170,85,3102,2885,2785,2853,11806,3425,2932,2907,0,0,0,0,0,0,0,0,0,0,0,0,0,0,0,0,0,0,0,0,0,0,0,0,0,0,0,21,195
170,85,3144,2861,2807,2812,11818,3422,2953,2928,0,0,0,0,0,0,0,0,0,0,0,0,0,0,0,0,0,0,0,0,0,0,0,0,0,0,0,56,195
170,85,3136,2853,2769,2825,11820,3454,2965,2923,0,0,0,0,0,0,0,0,0,0,0,0,0,0,0,0,0,0,0,0,0,0,0,0,0,0,0,203,196
170,85,3132,2845,2783,2851,11847,3441,2942,2890,0,0,0,0,0,0,0,0,0,0,0,0,0,0,0,0,0,0,0,0,0,0,0,0,0,0,0,5,196
170,85,3094,2886,2791,2865,11794,3431,2899,2885,0,0,0,0,0,0,0,0,0,0,0,0,0,0,0,0,0,0,0,0,0,0,0,0,0,0,0,63,196
170,85,3144,2892,2809,2821,11808,3421,2972,2914,0,0,0,0,0,0,0,0,0,0,0,0,0,0,0,0,0,0,0,0,0,0,0,0,0,0,0,161,196
170,85,3092,2807,2769,2861,11794,3450,2900,2895,0,0,0,0,0,0,0,0,0,0,0,0,0,0,0,0,0,0,0,0,0,0,0,0,0,0,0,183,196
170,85,3142,2847,2784,2827,11793,3422,2905,2898,0,0,0,0,0,0,0,0,0,0,0,0,0,0,0,0,0,0,0,0,0,0,0,0,0,0,0,44,195
170,85,3146,2891,2763,2814,11808,3402,2958,2925,0,0,0,0,0,0,0,0,0,0,0,0,0,0,0,0,0,0,0,0,0,0,0,0,0,0,0,102,196
170,85,3143,2831,2767,2817,11803,3443,2932,2896,0,0,0,0,0,0,0,0,0,0,0,0,0,0,0,0,0,0,0,0,0,0,0,0,0,0,0,16,195
170,85,3120,2882,2765,2854,11793,3429,2916,2911,0,0,0,0,0,0,0,0,0,0,0,0,0,0,0,0,0,0,0,0,0,0,0,0,0,0,0,12,195
170,85,3123,2832,2762,2805,11824,3442,2944,2954,0,0,0,0,0,0,0,0,0,0,0,0,0,0,0,0,0,0,0,0,0,0,0,0,0,0,0,143,195
170,85,3144,2867,2784,2828,11798,3438,2936,2909,0,0,0,0,0,0,0,0,0,0,0,0,0,0,0,0,0,0,0,0,0,0,0,0,0,0,0,16,195
170,85,3141,2832,2784,2844,11804,3443,2921,2905,0,0,0,0,0,0,0,0,0,0,0,0,0,0,0,0,0,0,0,0,0,0,0,0,0,0,0,44,195
170,85,3137,2846,2777,2790,11800,3427,2959,2920,0,0,0,0,0,0,0,0,0,0,0,0,0,0,0,0,0,0,0,0,0,0,0,0,0,0,0,39,195
170,85,3118,2844,2767,2830,11796,3444,2941,2928,0,0,0,0,0,0,0,0,0,0,0,0,0,0,0,0,0,0,0,0,0,0,0,0,0,0,0,68,195
170,85,3115,2868,2809,2866,11796,3428,2934,2898,0,0,0,0,0,0,0,0,0,0,0,0,0,0,0,0,0,0,0,0,0,0,0,0,0,0,0,90,195
170,85,3122,2885,2784,2863,11784,3420,2927,2903,0,0,0,0,0,0,0,0,0,0,0,0,0,0,0,0,0,0,0,0,0,0,0,0,0,0,0,14,195
170,85,3104,2833,2782,2826,11745,3441,2938,2931,0,0,0,0,0,0,0,0,0,0,0,0,0,0,0,0,0,0,0,0,0,0,0,0,0,0,0,165,196
170,85,3130,2843,2775,2793,11755,3440,2936,2937,0,0,0,0,0,0,0,0,0,0,0,0,0,0,0,0,0,0,0,0,0,0,0,0,0,0,0,93,195
170,85,3114,2835,2778,2858,11747,3432,2917,2904,0,0,0,0,0,0,0,0,0,0,0,0,0,0,0,0,0,0,0,0,0,0,0,0,0,0,0,166,196
170,85,3143,2877,2791,2799,11757,3408,2955,2943,0,0,0,0,0,0,0,0,0,0,0,0,0,0,0,0,0,0,0,0,0,0,0,0,0,0,0,227,196
170,85,3142,2829,2805,2804,11746,3404,2942,2910,0,0,0,0,0,0,0,0,0,0,0,0,0,0,0,0,0,0,0,0,0,0,0,0,0,0,0,28,196
170,85,3093,2846,2777,2866,11762,3424,2910,2900,0,0,0,0,0,0,0,0,0,0,0,0,0,0,0,0,0,0,0,0,0,0,0,0,0,0,0,161,196
170,85,3139,2836,2785,2844,11754,3412,2928,2906,0,0,0,0,0,0,0,0,0,0,0,0,0,0,0,0,0,0,0,0,0,0,0,0,0,0,0,231,196
170,85,3148,2833,2781,2789,11748,3437,2944,2927,0,0,0,0,0,0,0,0,0,0,0,0,0,0,0,0,0,0,0,0,0,0,0,0,0,0,0,219,196
170,85,3132,2859,2771,2816,11758,3433,2943,2926,0,0,0,0,0,0,0,0,0,0,0,0,0,0,0,0,0,0,0,0,0,0,0,0,0,0,0,139,196
170,85,3137,2846,2763,2857,11756,3411,2908,2926,0,0,0,0,0,0,0,0,0,0,0,0,0,0,0,0,0,0,0,0,0,0,0,0,0,0,0,233,196
170,85,3140,2877,2790,2822,11775,3407,2957,2932,0,0,0,0,0,0,0,0,0,0,0,0,0,0,0,0,0,0,0,0,0,0,0,0,0,0,0,9,196
170,85,3128,2842,2768,2816,11745,3427,2940,2907,0,0,0,0,0,0,0,0,0,0,0,0,0,0,0,0,0,0,0,0,0,0,0,0,0,0,0,142,196
170,85,3124,2845,2801,2861,11742,3440,2926,2894,0,0,0,0,0,0,0,0,0,0,0,0,0,0,0,0,0,0,0,0,0,0,0,0,0,0,0,162,196
170,85,3143,2876,2798,2834,11792,3434,2905,2905,0,0,0,0,0,0,0,0,0,0,0,0,0,0,0,0,0,0,0,0,0,0,0,0,0,0,0,39,196
170,85,3139,2857,2791,2791,11748,3433,2951,2926,0,0,0,0,0,0,0,0,0,0,0,0,0,0,0,0,0,0,0,0,0,0,0,0,0,0,0,214,196
170,85,3137,2871,2775,2811,11739,3439,2913,2926,0,0,0,0,0,0,0,0,0,0,0,0,0,0,0,0,0,0,0,0,0,0,0,0,0,0,0,57,196
170,85,3145,2848,2796,2821,11756,3430,2909,2894,0,0,0,0,0,0,0,0,0,0,0,0,0,0,0,0,0,0,0,0,0,0,0,0,0,0,0,192,197
170,85,3135,2845,2772,2805,11774,3428,2958,2938,0,0,0,0,0,0,0,0,0,0,0,0,0,0,0,0,0,0,0,0,0,0,0,0,0,0,0,181,196
170,85,3117,2875,2777,2794,11774,3421,2963,2902,0,0,0,0,0,0,0,0,0,0,0,0,0,0,0,0,0,0,0,0,0,0,0,0,0,0,0,155,196
170,85,3120,2882,2763,2829,11741,3422,2930,2874,0,0,0,0,0,0,0,0,0,0,0,0,0,0,0,0,0,0,0,0,0,0,0,0,0,0,0,166,196
170,85,3113,2861,2786,2865,11744,3422,2923,2904,0,0,0,0,0,0,0,0,0,0,0,0,0,0,0,0,0,0,0,0,0,0,0,0,0,0,0,131,197
170,85,3142,2869,2760,2804,11742,3415,2958,2920,0,0,0,0,0,0,0,0,0,0,0,0,0,0,0,0,0,0,0,0,0,0,0,0,0,0,0,248,197
170,85,3089,2845,2770,2829,11742,3440,2937,2924,0,0,0,0,0,0,0,0,0,0,0,0,0,0,0,0,0,0,0,0,0,0,0,0,0,0,0,177,197
170,85,3143,2843,2796,2823,11751,3431,2921,2895,0,0,0,0,0,0,0,0,0,0,0,0,0,0,0,0,0,0,0,0,0,0,0,0,0,0,0,200,197
170,85,3142,2869,2808,2825,11751,3440,2958,2935,0,0,0,0,0,0,0,0,0,0,0,0,0,0,0,0,0,0,0,0,0,0,0,0,0,0,0,53,197
170,85,3110,2881,2799,2819,11748,3429,2916,2875,0,0,0,0,0,0,0,0,0,0,0,0,0,0,0,0,0,0,0,0,0,0,0,0,0,0,0,140,196
170,85,3105,2846,2767,2845,11740,3425,2914,2859,0,0,0,0,0,0,0,0,0,0,0,0,0,0,0,0,0,0,0,0,0,0,0,0,0,0,0,192,197
170,85,3133,2855,2776,2844,11741,3442,2951,2909,0,0,0,0,0,0,0,0,0,0,0,0,0,0,0,0,0,0,0,0,0,0,0,0,0,0,0,114,197
170,85,3102,2869,2777,2779,11734,3415,2922,2939,0,0,0,0,0,0,0,0,0,0,0,0,0,0,0,0,0,0,0,0,0,0,0,0,0,0,0,97,197
170,85,3143,2858,2784,2829,11755,3465,2953,2914,0,0,0,0,0,0,0,0,0,0,0,0,0,0,0,0,0,0,0,0,0,0,0,0,0,0,0,208,197
170,85,3130,2866,2784,2855,11759,3429,2908,2926,0,0,0,0,0,0,0,0,0,0,0,0,0,0,0,0,0,0,0,0,0,0,0,0,0,0,0,174,197
170,85,3125,2860,2777,2827,11736,3443,2944,2941,0,0,0,0,0,0,0,0,0,0,0,0,0,0,0,0,0,0,0,0,0,0,0,0,0,0,0,68,196
170,85,3134,2866,2768,2816,11766,3428,2932,2908,0,0,0,0,0,0,0,0,0,0,0,0,0,0,0,0,0,0,0,0,0,0,0,0,0,0,0,191,197
170,85,3106,2842,2797,2859,11767,3427,2932,2900,0,0,0,0,0,0,0,0,0,0,0,0,0,0,0,0,0,0,0,0,0,0,0,0,0,0,0,147,197
170,85,3124,2885,2809,2853,11730,3431,2933,2925,0,0,0,0,0,0,0,0,0,0,0,0,0,0,0,0,0,0,0,0,0,0,0,0,0,0,0,217,197
170,85,3139,2856,2773,2827,11763,3434,2940,2928,0,0,0,0,0,0,0,0,0,0,0,0,0,0,0,0,0,0,0,0,0,0,0,0,0,0,0,249,197
170,85,3088,2858,2753,2795,11741,3436,2927,2895,0,0,0,0,0,0,0,0,0,0,0,0,0,0,0,0,0,0,0,0,0,0,0,0,0,0,0,89,197
170,85,3117,2847,2790,2801,11737,3418,2920,2927,0,0,0,0,0,0,0,0,0,0,0,0,0,0,0,0,0,0,0,0,0,0,0,0,0,0,0,121,197
170,85,3147,2858,2777,2830,11725,3440,2958,2931,0,0,0,0,0,0,0,0,0,0,0,0,0,0,0,0,0,0,0,0,0,0,0,0,0,0,0,47,197
170,85,3122,2878,2776,2824,11736,3426,2939,2901,0,0,0,0,0,0,0,0,0,0,0,0,0,0,0,0,0,0,0,0,0,0,0,0,0,0,0,145,197
170,85,3128,2883,2797,2861,11762,3404,2913,2878,0,0,0,0,0,0,0,0,0,0,0,0,0,0,0,0,0,0,0,0,0,0,0,0,0,0,0,131,197
170,85,3146,2847,2784,2853,11718,3413,2941,2873,0,0,0,0,0,0,0,0,0,0,0,0,0,0,0,0,0,0,0,0,0,0,0,0,0,0,0,158,197
170,85,3143,2836,2759,2804,11758,3440,2948,2925,0,0,0,0,0,0,0,0,0,0,0,0,0,0,0,0,0,0,0,0,0,0,0,0,0,0,0,207,197
170,85,3116,2842,2766,2815,11752,3424,2935,2895,0,0,0,0,0,0,0,0,0,0,0,0,0,0,0,0,0,0,0,0,0,0,0,0,0,0,0,111,197
170,85,3137,2847,2762,2828,11726,3433,2932,2926,0,0,0,0,0,0,0,0,0,0,0,0,0,0,0,0,0,0,0,0,0,0,0,0,0,0,0,252,197
170,85,3144,2870,2774,2804,11740,3454,2921,2937,0,0,0,0,0,0,0,0,0,0,0,0,0,0,0,0,0,0,0,0,0,0,0,0,0,0,0,54,197
170,85,3115,2879,2808,2858,11737,3425,2902,2889,0,0,0,0,0,0,0,0,0,0,0,0,0,0,0,0,0,0,0,0,0,0,0,0,0,0,0,184,197
170,85,3139,2887,2777,2855,11733,3424,2912,2888,0,0,0,0,0,0,0,0,0,0,0,0,0,0,0,0,0,0,0,0,0,0,0,0,0,0,0,190,197
170,85,3121,2880,2774,2841,11747,3421,2939,2912,0,0,0,0,0,0,0,0,0,0,0,0,0,0,0,0,0,0,0,0,0,0,0,0,0,0,0,194,196
170,85,3123,2875,2762,2804,11759,3443,2951,2935,0,0,0,0,0,0,0,0,0,0,0,0,0,0,0,0,0,0,0,0,0,0,0,0,0,0,0,130,196
170,85,3130,2880,2775,2843,11751,3451,2942,2902,0,0,0,0,0,0,0,0,0,0,0,0,0,0,0,0,0,0,0,0,0,0,0,0,0,0,0,219,195
170,85,3124,2845,2783,2816,11731,3443,2927,2912,0,0,0,0,0,0,0,0,0,0,0,0,0,0,0,0,0,0,0,0,0,0,0,0,0,0,0,128,195
170,85,3144,2847,2799,2828,11724,3440,2948,2907,0,0,0,0,0,0,0,0,0,0,0,0,0,0,0,0,0,0,0,0,0,0,0,0,0,0,0,14,194
170,85,3091,2873,2792,2859,11720,3439,2928,2905,0,0,0,0,0,0,0,0,0,0,0,0,0,0,0,0,0,0,0,0,0,0,0,0,0,0,0,190,194
170,85,3144,2837,2804,2836,11722,3395,2922,2900,0,0,0,0,0,0,0,0,0,0,0,0,0,0,0,0,0,0,0,0,0,0,0,0,0,0,0,211,195
170,85,3115,2878,2773,2825,11740,3432,2956,2915,0,0,0,0,0,0,0,0,0,0,0,0,0,0,0,0,0,0,0,0,0,0,0,0,0,0,0,75,195
170,85,3142,2845,2781,2810,11734,3437,2957,2918,0,0,0,0,0,0,0,0,0,0,0,0,0,0,0,0,0,0,0,0,0,0,0,0,0,0,0,244,195
170,85,3092,2857,2776,2856,11737,3406,2939,2901,0,0,0,0,0,0,0,0,0,0,0,0,0,0,0,0,0,0,0,0,0,0,0,0,0,0,0,173,195
170,85,3146,2858,2792,2806,11723,3419,2929,2943,0,0,0,0,0,0,0,0,0,0,0,0,0,0,0,0,0,0,0,0,0,0,0,0,0,0,0,56,196
170,85,3142,2833,2790,2796,11734,3435,2933,2916,0,0,0,0,0,0,0,0,0,0,0,0,0,0,0,0,0,0,0,0,0,0,0,0,0,0,0,41,196
170,85,3113,2855,2815,2856,11720,3436,2937,2889,0,0,0,0,0,0,0,0,0,0,0,0,0,0,0,0,0,0,0,0,0,0,0,0,0,0,0,148,197
170,85,3132,2833,2775,2819,11716,3433,2937,2890,0,0,0,0,0,0,0,0,0,0,0,0,0,0,0,0,0,0,0,0,0,0,0,0,0,0,0,190,197
170,85,3138,2832,2776,2822,11720,3432,2938,2913,0,0,0,0,0,0,0,0,0,0,0,0,0,0,0,0,0,0,0,0,0,0,0,0,0,0,0,238,198
170,85,3122,2846,2761,2829,11728,3442,2942,2917,0,0,0,0,0,0,0,0,0,0,0,0,0,0,0,0,0,0,0,0,0,0,0,0,0,0,0,136,197
170,85,3092,2831,2815,2845,11713,3415,2920,2906,0,0,0,0,0,0,0,0,0,0,0,0,0,0,0,0,0,0,0,0,0,0,0,0,0,0,0,132,197
170,85,3109,2831,2799,2829,11725,3438,2939,2917,0,0,0,0,0,0,0,0,0,0,0,0,0,0,0,0,0,0,0,0,0,0,0,0,0,0,0,172,197
170,85,3128,2829,2806,2835,11739,3437,2944,2906,0,0,0,0,0,0,0,0,0,0,0,0,0,0,0,0,0,0,0,0,0,0,0,0,0,0,0,101,198
170,85,3119,2876,2808,2840,11714,3431,2936,2889,0,0,0,0,0,0,0,0,0,0,0,0,0,0,0,0,0,0,0,0,0,0,0,0,0,0,0,190,198
170,85,3141,2868,2808,2847,11719,3415,2940,2918,0,0,0,0,0,0,0,0,0,0,0,0,0,0,0,0,0,0,0,0,0,0,0,0,0,0,0,197,199
170,85,3143,2859,2762,2829,11714,3431,2955,2897,0,0,0,0,0,0,0,0,0,0,0,0,0,0,0,0,0,0,0,0,0,0,0,0,0,0,0,13,199
170,85,3107,2860,2790,2832,11671,3437,2937,2905,0,0,0,0,0,0,0,0,0,0,0,0,0,0,0,0,0,0,0,0,0,0,0,0,0,0,0,250,199
170,85,3119,2847,2802,2860,11687,3402,2923,2888,0,0,0,0,0,0,0,0,0,0,0,0,0,0,0,0,0,0,0,0,0,0,0,0,0,0,0,249,199
170,85,3104,2880,2801,2788,11712,3399,2927,2902,0,0,0,0,0,0,0,0,0,0,0,0,0,0,0,0,0,0,0,0,0,0,0,0,0,0,0,19,199
170,85,3139,2846,2777,2845,11709,3429,2953,2906,0,0,0,0,0,0,0,0,0,0,0,0,0,0,0,0,0,0,0,0,0,0,0,0,0,0,0,75,199
170,85,3132,2876,2797,2822,11697,3441,2934,2903,0,0,0,0,0,0,0,0,0,0,0,0,0,0,0,0,0,0,0,0,0,0,0,0,0,0,0,211,199
170,85,3122,2850,2776,2831,11704,3434,2928,2905,0,0,0,0,0,0,0,0,0,0,0,0,0,0,0,0,0,0,0,0,0,0,0,0,0,0,0,229,199
170,85,3138,2867,2773,2793,11710,3452,2950,2916,0,0,0,0,0,0,0,0,0,0,0,0,0,0,0,0,0,0,0,0,0,0,0,0,0,0,0,181,199
170,85,3128,2848,2807,2807,11710,3440,2944,2885,0,0,0,0,0,0,0,0,0,0,0,0,0,0,0,0,0,0,0,0,0,0,0,0,0,0,0,203,199
170,85,3110,2849,2792,2851,11715,3435,2947,2903,0,0,0,0,0,0,0,0,0,0,0,0,0,0,0,0,0,0,0,0,0,0,0,0,0,0,0,105,199
170,85,3146,2831,2800,2816,11713,3409,2941,2892,0,0,0,0,0,0,0,0,0,0,0,0,0,0,0,0,0,0,0,0,0,0,0,0,0,0,0,205,199
170,85,3090,2856,2793,2845,11715,3402,2941,2901,0,0,0,0,0,0,0,0,0,0,0,0,0,0,0,0,0,0,0,0,0,0,0,0,0,0,0,182,199
170,85,3109,2860,2797,2857,11709,3449,2934,2895,0,0,0,0,0,0,0,0,0,0,0,0,0,0,0,0,0,0,0,0,0,0,0,0,0,0,0,233,199
170,85,3123,2878,2783,2822,11702,3415,2945,2899,0,0,0,0,0,0,0,0,0,0,0,0,0,0,0,0,0,0,0,0,0,0,0,0,0,0,0,62,199
170,85,3112,2868,2784,2780,11696,3439,2940,2918,0,0,0,0,0,0,0,0,0,0,0,0,0,0,0,0,0,0,0,0,0,0,0,0,0,0,0,61,200
170,85,3117,2833,2762,2837,11703,3444,2903,2918,0,0,0,0,0,0,0,0,0,0,0,0,0,0,0,0,0,0,0,0,0,0,0,0,0,0,0,200,200
170,85,3106,2885,2768,2822,11688,3420,2924,2923,0,0,0,0,0,0,0,0,0,0,0,0,0,0,0,0,0,0,0,0,0,0,0,0,0,0,0,155,200
170,85,3124,2855,2800,2807,11701,3441,2943,2897,0,0,0,0,0,0,0,0,0,0,0,0,0,0,0,0,0,0,0,0,0,0,0,0,0,0,0,38,200
170,85,3107,2831,2785,2843,11739,3428,2928,2914,0,0,0,0,0,0,0,0,0,0,0,0,0,0,0,0,0,0,0,0,0,0,0,0,0,0,0,162,199
170,85,3144,2887,2796,2861,11725,3430,2924,2903,0,0,0,0,0,0,0,0,0,0,0,0,0,0,0,0,0,0,0,0,0,0,0,0,0,0,0,135,199
170,85,3127,2832,2813,2807,11712,3436,2905,2925,0,0,0,0,0,0,0,0,0,0,0,0,0,0,0,0,0,0,0,0,0,0,0,0,0,0,0,109,199
170,85,3142,2859,2791,2816,11718,3440,2933,2903,0,0,0,0,0,0,0,0,0,0,0,0,0,0,0,0,0,0,0,0,0,0,0,0,0,0,0,199,199
170,85,3103,2848,2793,2857,11704,3439,2939,2895,0,0,0,0,0,0,0,0,0,0,0,0,0,0,0,0,0,0,0,0,0,0,0,0,0,0,0,197,199
170,85,3126,2887,2765,2857,11712,3446,2921,2912,0,0,0,0,0,0,0,0,0,0,0,0,0,0,0,0,0,0,0,0,0,0,0,0,0,0,0,243,200
170,85,3117,2853,2791,2831,11702,3401,2926,2885,0,0,0,0,0,0,0,0,0,0,0,0,0,0,0,0,0,0,0,0,0,0,0,0,0,0,0,237,199
170,85,3132,2832,2764,2832,11705,3427,2936,2889,0,0,0,0,0,0,0,0,0,0,0,0,0,0,0,0,0,0,0,0,0,0,0,0,0,0,0,194,199
170,85,3144,2848,2763,2856,11701,3427,2904,2891,0,0,0,0,0,0,0,0,0,0,0,0,0,0,0,0,0,0,0,0,0,0,0,0,0,0,0,151,199
170,85,3143,2845,2774,2806,11704,3437,2941,2922,0,0,0,0,0,0,0,0,0,0,0,0,0,0,0,0,0,0,0,0,0,0,0,0,0,0,0,96,199
170,85,3135,2848,2792,2794,11700,3437,2918,2902,0,0,0,0,0,0,0,0,0,0,0,0,0,0,0,0,0,0,0,0,0,0,0,0,0,0,0,44,199
170,85,3126,2883,2775,2831,11724,3403,2935,2921,0,0,0,0,0,0,0,0,0,0,0,0,0,0,0,0,0,0,0,0,0,0,0,0,0,0,0,237,199
170,85,3140,2876,2802,2820,11692,3431,2915,2923,0,0,0,0,0,0,0,0,0,0,0,0,0,0,0,0,0,0,0,0,0,0,0,0,0,0,0,148,198
170,85,3106,2858,2763,2800,11703,3442,2931,2906,0,0,0,0,0,0,0,0,0,0,0,0,0,0,0,0,0,0,0,0,0,0,0,0,0,0,0,7,198
170,85,3124,2872,2809,2857,11718,3401,2938,2911,0,0,0,0,0,0,0,0,0,0,0,0,0,0,0,0,0,0,0,0,0,0,0,0,0,0,0,175,198
170,85,3140,2840,2777,2850,11704,3421,2938,2890,0,0,0,0,0,0,0,0,0,0,0,0,0,0,0,0,0,0,0,0,0,0,0,0,0,0,0,171,198
170,85,3124,2883,2775,2818,11711,3451,2955,2896,0,0,0,0,0,0,0,0,0,0,0,0,0,0,0,0,0,0,0,0,0,0,0,0,0,0,0,100,197
170,85,3122,2846,2801,2829,11715,3428,2953,2901,0,0,0,0,0,0,0,0,0,0,0,0,0,0,0,0,0,0,0,0,0,0,0,0,0,0,0,114,197
170,85,3083,2834,2784,2852,11718,3437,2931,2905,0,0,0,0,0,0,0,0,0,0,0,0,0,0,0,0,0,0,0,0,0,0,0,0,0,0,0,133,197
170,85,3124,2853,2808,2825,11702,3418,2921,2889,0,0,0,0,0,0,0,0,0,0,0,0,0,0,0,0,0,0,0,0,0,0,0,0,0,0,0,245,197
170,85,3118,2844,2772,2823,11708,3433,2951,2902,0,0,0,0,0,0,0,0,0,0,0,0,0,0,0,0,0,0,0,0,0,0,0,0,0,0,0,60,197
170,85,3085,2847,2770,2821,11727,3427,2899,2903,0,0,0,0,0,0,0,0,0,0,0,0,0,0,0,0,0,0,0,0,0,0,0,0,0,0,0,180,197
170,85,3147,2855,2792,2828,11697,3428,2940,2925,0,0,0,0,0,0,0,0,0,0,0,0,0,0,0,0,0,0,0,0,0,0,0,0,0,0,0,149,197
170,85,3139,2869,2775,2814,11707,3437,2917,2909,0,0,0,0,0,0,0,0,0,0,0,0,0,0,0,0,0,0,0,0,0,0,0,0,0,0,0,105,197
170,85,3096,2867,2774,2793,11705,3452,2943,2885,0,0,0,0,0,0,0,0,0,0,0,0,0,0,0,0,0,0,0,0,0,0,0,0,0,0,0,51,197
170,85,3126,2871,2784,2854,11687,3439,2922,2901,0,0,0,0,0,0,0,0,0,0,0,0,0,0,0,0,0,0,0,0,0,0,0,0,0,0,0,233,197
170,85,3134,2862,2779,2856,11673,3414,2930,2907,0,0,0,0,0,0,0,0,0,0,0,0,0,0,0,0,0,0,0,0,0,0,0,0,0,0,0,220,197
170,85,3124,2850,2764,2839,11689,3420,2936,2904,0,0,0,0,0,0,0,0,0,0,0,0,0,0,0,0,0,0,0,0,0,0,0,0,0,0,0,193,198
170,85,3094,2881,2808,2860,11695,3437,2936,2913,0,0,0,0,0,0,0,0,0,0,0,0,0,0,0,0,0,0,0,0,0,0,0,0,0,0,0,129,198
170,85,3141,2885,2783,2847,11670,3413,2939,2909,0,0,0,0,0,0,0,0,0,0,0,0,0,0,0,0,0,0,0,0,0,0,0,0,0,0,0,252,198
170,85,3136,2870,2764,2789,11649,3421,2956,2908,0,0,0,0,0,0,0,0,0,0,0,0,0,0,0,0,0,0,0,0,0,0,0,0,0,0,0,139,198
170,85,3132,2849,2792,2839,11680,3433,2938,2890,0,0,0,0,0,0,0,0,0,0,0,0,0,0,0,0,0,0,0,0,0,0,0,0,0,0,0,194,198
170,85,3113,2877,2783,2850,11659,3431,2938,2897,0,0,0,0,0,0,0,0,0,0,0,0,0,0,0,0,0,0,0,0,0,0,0,0,0,0,0,247,199
170,85,3141,2866,2775,2843,11649,3435,2925,2905,0,0,0,0,0,0,0,0,0,0,0,0,0,0,0,0,0,0,0,0,0,0,0,0,0,0,0,188,198
170,85,3138,2866,2801,2829,11658,3438,2914,2890,0,0,0,0,0,0,0,0,0,0,0,0,0,0,0,0,0,0,0,0,0,0,0,0,0,0,0,153,199
170,85,3121,2887,2766,2851,11669,3431,2943,2901,0,0,0,0,0,0,0,0,0,0,0,0,0,0,0,0,0,0,0,0,0,0,0,0,0,0,0,154,199
170,85,3128,2860,2763,2806,11653,3431,2933,2887,0,0,0,0,0,0,0,0,0,0,0,0,0,0,0,0,0,0,0,0,0,0,0,0,0,0,0,33,199
170,85,3126,2875,2792,2804,11650,3418,2917,2906,0,0,0,0,0,0,0,0,0,0,0,0,0,0,0,0,0,0,0,0,0,0,0,0,0,0,0,46,199
170,85,3132,2857,2793,2794,11654,3419,2924,2905,0,0,0,0,0,0,0,0,0,0,0,0,0,0,0,0,0,0,0,0,0,0,0,0,0,0,0,38,198
170,85,3122,2857,2776,2838,11649,3444,2905,2898,0,0,0,0,0,0,0,0,0,0,0,0,0,0,0,0,0,0,0,0,0,0,0,0,0,0,0,242,198
170,85,3145,2869,2761,2815,11646,3414,2926,2904,0,0,0,0,0,0,0,0,0,0,0,0,0,0,0,0,0,0,0,0,0,0,0,0,0,0,0,140,198
170,85,3123,2865,2762,2856,11652,3450,2921,2907,0,0,0,0,0,0,0,0,0,0,0,0,0,0,0,0,0,0,0,0,0,0,0,0,0,0,0,245,197
170,85,3127,2882,2791,2857,11654,3430,2931,2924,0,0,0,0,0,0,0,0,0,0,0,0,0,0,0,0,0,0,0,0,0,0,0,0,0,0,0,157,197
170,85,3141,2868,2784,2805,11661,3443,2943,2923,0,0,0,0,0,0,0,0,0,0,0,0,0,0,0,0,0,0,0,0,0,0,0,0,0,0,0,86,197
170,85,3122,2845,2802,2829,11682,3424,2928,2920,0,0,0,0,0,0,0,0,0,0,0,0,0,0,0,0,0,0,0,0,0,0,0,0,0,0,0,211,198
170,85,3130,2882,2775,2833,11676,3415,2933,2899,0,0,0,0,0,0,0,0,0,0,0,0,0,0,0,0,0,0,0,0,0,0,0,0,0,0,0,138,198
170,85,3130,2872,2791,2820,11670,3417,2934,2886,0,0,0,0,0,0,0,0,0,0,0,0,0,0,0,0,0,0,0,0,0,0,0,0,0,0,0,199,199
170,85,3141,2832,2763,2805,11678,3444,2955,2870,0,0,0,0,0,0,0,0,0,0,0,0,0,0,0,0,0,0,0,0,0,0,0,0,0,0,0,228,198
170,85,3125,2816,2795,2844,11677,3443,2928,2895,0,0,0,0,0,0,0,0,0,0,0,0,0,0,0,0,0,0,0,0,0,0,0,0,0,0,0,202,199
170,85,3121,2862,2798,2842,11692,3431,2943,2886,0,0,0,0,0,0,0,0,0,0,0,0,0,0,0,0,0,0,0,0,0,0,0,0,0,0,0,192,199
170,85,3106,2832,2800,2828,11671,3429,2940,2905,0,0,0,0,0,0,0,0,0,0,0,0,0,0,0,0,0,0,0,0,0,0,0,0,0,0,0,192,198
170,85,3135,2876,2785,2811,11683,3420,2943,2897,0,0,0,0,0,0,0,0,0,0,0,0,0,0,0,0,0,0,0,0,0,0,0,0,0,0,0,16,197
170,85,3092,2858,2784,2833,11677,3429,2942,2889,0,0,0,0,0,0,0,0,0,0,0,0,0,0,0,0,0,0,0,0,0,0,0,0,0,0,0,217,197
170,85,3143,2850,2774,2852,11677,3435,2900,2919,0,0,0,0,0,0,0,0,0,0,0,0,0,0,0,0,0,0,0,0,0,0,0,0,0,0,0,139,196
170,85,3146,2888,2794,2806,11655,3433,2953,2893,0,0,0,0,0,0,0,0,0,0,0,0,0,0,0,0,0,0,0,0,0,0,0,0,0,0,0,236,195
170,85,3131,2831,2816,2830,11667,3413,2925,2917,0,0,0,0,0,0,0,0,0,0,0,0,0,0,0,0,0,0,0,0,0,0,0,0,0,0,0,44,196
170,85,3118,2861,2808,2829,11674,3430,2936,2907,0,0,0,0,0,0,0,0,0,0,0,0,0,0,0,0,0,0,0,0,0,0,0,0,0,0,0,240,196
170,85,3120,2854,2800,2828,11667,3434,2907,2918,0,0,0,0,0,0,0,0,0,0,0,0,0,0,0,0,0,0,0,0,0,0,0,0,0,0,0,247,195
170,85,3141,2855,2763,2819,11695,3420,2916,2908,0,0,0,0,0,0,0,0,0,0,0,0,0,0,0,0,0,0,0,0,0,0,0,0,0,0,0,184,194
170,85,3125,2845,2813,2846,11668,3432,2921,2908,0,0,0,0,0,0,0,0,0,0,0,0,0,0,0,0,0,0,0,0,0,0,0,0,0,0,0,219,193
170,85,3121,2834,2801,2851,11667,3428,2923,2904,0,0,0,0,0,0,0,0,0,0,0,0,0,0,0,0,0,0,0,0,0,0,0,0,0,0,0,236,191
170,85,3141,2844,2775,2799,11671,3396,2928,2890,0,0,0,0,0,0,0,0,0,0,0,0,0,0,0,0,0,0,0,0,0,0,0,0,0,0,0,80,192
170,85,3136,2806,2776,2828,11666,3488,2846,2936,0,0,0,0,0,0,0,0,0,0,0,0,0,0,0,0,0,0,0,0,0,0,0,0,0,0,0,238,192
170,85,3124,2875,2775,2857,11670,3451,2899,2891,0,0,0,0,0,0,0,0,0,0,0,0,0,0,0,0,0,0,0,0,0,0,0,0,0,0,0,221,192
170,85,3144,2858,2790,2832,11670,3428,2931,2890,0,0,0,0,0,0,0,0,0,0,0,0,0,0,0,0,0,0,0,0,0,0,0,0,0,0,0,134,192
170,85,3116,2854,2763,2799,11696,3438,2938,2890,0,0,0,0,0,0,0,0,0,0,0,0,0,0,0,0,0,0,0,0,0,0,0,0,0,0,0,24,191
170,85,3123,2857,2803,2855,11680,3413,2929,2902,0,0,0,0,0,0,0,0,0,0,0,0,0,0,0,0,0,0,0,0,0,0,0,0,0,0,0,197,190
170,85,3142,2888,2784,2852,11677,3430,2939,2900,0,0,0,0,0,0,0,0,0,0,0,0,0,0,0,0,0,0,0,0,0,0,0,0,0,0,0,199,189
170,85,3107,2836,2773,2816,11673,3415,2950,2908,0,0,0,0,0,0,0,0,0,0,0,0,0,0,0,0,0,0,0,0,0,0,0,0,0,0,0,47,189
170,85,3101,2859,2796,2846,11688,3431,2905,2889,0,0,0,0,0,0,0,0,0,0,0,0,0,0,0,0,0,0,0,0,0,0,0,0,0,0,0,194,189
170,85,3105,2886,2792,2857,11674,3432,2943,2886,0,0,0,0,0,0,0,0,0,0,0,0,0,0,0,0,0,0,0,0,0,0,0,0,0,0,0,180,188
170,85,3136,2878,2796,2805,11681,3446,2942,2891,0,0,0,0,0,0,0,0,0,0,0,0,0,0,0,0,0,0,0,0,0,0,0,0,0,0,0,93,189
170,85,3118,2887,2774,2827,11695,3420,2943,2906,0,0,0,0,0,0,0,0,0,0,0,0,0,0,0,0,0,0,0,0,0,0,0,0,0,0,0,187,189
170,85,3131,2882,2770,2836,11663,3426,2920,2921,0,0,0,0,0,0,0,0,0,0,0,0,0,0,0,0,0,0,0,0,0,0,0,0,0,0,0,138,189
170,85,3125,2833,2762,2843,11669,3431,2937,2889,0,0,0,0,0,0,0,0,0,0,0,0,0,0,0,0,0,0,0,0,0,0,0,0,0,0,0,238,189
170,85,3106,2871,2773,2831,11656,3419,2956,2925,0,0,0,0,0,0,0,0,0,0,0,0,0,0,0,0,0,0,0,0,0,0,0,0,0,0,0,36,189
170,85,3121,2870,2801,2858,11660,3433,2903,2902,0,0,0,0,0,0,0,0,0,0,0,0,0,0,0,0,0,0,0,0,0,0,0,0,0,0,0,225,189
170,85,3134,2830,2794,2840,11665,3429,2950,2889,0,0,0,0,0,0,0,0,0,0,0,0,0,0,0,0,0,0,0,0,0,0,0,0,0,0,0,32,190
170,85,3147,2859,2791,2818,11666,3429,2928,2914,0,0,0,0,0,0,0,0,0,0,0,0,0,0,0,0,0,0,0,0,0,0,0,0,0,0,0,185,190
170,85,3142,2854,2793,2830,11663,3422,2913,2916,0,0,0,0,0,0,0,0,0,0,0,0,0,0,0,0,0,0,0,0,0,0,0,0,0,0,0,138,190
170,85,3116,2869,2784,2836,11664,3436,2899,2899,0,0,0,0,0,0,0,0,0,0,0,0,0,0,0,0,0,0,0,0,0,0,0,0,0,0,0,200,190
170,85,3145,2833,2778,2841,11659,3397,2936,2896,0,0,0,0,0,0,0,0,0,0,0,0,0,0,0,0,0,0,0,0,0,0,0,0,0,0,0,164,190
170,85,3135,2832,2768,2830,11663,3433,2937,2895,0,0,0,0,0,0,0,0,0,0,0,0,0,0,0,0,0,0,0,0,0,0,0,0,0,0,0,248,190
170,85,3091,2871,2777,2858,11661,3417,2911,2908,0,0,0,0,0,0,0,0,0,0,0,0,0,0,0,0,0,0,0,0,0,0,0,0,0,0,0,217,190
170,85,3118,2860,2794,2849,11646,3431,2941,2906,0,0,0,0,0,0,0,0,0,0,0,0,0,0,0,0,0,0,0,0,0,0,0,0,0,0,0,46,190
170,85,3139,2859,2795,2805,11666,3433,2939,2907,0,0,0,0,0,0,0,0,0,0,0,0,0,0,0,0,0,0,0,0,0,0,0,0,0,0,0,117,190
170,85,3093,2881,2764,2844,11667,3432,2927,2907,0,0,0,0,0,0,0,0,0,0,0,0,0,0,0,0,0,0,0,0,0,0,0,0,0,0,0,146,190
170,85,3123,2844,2787,2858,11642,3419,2935,2890,0,0,0,0,0,0,0,0,0,0,0,0,0,0,0,0,0,0,0,0,0,0,0,0,0,0,0,35,190
170,85,3096,2882,2778,2840,11652,3398,2950,2915,0,0,0,0,0,0,0,0,0,0,0,0,0,0,0,0,0,0,0,0,0,0,0,0,0,0,0,102,190
170,85,3147,2857,2772,2816,11657,3428,2939,2913,0,0,0,0,0,0,0,0,0,0,0,0,0,0,0,0,0,0,0,0,0,0,0,0,0,0,0,152,190
170,85,3107,2831,2803,2840,11673,3414,2939,2898,0,0,0,0,0,0,0,0,0,0,0,0,0,0,0,0,0,0,0,0,0,0,0,0,0,0,0,248,189
170,85,3136,2874,2775,2819,11658,3432,2926,2908,0,0,0,0,0,0,0,0,0,0,0,0,0,0,0,0,0,0,0,0,0,0,0,0,0,0,0,167,188
170,85,3139,2845,2778,2813,11679,3456,2838,2942,0,0,0,0,0,0,0,0,0,0,0,0,0,0,0,0,0,0,0,0,0,0,0,0,0,0,0,214,191
170,85,3091,2855,2774,2829,11673,3465,2915,2931,0,0,0,0,0,0,0,0,0,0,0,0,0,0,0,0,0,0,0,0,0,0,0,0,0,0,0,54,193
170,85,3134,2869,2790,2856,11674,3442,2925,2905,0,0,0,0,0,0,0,0,0,0,0,0,0,0,0,0,0,0,0,0,0,0,0,0,0,0,0,192,193
170,85,3132,2833,2801,2859,11665,3450,2929,2905,0,0,0,0,0,0,0,0,0,0,0,0,0,0,0,0,0,0,0,0,0,0,0,0,0,0,0,237,192
170,85,3146,2852,2793,2805,11671,3435,2904,2910,0,0,0,0,0,0,0,0,0,0,0,0,0,0,0,0,0,0,0,0,0,0,0,0,0,0,0,80,192
170,85,3125,2836,2798,2832,11675,3435,2927,2903,0,0,0,0,0,0,0,0,0,0,0,0,0,0,0,0,0,0,0,0,0,0,0,0,0,0,0,206,192
170,85,3107,2832,2784,2853,11652,3422,2932,2882,0,0,0,0,0,0,0,0,0,0,0,0,0,0,0,0,0,0,0,0,0,0,0,0,0,0,0,195,192
170,85,3137,2877,2793,2824,11658,3434,2942,2910,0,0,0,0,0,0,0,0,0,0,0,0,0,0,0,0,0,0,0,0,0,0,0,0,0,0,0,132,193
170,85,3133,2880,2790,2813,11667,3432,2903,2893,0,0,0,0,0,0,0,0,0,0,0,0,0,0,0,0,0,0,0,0,0,0,0,0,0,0,0,95,193
170,85,3128,2866,2775,2841,11652,3421,2940,2906,0,0,0,0,0,0,0,0,0,0,0,0,0,0,0,0,0,0,0,0,0,0,0,0,0,0,0,226,192
170,85,3114,2845,2803,2858,11657,3417,2937,2902,0,0,0,0,0,0,0,0,0,0,0,0,0,0,0,0,0,0,0,0,0,0,0,0,0,0,0,200,193
170,85,3118,2848,2808,2847,11660,3421,2928,2908,0,0,0,0,0,0,0,0,0,0,0,0,0,0,0,0,0,0,0,0,0,0,0,0,0,0,0,205,193
170,85,3104,2808,2793,2843,11677,3405,2892,2867,0,0,0,0,0,0,0,0,0,0,0,0,0,0,0,0,0,0,0,0,0,0,0,0,0,0,0,93,193
170,85,3113,2869,2792,2821,11638,3435,2916,2891,0,0,0,0,0,0,0,0,0,0,0,0,0,0,0,0,0,0,0,0,0,0,0,0,0,0,0,26,193
170,85,3127,2882,2794,2807,11667,3414,2929,2924,0,0,0,0,0,0,0,0,0,0,0,0,0,0,0,0,0,0,0,0,0,0,0,0,0,0,0,104,194
170,85,3141,2833,2792,2811,11645,3407,2940,2898,0,0,0,0,0,0,0,0,0,0,0,0,0,0,0,0,0,0,0,0,0,0,0,0,0,0,0,131,194
170,85,3104,2845,2764,2827,11645,3435,2951,2882,0,0,0,0,0,0,0,0,0,0,0,0,0,0,0,0,0,0,0,0,0,0,0,0,0,0,0,240,194
170,85,3132,2833,2784,2859,11633,3431,2921,2895,0,0,0,0,0,0,0,0,0,0,0,0,0,0,0,0,0,0,0,0,0,0,0,0,0,0,0,15,193
170,85,3140,2856,2792,2830,11645,3430,2937,2911,0,0,0,0,0,0,0,0,0,0,0,0,0,0,0,0,0,0,0,0,0,0,0,0,0,0,0,110,192
170,85,3143,2830,2808,2859,11667,3435,2915,2890,0,0,0,0,0,0,0,0,0,0,0,0,0,0,0,0,0,0,0,0,0,0,0,0,0,0,0,146,192
170,85,3131,2886,2809,2850,11629,3415,2928,2894,0,0,0,0,0,0,0,0,0,0,0,0,0,0,0,0,0,0,0,0,0,0,0,0,0,0,0,123,192
170,85,3124,2846,2762,2823,11618,3429,2928,2923,0,0,0,0,0,0,0,0,0,0,0,0,0,0,0,0,0,0,0,0,0,0,0,0,0,0,0,34,191
170,85,3121,2875,2806,2808,11605,3430,2935,2907,0,0,0,0,0,0,0,0,0,0,0,0,0,0,0,0,0,0,0,0,0,0,0,0,0,0,0,195,191
170,85,3089,2877,2776,2853,11611,3425,2926,2889,0,0,0,0,0,0,0,0,0,0,0,0,0,0,0,0,0,0,0,0,0,0,0,0,0,0,0,21,191
170,85,3125,2867,2807,2821,11618,3434,2910,2883,0,0,0,0,0,0,0,0,0,0,0,0,0,0,0,0,0,0,0,0,0,0,0,0,0,0,0,56,191
170,85,3130,2872,2792,2815,11608,3428,2953,2893,0,0,0,0,0,0,0,0,0,0,0,0,0,0,0,0,0,0,0,0,0,0,0,0,0,0,0,53,191
170,85,3084,2848,2763,2843,11602,3436,2916,2916,0,0,0,0,0,0,0,0,0,0,0,0,0,0,0,0,0,0,0,0,0,0,0,0,0,0,0,27,192
170,85,3130,2881,2808,2855,11626,3428,2904,2903,0,0,0,0,0,0,0,0,0,0,0,0,0,0,0,0,0,0,0,0,0,0,0,0,0,0,0,124,192
170,85,3123,2833,2765,2804,11632,3412,2927,2909,0,0,0,0,0,0,0,0,0,0,0,0,0,0,0,0,0,0,0,0,0,0,0,0,0,0,0,213,192
170,85,3143,2830,2762,2825,11599,3414,2941,2885,0,0,0,0,0,0,0,0,0,0,0,0,0,0,0,0,0,0,0,0,0,0,0,0,0,0,0,114,193
170,85,3146,2820,2765,2815,11644,3475,2830,2918,0,0,0,0,0,0,0,0,0,0,0,0,0,0,0,0,0,0,0,0,0,0,0,0,0,0,0,35,192
170,85,3107,2847,2764,2857,11605,3440,2893,2915,0,0,0,0,0,0,0,0,0,0,0,0,0,0,0,0,0,0,0,0,0,0,0,0,0,0,0,11,192
170,85,3097,2859,2795,2852,11631,3440,2944,2903,0,0,0,0,0,0,0,0,0,0,0,0,0,0,0,0,0,0,0,0,0,0,0,0,0,0,0,236,192
170,85,3079,2838,2767,2840,11624,3441,2904,2904,0,0,0,0,0,0,0,0,0,0,0,0,0,0,0,0,0,0,0,0,0,0,0,0,0,0,0,6,192
170,85,3131,2833,2764,2857,11616,3422,2929,2893,0,0,0,0,0,0,0,0,0,0,0,0,0,0,0,0,0,0,0,0,0,0,0,0,0,0,0,20,192
170,85,3141,2864,2774,2840,11608,3420,2923,2908,0,0,0,0,0,0,0,0,0,0,0,0,0,0,0,0,0,0,0,0,0,0,0,0,0,0,0,81,192
170,85,3127,2830,2792,2814,11624,3432,2948,2918,0,0,0,0,0,0,0,0,0,0,0,0,0,0,0,0,0,0,0,0,0,0,0,0,0,0,0,21,192
170,85,3116,2847,2775,2814,11617,3435,2945,2889,0,0,0,0,0,0,0,0,0,0,0,0,0,0,0,0,0,0,0,0,0,0,0,0,0,0,0,0,192
170,85,3131,2847,2765,2858,11542,3427,2912,2889,0,0,0,0,0,0,0,0,0,0,0,0,0,0,0,0,0,0,0,0,0,0,0,0,0,0,0,70,192
170,85,3135,2883,2776,2842,11525,3427,2926,2902,0,0,0,0,0,0,0,0,0,0,0,0,0,0,0,0,0,0,0,0,0,0,0,0,0,0,0,57,193
170,85,3118,2835,2807,2833,11527,3413,2928,2906,0,0,0,0,0,0,0,0,0,0,0,0,0,0,0,0,0,0,0,0,0,0,0,0,0,0,0,122,192
170,85,3124,2833,2815,2820,11530,3428,2900,2888,0,0,0,0,0,0,0,0,0,0,0,0,0,0,0,0,0,0,0,0,0,0,0,0,0,0,0,117,192
170,85,3102,2831,2775,2823,11539,3424,2934,2923,0,0,0,0,0,0,0,0,0,0,0,0,0,0,0,0,0,0,0,0,0,0,0,0,0,0,0,118,190
170,85,3142,2856,2774,2814,11538,3419,2929,2890,0,0,0,0,0,0,0,0,0,0,0,0,0,0,0,0,0,0,0,0,0,0,0,0,0,0,0,236,191
170,85,3115,2845,2806,2838,11532,3415,2928,2902,0,0,0,0,0,0,0,0,0,0,0,0,0,0,0,0,0,0,0,0,0,0,0,0,0,0,0,114,191
170,85,3122,2847,2765,2824,11528,3416,2924,2914,0,0,0,0,0,0,0,0,0,0,0,0,0,0,0,0,0,0,0,0,0,0,0,0,0,0,0,111,193
170,85,3134,2859,2779,2856,11513,3433,2911,2904,0,0,0,0,0,0,0,0,0,0,0,0,0,0,0,0,0,0,0,0,0,0,0,0,0,0,0,169,192
170,85,3127,2860,2783,2808,11533,3419,2926,2915,0,0,0,0,0,0,0,0,0,0,0,0,0,0,0,0,0,0,0,0,0,0,0,0,0,0,0,191,192
170,85,3131,2883,2773,2852,11514,3440,2926,2897,0,0,0,0,0,0,0,0,0,0,0,0,0,0,0,0,0,0,0,0,0,0,0,0,0,0,0,228,192
170,85,3134,2859,2783,2815,11526,3428,2926,2907,0,0,0,0,0,0,0,0,0,0,0,0,0,0,0,0,0,0,0,0,0,0,0,0,0,0,0,186,192
170,85,3128,2856,2762,2808,11519,3416,2940,2905,0,0,0,0,0,0,0,0,0,0,0,0,0,0,0,0,0,0,0,0,0,0,0,0,0,0,0,121,192
170,85,3142,2882,2792,2844,11519,3439,2929,2895,0,0,0,0,0,0,0,0,0,0,0,0,0,0,0,0,0,0,0,0,0,0,0,0,0,0,0,134,192
170,85,3123,2861,2802,2848,11515,3415,2915,2873,0,0,0,0,0,0,0,0,0,0,0,0,0,0,0,0,0,0,0,0,0,0,0,0,0,0,0,226,192
170,85,3141,2854,2775,2839,11527,3437,2914,2907,0,0,0,0,0,0,0,0,0,0,0,0,0,0,0,0,0,0,0,0,0,0,0,0,0,0,0,41,192
170,85,3132,2860,2763,2855,11556,3427,2914,2892,0,0,0,0,0,0,0,0,0,0,0,0,0,0,0,0,0,0,0,0,0,0,0,0,0,0,0,76,192
170,85,3116,2832,2784,2855,11571,3418,2926,2882,0,0,0,0,0,0,0,0,0,0,0,0,0,0,0,0,0,0,0,0,0,0,0,0,0,0,0,103,192
170,85,3146,2846,2802,2831,11559,3431,2940,2892,0,0,0,0,0,0,0,0,0,0,0,0,0,0,0,0,0,0,0,0,0,0,0,0,0,0,0,0,191
170,85,3124,2870,2761,2793,11580,3423,2913,2914,0,0,0,0,0,0,0,0,0,0,0,0,0,0,0,0,0,0,0,0,0,0,0,0,0,0,0,154,191
170,85,3132,2882,2776,2844,11557,3416,2919,2886,0,0,0,0,0,0,0,0,0,0,0,0,0,0,0,0,0,0,0,0,0,0,0,0,0,0,0,63,191
170,85,3135,2865,2808,2851,11565,3415,2925,2908,0,0,0,0,0,0,0,0,0,0,0,0,0,0,0,0,0,0,0,0,0,0,0,0,0,0,0,71,191
170,85,3125,2834,2802,2822,11676,3457,2846,2959,0,0,0,0,0,0,0,0,0,0,0,0,0,0,0,0,0,0,0,0,0,0,0,0,0,0,0,134,192
170,85,3118,2822,2806,2855,11683,3450,2874,2900,0,0,0,0,0,0,0,0,0,0,0,0,0,0,0,0,0,0,0,0,0,0,0,0,0,0,0,151,192
170,85,3104,2830,2795,2845,11679,3440,2927,2904,0,0,0,0,0,0,0,0,0,0,0,0,0,0,0,0,0,0,0,0,0,0,0,0,0,0,0,217,192
170,85,3124,2882,2800,2805,11666,3420,2945,2893,0,0,0,0,0,0,0,0,0,0,0,0,0,0,0,0,0,0,0,0,0,0,0,0,0,0,0,169,192
170,85,3122,2870,2782,2830,11663,3425,2924,2895,0,0,0,0,0,0,0,0,0,0,0,0,0,0,0,0,0,0,0,0,0,0,0,0,0,0,0,192,192
170,85,3131,2881,2776,2858,11656,3434,2935,2905,0,0,0,0,0,0,0,0,0,0,0,0,0,0,0,0,0,0,0,0,0,0,0,0,0,0,0,157,192
170,85,3112,2887,2793,2857,11668,3433,2942,2889,0,0,0,0,0,0,0,0,0,0,0,0,0,0,0,0,0,0,0,0,0,0,0,0,0,0,0,188,191
170,85,3142,2877,2784,2827,11694,3418,2918,2892,0,0,0,0,0,0,0,0,0,0,0,0,0,0,0,0,0,0,0,0,0,0,0,0,0,0,0,151,191
170,85,3126,2855,2785,2856,11551,3421,2877,2906,0,0,0,0,0,0,0,0,0,0,0,0,0,0,0,0,0,0,0,0,0,0,0,0,0,0,0,36,192
170,85,3122,2829,2792,2829,11545,3432,2916,2917,0,0,0,0,0,0,0,0,0,0,0,0,0,0,0,0,0,0,0,0,0,0,0,0,0,0,0,115,192
170,85,3119,2859,2800,2814,11537,3444,2915,2906,0,0,0,0,0,0,0,0,0,0,0,0,0,0,0,0,0,0,0,0,0,0,0,0,0,0,0,142,191
170,85,3134,2845,2792,2855,11567,3431,2902,2861,0,0,0,0,0,0,0,0,0,0,0,0,0,0,0,0,0,0,0,0,0,0,0,0,0,0,0,6,191
170,85,3125,2848,2791,2805,11547,3415,2931,2884,0,0,0,0,0,0,0,0,0,0,0,0,0,0,0,0,0,0,0,0,0,0,0,0,0,0,0,164,190
170,85,3142,2882,2775,2825,11538,3437,2954,2891,0,0,0,0,0,0,0,0,0,0,0,0,0,0,0,0,0,0,0,0,0,0,0,0,0,0,0,189,191
170,85,3107,2830,2792,2819,11539,3430,2927,2894,0,0,0,0,0,0,0,0,0,0,0,0,0,0,0,0,0,0,0,0,0,0,0,0,0,0,0,75,191
170,85,3126,2853,2772,2806,11671,3432,2911,2900,0,0,0,0,0,0,0,0,0,0,0,0,0,0,0,0,0,0,0,0,0,0,0,0,0,0,0,29,191
170,85,3117,2846,2762,2831,11661,3437,2936,2899,0,0,0,0,0,0,0,0,0,0,0,0,0,0,0,0,0,0,0,0,0,0,0,0,0,0,0,228,191
170,85,3109,2832,2805,2852,11660,3430,2946,2883,0,0,0,0,0,0,0,0,0,0,0,0,0,0,0,0,0,0,0,0,0,0,0,0,0,0,0,22,191
170,85,3121,2851,2792,2844,11639,3401,2902,2907,0,0,0,0,0,0,0,0,0,0,0,0,0,0,0,0,0,0,0,0,0,0,0,0,0,0,0,12,191
170,85,3144,2855,2761,2815,11653,3419,2928,2892,0,0,0,0,0,0,0,0,0,0,0,0,0,0,0,0,0,0,0,0,0,0,0,0,0,0,0,99,191
170,85,3147,2860,2790,2829,11503,3418,2942,2915,0,0,0,0,0,0,0,0,0,0,0,0,0,0,0,0,0,0,0,0,0,0,0,0,0,0,0,252,191
170,85,3095,2867,2808,2856,11528,3419,2931,2882,0,0,0,0,0,0,0,0,0,0,0,0,0,0,0,0,0,0,0,0,0,0,0,0,0,0,0,79,191
170,85,3127,2868,2799,2822,11520,3428,2914,2891,0,0,0,0,0,0,0,0,0,0,0,0,0,0,0,0,0,0,0,0,0,0,0,0,0,0,0,126,191
170,85,3117,2860,2791,2816,11520,3430,2918,2888,0,0,0,0,0,0,0,0,0,0,0,0,0,0,0,0,0,0,0,0,0,0,0,0,0,0,0,119,191
170,85,3117,2846,2800,2843,11526,3418,2902,2859,0,0,0,0,0,0,0,0,0,0,0,0,0,0,0,0,0,0,0,0,0,0,0,0,0,0,0,32,191
170,85,3120,2870,2775,2842,11519,3393,2923,2914,0,0,0,0,0,0,0,0,0,0,0,0,0,0,0,0,0,0,0,0,0,0,0,0,0,0,0,164,191
170,85,3145,2864,2792,2832,11503,3426,2936,2903,0,0,0,0,0,0,0,0,0,0,0,0,0,0,0,0,0,0,0,0,0,0,0,0,0,0,0,251,191
170,85,3122,2830,2774,2793,11550,3428,2939,2900,0,0,0,0,0,0,0,0,0,0,0,0,0,0,0,0,0,0,0,0,0,0,0,0,0,0,0,142,191
170,85,3144,2855,2806,2851,11633,3396,2934,2915,0,0,0,0,0,0,0,0,0,0,0,0,0,0,0,0,0,0,0,0,0,0,0,0,0,0,0,67,191
170,85,3143,2836,2776,2853,11612,3451,2845,2921,0,0,0,0,0,0,0,0,0,0,0,0,0,0,0,0,0,0,0,0,0,0,0,0,0,0,0,36,191
170,85,3138,2845,2765,2814,11624,3454,2915,2898,0,0,0,0,0,0,0,0,0,0,0,0,0,0,0,0,0,0,0,0,0,0,0,0,0,0,0,147,191
170,85,3077,2859,2786,2833,11637,3438,2902,2900,0,0,0,0,0,0,0,0,0,0,0,0,0,0,0,0,0,0,0,0,0,0,0,0,0,0,0,29,191
170,85,3129,2861,2775,2854,11628,3429,2924,2883,0,0,0,0,0,0,0,0,0,0,0,0,0,0,0,0,0,0,0,0,0,0,0,0,0,0,0,26,191
170,85,3133,2852,2807,2845,11617,3428,2922,2885,0,0,0,0,0,0,0,0,0,0,0,0,0,0,0,0,0,0,0,0,0,0,0,0,0,0,0,0,190
170,85,3143,2883,2790,2812,11547,3421,2943,2908,0,0,0,0,0,0,0,0,0,0,0,0,0,0,0,0,0,0,0,0,0,0,0,0,0,0,0,163,191
170,85,3140,2846,2775,2802,11648,3448,2916,2906,0,0,0,0,0,0,0,0,0,0,0,0,0,0,0,0,0,0,0,0,0,0,0,0,0,0,0,97,191
170,85,3143,2882,2776,2842,11606,3430,2925,2903,0,0,0,0,0,0,0,0,0,0,0,0,0,0,0,0,0,0,0,0,0,0,0,0,0,0,0,20,190
170,85,3135,2870,2763,2828,11598,3402,2939,2907,0,0,0,0,0,0,0,0,0,0,0,0,0,0,0,0,0,0,0,0,0,0,0,0,0,0,0,51,191
170,85,3127,2859,2775,2824,11604,3421,2913,2903,0,0,0,0,0,0,0,0,0,0,0,0,0,0,0,0,0,0,0,0,0,0,0,0,0,0,0,37,190
170,85,3125,2881,2802,2851,11603,3407,2903,2888,0,0,0,0,0,0,0,0,0,0,0,0,0,0,0,0,0,0,0,0,0,0,0,0,0,0,0,127,190
170,85,3110,2865,2774,2846,11616,3429,2920,2907,0,0,0,0,0,0,0,0,0,0,0,0,0,0,0,0,0,0,0,0,0,0,0,0,0,0,0,48,191
170,85,3140,2882,2788,2810,11622,3433,2927,2900,0,0,0,0,0,0,0,0,0,0,0,0,0,0,0,0,0,0,0,0,0,0,0,0,0,0,0,244,191
170,85,3142,2846,2790,2834,11598,3421,2932,2899,0,0,0,0,0,0,0,0,0,0,0,0,0,0,0,0,0,0,0,0,0,0,0,0,0,0,0,65,191
170,85,3147,2869,2779,2844,11508,3429,2892,2904,0,0,0,0,0,0,0,0,0,0,0,0,0,0,0,0,0,0,0,0,0,0,0,0,0,0,0,228,191
170,85,3130,2845,2777,2822,11550,3420,2926,2895,0,0,0,0,0,0,0,0,0,0,0,0,0,0,0,0,0,0,0,0,0,0,0,0,0,0,0,66,190
170,85,3134,2852,2792,2816,11579,3436,2942,2887,0,0,0,0,0,0,0,0,0,0,0,0,0,0,0,0,0,0,0,0,0,0,0,0,0,0,0,69,191
170,85,3091,2859,2763,2847,11582,3432,2904,2891,0,0,0,0,0,0,0,0,0,0,0,0,0,0,0,0,0,0,0,0,0,0,0,0,0,0,0,112,191
170,85,3117,2862,2777,2856,11567,3430,2937,2924,0,0,0,0,0,0,0,0,0,0,0,0,0,0,0,0,0,0,0,0,0,0,0,0,0,0,0,119,191
170,85,3139,2848,2783,2792,11609,3432,2945,2908,0,0,0,0,0,0,0,0,0,0,0,0,0,0,0,0,0,0,0,0,0,0,0,0,0,0,0,96,191
170,85,3119,2834,2790,2792,11596,3431,2928,2895,0,0,0,0,0,0,0,0,0,0,0,0,0,0,0,0,0,0,0,0,0,0,0,0,0,0,0,255,191
170,85,3135,2830,2775,2857,11506,3415,2902,2889,0,0,0,0,0,0,0,0,0,0,0,0,0,0,0,0,0,0,0,0,0,0,0,0,0,0,0,173,190
170,85,3144,2846,2763,2830,11497,3442,2925,2907,0,0,0,0,0,0,0,0,0,0,0,0,0,0,0,0,0,0,0,0,0,0,0,0,0,0,0,230,191
170,85,3103,2833,2790,2823,11629,3438,2915,2881,0,0,0,0,0,0,0,0,0,0,0,0,0,0,0,0,0,0,0,0,0,0,0,0,0,0,0,23,191
170,85,3126,2846,2793,2852,11510,3434,2915,2909,0,0,0,0,0,0,0,0,0,0,0,0,0,0,0,0,0,0,0,0,0,0,0,0,0,0,0,159,191
170,85,3114,2833,2792,2854,11595,3428,2917,2894,0,0,0,0,0,0,0,0,0,0,0,0,0,0,0,0,0,0,0,0,0,0,0,0,0,0,0,40,192
170,85,3145,2858,2775,2813,11608,3428,2941,2898,0,0,0,0,0,0,0,0,0,0,0,0,0,0,0,0,0,0,0,0,0,0,0,0,0,0,0,130,191
170,85,3130,2862,2773,2822,11588,3422,2953,2887,0,0,0,0,0,0,0,0,0,0,0,0,0,0,0,0,0,0,0,0,0,0,0,0,0,0,0,202,191
170,85,3117,2860,2775,2820,11566,3413,2891,2896,0,0,0,0,0,0,0,0,0,0,0,0,0,0,0,0,0,0,0,0,0,0,0,0,0,0,0,107,192
170,85,3149,2853,2768,2869,11574,3521,2831,2931,0,0,0,0,0,0,0,0,0,0,0,0,0,0,0,0,0,0,0,0,0,0,0,0,0,0,0,223,191
170,85,3143,2857,2784,2827,11644,3466,2835,2938,0,0,0,0,0,0,0,0,0,0,0,0,0,0,0,0,0,0,0,0,0,0,0,0,0,0,0,195,191
170,85,3143,2868,2808,2853,11622,3441,2899,2905,0,0,0,0,0,0,0,0,0,0,0,0,0,0,0,0,0,0,0,0,0,0,0,0,0,0,0,106,191
170,85,3109,2859,2773,2807,11622,3407,2932,2907,0,0,0,0,0,0,0,0,0,0,0,0,0,0,0,0,0,0,0,0,0,0,0,0,0,0,0,242,191
170,85,3141,2854,2797,2811,11547,3439,2910,2906,0,0,0,0,0,0,0,0,0,0,0,0,0,0,0,0,0,0,0,0,0,0,0,0,0,0,0,221,191
170,85,3120,2845,2770,2821,11625,3436,2930,2891,0,0,0,0,0,0,0,0,0,0,0,0,0,0,0,0,0,0,0,0,0,0,0,0,0,0,0,31,191
170,85,3143,2852,2764,2818,11603,3438,2929,2903,0,0,0,0,0,0,0,0,0,0,0,0,0,0,0,0,0,0,0,0,0,0,0,0,0,0,0,111,191
170,85,3118,2868,2773,2835,11618,3427,2940,2888,0,0,0,0,0,0,0,0,0,0,0,0,0,0,0,0,0,0,0,0,0,0,0,0,0,0,0,48,191
170,85,3123,2876,2794,2845,11633,3421,2918,2881,0,0,0,0,0,0,0,0,0,0,0,0,0,0,0,0,0,0,0,0,0,0,0,0,0,0,0,42,191
170,85,3122,2872,2777,2856,11545,3417,2927,2919,0,0,0,0,0,0,0,0,0,0,0,0,0,0,0,0,0,0,0,0,0,0,0,0,0,0,0,106,191
170,85,3144,2836,2763,2828,11511,3429,2939,2918,0,0,0,0,0,0,0,0,0,0,0,0,0,0,0,0,0,0,0,0,0,0,0,0,0,0,0,204,191
170,85,3137,2830,2766,2791,11620,3442,2953,2918,0,0,0,0,0,0,0,0,0,0,0,0,0,0,0,0,0,0,0,0,0,0,0,0,0,0,0,71,191
170,85,3126,2871,2775,2859,11615,3432,2929,2876,0,0,0,0,0,0,0,0,0,0,0,0,0,0,0,0,0,0,0,0,0,0,0,0,0,0,0,94,190
170,85,3121,2831,2773,2810,11615,3418,2940,2910,0,0,0,0,0,0,0,0,0,0,0,0,0,0,0,0,0,0,0,0,0,0,0,0,0,0,0,238,191
170,85,3122,2861,2763,2818,11611,3439,2921,2886,0,0,0,0,0,0,0,0,0,0,0,0,0,0,0,0,0,0,0,0,0,0,0,0,0,0,0,20,191
170,85,3113,2876,2777,2850,11591,3396,2929,2893,0,0,0,0,0,0,0,0,0,0,0,0,0,0,0,0,0,0,0,0,0,0,0,0,0,0,0,8,191
170,85,3108,2885,2802,2836,11604,3431,2934,2904,0,0,0,0,0,0,0,0,0,0,0,0,0,0,0,0,0,0,0,0,0,0,0,0,0,0,0,67,191
170,85,3117,2832,2801,2791,11593,3416,2928,2869,0,0,0,0,0,0,0,0,0,0,0,0,0,0,0,0,0,0,0,0,0,0,0,0,0,0,0,167,191
170,85,3133,2847,2772,2815,11595,3417,2914,2884,0,0,0,0,0,0,0,0,0,0,0,0,0,0,0,0,0,0,0,0,0,0,0,0,0,0,0,229,191
170,85,3114,2881,2776,2834,11586,3449,2933,2909,0,0,0,0,0,0,0,0,0,0,0,0,0,0,0,0,0,0,0,0,0,0,0,0,0,0,0,107,191
170,85,3135,2830,2769,2790,11591,3432,2941,2906,0,0,0,0,0,0,0,0,0,0,0,0,0,0,0,0,0,0,0,0,0,0,0,0,0,0,0,214,191
170,85,3122,2846,2808,2832,11596,3437,2916,2906,0,0,0,0,0,0,0,0,0,0,0,0,0,0,0,0,0,0,0,0,0,0,0,0,0,0,0,2,191
170,85,3125,2831,2785,2852,11582,3420,2930,2869,0,0,0,0,0,0,0,0,0,0,0,0,0,0,0,0,0,0,0,0,0,0,0,0,0,0,0,3,192
170,85,3132,2888,2782,2834,11575,3429,2903,2909,0,0,0,0,0,0,0,0,0,0,0,0,0,0,0,0,0,0,0,0,0,0,0,0,0,0,0,57,192
170,85,3128,2846,2794,2810,11580,3440,2945,2907,0,0,0,0,0,0,0,0,0,0,0,0,0,0,0,0,0,0,0,0,0,0,0,0,0,0,0,120,192
170,85,3139,2871,2793,2824,11569,3420,2939,2904,0,0,0,0,0,0,0,0,0,0,0,0,0,0,0,0,0,0,0,0,0,0,0,0,0,0,0,2,192
170,85,3128,2868,2765,2842,11592,3401,2936,2903,0,0,0,0,0,0,0,0,0,0,0,0,0,0,0,0,0,0,0,0,0,0,0,0,0,0,0,44,191
170,85,3141,2831,2808,2835,11581,3413,2929,2908,0,0,0,0,0,0,0,0,0,0,0,0,0,0,0,0,0,0,0,0,0,0,0,0,0,0,0,61,192
170,85,3120,2887,2774,2790,11579,3430,2938,2907,0,0,0,0,0,0,0,0,0,0,0,0,0,0,0,0,0,0,0,0,0,0,0,0,0,0,0,227,192
170,85,3113,2873,2775,2820,11575,3419,2925,2921,0,0,0,0,0,0,0,0,0,0,0,0,0,0,0,0,0,0,0,0,0,0,0,0,0,0,0,114,191
170,85,3125,2853,2793,2859,11602,3447,2818,2917,0,0,0,0,0,0,0,0,0,0,0,0,0,0,0,0,0,0,0,0,0,0,0,0,0,0,0,73,192
170,85,3105,2832,2793,2848,11591,3433,2930,2890,0,0,0,0,0,0,0,0,0,0,0,0,0,0,0,0,0,0,0,0,0,0,0,0,0,0,0,55,192
170,85,3137,2885,2763,2818,11597,3422,2936,2908,0,0,0,0,0,0,0,0,0,0,0,0,0,0,0,0,0,0,0,0,0,0,0,0,0,0,0,35,192
170,85,3143,2870,2792,2793,11608,3429,2938,2905,0,0,0,0,0,0,0,0,0,0,0,0,0,0,0,0,0,0,0,0,0,0,0,0,0,0,0,182,192
170,85,3122,2866,2776,2834,11575,3433,2924,2886,0,0,0,0,0,0,0,0,0,0,0,0,0,0,0,0,0,0,0,0,0,0,0,0,0,0,0,103,192
170,85,3125,2848,2794,2858,11567,3415,2926,2893,0,0,0,0,0,0,0,0,0,0,0,0,0,0,0,0,0,0,0,0,0,0,0,0,0,0,0,87,192
170,85,3144,2847,2775,2856,11594,3420,2906,2896,0,0,0,0,0,0,0,0,0,0,0,0,0,0,0,0,0,0,0,0,0,0,0,0,0,0,0,109,192
170,85,3141,2860,2802,2829,11597,3420,2930,2904,0,0,0,0,0,0,0,0,0,0,0,0,0,0,0,0,0,0,0,0,0,0,0,0,0,0,0,116,192
170,85,3143,2886,2801,2824,11532,3421,2942,2903,0,0,0,0,0,0,0,0,0,0,0,0,0,0,0,0,0,0,0,0,0,0,0,0,0,0,0,89,192
170,85,3106,2876,2765,2845,11586,3435,2915,2882,0,0,0,0,0,0,0,0,0,0,0,0,0,0,0,0,0,0,0,0,0,0,0,0,0,0,0,31,192
170,85,3129,2863,2802,2831,11578,3430,2931,2884,0,0,0,0,0,0,0,0,0,0,0,0,0,0,0,0,0,0,0,0,0,0,0,0,0,0,0,89,192
170,85,3125,2851,2764,2823,11574,3414,2904,2918,0,0,0,0,0,0,0,0,0,0,0,0,0,0,0,0,0,0,0,0,0,0,0,0,0,0,0,90,192
170,85,3093,2817,2765,2821,11577,3438,2939,2882,0,0,0,0,0,0,0,0,0,0,0,0,0,0,0,0,0,0,0,0,0,0,0,0,0,0,0,107,192
170,85,3141,2865,2795,2857,11593,3418,2915,2917,0,0,0,0,0,0,0,0,0,0,0,0,0,0,0,0,0,0,0,0,0,0,0,0,0,0,0,122,192
170,85,3143,2863,2762,2791,11576,3414,2952,2891,0,0,0,0,0,0,0,0,0,0,0,0,0,0,0,0,0,0,0,0,0,0,0,0,0,0,0,48,192
170,85,3118,2886,2784,2823,11570,3428,2902,2900,0,0,0,0,0,0,0,0,0,0,0,0,0,0,0,0,0,0,0,0,0,0,0,0,0,0,0,2,192
170,85,3114,2870,2808,2844,11593,3433,2940,2899,0,0,0,0,0,0,0,0,0,0,0,0,0,0,0,0,0,0,0,0,0,0,0,0,0,0,0,46,192
170,85,3114,2867,2795,2845,11573,3426,2943,2884,0,0,0,0,0,0,0,0,0,0,0,0,0,0,0,0,0,0,0,0,0,0,0,0,0,0,0,90,192
170,85,3142,2846,2773,2828,11587,3437,2907,2889,0,0,0,0,0,0,0,0,0,0,0,0,0,0,0,0,0,0,0,0,0,0,0,0,0,0,0,100,191
170,85,3119,2838,2795,2858,11570,3418,2911,2899,0,0,0,0,0,0,0,0,0,0,0,0,0,0,0,0,0,0,0,0,0,0,0,0,0,0,0,69,192
170,85,3145,2878,2776,2858,11571,3431,2917,2907,0,0,0,0,0,0,0,0,0,0,0,0,0,0,0,0,0,0,0,0,0,0,0,0,0,0,0,54,192
170,85,3129,2879,2778,2802,11564,3430,2940,2901,0,0,0,0,0,0,0,0,0,0,0,0,0,0,0,0,0,0,0,0,0,0,0,0,0,0,0,149,192
170,85,3100,2848,2807,2794,11571,3439,2926,2900,0,0,0,0,0,0,0,0,0,0,0,0,0,0,0,0,0,0,0,0,0,0,0,0,0,0,0,159,192
170,85,3129,2844,2774,2828,11560,3431,2914,2875,0,0,0,0,0,0,0,0,0,0,0,0,0,0,0,0,0,0,0,0,0,0,0,0,0,0,0,48,192
170,85,3123,2850,2764,2828,11564,3417,2933,2907,0,0,0,0,0,0,0,0,0,0,0,0,0,0,0,0,0,0,0,0,0,0,0,0,0,0,0,83,192
170,85,3129,2889,2796,2806,11559,3430,2946,2916,0,0,0,0,0,0,0,0,0,0,0,0,0,0,0,0,0,0,0,0,0,0,0,0,0,0,0,21,192
170,85,3110,2846,2806,2837,11570,3414,2918,2891,0,0,0,0,0,0,0,0,0,0,0,0,0,0,0,0,0,0,0,0,0,0,0,0,0,0,0,75,192
170,85,3141,2846,2775,2848,11562,3429,2939,2900,0,0,0,0,0,0,0,0,0,0,0,0,0,0,0,0,0,0,0,0,0,0,0,0,0,0,0,21,191
170,85,3117,2861,2764,2789,11575,3430,2955,2897,0,0,0,0,0,0,0,0,0,0,0,0,0,0,0,0,0,0,0,0,0,0,0,0,0,0,0,122,192
170,85,3137,2834,2773,2829,11560,3433,2920,2867,0,0,0,0,0,0,0,0,0,0,0,0,0,0,0,0,0,0,0,0,0,0,0,0,0,0,0,72,191
170,85,3110,2882,2791,2845,11556,3430,2942,2899,0,0,0,0,0,0,0,0,0,0,0,0,0,0,0,0,0,0,0,0,0,0,0,0,0,0,0,40,192
170,85,3133,2884,2775,2831,11555,3430,2926,2910,0,0,0,0,0,0,0,0,0,0,0,0,0,0,0,0,0,0,0,0,0,0,0,0,0,0,0,13,192
170,85,3144,2844,2774,2828,11547,3429,2935,2900,0,0,0,0,0,0,0,0,0,0,0,0,0,0,0,0,0,0,0,0,0,0,0,0,0,0,0,10,191
170,85,3134,2837,2776,2849,11550,3420,2915,2882,0,0,0,0,0,0,0,0,0,0,0,0,0,0,0,0,0,0,0,0,0,0,0,0,0,0,0,104,192
170,85,3143,2881,2763,2854,11555,3431,2930,2899,0,0,0,0,0,0,0,0,0,0,0,0,0,0,0,0,0,0,0,0,0,0,0,0,0,0,0,87,192
170,85,3107,2859,2774,2780,11559,3419,2936,2902,0,0,0,0,0,0,0,0,0,0,0,0,0,0,0,0,0,0,0,0,0,0,0,0,0,0,0,136,191
170,85,3121,2874,2790,2809,11553,3413,2911,2888,0,0,0,0,0,0,0,0,0,0,0,0,0,0,0,0,0,0,0,0,0,0,0,0,0,0,0,175,192
170,85,3093,2859,2793,2836,11561,3429,2923,2897,0,0,0,0,0,0,0,0,0,0,0,0,0,0,0,0,0,0,0,0,0,0,0,0,0,0,0,108,191
170,85,3131,2880,2774,2857,11559,3397,2931,2897,0,0,0,0,0,0,0,0,0,0,0,0,0,0,0,0,0,0,0,0,0,0,0,0,0,0,0,29,191
170,85,3124,2860,2791,2795,11555,3428,2927,2899,0,0,0,0,0,0,0,0,0,0,0,0,0,0,0,0,0,0,0,0,0,0,0,0,0,0,0,183,192
170,85,3116,2864,2765,2857,11557,3417,2920,2908,0,0,0,0,0,0,0,0,0,0,0,0,0,0,0,0,0,0,0,0,0,0,0,0,0,0,0,105,192
170,85,3141,2847,2773,2857,11544,3417,2914,2896,0,0,0,0,0,0,0,0,0,0,0,0,0,0,0,0,0,0,0,0,0,0,0,0,0,0,0,12,191
170,85,3130,2860,2792,2828,11550,3432,2956,2906,0,0,0,0,0,0,0,0,0,0,0,0,0,0,0,0,0,0,0,0,0,0,0,0,0,0,0,139,192
170,85,3128,2878,2792,2812,11553,3431,2924,2906,0,0,0,0,0,0,0,0,0,0,0,0,0,0,0,0,0,0,0,0,0,0,0,0,0,0,0,186,191
170,85,3113,2849,2762,2851,11553,3442,2944,2881,0,0,0,0,0,0,0,0,0,0,0,0,0,0,0,0,0,0,0,0,0,0,0,0,0,0,0,170,191
170,85,3124,2847,2797,2852,11573,3416,2928,2897,0,0,0,0,0,0,0,0,0,0,0,0,0,0,0,0,0,0,0,0,0,0,0,0,0,0,0,119,191
170,85,3103,2892,2782,2829,11546,3430,2927,2910,0,0,0,0,0,0,0,0,0,0,0,0,0,0,0,0,0,0,0,0,0,0,0,0,0,0,0,20,191
170,85,3108,2857,2796,2852,11531,3413,2877,2891,0,0,0,0,0,0,0,0,0,0,0,0,0,0,0,0,0,0,0,0,0,0,0,0,0,0,0,52,191
170,85,3134,2847,2797,2846,11553,3436,2929,2894,0,0,0,0,0,0,0,0,0,0,0,0,0,0,0,0,0,0,0,0,0,0,0,0,0,0,0,121,191
170,85,3108,2864,2785,2829,11544,3431,2951,2908,0,0,0,0,0,0,0,0,0,0,0,0,0,0,0,0,0,0,0,0,0,0,0,0,0,0,0,133,190
170,85,3133,2862,2773,2799,11456,3414,2917,2890,0,0,0,0,0,0,0,0,0,0,0,0,0,0,0,0,0,0,0,0,0,0,0,0,0,0,0,73,191
170,85,3128,2882,2806,2855,11442,3428,2940,2867,0,0,0,0,0,0,0,0,0,0,0,0,0,0,0,0,0,0,0,0,0,0,0,0,0,0,0,234,191
170,85,3134,2846,2785,2857,11550,3414,2914,2880,0,0,0,0,0,0,0,0,0,0,0,0,0,0,0,0,0,0,0,0,0,0,0,0,0,0,0,91,190
170,85,3103,2862,2792,2782,11569,3430,2939,2923,0,0,0,0,0,0,0,0,0,0,0,0,0,0,0,0,0,0,0,0,0,0,0,0,0,0,0,152,191
170,85,3119,2853,2802,2856,11551,3430,2891,2892,0,0,0,0,0,0,0,0,0,0,0,0,0,0,0,0,0,0,0,0,0,0,0,0,0,0,0,119,190
170,85,3146,2887,2763,2847,11543,3417,2928,2900,0,0,0,0,0,0,0,0,0,0,0,0,0,0,0,0,0,0,0,0,0,0,0,0,0,0,0,106,190
170,85,3143,2860,2794,2790,11542,3426,2927,2886,0,0,0,0,0,0,0,0,0,0,0,0,0,0,0,0,0,0,0,0,0,0,0,0,0,0,0,226,191
170,85,3095,2849,2777,2807,11527,3430,2939,2916,0,0,0,0,0,0,0,0,0,0,0,0,0,0,0,0,0,0,0,0,0,0,0,0,0,0,0,190,191
170,85,3114,2870,2808,2850,11531,3425,2927,2898,0,0,0,0,0,0,0,0,0,0,0,0,0,0,0,0,0,0,0,0,0,0,0,0,0,0,0,72,192
170,85,3134,2848,2767,2850,11539,3435,2925,2883,0,0,0,0,0,0,0,0,0,0,0,0,0,0,0,0,0,0,0,0,0,0,0,0,0,0,0,124,193
170,85,3139,2892,2764,2831,11529,3434,2939,2907,0,0,0,0,0,0,0,0,0,0,0,0,0,0,0,0,0,0,0,0,0,0,0,0,0,0,0,86,193
170,85,3118,2832,2808,2850,11533,3429,2918,2882,0,0,0,0,0,0,0,0,0,0,0,0,0,0,0,0,0,0,0,0,0,0,0,0,0,0,0,113,194
170,85,3130,2860,2783,2843,11550,3412,2931,2903,0,0,0,0,0,0,0,0,0,0,0,0,0,0,0,0,0,0,0,0,0,0,0,0,0,0,0,101,194
170,85,3118,2834,2793,2808,11444,3416,2937,2890,0,0,0,0,0,0,0,0,0,0,0,0,0,0,0,0,0,0,0,0,0,0,0,0,0,0,0,43,194
170,85,3103,2832,2801,2821,11452,3429,2928,2905,0,0,0,0,0,0,0,0,0,0,0,0,0,0,0,0,0,0,0,0,0,0,0,0,0,0,0,211,195
170,85,3131,2878,2794,2854,11446,3440,2926,2838,0,0,0,0,0,0,0,0,0,0,0,0,0,0,0,0,0,0,0,0,0,0,0,0,0,0,0,175,195
170,85,3109,2882,2775,2835,11457,3412,2904,2882,0,0,0,0,0,0,0,0,0,0,0,0,0,0,0,0,0,0,0,0,0,0,0,0,0,0,0,244,195
170,85,3125,2888,2776,2805,11451,3429,2910,2917,0,0,0,0,0,0,0,0,0,0,0,0,0,0,0,0,0,0,0,0,0,0,0,0,0,0,0,108,196
170,85,3131,2835,2807,2857,11451,3416,2900,2877,0,0,0,0,0,0,0,0,0,0,0,0,0,0,0,0,0,0,0,0,0,0,0,0,0,0,0,164,196
170,85,3122,2864,2801,2838,11449,3419,2932,2903,0,0,0,0,0,0,0,0,0,0,0,0,0,0,0,0,0,0,0,0,0,0,0,0,0,0,0,252,196
170,85,3146,2868,2794,2793,11447,3441,2915,2902,0,0,0,0,0,0,0,0,0,0,0,0,0,0,0,0,0,0,0,0,0,0,0,0,0,0,0,87,196
170,85,3135,2857,2781,2806,11459,3411,2928,2902,0,0,0,0,0,0,0,0,0,0,0,0,0,0,0,0,0,0,0,0,0,0,0,0,0,0,0,82,196
170,85,3123,2845,2809,2852,11451,3416,2922,2867,0,0,0,0,0,0,0,0,0,0,0,0,0,0,0,0,0,0,0,0,0,0,0,0,0,0,0,145,195
170,85,3136,2849,2763,2816,11453,3427,2905,2901,0,0,0,0,0,0,0,0,0,0,0,0,0,0,0,0,0,0,0,0,0,0,0,0,0,0,0,160,195
170,85,3136,2872,2790,2823,11442,3411,2923,2907,0,0,0,0,0,0,0,0,0,0,0,0,0,0,0,0,0,0,0,0,0,0,0,0,0,0,0,144,195
170,85,3130,2869,2776,2851,11429,3410,2902,2885,0,0,0,0,0,0,0,0,0,0,0,0,0,0,0,0,0,0,0,0,0,0,0,0,0,0,0,200,193
170,85,3123,2883,2776,2814,11533,3430,2952,2896,0,0,0,0,0,0,0,0,0,0,0,0,0,0,0,0,0,0,0,0,0,0,0,0,0,0,0,61,191
170,85,3142,2874,2807,2827,11530,3418,2938,2895,0,0,0,0,0,0,0,0,0,0,0,0,0,0,0,0,0,0,0,0,0,0,0,0,0,0,0,60,191
170,85,3141,2883,2808,2809,11532,3419,2893,2890,0,0,0,0,0,0,0,0,0,0,0,0,0,0,0,0,0,0,0,0,0,0,0,0,0,0,0,143,192
170,85,3130,2832,2807,2856,11444,3428,2938,2863,0,0,0,0,0,0,0,0,0,0,0,0,0,0,0,0,0,0,0,0,0,0,0,0,0,0,0,168,194
170,85,3121,2877,2778,2803,11455,3421,2915,2889,0,0,0,0,0,0,0,0,0,0,0,0,0,0,0,0,0,0,0,0,0,0,0,0,0,0,0,52,195
170,85,3143,2869,2761,2826,11445,3429,2940,2906,0,0,0,0,0,0,0,0,0,0,0,0,0,0,0,0,0,0,0,0,0,0,0,0,0,0,0,159,196
170,85,3111,2867,2763,2856,11453,3439,2916,2888,0,0,0,0,0,0,0,0,0,0,0,0,0,0,0,0,0,0,0,0,0,0,0,0,0,0,0,209,195
170,85,3138,2876,2798,2829,11466,3428,2942,2906,0,0,0,0,0,0,0,0,0,0,0,0,0,0,0,0,0,0,0,0,0,0,0,0,0,0,0,207,195
170,85,3131,2832,2790,2829,11453,3422,2924,2906,0,0,0,0,0,0,0,0,0,0,0,0,0,0,0,0,0,0,0,0,0,0,0,0,0,0,0,205,196
170,85,3106,2846,2762,2843,11448,3407,2925,2908,0,0,0,0,0,0,0,0,0,0,0,0,0,0,0,0,0,0,0,0,0,0,0,0,0,0,0,243,195
170,85,3085,2830,2781,2850,11433,3409,2916,2891,0,0,0,0,0,0,0,0,0,0,0,0,0,0,0,0,0,0,0,0,0,0,0,0,0,0,0,243,194
170,85,3125,2850,2784,2814,11457,3406,2918,2891,0,0,0,0,0,0,0,0,0,0,0,0,0,0,0,0,0,0,0,0,0,0,0,0,0,0,0,114,194
170,85,3144,2868,2777,2828,11451,3431,2916,2907,0,0,0,0,0,0,0,0,0,0,0,0,0,0,0,0,0,0,0,0,0,0,0,0,0,0,0,146,196
170,85,3097,2844,2773,2851,11434,3424,2893,2909,0,0,0,0,0,0,0,0,0,0,0,0,0,0,0,0,0,0,0,0,0,0,0,0,0,0,0,241,197
170,85,3145,2851,2775,2830,11444,3422,2945,2890,0,0,0,0,0,0,0,0,0,0,0,0,0,0,0,0,0,0,0,0,0,0,0,0,0,0,0,74,197
170,85,3105,2830,2763,2825,11435,3430,2928,2916,0,0,0,0,0,0,0,0,0,0,0,0,0,0,0,0,0,0,0,0,0,0,0,0,0,0,0,236,196
170,85,3079,2845,2776,2845,11439,3436,2926,2885,0,0,0,0,0,0,0,0,0,0,0,0,0,0,0,0,0,0,0,0,0,0,0,0,0,0,0,239,196
170,85,3143,2848,2802,2843,11445,3422,2918,2896,0,0,0,0,0,0,0,0,0,0,0,0,0,0,0,0,0,0,0,0,0,0,0,0,0,0,0,139,195
170,85,3102,2870,2792,2829,11444,3434,2933,2906,0,0,0,0,0,0,0,0,0,0,0,0,0,0,0,0,0,0,0,0,0,0,0,0,0,0,0,228,194
170,85,3120,2868,2782,2800,11435,3434,2929,2885,0,0,0,0,0,0,0,0,0,0,0,0,0,0,0,0,0,0,0,0,0,0,0,0,0,0,0,6,194
170,85,3118,2853,2808,2854,11434,3403,2889,2889,0,0,0,0,0,0,0,0,0,0,0,0,0,0,0,0,0,0,0,0,0,0,0,0,0,0,0,236,194
170,85,3145,2835,2807,2828,11439,3410,2916,2868,0,0,0,0,0,0,0,0,0,0,0,0,0,0,0,0,0,0,0,0,0,0,0,0,0,0,0,212,194
170,85,3097,2831,2771,2817,11544,3409,2923,2916,0,0,0,0,0,0,0,0,0,0,0,0,0,0,0,0,0,0,0,0,0,0,0,0,0,0,0,91,194
170,85,3122,2846,2784,2852,11542,3429,2928,2907,0,0,0,0,0,0,0,0,0,0,0,0,0,0,0,0,0,0,0,0,0,0,0,0,0,0,0,105,195
170,85,3136,2876,2784,2850,11531,3429,2939,2899,0,0,0,0,0,0,0,0,0,0,0,0,0,0,0,0,0,0,0,0,0,0,0,0,0,0,0,33,194
170,85,3133,2864,2762,2831,11530,3436,2939,2907,0,0,0,0,0,0,0,0,0,0,0,0,0,0,0,0,0,0,0,0,0,0,0,0,0,0,0,87,195
170,85,3121,2874,2760,2816,11524,3431,2921,2889,0,0,0,0,0,0,0,0,0,0,0,0,0,0,0,0,0,0,0,0,0,0,0,0,0,0,0,89,196
170,85,3138,2868,2774,2857,11519,3414,2903,2908,0,0,0,0,0,0,0,0,0,0,0,0,0,0,0,0,0,0,0,0,0,0,0,0,0,0,0,243,196
170,85,3120,2876,2769,2792,11514,3430,2903,2896,0,0,0,0,0,0,0,0,0,0,0,0,0,0,0,0,0,0,0,0,0,0,0,0,0,0,0,119,196
170,85,3122,2882,2761,2807,11518,3410,2926,2889,0,0,0,0,0,0,0,0,0,0,0,0,0,0,0,0,0,0,0,0,0,0,0,0,0,0,0,28,196
170,85,3124,2872,2802,2853,11513,3429,2930,2864,0,0,0,0,0,0,0,0,0,0,0,0,0,0,0,0,0,0,0,0,0,0,0,0,0,0,0,221,196
170,85,3097,2861,2774,2856,11430,3419,2939,2914,0,0,0,0,0,0,0,0,0,0,0,0,0,0,0,0,0,0,0,0,0,0,0,0,0,0,0,246,196
170,85,3103,2860,2808,2829,11539,3426,2929,2923,0,0,0,0,0,0,0,0,0,0,0,0,0,0,0,0,0,0,0,0,0,0,0,0,0,0,0,116,196
170,85,3139,2831,2795,2829,11431,3428,2942,2905,0,0,0,0,0,0,0,0,0,0,0,0,0,0,0,0,0,0,0,0,0,0,0,0,0,0,0,150,196
170,85,3143,2831,2790,2849,11530,3420,2890,2896,0,0,0,0,0,0,0,0,0,0,0,0,0,0,0,0,0,0,0,0,0,0,0,0,0,0,0,26,195
170,85,3124,2835,2791,2809,11525,3441,2942,2917,0,0,0,0,0,0,0,0,0,0,0,0,0,0,0,0,0,0,0,0,0,0,0,0,0,0,0,142,195
170,85,3133,2854,2777,2830,11512,3428,2928,2888,0,0,0,0,0,0,0,0,0,0,0,0,0,0,0,0,0,0,0,0,0,0,0,0,0,0,0,176,193
170,85,3095,2848,2764,2848,11531,3413,2928,2888,0,0,0,0,0,0,0,0,0,0,0,0,0,0,0,0,0,0,0,0,0,0,0,0,0,0,0,100,193
170,85,3124,2834,2762,2841,11428,3431,2927,2891,0,0,0,0,0,0,0,0,0,0,0,0,0,0,0,0,0,0,0,0,0,0,0,0,0,0,0,202,194
170,85,3136,2890,2792,2821,11435,3424,2936,2916,0,0,0,0,0,0,0,0,0,0,0,0,0,0,0,0,0,0,0,0,0,0,0,0,0,0,0,232,196
170,85,3144,2860,2781,2807,11515,3428,2915,2901,0,0,0,0,0,0,0,0,0,0,0,0,0,0,0,0,0,0,0,0,0,0,0,0,0,0,0,62,196
170,85,3144,2859,2774,2853,11504,3423,2878,2908,0,0,0,0,0,0,0,0,0,0,0,0,0,0,0,0,0,0,0,0,0,0,0,0,0,0,0,133,196
170,85,3144,2833,2785,2825,11512,3430,2939,2888,0,0,0,0,0,0,0,0,0,0,0,0,0,0,0,0,0,0,0,0,0,0,0,0,0,0,0,196,195
170,85,3091,2846,2774,2846,11505,3392,2893,2888,0,0,0,0,0,0,0,0,0,0,0,0,0,0,0,0,0,0,0,0,0,0,0,0,0,0,0,169,193
170,85,3130,2834,2797,2846,11511,3392,2926,2873,0,0,0,0,0,0,0,0,0,0,0,0,0,0,0,0,0,0,0,0,0,0,0,0,0,0,0,227,194
170,85,3141,2880,2774,2819,11506,3426,2929,2890,0,0,0,0,0,0,0,0,0,0,0,0,0,0,0,0,0,0,0,0,0,0,0,0,0,0,0,163,193
170,85,3109,2843,2791,2816,11508,3430,2937,2890,0,0,0,0,0,0,0,0,0,0,0,0,0,0,0,0,0,0,0,0,0,0,0,0,0,0,0,160,193
170,85,3123,2843,2763,2828,11510,3410,2904,2883,0,0,0,0,0,0,0,0,0,0,0,0,0,0,0,0,0,0,0,0,0,0,0,0,0,0,0,136,193
170,85,3103,2886,2783,2837,11490,3422,2879,2904,0,0,0,0,0,0,0,0,0,0,0,0,0,0,0,0,0,0,0,0,0,0,0,0,0,0,0,144,193
170,85,3137,2843,2773,2812,11532,3416,2947,2910,0,0,0,0,0,0,0,0,0,0,0,0,0,0,0,0,0,0,0,0,0,0,0,0,0,0,0,34,193
170,85,3108,2868,2792,2856,11493,3431,2924,2898,0,0,0,0,0,0,0,0,0,0,0,0,0,0,0,0,0,0,0,0,0,0,0,0,0,0,0,180,193
170,85,3126,2888,2776,2851,11490,3431,2936,2903,0,0,0,0,0,0,0,0,0,0,0,0,0,0,0,0,0,0,0,0,0,0,0,0,0,0,0,247,194
170,85,3143,2860,2807,2795,11512,3428,2928,2907,0,0,0,0,0,0,0,0,0,0,0,0,0,0,0,0,0,0,0,0,0,0,0,0,0,0,0,25,192
170,85,3143,2853,2791,2828,11504,3429,2926,2887,0,0,0,0,0,0,0,0,0,0,0,0,0,0,0,0,0,0,0,0,0,0,0,0,0,0,0,237,192
170,85,3104,2856,2763,2854,11492,3427,2904,2895,0,0,0,0,0,0,0,0,0,0,0,0,0,0,0,0,0,0,0,0,0,0,0,0,0,0,0,173,192
170,85,3122,2880,2774,2805,11475,3427,2930,2889,0,0,0,0,0,0,0,0,0,0,0,0,0,0,0,0,0,0,0,0,0,0,0,0,0,0,0,3,193
170,85,3136,2848,2806,2830,11489,3429,2931,2907,0,0,0,0,0,0,0,0,0,0,0,0,0,0,0,0,0,0,0,0,0,0,0,0,0,0,0,236,193
170,85,3118,2859,2773,2855,11554,3399,2890,2910,0,0,0,0,0,0,0,0,0,0,0,0,0,0,0,0,0,0,0,0,0,0,0,0,0,0,0,95,193
170,85,3134,2883,2786,2830,11526,3426,2925,2891,0,0,0,0,0,0,0,0,0,0,0,0,0,0,0,0,0,0,0,0,0,0,0,0,0,0,0,10,194
170,85,3146,2853,2800,2815,11484,3417,2941,2869,0,0,0,0,0,0,0,0,0,0,0,0,0,0,0,0,0,0,0,0,0,0,0,0,0,0,0,116,195
170,85,3143,2834,2785,2833,11500,3432,2942,2908,0,0,0,0,0,0,0,0,0,0,0,0,0,0,0,0,0,0,0,0,0,0,0,0,0,0,0,219,195
170,85,3124,2844,2776,2839,11485,3429,2914,2882,0,0,0,0,0,0,0,0,0,0,0,0,0,0,0,0,0,0,0,0,0,0,0,0,0,0,0,167,195
170,85,3095,2831,2790,2824,11532,3429,2922,2908,0,0,0,0,0,0,0,0,0,0,0,0,0,0,0,0,0,0,0,0,0,0,0,0,0,0,0,112,195
170,85,3134,2881,2806,2782,11531,3432,2927,2905,0,0,0,0,0,0,0,0,0,0,0,0,0,0,0,0,0,0,0,0,0,0,0,0,0,0,0,218,195
170,85,3111,2854,2793,2853,11536,3429,2921,2876,0,0,0,0,0,0,0,0,0,0,0,0,0,0,0,0,0,0,0,0,0,0,0,0,0,0,0,52,195
170,85,3136,2879,2762,2849,11555,3418,2917,2918,0,0,0,0,0,0,0,0,0,0,0,0,0,0,0,0,0,0,0,0,0,0,0,0,0,0,0,55,196
170,85,3103,2871,2799,2816,11528,3428,2947,2908,0,0,0,0,0,0,0,0,0,0,0,0,0,0,0,0,0,0,0,0,0,0,0,0,0,0,0,173,196
170,85,3118,2870,2763,2831,11467,3428,2937,2894,0,0,0,0,0,0,0,0,0,0,0,0,0,0,0,0,0,0,0,0,0,0,0,0,0,0,0,156,196
170,85,3129,2881,2775,2855,11451,3426,2941,2899,0,0,0,0,0,0,0,0,0,0,0,0,0,0,0,0,0,0,0,0,0,0,0,0,0,0,0,167,196
170,85,3103,2851,2781,2814,11463,3411,2917,2907,0,0,0,0,0,0,0,0,0,0,0,0,0,0,0,0,0,0,0,0,0,0,0,0,0,0,0,108,196
170,85,3104,2858,2761,2830,11468,3415,2941,2907,0,0,0,0,0,0,0,0,0,0,0,0,0,0,0,0,0,0,0,0,0,0,0,0,0,0,0,168,194
170,85,3130,2875,2795,2852,11453,3425,2888,2883,0,0,0,0,0,0,0,0,0,0,0,0,0,0,0,0,0,0,0,0,0,0,0,0,0,0,0,193,194
170,85,3146,2870,2775,2857,11470,3420,2945,2894,0,0,0,0,0,0,0,0,0,0,0,0,0,0,0,0,0,0,0,0,0,0,0,0,0,0,0,7,193
170,85,3120,2858,2793,2802,11462,3429,2917,2906,0,0,0,0,0,0,0,0,0,0,0,0,0,0,0,0,0,0,0,0,0,0,0,0,0,0,0,68,193
170,85,3127,2875,2792,2836,11478,3417,2933,2906,0,0,0,0,0,0,0,0,0,0,0,0,0,0,0,0,0,0,0,0,0,0,0,0,0,0,0,136,192
170,85,3127,2878,2776,2835,11475,3393,2912,2872,0,0,0,0,0,0,0,0,0,0,0,0,0,0,0,0,0,0,0,0,0,0,0,0,0,0,0,208,192
170,85,3146,2829,2762,2827,11465,3430,2920,2906,0,0,0,0,0,0,0,0,0,0,0,0,0,0,0,0,0,0,0,0,0,0,0,0,0,0,0,195,193
170,85,3101,2847,2782,2844,11477,3431,2930,2901,0,0,0,0,0,0,0,0,0,0,0,0,0,0,0,0,0,0,0,0,0,0,0,0,0,0,0,141,193
170,85,3078,2876,2775,2856,11472,3427,2938,2876,0,0,0,0,0,0,0,0,0,0,0,0,0,0,0,0,0,0,0,0,0,0,0,0,0,0,0,232,192
170,85,3125,2882,2775,2832,11483,3429,2943,2902,0,0,0,0,0,0,0,0,0,0,0,0,0,0,0,0,0,0,0,0,0,0,0,0,0,0,0,255,191
170,85,3147,2860,2773,2832,11467,3430,2939,2895,0,0,0,0,0,0,0,0,0,0,0,0,0,0,0,0,0,0,0,0,0,0,0,0,0,0,0,227,191
170,85,3115,2846,2769,2827,11481,3428,2929,2895,0,0,0,0,0,0,0,0,0,0,0,0,0,0,0,0,0,0,0,0,0,0,0,0,0,0,0,180,191
170,85,3105,2830,2775,2856,11476,3428,2939,2840,0,0,0,0,0,0,0,0,0,0,0,0,0,0,0,0,0,0,0,0,0,0,0,0,0,0,0,219,193
170,85,3136,2867,2781,2816,11465,3399,2929,2889,0,0,0,0,0,0,0,0,0,0,0,0,0,0,0,0,0,0,0,0,0,0,0,0,0,0,0,192,193
170,85,3121,2842,2784,2856,11466,3432,2925,2906,0,0,0,0,0,0,0,0,0,0,0,0,0,0,0,0,0,0,0,0,0,0,0,0,0,0,0,174,194
170,85,3118,2833,2761,2834,11465,3429,2890,2881,0,0,0,0,0,0,0,0,0,0,0,0,0,0,0,0,0,0,0,0,0,0,0,0,0,0,0,155,195
170,85,3138,2852,2783,2816,11477,3429,2933,2890,0,0,0,0,0,0,0,0,0,0,0,0,0,0,0,0,0,0,0,0,0,0,0,0,0,0,0,238,195
170,85,3144,2853,2773,2823,11467,3440,2944,2922,0,0,0,0,0,0,0,0,0,0,0,0,0,0,0,0,0,0,0,0,0,0,0,0,0,0,0,54,196
170,85,3111,2846,2783,2829,11477,3431,2929,2893,0,0,0,0,0,0,0,0,0,0,0,0,0,0,0,0,0,0,0,0,0,0,0,0,0,0,0,189,196
170,85,3095,2873,2774,2844,11476,3410,2908,2873,0,0,0,0,0,0,0,0,0,0,0,0,0,0,0,0,0,0,0,0,0,0,0,0,0,0,0,223,196
170,85,3129,2844,2765,2818,11477,3429,2903,2884,0,0,0,0,0,0,0,0,0,0,0,0,0,0,0,0,0,0,0,0,0,0,0,0,0,0,0,145,196
170,85,3094,2882,2776,2857,11466,3429,2904,2898,0,0,0,0,0,0,0,0,0,0,0,0,0,0,0,0,0,0,0,0,0,0,0,0,0,0,0,216,196
170,85,3135,2858,2762,2834,11486,3412,2939,2915,0,0,0,0,0,0,0,0,0,0,0,0,0,0,0,0,0,0,0,0,0,0,0,0,0,0,0,135,196
170,85,3123,2863,2792,2819,11474,3430,2929,2898,0,0,0,0,0,0,0,0,0,0,0,0,0,0,0,0,0,0,0,0,0,0,0,0,0,0,0,184,196
170,85,3142,2830,2761,2838,11456,3431,2905,2889,0,0,0,0,0,0,0,0,0,0,0,0,0,0,0,0,0,0,0,0,0,0,0,0,0,0,0,248,196
170,85,3136,2876,2793,2845,11466,3428,2932,2894,0,0,0,0,0,0,0,0,0,0,0,0,0,0,0,0,0,0,0,0,0,0,0,0,0,0,0,196,196
170,85,3131,2881,2775,2832,11465,3426,2903,2882,0,0,0,0,0,0,0,0,0,0,0,0,0,0,0,0,0,0,0,0,0,0,0,0,0,0,0,219,197
170,85,3104,2829,2791,2828,11486,3430,2930,2905,0,0,0,0,0,0,0,0,0,0,0,0,0,0,0,0,0,0,0,0,0,0,0,0,0,0,0,141,197
170,85,3106,2833,2778,2857,11474,3427,2939,2866,0,0,0,0,0,0,0,0,0,0,0,0,0,0,0,0,0,0,0,0,0,0,0,0,0,0,0,224,198
170,85,3084,2847,2773,2845,11469,3425,2913,2892,0,0,0,0,0,0,0,0,0,0,0,0,0,0,0,0,0,0,0,0,0,0,0,0,0,0,0,130,198
170,85,3118,2884,2764,2806,11459,3429,2912,2896,0,0,0,0,0,0,0,0,0,0,0,0,0,0,0,0,0,0,0,0,0,0,0,0,0,0,0,31,198
170,85,3143,2861,2781,2792,11469,3433,2928,2890,0,0,0,0,0,0,0,0,0,0,0,0,0,0,0,0,0,0,0,0,0,0,0,0,0,0,0,24,198
170,85,3129,2859,2764,2853,11445,3433,2912,2896,0,0,0,0,0,0,0,0,0,0,0,0,0,0,0,0,0,0,0,0,0,0,0,0,0,0,0,207,199
170,85,3107,2863,2803,2851,11479,3417,2914,2897,0,0,0,0,0,0,0,0,0,0,0,0,0,0,0,0,0,0,0,0,0,0,0,0,0,0,0,185,198
170,85,3142,2844,2762,2848,11468,3466,2808,2900,0,0,0,0,0,0,0,0,0,0,0,0,0,0,0,0,0,0,0,0,0,0,0,0,0,0,0,131,197
170,85,3115,2860,2797,2854,11488,3445,2886,2896,0,0,0,0,0,0,0,0,0,0,0,0,0,0,0,0,0,0,0,0,0,0,0,0,0,0,0,151,197
170,85,3137,2852,2783,2791,11480,3427,2930,2917,0,0,0,0,0,0,0,0,0,0,0,0,0,0,0,0,0,0,0,0,0,0,0,0,0,0,0,40,197
170,85,3125,2860,2783,2829,11480,3440,2942,2904,0,0,0,0,0,0,0,0,0,0,0,0,0,0,0,0,0,0,0,0,0,0,0,0,0,0,0,157,198
170,85,3085,2872,2765,2831,11474,3430,2911,2892,0,0,0,0,0,0,0,0,0,0,0,0,0,0,0,0,0,0,0,0,0,0,0,0,0,0,0,136,198
170,85,3106,2858,2776,2834,11474,3431,2940,2862,0,0,0,0,0,0,0,0,0,0,0,0,0,0,0,0,0,0,0,0,0,0,0,0,0,0,0,253,198
170,85,3140,2861,2774,2824,11483,3418,2936,2909,0,0,0,0,0,0,0,0,0,0,0,0,0,0,0,0,0,0,0,0,0,0,0,0,0,0,0,203,197
170,85,3134,2859,2793,2858,11478,3431,2918,2870,0,0,0,0,0,0,0,0,0,0,0,0,0,0,0,0,0,0,0,0,0,0,0,0,0,0,0,239,198
170,85,3092,2845,2784,2848,11481,3415,2927,2893,0,0,0,0,0,0,0,0,0,0,0,0,0,0,0,0,0,0,0,0,0,0,0,0,0,0,0,189,198
170,85,3124,2832,2793,2828,11488,3422,2915,2906,0,0,0,0,0,0,0,0,0,0,0,0,0,0,0,0,0,0,0,0,0,0,0,0,0,0,0,158,198
170,85,3122,2855,2772,2818,11489,3438,2930,2915,0,0,0,0,0,0,0,0,0,0,0,0,0,0,0,0,0,0,0,0,0,0,0,0,0,0,0,133,198
170,85,3124,2860,2776,2853,11480,3433,2912,2871,0,0,0,0,0,0,0,0,0,0,0,0,0,0,0,0,0,0,0,0,0,0,0,0,0,0,0,219,198
170,85,3126,2886,2776,2841,11484,3430,2928,2915,0,0,0,0,0,0,0,0,0,0,0,0,0,0,0,0,0,0,0,0,0,0,0,0,0,0,0,192,198
170,85,3142,2871,2783,2816,11473,3432,2948,2890,0,0,0,0,0,0,0,0,0,0,0,0,0,0,0,0,0,0,0,0,0,0,0,0,0,0,0,1,198
170,85,3106,2861,2775,2860,11490,3439,2912,2874,0,0,0,0,0,0,0,0,0,0,0,0,0,0,0,0,0,0,0,0,0,0,0,0,0,0,0,251,198
170,85,3128,2860,2776,2853,11496,3430,2929,2922,0,0,0,0,0,0,0,0,0,0,0,0,0,0,0,0,0,0,0,0,0,0,0,0,0,0,0,164,198
170,85,3119,2846,2761,2825,11472,3414,2940,2889,0,0,0,0,0,0,0,0,0,0,0,0,0,0,0,0,0,0,0,0,0,0,0,0,0,0,0,154,198
170,85,3122,2833,2767,2834,11485,3431,2928,2905,0,0,0,0,0,0,0,0,0,0,0,0,0,0,0,0,0,0,0,0,0,0,0,0,0,0,0,181,198
170,85,3121,2847,2784,2847,11479,3415,2890,2883,0,0,0,0,0,0,0,0,0,0,0,0,0,0,0,0,0,0,0,0,0,0,0,0,0,0,0,128,197
170,85,3140,2879,2792,2816,11470,3430,2934,2923,0,0,0,0,0,0,0,0,0,0,0,0,0,0,0,0,0,0,0,0,0,0,0,0,0,0,0,254,198
170,85,3146,2855,2793,2818,11477,3423,2940,2907,0,0,0,0,0,0,0,0,0,0,0,0,0,0,0,0,0,0,0,0,0,0,0,0,0,0,0,243,198
170,85,3126,2821,2798,2866,11470,3419,2917,2888,0,0,0,0,0,0,0,0,0,0,0,0,0,0,0,0,0,0,0,0,0,0,0,0,0,0,0,143,198
170,85,3127,2860,2797,2853,11474,3417,2944,2908,0,0,0,0,0,0,0,0,0,0,0,0,0,0,0,0,0,0,0,0,0,0,0,0,0,0,0,92,197
170,85,3120,2861,2773,2829,11470,3437,2895,2893,0,0,0,0,0,0,0,0,0,0,0,0,0,0,0,0,0,0,0,0,0,0,0,0,0,0,0,188,197
170,85,3137,2844,2773,2844,11460,3424,2895,2891,0,0,0,0,0,0,0,0,0,0,0,0,0,0,0,0,0,0,0,0,0,0,0,0,0,0,0,236,197
170,85,3129,2880,2802,2850,11538,3407,2902,2868,0,0,0,0,0,0,0,0,0,0,0,0,0,0,0,0,0,0,0,0,0,0,0,0,0,0,0,79,197
170,85,3123,2878,2764,2832,11504,3420,2936,2909,0,0,0,0,0,0,0,0,0,0,0,0,0,0,0,0,0,0,0,0,0,0,0,0,0,0,0,128,197
170,85,3140,2885,2772,2831,11472,3434,2940,2908,0,0,0,0,0,0,0,0,0,0,0,0,0,0,0,0,0,0,0,0,0,0,0,0,0,0,0,152,197
170,85,3128,2859,2793,2847,11517,3444,2918,2887,0,0,0,0,0,0,0,0,0,0,0,0,0,0,0,0,0,0,0,0,0,0,0,0,0,0,0,149,197
170,85,3137,2807,2776,2863,11577,3493,2838,2917,0,0,0,0,0,0,0,0,0,0,0,0,0,0,0,0,0,0,0,0,0,0,0,0,0,0,0,118,197
170,85,3139,2860,2786,2825,11575,3451,2898,2907,0,0,0,0,0,0,0,0,0,0,0,0,0,0,0,0,0,0,0,0,0,0,0,0,0,0,0,24,197
170,85,3143,2844,2763,2830,11553,3446,2945,2867,0,0,0,0,0,0,0,0,0,0,0,0,0,0,0,0,0,0,0,0,0,0,0,0,0,0,0,162,197
170,85,3121,2843,2802,2855,11548,3428,2915,2880,0,0,0,0,0,0,0,0,0,0,0,0,0,0,0,0,0,0,0,0,0,0,0,0,0,0,0,125,197
170,85,3133,2876,2783,2852,11552,3435,2942,2897,0,0,0,0,0,0,0,0,0,0,0,0,0,0,0,0,0,0,0,0,0,0,0,0,0,0,0,71,197
170,85,3135,2833,2802,2838,11556,3441,2926,2902,0,0,0,0,0,0,0,0,0,0,0,0,0,0,0,0,0,0,0,0,0,0,0,0,0,0,0,126,196
170,85,3124,2855,2775,2855,11555,3441,2926,2900,0,0,0,0,0,0,0,0,0,0,0,0,0,0,0,0,0,0,0,0,0,0,0,0,0,0,0,82,197
170,85,3131,2876,2809,2856,11467,3417,2916,2885,0,0,0,0,0,0,0,0,0,0,0,0,0,0,0,0,0,0,0,0,0,0,0,0,0,0,0,189,197
170,85,3126,2860,2815,2819,11513,3419,2930,2907,0,0,0,0,0,0,0,0,0,0,0,0,0,0,0,0,0,0,0,0,0,0,0,0,0,0,0,181,197
170,85,3133,2859,2762,2830,11559,3403,2940,2907,0,0,0,0,0,0,0,0,0,0,0,0,0,0,0,0,0,0,0,0,0,0,0,0,0,0,0,64,197
170,85,3124,2832,2793,2830,11493,3424,2927,2882,0,0,0,0,0,0,0,0,0,0,0,0,0,0,0,0,0,0,0,0,0,0,0,0,0,0,0,179,197
170,85,3132,2848,2796,2844,11469,3411,2916,2863,0,0,0,0,0,0,0,0,0,0,0,0,0,0,0,0,0,0,0,0,0,0,0,0,0,0,0,225,197
170,85,3145,2881,2765,2818,11522,3429,2928,2897,0,0,0,0,0,0,0,0,0,0,0,0,0,0,0,0,0,0,0,0,0,0,0,0,0,0,0,88,197
170,85,3132,2827,2807,2850,11532,3422,2878,2860,0,0,0,0,0,0,0,0,0,0,0,0,0,0,0,0,0,0,0,0,0,0,0,0,0,0,0,123,197
170,85,3095,2880,2775,2843,11540,3444,2914,2883,0,0,0,0,0,0,0,0,0,0,0,0,0,0,0,0,0,0,0,0,0,0,0,0,0,0,0,3,198
170,85,3139,2891,2775,2816,11541,3420,2904,2894,0,0,0,0,0,0,0,0,0,0,0,0,0,0,0,0,0,0,0,0,0,0,0,0,0,0,0,89,197
170,85,3134,2859,2773,2825,11523,3445,2906,2889,0,0,0,0,0,0,0,0,0,0,0,0,0,0,0,0,0,0,0,0,0,0,0,0,0,0,0,117,197
170,85,3096,2832,2764,2855,11561,3430,2927,2883,0,0,0,0,0,0,0,0,0,0,0,0,0,0,0,0,0,0,0,0,0,0,0,0,0,0,0,89,197
170,85,3120,2876,2776,2858,11529,3418,2916,2880,0,0,0,0,0,0,0,0,0,0,0,0,0,0,0,0,0,0,0,0,0,0,0,0,0,0,0,80,197
170,85,3142,2861,2802,2820,11533,3432,2925,2908,0,0,0,0,0,0,0,0,0,0,0,0,0,0,0,0,0,0,0,0,0,0,0,0,0,0,0,16,197
170,85,3106,2838,2764,2855,11487,3436,2927,2897,0,0,0,0,0,0,0,0,0,0,0,0,0,0,0,0,0,0,0,0,0,0,0,0,0,0,0,138,197
170,85,3123,2850,2793,2856,11525,3431,2940,2915,0,0,0,0,0,0,0,0,0,0,0,0,0,0,0,0,0,0,0,0,0,0,0,0,0,0,0,116,197
170,85,3135,2868,2791,2815,11552,3430,2931,2924,0,0,0,0,0,0,0,0,0,0,0,0,0,0,0,0,0,0,0,0,0,0,0,0,0,0,0,146,197
170,85,3140,2859,2801,2792,11536,3430,2949,2889,0,0,0,0,0,0,0,0,0,0,0,0,0,0,0,0,0,0,0,0,0,0,0,0,0,0,0,20,197
170,85,3133,2832,2791,2864,11504,3431,2925,2908,0,0,0,0,0,0,0,0,0,0,0,0,0,0,0,0,0,0,0,0,0,0,0,0,0,0,0,132,197
170,85,3132,2834,2772,2858,11476,3430,2903,2876,0,0,0,0,0,0,0,0,0,0,0,0,0,0,0,0,0,0,0,0,0,0,0,0,0,0,0,209,197
170,85,3119,2870,2800,2829,11514,3428,2916,2895,0,0,0,0,0,0,0,0,0,0,0,0,0,0,0,0,0,0,0,0,0,0,0,0,0,0,0,137,197
170,85,3118,2819,2775,2851,11496,3402,2878,2876,0,0,0,0,0,0,0,0,0,0,0,0,0,0,0,0,0,0,0,0,0,0,0,0,0,0,0,161,197
170,85,3112,2850,2810,2858,11474,3428,2916,2853,0,0,0,0,0,0,0,0,0,0,0,0,0,0,0,0,0,0,0,0,0,0,0,0,0,0,0,245,197
170,85,3102,2862,2782,2794,11508,3429,2935,2896,0,0,0,0,0,0,0,0,0,0,0,0,0,0,0,0,0,0,0,0,0,0,0,0,0,0,0,107,197
170,85,3142,2821,2780,2831,11524,3466,2837,2942,0,0,0,0,0,0,0,0,0,0,0,0,0,0,0,0,0,0,0,0,0,0,0,0,0,0,0,172,198
170,85,3140,2856,2783,2816,11522,3413,2893,2895,0,0,0,0,0,0,0,0,0,0,0,0,0,0,0,0,0,0,0,0,0,0,0,0,0,0,0,63,198
170,85,3133,2843,2781,2856,11513,3437,2878,2863,0,0,0,0,0,0,0,0,0,0,0,0,0,0,0,0,0,0,0,0,0,0,0,0,0,0,0,142,199
170,85,3138,2860,2783,2832,11535,3431,2940,2886,0,0,0,0,0,0,0,0,0,0,0,0,0,0,0,0,0,0,0,0,0,0,0,0,0,0,0,42,199
170,85,3126,2835,2764,2804,11533,3425,2911,2890,0,0,0,0,0,0,0,0,0,0,0,0,0,0,0,0,0,0,0,0,0,0,0,0,0,0,0,188,199
170,85,3105,2855,2783,2851,11534,3396,2900,2886,0,0,0,0,0,0,0,0,0,0,0,0,0,0,0,0,0,0,0,0,0,0,0,0,0,0,0,123,198
170,85,3106,2884,2763,2830,11518,3440,2922,2907,0,0,0,0,0,0,0,0,0,0,0,0,0,0,0,0,0,0,0,0,0,0,0,0,0,0,0,196,199
170,85,3142,2877,2773,2807,11524,3424,2915,2900,0,0,0,0,0,0,0,0,0,0,0,0,0,0,0,0,0,0,0,0,0,0,0,0,0,0,0,210,199
170,85,3107,2877,2796,2808,11536,3432,2904,2905,0,0,0,0,0,0,0,0,0,0,0,0,0,0,0,0,0,0,0,0,0,0,0,0,0,0,0,171,198
170,85,3123,2876,2796,2857,11502,3396,2930,2867,0,0,0,0,0,0,0,0,0,0,0,0,0,0,0,0,0,0,0,0,0,0,0,0,0,0,0,249,199
170,85,3125,2862,2793,2826,11441,3429,2915,2908,0,0,0,0,0,0,0,0,0,0,0,0,0,0,0,0,0,0,0,0,0,0,0,0,0,0,0,203,198
170,85,3119,2863,2770,2808,11434,3429,2924,2897,0,0,0,0,0,0,0,0,0,0,0,0,0,0,0,0,0,0,0,0,0,0,0,0,0,0,0,1,198
170,85,3109,2878,2802,2855,11430,3413,2925,2870,0,0,0,0,0,0,0,0,0,0,0,0,0,0,0,0,0,0,0,0,0,0,0,0,0,0,0,190,198
170,85,3119,2835,2797,2814,11450,3428,2917,2907,0,0,0,0,0,0,0,0,0,0,0,0,0,0,0,0,0,0,0,0,0,0,0,0,0,0,0,22,198
170,85,3137,2833,2801,2824,11431,3416,2943,2916,0,0,0,0,0,0,0,0,0,0,0,0,0,0,0,0,0,0,0,0,0,0,0,0,0,0,0,149,198
170,85,3117,2846,2801,2842,11450,3421,2921,2909,0,0,0,0,0,0,0,0,0,0,0,0,0,0,0,0,0,0,0,0,0,0,0,0,0,0,0,211,197
170,85,3107,2849,2776,2858,11442,3426,2928,2873,0,0,0,0,0,0,0,0,0,0,0,0,0,0,0,0,0,0,0,0,0,0,0,0,0,0,0,177,198
170,85,3121,2871,2775,2828,11446,3414,2924,2907,0,0,0,0,0,0,0,0,0,0,0,0,0,0,0,0,0,0,0,0,0,0,0,0,0,0,0,210,198
170,85,3140,2869,2775,2834,11539,3461,2940,2896,0,0,0,0,0,0,0,0,0,0,0,0,0,0,0,0,0,0,0,0,0,0,0,0,0,0,0,215,199
170,85,3093,2856,2792,2856,11501,3417,2931,2879,0,0,0,0,0,0,0,0,0,0,0,0,0,0,0,0,0,0,0,0,0,0,0,0,0,0,0,221,199
170,85,3141,2880,2797,2836,11500,3425,2930,2892,0,0,0,0,0,0,0,0,0,0,0,0,0,0,0,0,0,0,0,0,0,0,0,0,0,0,0,151,199
170,85,3122,2882,2795,2791,11456,3430,2933,2906,0,0,0,0,0,0,0,0,0,0,0,0,0,0,0,0,0,0,0,0,0,0,0,0,0,0,0,44,199
170,85,3091,2860,2775,2840,11516,3424,2918,2883,0,0,0,0,0,0,0,0,0,0,0,0,0,0,0,0,0,0,0,0,0,0,0,0,0,0,0,145,199
170,85,3112,2858,2769,2856,11504,3433,2941,2885,0,0,0,0,0,0,0,0,0,0,0,0,0,0,0,0,0,0,0,0,0,0,0,0,0,0,0,130,199
170,85,3145,2862,2775,2843,11514,3428,2930,2908,0,0,0,0,0,0,0,0,0,0,0,0,0,0,0,0,0,0,0,0,0,0,0,0,0,0,0,195,200
170,85,3093,2837,2784,2844,11520,3426,2923,2896,0,0,0,0,0,0,0,0,0,0,0,0,0,0,0,0,0,0,0,0,0,0,0,0,0,0,0,124,199
170,85,3091,2846,2784,2857,11530,3438,2925,2893,0,0,0,0,0,0,0,0,0,0,0,0,0,0,0,0,0,0,0,0,0,0,0,0,0,0,0,89,199
170,85,3138,2832,2792,2822,11495,3431,2904,2892,0,0,0,0,0,0,0,0,0,0,0,0,0,0,0,0,0,0,0,0,0,0,0,0,0,0,0,240,198
170,85,3137,2845,2763,2807,11501,3436,2928,2896,0,0,0,0,0,0,0,0,0,0,0,0,0,0,0,0,0,0,0,0,0,0,0,0,0,0,0,24,198
170,85,3120,2860,2790,2844,11512,3415,2916,2888,0,0,0,0,0,0,0,0,0,0,0,0,0,0,0,0,0,0,0,0,0,0,0,0,0,0,0,189,197
170,85,3140,2836,2765,2847,11521,3475,2838,2891,0,0,0,0,0,0,0,0,0,0,0,0,0,0,0,0,0,0,0,0,0,0,0,0,0,0,0,148,196
170,85,3138,2846,2775,2842,11516,3443,2869,2915,0,0,0,0,0,0,0,0,0,0,0,0,0,0,0,0,0,0,0,0,0,0,0,0,0,0,0,144,196
170,85,3133,2835,2761,2835,11520,3434,2902,2903,0,0,0,0,0,0,0,0,0,0,0,0,0,0,0,0,0,0,0,0,0,0,0,0,0,0,0,70,196
170,85,3108,2881,2793,2852,11513,3440,2908,2888,0,0,0,0,0,0,0,0,0,0,0,0,0,0,0,0,0,0,0,0,0,0,0,0,0,0,0,237,196
170,85,3122,2872,2785,2818,11512,3430,2930,2900,0,0,0,0,0,0,0,0,0,0,0,0,0,0,0,0,0,0,0,0,0,0,0,0,0,0,0,137,196
170,85,3141,2860,2783,2812,11524,3430,2939,2916,0,0,0,0,0,0,0,0,0,0,0,0,0,0,0,0,0,0,0,0,0,0,0,0,0,0,0,239,196
170,85,3136,2855,2783,2830,11429,3432,2929,2899,0,0,0,0,0,0,0,0,0,0,0,0,0,0,0,0,0,0,0,0,0,0,0,0,0,0,0,129,196
170,85,3131,2856,2769,2845,11428,3420,2928,2877,0,0,0,0,0,0,0,0,0,0,0,0,0,0,0,0,0,0,0,0,0,0,0,0,0,0,0,178,196
170,85,3122,2859,2776,2834,11452,3435,2927,2901,0,0,0,0,0,0,0,0,0,0,0,0,0,0,0,0,0,0,0,0,0,0,0,0,0,0,0,230,196
170,85,3146,2867,2760,2822,11518,3440,2912,2902,0,0,0,0,0,0,0,0,0,0,0,0,0,0,0,0,0,0,0,0,0,0,0,0,0,0,0,215,196
170,85,3130,2836,2806,2858,11439,3442,2900,2885,0,0,0,0,0,0,0,0,0,0,0,0,0,0,0,0,0,0,0,0,0,0,0,0,0,0,0,230,196
170,85,3144,2871,2807,2842,11532,3428,2934,2909,0,0,0,0,0,0,0,0,0,0,0,0,0,0,0,0,0,0,0,0,0,0,0,0,0,0,0,8,195
170,85,3108,2861,2801,2805,11491,3415,2936,2889,0,0,0,0,0,0,0,0,0,0,0,0,0,0,0,0,0,0,0,0,0,0,0,0,0,0,0,81,194
170,85,3143,2833,2774,2791,11520,3433,2934,2888,0,0,0,0,0,0,0,0,0,0,0,0,0,0,0,0,0,0,0,0,0,0,0,0,0,0,0,232,193
170,85,3103,2832,2808,2840,11433,3421,2891,2900,0,0,0,0,0,0,0,0,0,0,0,0,0,0,0,0,0,0,0,0,0,0,0,0,0,0,0,220,193
170,85,3137,2847,2767,2847,11502,3430,2927,2896,0,0,0,0,0,0,0,0,0,0,0,0,0,0,0,0,0,0,0,0,0,0,0,0,0,0,0,225,192
170,85,3143,2876,2762,2834,11511,3449,2928,2889,0,0,0,0,0,0,0,0,0,0,0,0,0,0,0,0,0,0,0,0,0,0,0,0,0,0,0,204,191
170,85,3132,2862,2765,2858,11504,3418,2927,2915,0,0,0,0,0,0,0,0,0,0,0,0,0,0,0,0,0,0,0,0,0,0,0,0,0,0,0,139,190
170,85,3142,2860,2775,2844,11493,3434,2928,2893,0,0,0,0,0,0,0,0,0,0,0,0,0,0,0,0,0,0,0,0,0,0,0,0,0,0,0,203,190
170,85,3122,2859,2790,2816,11506,3433,2924,2901,0,0,0,0,0,0,0,0,0,0,0,0,0,0,0,0,0,0,0,0,0,0,0,0,0,0,0,133,189
170,85,3140,2877,2761,2794,11495,3439,2914,2889,0,0,0,0,0,0,0,0,0,0,0,0,0,0,0,0,0,0,0,0,0,0,0,0,0,0,0,32,188
170,85,3141,2860,2763,2845,11506,3422,2918,2886,0,0,0,0,0,0,0,0,0,0,0,0,0,0,0,0,0,0,0,0,0,0,0,0,0,0,0,235,188
170,85,3086,2869,2797,2857,11494,3431,2920,2896,0,0,0,0,0,0,0,0,0,0,0,0,0,0,0,0,0,0,0,0,0,0,0,0,0,0,0,158,189
170,85,3121,2859,2773,2822,11494,3442,2929,2914,0,0,0,0,0,0,0,0,0,0,0,0,0,0,0,0,0,0,0,0,0,0,0,0,0,0,0,150,189
170,85,3116,2858,2775,2847,11494,3431,2932,2876,0,0,0,0,0,0,0,0,0,0,0,0,0,0,0,0,0,0,0,0,0,0,0,0,0,0,0,223,191
170,85,3113,2860,2775,2828,11513,3430,2918,2907,0,0,0,0,0,0,0,0,0,0,0,0,0,0,0,0,0,0,0,0,0,0,0,0,0,0,0,164,191
170,85,3130,2848,2762,2792,11480,3432,2914,2869,0,0,0,0,0,0,0,0,0,0,0,0,0,0,0,0,0,0,0,0,0,0,0,0,0,0,0,6,192
170,85,3128,2835,2807,2827,11489,3446,2916,2905,0,0,0,0,0,0,0,0,0,0,0,0,0,0,0,0,0,0,0,0,0,0,0,0,0,0,0,165,193
170,85,3132,2861,2782,2820,11487,3429,2912,2895,0,0,0,0,0,0,0,0,0,0,0,0,0,0,0,0,0,0,0,0,0,0,0,0,0,0,0,134,193
170,85,3143,2875,2777,2833,11504,3416,2904,2901,0,0,0,0,0,0,0,0,0,0,0,0,0,0,0,0,0,0,0,0,0,0,0,0,0,0,0,201,194
170,85,3132,2828,2783,2834,11498,3488,2842,2942,0,0,0,0,0,0,0,0,0,0,0,0,0,0,0,0,0,0,0,0,0,0,0,0,0,0,0,11,193
170,85,3113,2853,2795,2859,11496,3460,2872,2897,0,0,0,0,0,0,0,0,0,0,0,0,0,0,0,0,0,0,0,0,0,0,0,0,0,0,0,17,193
170,85,3144,2869,2776,2855,11493,3426,2914,2899,0,0,0,0,0,0,0,0,0,0,0,0,0,0,0,0,0,0,0,0,0,0,0,0,0,0,0,236,193
170,85,3138,2879,2783,2825,11510,3426,2931,2917,0,0,0,0,0,0,0,0,0,0,0,0,0,0,0,0,0,0,0,0,0,0,0,0,0,0,0,241,193
170,85,3145,2853,2800,2808,11517,3437,2932,2891,0,0,0,0,0,0,0,0,0,0,0,0,0,0,0,0,0,0,0,0,0,0,0,0,0,0,0,18,193
170,85,3127,2858,2792,2831,11506,3437,2929,2888,0,0,0,0,0,0,0,0,0,0,0,0,0,0,0,0,0,0,0,0,0,0,0,0,0,0,0,132,192
170,85,3122,2877,2803,2835,11499,3433,2919,2902,0,0,0,0,0,0,0,0,0,0,0,0,0,0,0,0,0,0,0,0,0,0,0,0,0,0,0,132,192
170,85,3117,2880,2775,2792,11514,3424,2928,2899,0,0,0,0,0,0,0,0,0,0,0,0,0,0,0,0,0,0,0,0,0,0,0,0,0,0,0,50,192
170,85,3110,2846,2763,2858,11495,3438,2925,2899,0,0,0,0,0,0,0,0,0,0,0,0,0,0,0,0,0,0,0,0,0,0,0,0,0,0,0,182,192
170,85,3119,2883,2763,2819,11496,3429,2926,2895,0,0,0,0,0,0,0,0,0,0,0,0,0,0,0,0,0,0,0,0,0,0,0,0,0,0,0,208,193
170,85,3099,2869,2807,2793,11492,3412,2929,2903,0,0,0,0,0,0,0,0,0,0,0,0,0,0,0,0,0,0,0,0,0,0,0,0,0,0,0,127,193
170,85,3104,2858,2791,2824,11425,3431,2925,2898,0,0,0,0,0,0,0,0,0,0,0,0,0,0,0,0,0,0,0,0,0,0,0,0,0,0,0,196,193
170,85,3110,2882,2776,2856,11481,3431,2913,2897,0,0,0,0,0,0,0,0,0,0,0,0,0,0,0,0,0,0,0,0,0,0,0,0,0,0,0,194,193
170,85,3118,2881,2785,2851,11477,3437,2929,2900,0,0,0,0,0,0,0,0,0,0,0,0,0,0,0,0,0,0,0,0,0,0,0,0,0,0,0,232,193
170,85,3128,2881,2782,2829,11492,3416,2895,2905,0,0,0,0,0,0,0,0,0,0,0,0,0,0,0,0,0,0,0,0,0,0,0,0,0,0,0,216,194
170,85,3105,2833,2775,2840,11490,3431,2904,2868,0,0,0,0,0,0,0,0,0,0,0,0,0,0,0,0,0,0,0,0,0,0,0,0,0,0,0,206,195
170,85,3121,2873,2776,2833,11498,3419,2910,2912,0,0,0,0,0,0,0,0,0,0,0,0,0,0,0,0,0,0,0,0,0,0,0,0,0,0,0,150,196
170,85,3142,2872,2805,2821,11507,3401,2929,2879,0,0,0,0,0,0,0,0,0,0,0,0,0,0,0,0,0,0,0,0,0,0,0,0,0,0,0,162,197
170,85,3144,2853,2806,2806,11498,3439,2905,2915,0,0,0,0,0,0,0,0,0,0,0,0,0,0,0,0,0,0,0,0,0,0,0,0,0,0,0,11,197
170,85,3090,2845,2792,2844,11478,3420,2913,2914,0,0,0,0,0,0,0,0,0,0,0,0,0,0,0,0,0,0,0,0,0,0,0,0,0,0,0,170,197
170,85,3117,2832,2763,2853,11485,3420,2914,2895,0,0,0,0,0,0,0,0,0,0,0,0,0,0,0,0,0,0,0,0,0,0,0,0,0,0,0,167,197
170,85,3128,2831,2763,2825,11486,3443,2891,2889,0,0,0,0,0,0,0,0,0,0,0,0,0,0,0,0,0,0,0,0,0,0,0,0,0,0,0,130,197
170,85,3129,2877,2763,2853,11462,3431,2903,2869,0,0,0,0,0,0,0,0,0,0,0,0,0,0,0,0,0,0,0,0,0,0,0,0,0,0,0,241,197
170,85,3139,2856,2763,2857,11480,3430,2915,2883,0,0,0,0,0,0,0,0,0,0,0,0,0,0,0,0,0,0,0,0,0,0,0,0,0,0,0,207,197
170,85,3122,2861,2764,2806,11491,3430,2935,2900,0,0,0,0,0,0,0,0,0,0,0,0,0,0,0,0,0,0,0,0,0,0,0,0,0,0,0,90,197
170,85,3144,2856,2791,2825,11476,3432,2923,2905,0,0,0,0,0,0,0,0,0,0,0,0,0,0,0,0,0,0,0,0,0,0,0,0,0,0,0,216,198
170,85,3122,2845,2807,2829,11483,3419,2924,2907,0,0,0,0,0,0,0,0,0,0,0,0,0,0,0,0,0,0,0,0,0,0,0,0,0,0,0,186,198
170,85,3116,2846,2793,2855,11483,3420,2914,2882,0,0,0,0,0,0,0,0,0,0,0,0,0,0,0,0,0,0,0,0,0,0,0,0,0,0,0,131,199
170,85,3118,2874,2778,2823,11487,3445,2920,2905,0,0,0,0,0,0,0,0,0,0,0,0,0,0,0,0,0,0,0,0,0,0,0,0,0,0,0,138,199
170,85,3089,2859,2775,2856,11479,3429,2901,2870,0,0,0,0,0,0,0,0,0,0,0,0,0,0,0,0,0,0,0,0,0,0,0,0,0,0,0,204,200
170,85,3147,2857,2776,2859,11441,3535,2858,2945,0,0,0,0,0,0,0,0,0,0,0,0,0,0,0,0,0,0,0,0,0,0,0,0,0,0,0,156,198
170,85,3114,2856,2808,2847,11499,3513,2837,2893,0,0,0,0,0,0,0,0,0,0,0,0,0,0,0,0,0,0,0,0,0,0,0,0,0,0,0,55,198
170,85,3123,2847,2765,2840,11514,3434,2888,2907,0,0,0,0,0,0,0,0,0,0,0,0,0,0,0,0,0,0,0,0,0,0,0,0,0,0,0,162,197
170,85,3118,2853,2801,2829,11498,3441,2916,2883,0,0,0,0,0,0,0,0,0,0,0,0,0,0,0,0,0,0,0,0,0,0,0,0,0,0,0,147,197
170,85,3122,2881,2809,2837,11503,3441,2919,2905,0,0,0,0,0,0,0,0,0,0,0,0,0,0,0,0,0,0,0,0,0,0,0,0,0,0,0,231,197
170,85,3132,2883,2796,2858,11514,3440,2920,2901,0,0,0,0,0,0,0,0,0,0,0,0,0,0,0,0,0,0,0,0,0,0,0,0,0,0,0,214,197
170,85,3142,2861,2783,2828,11516,3442,2917,2907,0,0,0,0,0,0,0,0,0,0,0,0,0,0,0,0,0,0,0,0,0,0,0,0,0,0,0,208,197
170,85,3106,2853,2785,2844,11508,3422,2901,2882,0,0,0,0,0,0,0,0,0,0,0,0,0,0,0,0,0,0,0,0,0,0,0,0,0,0,0,159,197
170,85,3112,2847,2774,2851,11512,3445,2938,2900,0,0,0,0,0,0,0,0,0,0,0,0,0,0,0,0,0,0,0,0,0,0,0,0,0,0,0,185,198
170,85,3126,2887,2803,2824,11513,3436,2939,2903,0,0,0,0,0,0,0,0,0,0,0,0,0,0,0,0,0,0,0,0,0,0,0,0,0,0,0,235,198
170,85,3136,2882,2764,2793,11505,3440,2943,2890,0,0,0,0,0,0,0,0,0,0,0,0,0,0,0,0,0,0,0,0,0,0,0,0,0,0,0,74,198
170,85,3131,2857,2807,2851,11499,3424,2926,2871,0,0,0,0,0,0,0,0,0,0,0,0,0,0,0,0,0,0,0,0,0,0,0,0,0,0,0,204,198
170,85,3109,2863,2793,2820,11494,3420,2940,2883,0,0,0,0,0,0,0,0,0,0,0,0,0,0,0,0,0,0,0,0,0,0,0,0,0,0,0,186,198
170,85,3118,2845,2799,2809,11513,3449,2927,2893,0,0,0,0,0,0,0,0,0,0,0,0,0,0,0,0,0,0,0,0,0,0,0,0,0,0,0,94,198
170,85,3128,2858,2793,2830,11494,3432,2918,2906,0,0,0,0,0,0,0,0,0,0,0,0,0,0,0,0,0,0,0,0,0,0,0,0,0,0,0,159,198
170,85,3122,2876,2761,2829,11493,3442,2927,2902,0,0,0,0,0,0,0,0,0,0,0,0,0,0,0,0,0,0,0,0,0,0,0,0,0,0,0,188,198
170,85,3132,2846,2763,2815,11507,3439,2917,2906,0,0,0,0,0,0,0,0,0,0,0,0,0,0,0,0,0,0,0,0,0,0,0,0,0,0,0,108,198
170,85,3120,2868,2774,2798,11495,3436,2930,2906,0,0,0,0,0,0,0,0,0,0,0,0,0,0,0,0,0,0,0,0,0,0,0,0,0,0,0,70,198
170,85,3107,2860,2785,2860,11492,3439,2926,2874,0,0,0,0,0,0,0,0,0,0,0,0,0,0,0,0,0,0,0,0,0,0,0,0,0,0,0,197,198
170,85,3103,2878,2777,2859,11483,3417,2906,2904,0,0,0,0,0,0,0,0,0,0,0,0,0,0,0,0,0,0,0,0,0,0,0,0,0,0,0,139,198
170,85,3126,2845,2777,2832,11484,3424,2913,2897,0,0,0,0,0,0,0,0,0,0,0,0,0,0,0,0,0,0,0,0,0,0,0,0,0,0,0,182,197
170,85,3112,2860,2793,2857,11481,3445,2929,2880,0,0,0,0,0,0,0,0,0,0,0,0,0,0,0,0,0,0,0,0,0,0,0,0,0,0,0,129,198
170,85,3135,2832,2765,2839,11480,3416,2914,2903,0,0,0,0,0,0,0,0,0,0,0,0,0,0,0,0,0,0,0,0,0,0,0,0,0,0,0,152,197
170,85,3130,2876,2801,2822,11485,3438,2921,2890,0,0,0,0,0,0,0,0,0,0,0,0,0,0,0,0,0,0,0,0,0,0,0,0,0,0,0,185,198
170,85,3133,2845,2793,2843,11482,3432,2940,2898,0,0,0,0,0,0,0,0,0,0,0,0,0,0,0,0,0,0,0,0,0,0,0,0,0,0,0,150,198
170,85,3131,2870,2764,2858,11491,3430,2911,2902,0,0,0,0,0,0,0,0,0,0,0,0,0,0,0,0,0,0,0,0,0,0,0,0,0,0,0,191,199
170,85,3145,2887,2775,2836,11492,3429,2943,2923,0,0,0,0,0,0,0,0,0,0,0,0,0,0,0,0,0,0,0,0,0,0,0,0,0,0,0,128,198
170,85,3129,2843,2793,2838,11493,3441,2914,2879,0,0,0,0,0,0,0,0,0,0,0,0,0,0,0,0,0,0,0,0,0,0,0,0,0,0,0,204,198
170,85,3130,2875,2793,2846,11475,3399,2927,2892,0,0,0,0,0,0,0,0,0,0,0,0,0,0,0,0,0,0,0,0,0,0,0,0,0,0,0,153,198
170,85,3147,2860,2800,2818,11484,3422,2933,2885,0,0,0,0,0,0,0,0,0,0,0,0,0,0,0,0,0,0,0,0,0,0,0,0,0,0,0,255,198
170,85,3145,2834,2781,2813,11488,3453,2866,2927,0,0,0,0,0,0,0,0,0,0,0,0,0,0,0,0,0,0,0,0,0,0,0,0,0,0,0,98,198
170,85,3086,2834,2776,2857,11483,3446,2879,2898,0,0,0,0,0,0,0,0,0,0,0,0,0,0,0,0,0,0,0,0,0,0,0,0,0,0,0,245,198
170,85,3129,2860,2777,2830,11485,3396,2890,2901,0,0,0,0,0,0,0,0,0,0,0,0,0,0,0,0,0,0,0,0,0,0,0,0,0,0,0,156,198
170,85,3143,2876,2783,2829,11485,3423,2914,2901,0,0,0,0,0,0,0,0,0,0,0,0,0,0,0,0,0,0,0,0,0,0,0,0,0,0,0,196,198
170,85,3100,2860,2776,2850,11483,3437,2892,2924,0,0,0,0,0,0,0,0,0,0,0,0,0,0,0,0,0,0,0,0,0,0,0,0,0,0,0,132,198
170,85,3133,2833,2807,2829,11481,3442,2939,2896,0,0,0,0,0,0,0,0,0,0,0,0,0,0,0,0,0,0,0,0,0,0,0,0,0,0,0,142,198
170,85,3122,2854,2792,2831,11489,3443,2931,2896,0,0,0,0,0,0,0,0,0,0,0,0,0,0,0,0,0,0,0,0,0,0,0,0,0,0,0,154,198
170,85,3113,2860,2808,2856,11483,3427,2912,2883,0,0,0,0,0,0,0,0,0,0,0,0,0,0,0,0,0,0,0,0,0,0,0,0,0,0,0,150,198
170,85,3142,2865,2764,2854,11486,3395,2931,2917,0,0,0,0,0,0,0,0,0,0,0,0,0,0,0,0,0,0,0,0,0,0,0,0,0,0,0,206,197
170,85,3146,2881,2808,2829,11482,3432,2926,2903,0,0,0,0,0,0,0,0,0,0,0,0,0,0,0,0,0,0,0,0,0,0,0,0,0,0,0,173,197
170,85,3133,2846,2762,2824,11481,3436,2914,2902,0,0,0,0,0,0,0,0,0,0,0,0,0,0,0,0,0,0,0,0,0,0,0,0,0,0,0,184,197
170,85,3123,2824,2808,2841,11514,3432,2890,2889,0,0,0,0,0,0,0,0,0,0,0,0,0,0,0,0,0,0,0,0,0,0,0,0,0,0,0,147,197
170,85,3086,2835,2767,2845,11496,3448,2878,2892,0,0,0,0,0,0,0,0,0,0,0,0,0,0,0,0,0,0,0,0,0,0,0,0,0,0,0,245,197
170,85,3113,2880,2765,2853,11491,3430,2902,2875,0,0,0,0,0,0,0,0,0,0,0,0,0,0,0,0,0,0,0,0,0,0,0,0,0,0,0,177,197
170,85,3129,2866,2807,2808,11421,3430,2936,2919,0,0,0,0,0,0,0,0,0,0,0,0,0,0,0,0,0,0,0,0,0,0,0,0,0,0,0,57,197
170,85,3107,2847,2773,2830,11481,3435,2916,2905,0,0,0,0,0,0,0,0,0,0,0,0,0,0,0,0,0,0,0,0,0,0,0,0,0,0,0,176,197
170,85,3095,2868,2762,2842,11480,3439,2902,2886,0,0,0,0,0,0,0,0,0,0,0,0,0,0,0,0,0,0,0,0,0,0,0,0,0,0,0,140,198
170,85,3122,2834,2772,2852,11493,3431,2922,2918,0,0,0,0,0,0,0,0,0,0,0,0,0,0,0,0,0,0,0,0,0,0,0,0,0,0,0,134,198
170,85,3117,2866,2768,2844,11476,3453,2890,2900,0,0,0,0,0,0,0,0,0,0,0,0,0,0,0,0,0,0,0,0,0,0,0,0,0,0,0,188,197
170,85,3123,2855,2802,2821,11461,3432,2928,2890,0,0,0,0,0,0,0,0,0,0,0,0,0,0,0,0,0,0,0,0,0,0,0,0,0,0,0,172,198
170,85,3097,2882,2793,2825,11489,3415,2944,2885,0,0,0,0,0,0,0,0,0,0,0,0,0,0,0,0,0,0,0,0,0,0,0,0,0,0,0,16,198
170,85,3102,2860,2782,2817,11479,3424,2938,2917,0,0,0,0,0,0,0,0,0,0,0,0,0,0,0,0,0,0,0,0,0,0,0,0,0,0,0,157,199
170,85,3127,2831,2763,2824,11486,3427,2904,2874,0,0,0,0,0,0,0,0,0,0,0,0,0,0,0,0,0,0,0,0,0,0,0,0,0,0,0,252,198
170,85,3105,2832,2793,2853,11478,3438,2927,2888,0,0,0,0,0,0,0,0,0,0,0,0,0,0,0,0,0,0,0,0,0,0,0,0,0,0,0,186,198
170,85,3142,2850,2763,2840,11477,3432,2894,2919,0,0,0,0,0,0,0,0,0,0,0,0,0,0,0,0,0,0,0,0,0,0,0,0,0,0,0,251,199
170,85,3133,2854,2792,2808,11469,3441,2929,2882,0,0,0,0,0,0,0,0,0,0,0,0,0,0,0,0,0,0,0,0,0,0,0,0,0,0,0,93,199
170,85,3115,2832,2809,2857,11458,3421,2940,2860,0,0,0,0,0,0,0,0,0,0,0,0,0,0,0,0,0,0,0,0,0,0,0,0,0,0,0,252,199
170,85,3135,2877,2791,2839,11471,3417,2915,2907,0,0,0,0,0,0,0,0,0,0,0,0,0,0,0,0,0,0,0,0,0,0,0,0,0,0,0,132,199
170,85,3141,2847,2773,2817,11476,3422,2927,2906,0,0,0,0,0,0,0,0,0,0,0,0,0,0,0,0,0,0,0,0,0,0,0,0,0,0,0,233,199
170,85,3122,2855,2774,2806,11465,3421,2914,2905,0,0,0,0,0,0,0,0,0,0,0,0,0,0,0,0,0,0,0,0,0,0,0,0,0,0,0,67,198
170,85,3141,2859,2762,2845,11460,3419,2928,2889,0,0,0,0,0,0,0,0,0,0,0,0,0,0,0,0,0,0,0,0,0,0,0,0,0,0,0,199,198
170,85,3103,2863,2807,2848,11462,3430,2914,2915,0,0,0,0,0,0,0,0,0,0,0,0,0,0,0,0,0,0,0,0,0,0,0,0,0,0,0,158,197
170,85,3139,2843,2774,2807,11459,3419,2911,2921,0,0,0,0,0,0,0,0,0,0,0,0,0,0,0,0,0,0,0,0,0,0,0,0,0,0,0,14,197
170,85,3112,2864,2793,2831,11479,3421,2914,2867,0,0,0,0,0,0,0,0,0,0,0,0,0,0,0,0,0,0,0,0,0,0,0,0,0,0,0,253,198
170,85,3129,2856,2762,2816,11472,3429,2921,2883,0,0,0,0,0,0,0,0,0,0,0,0,0,0,0,0,0,0,0,0,0,0,0,0,0,0,0,156,198
170,85,3129,2849,2764,2808,11480,3430,2924,2895,0,0,0,0,0,0,0,0,0,0,0,0,0,0,0,0,0,0,0,0,0,0,0,0,0,0,0,104,198
170,85,3128,2878,2775,2815,11455,3434,2928,2887,0,0,0,0,0,0,0,0,0,0,0,0,0,0,0,0,0,0,0,0,0,0,0,0,0,0,0,21,199
170,85,3123,2861,2777,2857,11453,3396,2940,2859,0,0,0,0,0,0,0,0,0,0,0,0,0,0,0,0,0,0,0,0,0,0,0,0,0,0,0,152,199
170,85,3131,2861,2796,2832,11462,3413,2914,2900,0,0,0,0,0,0,0,0,0,0,0,0,0,0,0,0,0,0,0,0,0,0,0,0,0,0,0,151,199
170,85,3130,2868,2783,2810,11478,3441,2939,2906,0,0,0,0,0,0,0,0,0,0,0,0,0,0,0,0,0,0,0,0,0,0,0,0,0,0,0,116,199
170,85,3095,2847,2783,2845,11469,3433,2927,2896,0,0,0,0,0,0,0,0,0,0,0,0,0,0,0,0,0,0,0,0,0,0,0,0,0,0,0,137,199
170,85,3143,2873,2775,2856,11464,3429,2928,2901,0,0,0,0,0,0,0,0,0,0,0,0,0,0,0,0,0,0,0,0,0,0,0,0,0,0,0,209,199
170,85,3127,2832,2792,2829,11472,3430,2940,2889,0,0,0,0,0,0,0,0,0,0,0,0,0,0,0,0,0,0,0,0,0,0,0,0,0,0,0,153,199
170,85,3103,2863,2801,2813,11473,3416,2916,2904,0,0,0,0,0,0,0,0,0,0,0,0,0,0,0,0,0,0,0,0,0,0,0,0,0,0,0,80,199
170,85,3092,2860,2777,2859,11467,3431,2902,2884,0,0,0,0,0,0,0,0,0,0,0,0,0,0,0,0,0,0,0,0,0,0,0,0,0,0,0,172,199
170,85,3102,2833,2802,2854,11477,3428,2891,2893,0,0,0,0,0,0,0,0,0,0,0,0,0,0,0,0,0,0,0,0,0,0,0,0,0,0,0,180,199
170,85,3129,2866,2774,2825,11473,3433,2942,2883,0,0,0,0,0,0,0,0,0,0,0,0,0,0,0,0,0,0,0,0,0,0,0,0,0,0,0,137,199
170,85,3111,2870,2763,2857,11468,3432,2927,2899,0,0,0,0,0,0,0,0,0,0,0,0,0,0,0,0,0,0,0,0,0,0,0,0,0,0,0,179,198
170,85,3145,2856,2803,2851,11448,3436,2919,2901,0,0,0,0,0,0,0,0,0,0,0,0,0,0,0,0,0,0,0,0,0,0,0,0,0,0,0,143,198
170,85,3146,2856,2784,2837,11472,3434,2946,2908,0,0,0,0,0,0,0,0,0,0,0,0,0,0,0,0,0,0,0,0,0,0,0,0,0,0,0,43,198
170,85,3130,2854,2781,2830,11469,3431,2916,2913,0,0,0,0,0,0,0,0,0,0,0,0,0,0,0,0,0,0,0,0,0,0,0,0,0,0,0,184,197
170,85,3136,2881,2810,2821,11479,3432,2892,2899,0,0,0,0,0,0,0,0,0,0,0,0,0,0,0,0,0,0,0,0,0,0,0,0,0,0,0,134,197
170,85,3125,2848,2807,2849,11387,3438,2926,2879,0,0,0,0,0,0,0,0,0,0,0,0,0,0,0,0,0,0,0,0,0,0,0,0,0,0,0,95,197
170,85,3125,2860,2789,2830,11403,3419,2905,2904,0,0,0,0,0,0,0,0,0,0,0,0,0,0,0,0,0,0,0,0,0,0,0,0,0,0,0,251,197
170,85,3130,2854,2784,2854,11399,3431,2912,2851,0,0,0,0,0,0,0,0,0,0,0,0,0,0,0,0,0,0,0,0,0,0,0,0,0,0,0,161,197
170,85,3131,2850,2761,2857,11407,3412,2902,2886,0,0,0,0,0,0,0,0,0,0,0,0,0,0,0,0,0,0,0,0,0,0,0,0,0,0,0,234,198
170,85,3145,2845,2800,2832,11391,3431,2927,2890,0,0,0,0,0,0,0,0,0,0,0,0,0,0,0,0,0,0,0,0,0,0,0,0,0,0,0,81,197
170,85,3133,2833,2795,2829,11402,3418,2934,2901,0,0,0,0,0,0,0,0,0,0,0,0,0,0,0,0,0,0,0,0,0,0,0,0,0,0,0,225,197
170,85,3117,2831,2790,2822,11403,3412,2927,2894,0,0,0,0,0,0,0,0,0,0,0,0,0,0,0,0,0,0,0,0,0,0,0,0,0,0,0,228,196
170,85,3129,2833,2797,2831,11405,3435,2915,2887,0,0,0,0,0,0,0,0,0,0,0,0,0,0,0,0,0,0,0,0,0,0,0,0,0,0,0,208,196
170,85,3135,2878,2761,2825,11400,3430,2891,2905,0,0,0,0,0,0,0,0,0,0,0,0,0,0,0,0,0,0,0,0,0,0,0,0,0,0,0,229,195
170,85,3111,2869,2791,2850,11408,3434,2912,2873,0,0,0,0,0,0,0,0,0,0,0,0,0,0,0,0,0,0,0,0,0,0,0,0,0,0,0,172,194
170,85,3092,2877,2805,2830,11392,3427,2926,2891,0,0,0,0,0,0,0,0,0,0,0,0,0,0,0,0,0,0,0,0,0,0,0,0,0,0,0,204,194
170,85,3134,2845,2791,2809,11411,3427,2917,2907,0,0,0,0,0,0,0,0,0,0,0,0,0,0,0,0,0,0,0,0,0,0,0,0,0,0,0,42,193
170,85,3118,2845,2792,2823,11417,3432,2932,2892,0,0,0,0,0,0,0,0,0,0,0,0,0,0,0,0,0,0,0,0,0,0,0,0,0,0,0,205,193
170,85,3116,2860,2801,2845,11410,3411,2922,2881,0,0,0,0,0,0,0,0,0,0,0,0,0,0,0,0,0,0,0,0,0,0,0,0,0,0,0,222,191
170,85,3134,2850,2773,2859,11403,3418,2926,2886,0,0,0,0,0,0,0,0,0,0,0,0,0,0,0,0,0,0,0,0,0,0,0,0,0,0,0,195,191
170,85,3140,2880,2792,2830,11410,3440,2927,2921,0,0,0,0,0,0,0,0,0,0,0,0,0,0,0,0,0,0,0,0,0,0,0,0,0,0,0,222,192
170,85,3111,2844,2772,2847,11403,3430,2930,2897,0,0,0,0,0,0,0,0,0,0,0,0,0,0,0,0,0,0,0,0,0,0,0,0,0,0,0,230,193
170,85,3090,2870,2794,2845,11401,3416,2921,2883,0,0,0,0,0,0,0,0,0,0,0,0,0,0,0,0,0,0,0,0,0,0,0,0,0,0,0,240,194
170,85,3129,2856,2784,2829,11410,3419,2930,2923,0,0,0,0,0,0,0,0,0,0,0,0,0,0,0,0,0,0,0,0,0,0,0,0,0,0,0,244,194
170,85,3122,2860,2810,2791,11396,3413,2928,2904,0,0,0,0,0,0,0,0,0,0,0,0,0,0,0,0,0,0,0,0,0,0,0,0,0,0,0,35,195
170,85,3141,2873,2808,2840,11410,3432,2928,2895,0,0,0,0,0,0,0,0,0,0,0,0,0,0,0,0,0,0,0,0,0,0,0,0,0,0,0,129,195
170,85,3123,2832,2776,2843,11405,3438,2891,2845,0,0,0,0,0,0,0,0,0,0,0,0,0,0,0,0,0,0,0,0,0,0,0,0,0,0,0,141,195
170,85,3135,2859,2773,2806,11412,3417,2918,2890,0,0,0,0,0,0,0,0,0,0,0,0,0,0,0,0,0,0,0,0,0,0,0,0,0,0,0,15,196
170,85,3107,2874,2792,2857,11410,3433,2912,2894,0,0,0,0,0,0,0,0,0,0,0,0,0,0,0,0,0,0,0,0,0,0,0,0,0,0,0,213,196
170,85,3107,2877,2794,2850,11408,3429,2938,2879,0,0,0,0,0,0,0,0,0,0,0,0,0,0,0,0,0,0,0,0,0,0,0,0,0,0,0,190,196
170,85,3144,2869,2763,2804,11410,3429,2933,2907,0,0,0,0,0,0,0,0,0,0,0,0,0,0,0,0,0,0,0,0,0,0,0,0,0,0,0,66,195
170,85,3141,2855,2762,2792,11402,3429,2943,2905,0,0,0,0,0,0,0,0,0,0,0,0,0,0,0,0,0,0,0,0,0,0,0,0,0,0,0,80,195
170,85,3120,2856,2793,2846,11402,3416,2931,2882,0,0,0,0,0,0,0,0,0,0,0,0,0,0,0,0,0,0,0,0,0,0,0,0,0,0,0,212,193
170,85,3092,2851,2794,2825,11403,3411,2925,2879,0,0,0,0,0,0,0,0,0,0,0,0,0,0,0,0,0,0,0,0,0,0,0,0,0,0,0,134,191
170,85,3135,2858,2773,2830,11415,3433,2929,2860,0,0,0,0,0,0,0,0,0,0,0,0,0,0,0,0,0,0,0,0,0,0,0,0,0,0,0,181,193
170,85,3142,2832,2770,2809,11418,3434,2920,2895,0,0,0,0,0,0,0,0,0,0,0,0,0,0,0,0,0,0,0,0,0,0,0,0,0,0,0,115,193
170,85,3130,2834,2809,2858,11404,3429,2902,2879,0,0,0,0,0,0,0,0,0,0,0,0,0,0,0,0,0,0,0,0,0,0,0,0,0,0,0,163,193
170,85,3120,2854,2763,2823,11409,3428,2928,2907,0,0,0,0,0,0,0,0,0,0,0,0,0,0,0,0,0,0,0,0,0,0,0,0,0,0,0,220,194
170,85,3117,2860,2782,2782,11414,3430,2948,2916,0,0,0,0,0,0,0,0,0,0,0,0,0,0,0,0,0,0,0,0,0,0,0,0,0,0,0,200,197
170,85,3129,2859,2807,2844,11411,3414,2914,2895,0,0,0,0,0,0,0,0,0,0,0,0,0,0,0,0,0,0,0,0,0,0,0,0,0,0,0,201,196
170,85,3130,2846,2775,2853,11407,3398,2926,2861,0,0,0,0,0,0,0,0,0,0,0,0,0,0,0,0,0,0,0,0,0,0,0,0,0,0,0,132,196
170,85,3131,2868,2775,2830,11433,3431,2932,2902,0,0,0,0,0,0,0,0,0,0,0,0,0,0,0,0,0,0,0,0,0,0,0,0,0,0,0,226,195
170,85,3092,2854,2774,2849,11418,3431,2927,2880,0,0,0,0,0,0,0,0,0,0,0,0,0,0,0,0,0,0,0,0,0,0,0,0,0,0,0,207,194
170,85,3113,2888,2784,2844,11416,3419,2901,2880,0,0,0,0,0,0,0,0,0,0,0,0,0,0,0,0,0,0,0,0,0,0,0,0,0,0,0,147,194
170,85,3134,2851,2784,2820,11422,3411,2931,2890,0,0,0,0,0,0,0,0,0,0,0,0,0,0,0,0,0,0,0,0,0,0,0,0,0,0,0,213,194
170,85,3122,2832,2763,2830,11414,3436,2928,2888,0,0,0,0,0,0,0,0,0,0,0,0,0,0,0,0,0,0,0,0,0,0,0,0,0,0,0,253,195
170,85,3129,2832,2793,2808,11419,3414,2913,2891,0,0,0,0,0,0,0,0,0,0,0,0,0,0,0,0,0,0,0,0,0,0,0,0,0,0,0,6,195
170,85,3105,2845,2801,2859,11412,3419,2901,2877,0,0,0,0,0,0,0,0,0,0,0,0,0,0,0,0,0,0,0,0,0,0,0,0,0,0,0,153,196
170,85,3141,2832,2780,2831,11413,3412,2915,2905,0,0,0,0,0,0,0,0,0,0,0,0,0,0,0,0,0,0,0,0,0,0,0,0,0,0,0,165,196
170,85,3135,2876,2792,2856,11432,3416,2942,2885,0,0,0,0,0,0,0,0,0,0,0,0,0,0,0,0,0,0,0,0,0,0,0,0,0,0,0,208,197
170,85,3122,2849,2776,2857,11426,3398,2913,2867,0,0,0,0,0,0,0,0,0,0,0,0,0,0,0,0,0,0,0,0,0,0,0,0,0,0,0,140,196
170,85,3127,2870,2792,2823,11425,3440,2942,2886,0,0,0,0,0,0,0,0,0,0,0,0,0,0,0,0,0,0,0,0,0,0,0,0,0,0,0,223,195
170,85,3103,2858,2775,2817,11417,3429,2935,2891,0,0,0,0,0,0,0,0,0,0,0,0,0,0,0,0,0,0,0,0,0,0,0,0,0,0,0,251,194
170,85,3138,2875,2802,2845,11430,3431,2914,2896,0,0,0,0,0,0,0,0,0,0,0,0,0,0,0,0,0,0,0,0,0,0,0,0,0,0,0,189,193
170,85,3133,2873,2784,2836,11420,3444,2925,2865,0,0,0,0,0,0,0,0,0,0,0,0,0,0,0,0,0,0,0,0,0,0,0,0,0,0,0,156,192
170,85,3145,2845,2783,2791,11418,3430,2929,2906,0,0,0,0,0,0,0,0,0,0,0,0,0,0,0,0,0,0,0,0,0,0,0,0,0,0,0,98,191
170,85,3093,2861,2798,2845,11419,3431,2926,2896,0,0,0,0,0,0,0,0,0,0,0,0,0,0,0,0,0,0,0,0,0,0,0,0,0,0,0,209,190
170,85,3092,2860,2808,2856,11407,3429,2924,2864,0,0,0,0,0,0,0,0,0,0,0,0,0,0,0,0,0,0,0,0,0,0,0,0,0,0,0,134,192
170,85,3118,2885,2764,2843,11413,3438,2942,2889,0,0,0,0,0,0,0,0,0,0,0,0,0,0,0,0,0,0,0,0,0,0,0,0,0,0,0,168,193
170,85,3119,2868,2801,2793,11420,3431,2935,2902,0,0,0,0,0,0,0,0,0,0,0,0,0,0,0,0,0,0,0,0,0,0,0,0,0,0,0,0,194
170,85,3131,2881,2774,2797,11424,3439,2915,2886,0,0,0,0,0,0,0,0,0,0,0,0,0,0,0,0,0,0,0,0,0,0,0,0,0,0,0,114,195
170,85,3116,2832,2776,2856,11415,3429,2926,2867,0,0,0,0,0,0,0,0,0,0,0,0,0,0,0,0,0,0,0,0,0,0,0,0,0,0,0,187,196
170,85,3128,2846,2804,2791,11430,3417,2942,2903,0,0,0,0,0,0,0,0,0,0,0,0,0,0,0,0,0,0,0,0,0,0,0,0,0,0,0,58,196
170,85,3126,2855,2801,2844,11414,3418,2914,2895,0,0,0,0,0,0,0,0,0,0,0,0,0,0,0,0,0,0,0,0,0,0,0,0,0,0,0,197,196
170,85,3130,2864,2783,2859,11420,3420,2919,2869,0,0,0,0,0,0,0,0,0,0,0,0,0,0,0,0,0,0,0,0,0,0,0,0,0,0,0,180,194
170,85,3120,2841,2785,2806,11425,3431,2929,2886,0,0,0,0,0,0,0,0,0,0,0,0,0,0,0,0,0,0,0,0,0,0,0,0,0,0,0,22,192
170,85,3105,2845,2763,2790,11423,3428,2931,2884,0,0,0,0,0,0,0,0,0,0,0,0,0,0,0,0,0,0,0,0,0,0,0,0,0,0,0,4,192
170,85,3135,2886,2760,2825,11411,3439,2928,2879,0,0,0,0,0,0,0,0,0,0,0,0,0,0,0,0,0,0,0,0,0,0,0,0,0,0,0,211,192
170,85,3127,2876,2809,2822,11431,3411,2912,2874,0,0,0,0,0,0,0,0,0,0,0,0,0,0,0,0,0,0,0,0,0,0,0,0,0,0,0,130,192
170,85,3142,2869,2788,2810,11418,3423,2932,2892,0,0,0,0,0,0,0,0,0,0,0,0,0,0,0,0,0,0,0,0,0,0,0,0,0,0,0,73,191
170,85,3141,2853,2813,2844,11429,3399,2896,2888,0,0,0,0,0,0,0,0,0,0,0,0,0,0,0,0,0,0,0,0,0,0,0,0,0,0,0,163,191
170,85,3108,2830,2765,2856,11405,3429,2916,2878,0,0,0,0,0,0,0,0,0,0,0,0,0,0,0,0,0,0,0,0,0,0,0,0,0,0,0,165,193
170,85,3125,2872,2801,2836,11416,3435,2917,2903,0,0,0,0,0,0,0,0,0,0,0,0,0,0,0,0,0,0,0,0,0,0,0,0,0,0,0,241,193
170,85,3141,2877,2775,2829,11428,3429,2924,2887,0,0,0,0,0,0,0,0,0,0,0,0,0,0,0,0,0,0,0,0,0,0,0,0,0,0,0,144,194
170,85,3103,2833,2764,2839,11419,3420,2929,2894,0,0,0,0,0,0,0,0,0,0,0,0,0,0,0,0,0,0,0,0,0,0,0,0,0,0,0,245,196
170,85,3130,2861,2776,2846,11424,3430,2925,2862,0,0,0,0,0,0,0,0,0,0,0,0,0,0,0,0,0,0,0,0,0,0,0,0,0,0,0,140,196
170,85,3127,2828,2772,2828,11418,3431,2926,2880,0,0,0,0,0,0,0,0,0,0,0,0,0,0,0,0,0,0,0,0,0,0,0,0,0,0,0,232,197
170,85,3091,2867,2762,2849,11420,3430,2927,2883,0,0,0,0,0,0,0,0,0,0,0,0,0,0,0,0,0,0,0,0,0,0,0,0,0,0,0,197,196
170,85,3133,2860,2783,2859,11423,3420,2925,2890,0,0,0,0,0,0,0,0,0,0,0,0,0,0,0,0,0,0,0,0,0,0,0,0,0,0,0,217,197
170,85,3131,2891,2784,2842,11414,3429,2929,2908,0,0,0,0,0,0,0,0,0,0,0,0,0,0,0,0,0,0,0,0,0,0,0,0,0,0,0,140,198
170,85,3117,2861,2801,2792,11402,3445,2917,2900,0,0,0,0,0,0,0,0,0,0,0,0,0,0,0,0,0,0,0,0,0,0,0,0,0,0,0,14,199
