170,85,4676,16246,3957,2946,7903,3505,4445,4052,0,0,0,0,0,0,0,0,0,0,0,0,0,0,0,0,0,0,0,0,0,0,0,0,0,0,0,249,193
170,85,3267,16935,4467,5046,8265,3536,2628,2784,0,0,0,0,0,0,0,0,0,0,0,0,0,0,0,0,0,0,0,0,0,0,0,0,0,0,0,130,192
170,85,3471,16959,5216,3840,7905,2938,2975,3892,0,0,0,0,0,0,0,0,0,0,0,0,0,0,0,0,0,0,0,0,0,0,0,0,0,0,0,90,192
170,85,3808,16969,4005,3667,8552,4365,3148,2536,0,0,0,0,0,0,0,0,0,0,0,0,0,0,0,0,0,0,0,0,0,0,0,0,0,0,0,25,193
170,85,3276,16981,4827,4890,8161,3167,2679,2915,0,0,0,0,0,0,0,0,0,0,0,0,0,0,0,0,0,0,0,0,0,0,0,0,0,0,0,80,192
170,85,3628,16993,5079,3232,7951,2974,3037,4457,0,0,0,0,0,0,0,0,0,0,0,0,0,0,0,0,0,0,0,0,0,0,0,0,0,0,0,189,193
170,85,4753,17005,3962,3015,8168,3625,4477,3929,0,0,0,0,0,0,0,0,0,0,0,0,0,0,0,0,0,0,0,0,0,0,0,0,0,0,0,0,193
170,85,3903,17018,3991,3618,8542,4369,3254,2512,0,0,0,0,0,0,0,0,0,0,0,0,0,0,0,0,0,0,0,0,0,0,0,0,0,0,0,95,193
170,85,3302,17023,4750,4940,8197,3218,2638,2894,0,0,0,0,0,0,0,0,0,0,0,0,0,0,0,0,0,0,0,0,0,0,0,0,0,0,0,81,192
170,85,3458,17021,5249,4059,7878,2952,2911,3660,0,0,0,0,0,0,0,0,0,0,0,0,0,0,0,0,0,0,0,0,0,0,0,0,0,0,0,67,193
170,85,4011,17028,3956,3552,8516,4414,3420,2501,0,0,0,0,0,0,0,0,0,0,0,0,0,0,0,0,0,0,0,0,0,0,0,0,0,0,0,220,192
170,85,3290,17033,4727,4975,8223,3263,2633,2884,0,0,0,0,0,0,0,0,0,0,0,0,0,0,0,0,0,0,0,0,0,0,0,0,0,0,0,123,192
170,85,3588,17034,5146,3400,7955,2963,3040,4348,0,0,0,0,0,0,0,0,0,0,0,0,0,0,0,0,0,0,0,0,0,0,0,0,0,0,0,229,193
170,85,4755,17039,4057,2974,8176,3547,4439,4083,0,0,0,0,0,0,0,0,0,0,0,0,0,0,0,0,0,0,0,0,0,0,0,0,0,0,0,115,193
170,85,3993,17040,4005,3489,8455,4309,3620,2461,0,0,0,0,0,0,0,0,0,0,0,0,0,0,0,0,0,0,0,0,0,0,0,0,0,0,0,224,193
170,85,3308,17045,4605,4958,8275,3447,2721,2826,0,0,0,0,0,0,0,0,0,0,0,0,0,0,0,0,0,0,0,0,0,0,0,0,0,0,0,202,194
170,85,3537,17045,5129,3776,7983,2954,2948,3890,0,0,0,0,0,0,0,0,0,0,0,0,0,0,0,0,0,0,0,0,0,0,0,0,0,0,0,36,194
170,85,3853,17052,4047,3600,8502,4251,3318,2555,0,0,0,0,0,0,0,0,0,0,0,0,0,0,0,0,0,0,0,0,0,0,0,0,0,0,0,105,194
170,85,3337,17057,4900,4826,8181,3234,2772,2958,0,0,0,0,0,0,0,0,0,0,0,0,0,0,0,0,0,0,0,0,0,0,0,0,0,0,0,248,193
170,85,3889,17056,4850,3113,8039,3093,3228,4603,0,0,0,0,0,0,0,0,0,0,0,0,0,0,0,0,0,0,0,0,0,0,0,0,0,0,0,253,194
170,85,4475,17062,4055,3125,8227,3945,4248,3315,0,0,0,0,0,0,0,0,0,0,0,0,0,0,0,0,0,0,0,0,0,0,0,0,0,0,0,130,194
170,85,3522,17070,4236,4323,8469,3967,2880,2671,0,0,0,0,0,0,0,0,0,0,0,0,0,0,0,0,0,0,0,0,0,0,0,0,0,0,0,217,194
170,85,3457,17062,5145,4401,8065,3072,2828,3163,0,0,0,0,0,0,0,0,0,0,0,0,0,0,0,0,0,0,0,0,0,0,0,0,0,0,0,120,194
170,85,4362,17062,4482,2940,8101,3284,3832,4341,0,0,0,0,0,0,0,0,0,0,0,0,0,0,0,0,0,0,0,0,0,0,0,0,0,0,0,149,193
170,85,3315,17063,4771,4855,8213,3312,2760,2879,0,0,0,0,0,0,0,0,0,0,0,0,0,0,0,0,0,0,0,0,0,0,0,0,0,0,0,142,193
170,85,3666,17065,4992,3438,8051,2996,3044,4213,0,0,0,0,0,0,0,0,0,0,0,0,0,0,0,0,0,0,0,0,0,0,0,0,0,0,0,225,193
170,85,4567,17066,4197,3036,8179,3541,4232,3989,0,0,0,0,0,0,0,0,0,0,0,0,0,0,0,0,0,0,0,0,0,0,0,0,0,0,0,69,193
170,85,3891,17069,4047,3492,8448,4219,3492,2542,0,0,0,0,0,0,0,0,0,0,0,0,0,0,0,0,0,0,0,0,0,0,0,0,0,0,0,65,193
170,85,3365,17069,4681,4883,8273,3408,2769,2851,0,0,0,0,0,0,0,0,0,0,0,0,0,0,0,0,0,0,0,0,0,0,0,0,0,0,0,188,194
170,85,3645,17070,5061,3618,8024,2975,3015,4081,0,0,0,0,0,0,0,0,0,0,0,0,0,0,0,0,0,0,0,0,0,0,0,0,0,0,0,59,194
170,85,4577,17070,4229,3021,8171,3490,4223,4020,0,0,0,0,0,0,0,0,0,0,0,0,0,0,0,0,0,0,0,0,0,0,0,0,0,0,0,63,194
170,85,3314,17073,5005,4765,8156,3186,2772,2960,0,0,0,0,0,0,0,0,0,0,0,0,0,0,0,0,0,0,0,0,0,0,0,0,0,0,0,27,194
170,85,4567,17070,4121,3081,8185,3691,4240,3768,0,0,0,0,0,0,0,0,0,0,0,0,0,0,0,0,0,0,0,0,0,0,0,0,0,0,0,108,193
170,85,3621,17075,4184,3994,8482,4053,3005,2641,0,0,0,0,0,0,0,0,0,0,0,0,0,0,0,0,0,0,0,0,0,0,0,0,0,0,0,204,193
170,85,3417,17069,5214,4470,8064,3076,2788,3141,0,0,0,0,0,0,0,0,0,0,0,0,0,0,0,0,0,0,0,0,0,0,0,0,0,0,0,89,193
170,85,4441,17067,4420,2912,8099,3274,3938,4391,0,0,0,0,0,0,0,0,0,0,0,0,0,0,0,0,0,0,0,0,0,0,0,0,0,0,0,65,193
170,85,4177,17069,3969,3397,8428,4314,3852,2328,0,0,0,0,0,0,0,0,0,0,0,0,0,0,0,0,0,0,0,0,0,0,0,0,0,0,0,131,193
170,85,4468,17082,4016,3230,8269,4249,4261,2777,0,0,0,0,0,0,0,0,0,0,0,0,0,0,0,0,0,0,0,0,0,0,0,0,0,0,0,205,193
170,85,3562,17074,4181,4060,8551,4181,2809,2597,0,0,0,0,0,0,0,0,0,0,0,0,0,0,0,0,0,0,0,0,0,0,0,0,0,0,0,161,192
170,85,3323,17078,5060,4753,8140,3122,2736,3022,0,0,0,0,0,0,0,0,0,0,0,0,0,0,0,0,0,0,0,0,0,0,0,0,0,0,0,58,192
170,85,3763,17080,4946,2957,8014,3068,3177,4711,0,0,0,0,0,0,0,0,0,0,0,0,0,0,0,0,0,0,0,0,0,0,0,0,0,0,0,201,192
170,85,4707,17078,3930,3039,8222,3694,4456,3799,0,0,0,0,0,0,0,0,0,0,0,0,0,0,0,0,0,0,0,0,0,0,0,0,0,0,0,5,192
170,85,3887,17075,4027,3572,8527,4334,3385,2529,0,0,0,0,0,0,0,0,0,0,0,0,0,0,0,0,0,0,0,0,0,0,0,0,0,0,0,47,192
170,85,3289,17077,4686,4948,8253,3381,2696,2847,0,0,0,0,0,0,0,0,0,0,0,0,0,0,0,0,0,0,0,0,0,0,0,0,0,0,0,117,193
170,85,3495,17074,5153,3681,8001,2944,2955,3953,0,0,0,0,0,0,0,0,0,0,0,0,0,0,0,0,0,0,0,0,0,0,0,0,0,0,0,212,193
170,85,3843,17075,4001,3623,8577,4342,3207,2522,0,0,0,0,0,0,0,0,0,0,0,0,0,0,0,0,0,0,0,0,0,0,0,0,0,0,0,155,193
170,85,3296,17078,4751,4940,8253,3227,2634,2879,0,0,0,0,0,0,0,0,0,0,0,0,0,0,0,0,0,0,0,0,0,0,0,0,0,0,0,219,193
170,85,3574,17080,5132,3382,7975,2960,3044,4327,0,0,0,0,0,0,0,0,0,0,0,0,0,0,0,0,0,0,0,0,0,0,0,0,0,0,0,102,193
170,85,4681,17085,4096,2924,8177,3475,4404,4104,0,0,0,0,0,0,0,0,0,0,0,0,0,0,0,0,0,0,0,0,0,0,0,0,0,0,0,97,192
170,85,4096,17080,3929,3411,8467,4382,3769,2340,0,0,0,0,0,0,0,0,0,0,0,0,0,0,0,0,0,0,0,0,0,0,0,0,0,0,0,186,191
170,85,3296,17081,4382,5096,8371,3677,2610,2761,0,0,0,0,0,0,0,0,0,0,0,0,0,0,0,0,0,0,0,0,0,0,0,0,0,0,0,39,190
170,85,3475,17081,5235,3986,7923,2975,2921,3731,0,0,0,0,0,0,0,0,0,0,0,0,0,0,0,0,0,0,0,0,0,0,0,0,0,0,0,230,191
170,85,3978,17085,3909,3505,8546,4408,3479,2392,0,0,0,0,0,0,0,0,0,0,0,0,0,0,0,0,0,0,0,0,0,0,0,0,0,0,0,210,192
170,85,3290,17085,4530,5129,8285,3375,2600,2801,0,0,0,0,0,0,0,0,0,0,0,0,0,0,0,0,0,0,0,0,0,0,0,0,0,0,0,238,192
170,85,3510,17087,5269,3749,7909,2895,2975,4031,0,0,0,0,0,0,0,0,0,0,0,0,0,0,0,0,0,0,0,0,0,0,0,0,0,0,0,8,192
170,85,4893,17088,4056,2877,8147,3423,4511,4314,0,0,0,0,0,0,0,0,0,0,0,0,0,0,0,0,0,0,0,0,0,0,0,0,0,0,0,72,192
170,85,4372,17089,3844,3405,8463,4574,3908,2145,0,0,0,0,0,0,0,0,0,0,0,0,0,0,0,0,0,0,0,0,0,0,0,0,0,0,0,241,191
170,85,3322,17085,4279,5283,8414,3777,2552,2693,0,0,0,0,0,0,0,0,0,0,0,0,0,0,0,0,0,0,0,0,0,0,0,0,0,0,0,169,191
170,85,3445,17085,5357,4168,7801,2834,2857,3500,0,0,0,0,0,0,0,0,0,0,0,0,0,0,0,0,0,0,0,0,0,0,0,0,0,0,0,36,192
170,85,4277,17086,3837,3519,8564,4595,3653,2186,0,0,0,0,0,0,0,0,0,0,0,0,0,0,0,0,0,0,0,0,0,0,0,0,0,0,0,153,192
170,85,3286,17086,4384,5317,8348,3467,2545,2760,0,0,0,0,0,0,0,0,0,0,0,0,0,0,0,0,0,0,0,0,0,0,0,0,0,0,0,57,193
170,85,3501,17087,5324,3997,7821,2842,2949,3797,0,0,0,0,0,0,0,0,0,0,0,0,0,0,0,0,0,0,0,0,0,0,0,0,0,0,0,63,194
170,85,4894,17088,4282,2802,8117,3354,4326,4451,0,0,0,0,0,0,0,0,0,0,0,0,0,0,0,0,0,0,0,0,0,0,0,0,0,0,0,27,194
170,85,4623,17087,3777,3299,8368,4621,4148,2171,0,0,0,0,0,0,0,0,0,0,0,0,0,0,0,0,0,0,0,0,0,0,0,0,0,0,0,231,196
170,85,3310,17088,4169,5175,8476,3929,2392,2661,0,0,0,0,0,0,0,0,0,0,0,0,0,0,0,0,0,0,0,0,0,0,0,0,0,0,0,176,196
170,85,3394,17089,5317,4416,7888,2844,2793,3338,0,0,0,0,0,0,0,0,0,0,0,0,0,0,0,0,0,0,0,0,0,0,0,0,0,0,0,142,196
170,85,4367,17089,3822,3465,8513,4630,3855,2124,0,0,0,0,0,0,0,0,0,0,0,0,0,0,0,0,0,0,0,0,0,0,0,0,0,0,0,38,197
170,85,3283,17091,4406,5297,8366,3458,2559,2734,0,0,0,0,0,0,0,0,0,0,0,0,0,0,0,0,0,0,0,0,0,0,0,0,0,0,0,112,197
170,85,3506,17089,5293,3873,7850,2865,2962,3936,0,0,0,0,0,0,0,0,0,0,0,0,0,0,0,0,0,0,0,0,0,0,0,0,0,0,0,44,197
170,85,4942,17095,4160,2860,8121,3399,4484,4385,0,0,0,0,0,0,0,0,0,0,0,0,0,0,0,0,0,0,0,0,0,0,0,0,0,0,0,25,197
170,85,4417,17092,3826,3390,8455,4609,3937,2142,0,0,0,0,0,0,0,0,0,0,0,0,0,0,0,0,0,0,0,0,0,0,0,0,0,0,0,235,197
170,85,3291,17096,4345,5309,8400,3650,2530,2723,0,0,0,0,0,0,0,0,0,0,0,0,0,0,0,0,0,0,0,0,0,0,0,0,0,0,0,28,197
170,85,3481,17101,5315,4048,7832,2862,2942,3721,0,0,0,0,0,0,0,0,0,0,0,0,0,0,0,0,0,0,0,0,0,0,0,0,0,0,0,189,197
170,85,4180,17102,3860,3571,8584,4561,3522,2286,0,0,0,0,0,0,0,0,0,0,0,0,0,0,0,0,0,0,0,0,0,0,0,0,0,0,0,146,197
170,85,3271,17100,4517,5237,8306,3377,2588,2780,0,0,0,0,0,0,0,0,0,0,0,0,0,0,0,0,0,0,0,0,0,0,0,0,0,0,0,193,198
170,85,3551,17100,5278,3634,7905,2899,2961,4111,0,0,0,0,0,0,0,0,0,0,0,0,0,0,0,0,0,0,0,0,0,0,0,0,0,0,0,55,198
170,85,4911,17100,4099,2920,8162,3418,4515,4316,0,0,0,0,0,0,0,0,0,0,0,0,0,0,0,0,0,0,0,0,0,0,0,0,0,0,0,233,198
170,85,4337,17099,3880,3465,8483,4527,3884,2170,0,0,0,0,0,0,0,0,0,0,0,0,0,0,0,0,0,0,0,0,0,0,0,0,0,0,0,217,198
170,85,3302,17096,4356,5229,8377,3658,2532,2734,0,0,0,0,0,0,0,0,0,0,0,0,0,0,0,0,0,0,0,0,0,0,0,0,0,0,0,103,198
170,85,3504,17097,5269,3917,7879,2898,2958,3911,0,0,0,0,0,0,0,0,0,0,0,0,0,0,0,0,0,0,0,0,0,0,0,0,0,0,0,71,198
170,85,3995,17096,3906,3628,8622,4524,3263,2395,0,0,0,0,0,0,0,0,0,0,0,0,0,0,0,0,0,0,0,0,0,0,0,0,0,0,0,93,198
170,85,3298,17096,4731,5096,8229,3133,2616,2866,0,0,0,0,0,0,0,0,0,0,0,0,0,0,0,0,0,0,0,0,0,0,0,0,0,0,0,54,198
170,85,3599,17095,5216,3410,7949,2938,3035,4335,0,0,0,0,0,0,0,0,0,0,0,0,0,0,0,0,0,0,0,0,0,0,0,0,0,0,0,28,199
170,85,4917,17099,3907,2962,8191,3575,4612,4047,0,0,0,0,0,0,0,0,0,0,0,0,0,0,0,0,0,0,0,0,0,0,0,0,0,0,0,73,198
170,85,4134,17102,3927,3530,8566,4545,3522,2340,0,0,0,0,0,0,0,0,0,0,0,0,0,0,0,0,0,0,0,0,0,0,0,0,0,0,0,191,198
170,85,3273,17099,4571,5158,8281,3367,2563,2789,0,0,0,0,0,0,0,0,0,0,0,0,0,0,0,0,0,0,0,0,0,0,0,0,0,0,0,254,198
170,85,3520,17097,5248,3729,7922,2898,2977,4054,0,0,0,0,0,0,0,0,0,0,0,0,0,0,0,0,0,0,0,0,0,0,0,0,0,0,0,116,198
170,85,3807,17099,3960,3761,8650,4441,3005,2462,0,0,0,0,0,0,0,0,0,0,0,0,0,0,0,0,0,0,0,0,0,0,0,0,0,0,0,237,198
170,85,3283,17100,4873,4944,8187,3079,2649,2914,0,0,0,0,0,0,0,0,0,0,0,0,0,0,0,0,0,0,0,0,0,0,0,0,0,0,0,34,198
170,85,3676,17096,5136,3065,7953,2963,3103,4712,0,0,0,0,0,0,0,0,0,0,0,0,0,0,0,0,0,0,0,0,0,0,0,0,0,0,0,46,198
170,85,4943,17096,3857,2981,8196,3657,4641,3935,0,0,0,0,0,0,0,0,0,0,0,0,0,0,0,0,0,0,0,0,0,0,0,0,0,0,0,153,198
170,85,4063,17095,3906,3578,8614,4544,3359,2364,0,0,0,0,0,0,0,0,0,0,0,0,0,0,0,0,0,0,0,0,0,0,0,0,0,0,0,97,197
170,85,3258,17100,4713,5102,8262,3106,2631,2852,0,0,0,0,0,0,0,0,0,0,0,0,0,0,0,0,0,0,0,0,0,0,0,0,0,0,0,107,197
170,85,3609,17096,5232,3331,7939,2928,3052,4405,0,0,0,0,0,0,0,0,0,0,0,0,0,0,0,0,0,0,0,0,0,0,0,0,0,0,0,172,197
170,85,3705,17101,4007,3883,8664,4353,2814,2485,0,0,0,0,0,0,0,0,0,0,0,0,0,0,0,0,0,0,0,0,0,0,0,0,0,0,0,42,197
170,85,3289,17103,4954,4934,8166,3028,2663,2968,0,0,0,0,0,0,0,0,0,0,0,0,0,0,0,0,0,0,0,0,0,0,0,0,0,0,0,99,197
170,85,3823,17101,5017,2804,7955,3015,3175,4857,0,0,0,0,0,0,0,0,0,0,0,0,0,0,0,0,0,0,0,0,0,0,0,0,0,0,0,165,196
170,85,4972,17103,3850,3020,8224,3796,4635,3752,0,0,0,0,0,0,0,0,0,0,0,0,0,0,0,0,0,0,0,0,0,0,0,0,0,0,0,186,196
170,85,3900,17104,3922,3737,8655,4456,3091,2427,0,0,0,0,0,0,0,0,0,0,0,0,0,0,0,0,0,0,0,0,0,0,0,0,0,0,0,110,195
170,85,3255,17108,4789,5025,8208,3068,2626,2882,0,0,0,0,0,0,0,0,0,0,0,0,0,0,0,0,0,0,0,0,0,0,0,0,0,0,0,1,194
170,85,3702,17110,5167,3079,7949,2964,3100,4683,0,0,0,0,0,0,0,0,0,0,0,0,0,0,0,0,0,0,0,0,0,0,0,0,0,0,0,231,194
170,85,3589,17108,4030,4118,8628,4269,2646,2538,0,0,0,0,0,0,0,0,0,0,0,0,0,0,0,0,0,0,0,0,0,0,0,0,0,0,0,66,194
170,85,3306,17105,5139,4867,8130,3013,2708,3019,0,0,0,0,0,0,0,0,0,0,0,0,0,0,0,0,0,0,0,0,0,0,0,0,0,0,0,208,193
170,85,3883,17104,5000,2737,7964,3038,3230,4874,0,0,0,0,0,0,0,0,0,0,0,0,0,0,0,0,0,0,0,0,0,0,0,0,0,0,0,52,192
170,85,4939,17097,3847,3028,8239,3960,4544,3623,0,0,0,0,0,0,0,0,0,0,0,0,0,0,0,0,0,0,0,0,0,0,0,0,0,0,0,123,191
170,85,3772,17098,3972,3802,8656,4390,2945,2468,0,0,0,0,0,0,0,0,0,0,0,0,0,0,0,0,0,0,0,0,0,0,0,0,0,0,0,123,191
170,85,3271,17096,4882,4954,8178,3087,2640,2957,0,0,0,0,0,0,0,0,0,0,0,0,0,0,0,0,0,0,0,0,0,0,0,0,0,0,0,196,191
170,85,3743,17099,5100,3000,7969,3003,3117,4782,0,0,0,0,0,0,0,0,0,0,0,0,0,0,0,0,0,0,0,0,0,0,0,0,0,0,0,184,192
170,85,3716,17096,4082,4052,8510,4121,2945,2639,0,0,0,0,0,0,0,0,0,0,0,0,0,0,0,0,0,0,0,0,0,0,0,0,0,0,0,0,193
170,85,3410,17099,5006,4700,8142,3152,2762,2973,0,0,0,0,0,0,0,0,0,0,0,0,0,0,0,0,0,0,0,0,0,0,0,0,0,0,0,33,193
170,85,3841,17098,4847,3159,8068,3081,3178,4588,0,0,0,0,0,0,0,0,0,0,0,0,0,0,0,0,0,0,0,0,0,0,0,0,0,0,0,218,194
170,85,4528,17096,4059,3100,8222,3816,4222,3665,0,0,0,0,0,0,0,0,0,0,0,0,0,0,0,0,0,0,0,0,0,0,0,0,0,0,0,249,195
170,85,3702,17095,4125,3750,8514,4106,3169,2606,0,0,0,0,0,0,0,0,0,0,0,0,0,0,0,0,0,0,0,0,0,0,0,0,0,0,0,151,195
170,85,3395,17104,4953,4794,8177,3194,2763,2976,0,0,0,0,0,0,0,0,0,0,0,0,0,0,0,0,0,0,0,0,0,0,0,0,0,0,0,51,195
170,85,3785,17103,4919,3259,8048,3033,3109,4395,0,0,0,0,0,0,0,0,0,0,0,0,0,0,0,0,0,0,0,0,0,0,0,0,0,0,0,136,196
170,85,3579,17126,4186,4122,8489,4033,2957,2614,0,0,0,0,0,0,0,0,0,0,0,0,0,0,0,0,0,0,0,0,0,0,0,0,0,0,0,145,195
170,85,3397,17125,5074,4680,8154,3155,2773,3025,0,0,0,0,0,0,0,0,0,0,0,0,0,0,0,0,0,0,0,0,0,0,0,0,0,0,0,20,196
170,85,3950,17125,4799,3099,8079,3109,3336,4566,0,0,0,0,0,0,0,0,0,0,0,0,0,0,0,0,0,0,0,0,0,0,0,0,0,0,0,248,197
170,85,4471,17122,4105,3112,8220,3854,4249,3550,0,0,0,0,0,0,0,0,0,0,0,0,0,0,0,0,0,0,0,0,0,0,0,0,0,0,0,99,197
170,85,3669,17125,4160,3880,8529,4078,3094,2604,0,0,0,0,0,0,0,0,0,0,0,0,0,0,0,0,0,0,0,0,0,0,0,0,0,0,0,217,196
170,85,3443,17126,4962,4799,8182,3203,2783,2981,0,0,0,0,0,0,0,0,0,0,0,0,0,0,0,0,0,0,0,0,0,0,0,0,0,0,0,228,195
170,85,3831,17127,4911,3227,8081,3062,3139,4469,0,0,0,0,0,0,0,0,0,0,0,0,0,0,0,0,0,0,0,0,0,0,0,0,0,0,0,80,195
170,85,3563,17128,4214,4216,8467,3985,2950,2646,0,0,0,0,0,0,0,0,0,0,0,0,0,0,0,0,0,0,0,0,0,0,0,0,0,0,0,192,196
170,85,3462,17128,5143,4592,8137,3133,2802,3058,0,0,0,0,0,0,0,0,0,0,0,0,0,0,0,0,0,0,0,0,0,0,0,0,0,0,0,218,195
170,85,3998,17127,4785,3112,8083,3115,3339,4556,0,0,0,0,0,0,0,0,0,0,0,0,0,0,0,0,0,0,0,0,0,0,0,0,0,0,0,60,195
170,85,4420,17127,4053,3143,8235,3877,4224,3340,0,0,0,0,0,0,0,0,0,0,0,0,0,0,0,0,0,0,0,0,0,0,0,0,0,0,0,46,195
170,85,3565,17126,4217,4098,8479,3993,2948,2637,0,0,0,0,0,0,0,0,0,0,0,0,0,0,0,0,0,0,0,0,0,0,0,0,0,0,0,160,195
170,85,3454,17126,5099,4641,8127,3131,2797,3047,0,0,0,0,0,0,0,0,0,0,0,0,0,0,0,0,0,0,0,0,0,0,0,0,0,0,0,127,195
170,85,4033,17124,4735,3070,8066,3123,3400,4575,0,0,0,0,0,0,0,0,0,0,0,0,0,0,0,0,0,0,0,0,0,0,0,0,0,0,0,38,195
170,85,3396,17124,4320,4718,8407,3783,2841,2719,0,0,0,0,0,0,0,0,0,0,0,0,0,0,0,0,0,0,0,0,0,0,0,0,0,0,0,37,196
170,85,3520,17125,5135,4293,8068,3047,2884,3398,0,0,0,0,0,0,0,0,0,0,0,0,0,0,0,0,0,0,0,0,0,0,0,0,0,0,0,40,196
170,85,4395,17124,4479,2976,8129,3247,3838,4370,0,0,0,0,0,0,0,0,0,0,0,0,0,0,0,0,0,0,0,0,0,0,0,0,0,0,0,40,196
170,85,4261,17122,4013,3264,8348,4164,3982,2649,0,0,0,0,0,0,0,0,0,0,0,0,0,0,0,0,0,0,0,0,0,0,0,0,0,0,0,190,196
170,85,3419,17125,4301,4652,8427,3807,2867,2698,0,0,0,0,0,0,0,0,0,0,0,0,0,0,0,0,0,0,0,0,0,0,0,0,0,0,0,79,196
170,85,3493,17125,5163,4326,8082,3040,2859,3353,0,0,0,0,0,0,0,0,0,0,0,0,0,0,0,0,0,0,0,0,0,0,0,0,0,0,0,107,196
170,85,4398,17125,4468,2931,8110,3256,3806,4369,0,0,0,0,0,0,0,0,0,0,0,0,0,0,0,0,0,0,0,0,0,0,0,0,0,0,0,175,196
170,85,3335,17125,4555,4928,8319,3546,2782,2794,0,0,0,0,0,0,0,0,0,0,0,0,0,0,0,0,0,0,0,0,0,0,0,0,0,0,0,103,195
170,85,3587,17126,5125,3816,8032,2976,2930,3858,0,0,0,0,0,0,0,0,0,0,0,0,0,0,0,0,0,0,0,0,0,0,0,0,0,0,0,17,196
170,85,4593,17126,4219,3011,8182,3426,4218,4099,0,0,0,0,0,0,0,0,0,0,0,0,0,0,0,0,0,0,0,0,0,0,0,0,0,0,0,231,196
170,85,4001,17132,4047,3425,8435,4220,3651,2505,0,0,0,0,0,0,0,0,0,0,0,0,0,0,0,0,0,0,0,0,0,0,0,0,0,0,0,97,196
170,85,3326,17124,4579,4924,8296,3511,2778,2813,0,0,0,0,0,0,0,0,0,0,0,0,0,0,0,0,0,0,0,0,0,0,0,0,0,0,0,163,196
170,85,3622,17133,5138,3823,8044,2965,2972,3865,0,0,0,0,0,0,0,0,0,0,0,0,0,0,0,0,0,0,0,0,0,0,0,0,0,0,0,243,195
170,85,4599,17140,4233,3006,8184,3418,4199,4117,0,0,0,0,0,0,0,0,0,0,0,0,0,0,0,0,0,0,0,0,0,0,0,0,0,0,0,65,195
170,85,3316,17139,4885,4851,8193,3218,2782,2921,0,0,0,0,0,0,0,0,0,0,0,0,0,0,0,0,0,0,0,0,0,0,0,0,0,0,0,88,195
170,85,3749,17146,4930,3314,8054,3033,3094,4413,0,0,0,0,0,0,0,0,0,0,0,0,0,0,0,0,0,0,0,0,0,0,0,0,0,0,0,206,194
170,85,4597,17142,4121,3081,8201,3661,4233,3817,0,0,0,0,0,0,0,0,0,0,0,0,0,0,0,0,0,0,0,0,0,0,0,0,0,0,0,183,195
170,85,3750,17140,4093,3673,8527,4170,3225,2570,0,0,0,0,0,0,0,0,0,0,0,0,0,0,0,0,0,0,0,0,0,0,0,0,0,0,0,229,196
170,85,3385,17140,4910,4841,8226,3251,2765,2921,0,0,0,0,0,0,0,0,0,0,0,0,0,0,0,0,0,0,0,0,0,0,0,0,0,0,0,163,196
170,85,3720,17138,4949,3284,8057,3028,3086,4383,0,0,0,0,0,0,0,0,0,0,0,0,0,0,0,0,0,0,0,0,0,0,0,0,0,0,0,226,196
170,85,4580,17143,4116,3032,8215,3646,4249,3856,0,0,0,0,0,0,0,0,0,0,0,0,0,0,0,0,0,0,0,0,0,0,0,0,0,0,0,249,196
170,85,3382,17143,5131,4624,8144,3107,2780,3063,0,0,0,0,0,0,0,0,0,0,0,0,0,0,0,0,0,0,0,0,0,0,0,0,0,0,0,166,196
170,85,4028,17145,4732,3030,8076,3157,3399,4552,0,0,0,0,0,0,0,0,0,0,0,0,0,0,0,0,0,0,0,0,0,0,0,0,0,0,0,29,196
170,85,4459,17142,4034,3133,8256,3954,4215,3272,0,0,0,0,0,0,0,0,0,0,0,0,0,0,0,0,0,0,0,0,0,0,0,0,0,0,0,115,196
170,85,3580,17146,4233,4114,8500,4024,2945,2628,0,0,0,0,0,0,0,0,0,0,0,0,0,0,0,0,0,0,0,0,0,0,0,0,0,0,0,75,197
170,85,3384,17144,5133,4656,8158,3136,2757,3043,0,0,0,0,0,0,0,0,0,0,0,0,0,0,0,0,0,0,0,0,0,0,0,0,0,0,0,225,196
170,85,4051,17146,4774,3099,8099,3121,3421,4562,0,0,0,0,0,0,0,0,0,0,0,0,0,0,0,0,0,0,0,0,0,0,0,0,0,0,0,42,195
170,85,4464,17144,4041,3121,8248,3929,4253,3352,0,0,0,0,0,0,0,0,0,0,0,0,0,0,0,0,0,0,0,0,0,0,0,0,0,0,0,9,195
170,85,3389,17144,5162,4360,8082,3034,2842,3289,0,0,0,0,0,0,0,0,0,0,0,0,0,0,0,0,0,0,0,0,0,0,0,0,0,0,0,202,196
170,85,4294,17143,4529,2976,8110,3232,3800,4375,0,0,0,0,0,0,0,0,0,0,0,0,0,0,0,0,0,0,0,0,0,0,0,0,0,0,0,90,196
170,85,4261,17148,4035,3272,8354,4164,3968,2653,0,0,0,0,0,0,0,0,0,0,0,0,0,0,0,0,0,0,0,0,0,0,0,0,0,0,0,242,197
170,85,3430,17148,4319,4685,8441,3809,2857,2715,0,0,0,0,0,0,0,0,0,0,0,0,0,0,0,0,0,0,0,0,0,0,0,0,0,0,0,63,196
170,85,3522,17145,5124,4300,8090,3034,2875,3301,0,0,0,0,0,0,0,0,0,0,0,0,0,0,0,0,0,0,0,0,0,0,0,0,0,0,0,202,195
170,85,4329,17147,4522,2983,8113,3248,3776,4377,0,0,0,0,0,0,0,0,0,0,0,0,0,0,0,0,0,0,0,0,0,0,0,0,0,0,0,124,195
170,85,4262,17149,4013,3285,8357,4169,3964,2655,0,0,0,0,0,0,0,0,0,0,0,0,0,0,0,0,0,0,0,0,0,0,0,0,0,0,0,119,195
170,85,3492,17148,5175,3813,8034,2971,2975,3882,0,0,0,0,0,0,0,0,0,0,0,0,0,0,0,0,0,0,0,0,0,0,0,0,0,0,0,124,196
170,85,4559,17147,4276,3004,8169,3382,4193,4145,0,0,0,0,0,0,0,0,0,0,0,0,0,0,0,0,0,0,0,0,0,0,0,0,0,0,0,22,196
170,85,4051,17151,4022,3418,8443,4212,3708,2496,0,0,0,0,0,0,0,0,0,0,0,0,0,0,0,0,0,0,0,0,0,0,0,0,0,0,0,116,196
170,85,3327,17149,4585,4950,8315,3554,2759,2829,0,0,0,0,0,0,0,0,0,0,0,0,0,0,0,0,0,0,0,0,0,0,0,0,0,0,0,113,195
170,85,3618,17149,5135,3841,8046,2974,2947,3838,0,0,0,0,0,0,0,0,0,0,0,0,0,0,0,0,0,0,0,0,0,0,0,0,0,0,0,229,195
170,85,4577,17149,4280,3014,8169,3356,4178,4179,0,0,0,0,0,0,0,0,0,0,0,0,0,0,0,0,0,0,0,0,0,0,0,0,0,0,0,51,196
170,85,4054,17153,4045,3413,8427,4191,3720,2484,0,0,0,0,0,0,0,0,0,0,0,0,0,0,0,0,0,0,0,0,0,0,0,0,0,0,0,65,196
170,85,3700,17152,5013,3293,8066,3034,3098,4388,0,0,0,0,0,0,0,0,0,0,0,0,0,0,0,0,0,0,0,0,0,0,0,0,0,0,0,254,196
170,85,4552,17154,4124,3090,8212,3637,4237,3831,0,0,0,0,0,0,0,0,0,0,0,0,0,0,0,0,0,0,0,0,0,0,0,0,0,0,0,30,195
170,85,3779,17148,4116,3641,8498,4176,3288,2578,0,0,0,0,0,0,0,0,0,0,0,0,0,0,0,0,0,0,0,0,0,0,0,0,0,0,0,32,196
170,85,3376,17149,4867,4851,8243,3279,2770,2941,0,0,0,0,0,0,0,0,0,0,0,0,0,0,0,0,0,0,0,0,0,0,0,0,0,0,0,242,196
170,85,3720,17149,4984,3358,8059,3009,3064,4310,0,0,0,0,0,0,0,0,0,0,0,0,0,0,0,0,0,0,0,0,0,0,0,0,0,0,0,37,196
170,85,4596,17150,4164,3078,8208,3652,4251,3816,0,0,0,0,0,0,0,0,0,0,0,0,0,0,0,0,0,0,0,0,0,0,0,0,0,0,0,239,196
170,85,3785,17148,4106,3646,8517,4151,3305,2597,0,0,0,0,0,0,0,0,0,0,0,0,0,0,0,0,0,0,0,0,0,0,0,0,0,0,0,37,196
170,85,4024,17149,4821,3107,8076,3162,3402,4566,0,0,0,0,0,0,0,0,0,0,0,0,0,0,0,0,0,0,0,0,0,0,0,0,0,0,0,90,196
170,85,4470,17150,4068,3163,8252,3949,4214,3330,0,0,0,0,0,0,0,0,0,0,0,0,0,0,0,0,0,0,0,0,0,0,0,0,0,0,0,143,196
170,85,3583,17148,4231,4174,8499,3997,2935,2656,0,0,0,0,0,0,0,0,0,0,0,0,0,0,0,0,0,0,0,0,0,0,0,0,0,0,0,236,195
170,85,3387,17151,5156,4618,8150,3150,2792,3057,0,0,0,0,0,0,0,0,0,0,0,0,0,0,0,0,0,0,0,0,0,0,0,0,0,0,0,207,196
170,85,4027,17148,4771,3072,8088,3146,3421,4549,0,0,0,0,0,0,0,0,0,0,0,0,0,0,0,0,0,0,0,0,0,0,0,0,0,0,0,13,196
170,85,4459,17148,4052,3129,8241,3948,4246,3322,0,0,0,0,0,0,0,0,0,0,0,0,0,0,0,0,0,0,0,0,0,0,0,0,0,0,0,215,196
170,85,3595,17148,4211,4183,8493,4002,2931,2613,0,0,0,0,0,0,0,0,0,0,0,0,0,0,0,0,0,0,0,0,0,0,0,0,0,0,0,134,196
170,85,4366,17147,4531,2938,8122,3263,3869,4379,0,0,0,0,0,0,0,0,0,0,0,0,0,0,0,0,0,0,0,0,0,0,0,0,0,0,0,132,196
170,85,4255,17148,4050,3317,8366,4169,3932,2622,0,0,0,0,0,0,0,0,0,0,0,0,0,0,0,0,0,0,0,0,0,0,0,0,0,0,0,90,196
170,85,3402,17150,4364,4736,8407,3782,2844,2726,0,0,0,0,0,0,0,0,0,0,0,0,0,0,0,0,0,0,0,0,0,0,0,0,0,0,0,15,196
170,85,3569,17148,5169,4244,8074,3029,2861,3444,0,0,0,0,0,0,0,0,0,0,0,0,0,0,0,0,0,0,0,0,0,0,0,0,0,0,0,8,196
170,85,4450,17147,4474,2991,8140,3277,3965,4350,0,0,0,0,0,0,0,0,0,0,0,0,0,0,0,0,0,0,0,0,0,0,0,0,0,0,0,116,196
170,85,4205,17151,4023,3289,8368,4160,3922,2610,0,0,0,0,0,0,0,0,0,0,0,0,0,0,0,0,0,0,0,0,0,0,0,0,0,0,0,247,196
170,85,3394,17149,4385,4793,8405,3737,2836,2740,0,0,0,0,0,0,0,0,0,0,0,0,0,0,0,0,0,0,0,0,0,0,0,0,0,0,0,87,196
170,85,4679,17149,4253,3044,8190,3525,4259,4011,0,0,0,0,0,0,0,0,0,0,0,0,0,0,0,0,0,0,0,0,0,0,0,0,0,0,0,73,196
170,85,3873,17150,4095,3485,8465,4250,3493,2564,0,0,0,0,0,0,0,0,0,0,0,0,0,0,0,0,0,0,0,0,0,0,0,0,0,0,0,17,196
170,85,3364,17147,4707,4920,8277,3433,2790,2871,0,0,0,0,0,0,0,0,0,0,0,0,0,0,0,0,0,0,0,0,0,0,0,0,0,0,0,244,196
170,85,3634,17148,5116,3684,8038,2951,3008,4027,0,0,0,0,0,0,0,0,0,0,0,0,0,0,0,0,0,0,0,0,0,0,0,0,0,0,0,114,196
170,85,4611,17146,4242,3033,8176,3453,4218,4067,0,0,0,0,0,0,0,0,0,0,0,0,0,0,0,0,0,0,0,0,0,0,0,0,0,0,0,31,196
170,85,3924,17149,4074,3499,8459,4209,3505,2570,0,0,0,0,0,0,0,0,0,0,0,0,0,0,0,0,0,0,0,0,0,0,0,0,0,0,0,175,196
170,85,3396,17148,4670,4904,8291,3429,2779,2841,0,0,0,0,0,0,0,0,0,0,0,0,0,0,0,0,0,0,0,0,0,0,0,0,0,0,0,247,196
170,85,4637,17147,4139,3109,8218,3737,4255,3658,0,0,0,0,0,0,0,0,0,0,0,0,0,0,0,0,0,0,0,0,0,0,0,0,0,0,0,61,196
170,85,3708,17148,4154,3825,8528,4104,3138,2598,0,0,0,0,0,0,0,0,0,0,0,0,0,0,0,0,0,0,0,0,0,0,0,0,0,0,0,237,196
170,85,3417,17144,5029,4809,8183,3203,2771,2993,0,0,0,0,0,0,0,0,0,0,0,0,0,0,0,0,0,0,0,0,0,0,0,0,0,0,0,120,196
170,85,3883,17146,4929,3208,8052,3095,3151,4526,0,0,0,0,0,0,0,0,0,0,0,0,0,0,0,0,0,0,0,0,0,0,0,0,0,0,0,57,196
170,85,4548,17150,4124,3088,8227,3767,4258,3693,0,0,0,0,0,0,0,0,0,0,0,0,0,0,0,0,0,0,0,0,0,0,0,0,0,0,0,237,196
170,85,3696,17149,4154,3823,8520,4112,3146,2607,0,0,0,0,0,0,0,0,0,0,0,0,0,0,0,0,0,0,0,0,0,0,0,0,0,0,0,255,196
170,85,3425,17149,5017,4806,8184,3197,2772,2996,0,0,0,0,0,0,0,0,0,0,0,0,0,0,0,0,0,0,0,0,0,0,0,0,0,0,0,133,196
170,85,4444,17149,4056,3212,8282,4112,4097,2977,0,0,0,0,0,0,0,0,0,0,0,0,0,0,0,0,0,0,0,0,0,0,0,0,0,0,0,155,196
170,85,3526,17150,4287,4413,8471,3934,2861,2676,0,0,0,0,0,0,0,0,0,0,0,0,0,0,0,0,0,0,0,0,0,0,0,0,0,0,0,52,196
170,85,3435,17150,5178,4481,8113,3088,2802,3090,0,0,0,0,0,0,0,0,0,0,0,0,0,0,0,0,0,0,0,0,0,0,0,0,0,0,0,207,196
170,85,4201,17150,4643,3034,8106,3198,3639,4435,0,0,0,0,0,0,0,0,0,0,0,0,0,0,0,0,0,0,0,0,0,0,0,0,0,0,0,102,196
170,85,4390,17149,4034,3211,8293,4107,4107,2957,0,0,0,0,0,0,0,0,0,0,0,0,0,0,0,0,0,0,0,0,0,0,0,0,0,0,0,254,196
170,85,3512,17150,4270,4419,8468,3937,2843,2694,0,0,0,0,0,0,0,0,0,0,0,0,0,0,0,0,0,0,0,0,0,0,0,0,0,0,0,221,196
170,85,3451,17149,5180,4510,8118,3087,2799,3133,0,0,0,0,0,0,0,0,0,0,0,0,0,0,0,0,0,0,0,0,0,0,0,0,0,0,0,239,196
170,85,4190,17148,4020,3364,8400,4196,3826,2526,0,0,0,0,0,0,0,0,0,0,0,0,0,0,0,0,0,0,0,0,0,0,0,0,0,0,0,50,196
170,85,3393,17148,4459,4915,8363,3670,2802,2762,0,0,0,0,0,0,0,0,0,0,0,0,0,0,0,0,0,0,0,0,0,0,0,0,0,0,0,188,196
170,85,3603,17146,5174,4131,8060,3025,2909,3613,0,0,0,0,0,0,0,0,0,0,0,0,0,0,0,0,0,0,0,0,0,0,0,0,0,0,0,183,196
170,85,4503,17147,4378,2992,8150,3323,4020,4321,0,0,0,0,0,0,0,0,0,0,0,0,0,0,0,0,0,0,0,0,0,0,0,0,0,0,0,4,196
170,85,4178,17147,4040,3357,8394,4179,3853,2550,0,0,0,0,0,0,0,0,0,0,0,0,0,0,0,0,0,0,0,0,0,0,0,0,0,0,0,135,196
170,85,3372,17147,4466,4952,8364,3673,2817,2749,0,0,0,0,0,0,0,0,0,0,0,0,0,0,0,0,0,0,0,0,0,0,0,0,0,0,0,41,196
170,85,3602,17150,5172,4106,8058,3006,2930,3653,0,0,0,0,0,0,0,0,0,0,0,0,0,0,0,0,0,0,0,0,0,0,0,0,0,0,0,135,196
170,85,3946,17147,4058,3563,8483,4199,3424,2568,0,0,0,0,0,0,0,0,0,0,0,0,0,0,0,0,0,0,0,0,0,0,0,0,0,0,0,10,196
170,85,3413,17145,4723,4895,8271,3355,2770,2898,0,0,0,0,0,0,0,0,0,0,0,0,0,0,0,0,0,0,0,0,0,0,0,0,0,0,0,137,196
170,85,3697,17148,5037,3487,8050,2994,3041,4197,0,0,0,0,0,0,0,0,0,0,0,0,0,0,0,0,0,0,0,0,0,0,0,0,0,0,0,89,196
170,85,4603,17148,4201,3042,8186,3577,4240,3945,0,0,0,0,0,0,0,0,0,0,0,0,0,0,0,0,0,0,0,0,0,0,0,0,0,0,0,204,196
170,85,3833,17148,4095,3531,8481,4196,3442,2583,0,0,0,0,0,0,0,0,0,0,0,0,0,0,0,0,0,0,0,0,0,0,0,0,0,0,0,150,196
170,85,3377,17148,4756,4910,8265,3375,2784,2850,0,0,0,0,0,0,0,0,0,0,0,0,0,0,0,0,0,0,0,0,0,0,0,0,0,0,0,78,196
170,85,3703,17146,5035,3477,8053,2998,3043,4238,0,0,0,0,0,0,0,0,0,0,0,0,0,0,0,0,0,0,0,0,0,0,0,0,0,0,0,191,196
170,85,3691,17144,4152,3993,8535,4053,3017,2625,0,0,0,0,0,0,0,0,0,0,0,0,0,0,0,0,0,0,0,0,0,0,0,0,0,0,0,187,196
170,85,3423,17147,5070,4725,8174,3180,2762,3004,0,0,0,0,0,0,0,0,0,0,0,0,0,0,0,0,0,0,0,0,0,0,0,0,0,0,0,72,196
170,85,3950,17145,4837,3143,8080,3086,3234,4620,0,0,0,0,0,0,0,0,0,0,0,0,0,0,0,0,0,0,0,0,0,0,0,0,0,0,0,164,196
170,85,4477,17146,4106,3122,8237,3901,4222,3481,0,0,0,0,0,0,0,0,0,0,0,0,0,0,0,0,0,0,0,0,0,0,0,0,0,0,0,202,196
170,85,3607,17145,4188,3974,8525,4065,3003,2610,0,0,0,0,0,0,0,0,0,0,0,0,0,0,0,0,0,0,0,0,0,0,0,0,0,0,0,146,196
170,85,3429,17145,5074,4723,8151,3161,2753,2969,0,0,0,0,0,0,0,0,0,0,0,0,0,0,0,0,0,0,0,0,0,0,0,0,0,0,0,72,196
170,85,3936,17144,4848,3165,8066,3087,3247,4615,0,0,0,0,0,0,0,0,0,0,0,0,0,0,0,0,0,0,0,0,0,0,0,0,0,0,0,177,196
170,85,3487,17149,4276,4570,8446,3838,2863,2705,0,0,0,0,0,0,0,0,0,0,0,0,0,0,0,0,0,0,0,0,0,0,0,0,0,0,0,44,196
170,85,3459,17147,5175,4414,8112,3063,2830,3184,0,0,0,0,0,0,0,0,0,0,0,0,0,0,0,0,0,0,0,0,0,0,0,0,0,0,0,238,196
170,85,4267,17146,4617,3022,8112,3223,3693,4429,0,0,0,0,0,0,0,0,0,0,0,0,0,0,0,0,0,0,0,0,0,0,0,0,0,0,0,41,196
170,85,4333,17147,4041,3217,8293,4122,4116,2872,0,0,0,0,0,0,0,0,0,0,0,0,0,0,0,0,0,0,0,0,0,0,0,0,0,0,0,152,196
170,85,3508,17145,4311,4510,8462,3897,2844,2704,0,0,0,0,0,0,0,0,0,0,0,0,0,0,0,0,0,0,0,0,0,0,0,0,0,0,0,33,197
170,85,3490,17148,5179,4420,8082,3084,2815,3208,0,0,0,0,0,0,0,0,0,0,0,0,0,0,0,0,0,0,0,0,0,0,0,0,0,0,0,104,196
170,85,4266,17147,4600,2960,8107,3228,3697,4437,0,0,0,0,0,0,0,0,0,0,0,0,0,0,0,0,0,0,0,0,0,0,0,0,0,0,0,145,197
170,85,3340,17144,4484,4986,8343,3635,2792,2777,0,0,0,0,0,0,0,0,0,0,0,0,0,0,0,0,0,0,0,0,0,0,0,0,0,0,0,3,197
170,85,3615,17148,5166,4024,8057,2995,2912,3698,0,0,0,0,0,0,0,0,0,0,0,0,0,0,0,0,0,0,0,0,0,0,0,0,0,0,0,20,197
170,85,4555,17146,4308,3013,8184,3355,4147,4196,0,0,0,0,0,0,0,0,0,0,0,0,0,0,0,0,0,0,0,0,0,0,0,0,0,0,0,49,196
170,85,4076,17143,4038,3397,8422,4199,3761,2494,0,0,0,0,0,0,0,0,0,0,0,0,0,0,0,0,0,0,0,0,0,0,0,0,0,0,0,145,196
170,85,3364,17145,4541,4976,8351,3599,2787,2761,0,0,0,0,0,0,0,0,0,0,0,0,0,0,0,0,0,0,0,0,0,0,0,0,0,0,0,54,197
170,85,3798,17147,4925,3177,8062,3064,3155,4556,0,0,0,0,0,0,0,0,0,0,0,0,0,0,0,0,0,0,0,0,0,0,0,0,0,0,0,197,196
170,85,4564,17147,4117,3106,8222,3806,4228,3680,0,0,0,0,0,0,0,0,0,0,0,0,0,0,0,0,0,0,0,0,0,0,0,0,0,0,0,188,196
170,85,3403,17147,5180,4508,8111,3110,2794,3095,0,0,0,0,0,0,0,0,0,0,0,0,0,0,0,0,0,0,0,0,0,0,0,0,0,0,0,196,196
170,85,4134,17142,4681,3026,8102,3172,3533,4464,0,0,0,0,0,0,0,0,0,0,0,0,0,0,0,0,0,0,0,0,0,0,0,0,0,0,0,143,196
170,85,4405,17144,4049,3192,8281,4094,4143,3037,0,0,0,0,0,0,0,0,0,0,0,0,0,0,0,0,0,0,0,0,0,0,0,0,0,0,0,170,196
170,85,3544,17150,4255,4288,8484,3980,2890,2674,0,0,0,0,0,0,0,0,0,0,0,0,0,0,0,0,0,0,0,0,0,0,0,0,0,0,0,118,196
170,85,3447,17140,5166,4586,8127,3114,2794,3060,0,0,0,0,0,0,0,0,0,0,0,0,0,0,0,0,0,0,0,0,0,0,0,0,0,0,0,107,196
170,85,4053,17142,4739,3062,8100,3157,3409,4552,0,0,0,0,0,0,0,0,0,0,0,0,0,0,0,0,0,0,0,0,0,0,0,0,0,0,0,154,196
170,85,4455,17144,4034,3146,8257,3967,4198,3274,0,0,0,0,0,0,0,0,0,0,0,0,0,0,0,0,0,0,0,0,0,0,0,0,0,0,0,25,196
170,85,3422,17141,5198,4343,8083,3050,2841,3326,0,0,0,0,0,0,0,0,0,0,0,0,0,0,0,0,0,0,0,0,0,0,0,0,0,0,0,43,196
170,85,4314,17149,4520,2993,8115,3262,3799,4390,0,0,0,0,0,0,0,0,0,0,0,0,0,0,0,0,0,0,0,0,0,0,0,0,0,0,0,121,196
170,85,4344,17143,4010,3238,8312,4137,4033,2789,0,0,0,0,0,0,0,0,0,0,0,0,0,0,0,0,0,0,0,0,0,0,0,0,0,0,0,237,196
170,85,3481,17140,4315,4603,8458,3851,2846,2695,0,0,0,0,0,0,0,0,0,0,0,0,0,0,0,0,0,0,0,0,0,0,0,0,0,0,0,75,196
170,85,3473,17139,5182,4407,8087,3060,2828,3193,0,0,0,0,0,0,0,0,0,0,0,0,0,0,0,0,0,0,0,0,0,0,0,0,0,0,0,219,196
170,85,4248,17144,4602,2968,8118,3193,3674,4413,0,0,0,0,0,0,0,0,0,0,0,0,0,0,0,0,0,0,0,0,0,0,0,0,0,0,0,17,196
170,85,4374,17144,4028,3219,8301,4126,4087,2909,0,0,0,0,0,0,0,0,0,0,0,0,0,0,0,0,0,0,0,0,0,0,0,0,0,0,0,131,196
170,85,3482,17142,5168,4044,8069,2985,2948,3661,0,0,0,0,0,0,0,0,0,0,0,0,0,0,0,0,0,0,0,0,0,0,0,0,0,0,0,207,196
170,85,4493,17138,4408,2996,8147,3322,4020,4283,0,0,0,0,0,0,0,0,0,0,0,0,0,0,0,0,0,0,0,0,0,0,0,0,0,0,0,111,197
170,85,4167,17141,4042,3357,8406,4185,3868,2541,0,0,0,0,0,0,0,0,0,0,0,0,0,0,0,0,0,0,0,0,0,0,0,0,0,0,0,130,196
170,85,3369,17142,4383,4834,8408,3730,2821,2746,0,0,0,0,0,0,0,0,0,0,0,0,0,0,0,0,0,0,0,0,0,0,0,0,0,0,0,75,196
170,85,3572,17139,5174,4269,8089,3004,2882,3444,0,0,0,0,0,0,0,0,0,0,0,0,0,0,0,0,0,0,0,0,0,0,0,0,0,0,0,41,197
170,85,4444,17140,4461,2996,8132,3278,3941,4348,0,0,0,0,0,0,0,0,0,0,0,0,0,0,0,0,0,0,0,0,0,0,0,0,0,0,0,88,197
170,85,4204,17139,4031,3323,8365,4159,3902,2588,0,0,0,0,0,0,0,0,0,0,0,0,0,0,0,0,0,0,0,0,0,0,0,0,0,0,0,240,197
170,85,3535,17146,5153,3692,8039,2957,2961,4021,0,0,0,0,0,0,0,0,0,0,0,0,0,0,0,0,0,0,0,0,0,0,0,0,0,0,0,12,196
170,85,4600,17139,4258,3018,8184,3463,4194,4062,0,0,0,0,0,0,0,0,0,0,0,0,0,0,0,0,0,0,0,0,0,0,0,0,0,0,0,26,197
170,85,3995,17138,4053,3477,8445,4220,3580,2555,0,0,0,0,0,0,0,0,0,0,0,0,0,0,0,0,0,0,0,0,0,0,0,0,0,0,0,43,197
170,85,3367,17136,4634,4983,8314,3503,2783,2812,0,0,0,0,0,0,0,0,0,0,0,0,0,0,0,0,0,0,0,0,0,0,0,0,0,0,0,208,196
170,85,3628,17142,5145,3836,8038,2959,2983,3905,0,0,0,0,0,0,0,0,0,0,0,0,0,0,0,0,0,0,0,0,0,0,0,0,0,0,0,137,197
170,85,4600,17139,4272,2996,8169,3382,4205,4139,0,0,0,0,0,0,0,0,0,0,0,0,0,0,0,0,0,0,0,0,0,0,0,0,0,0,0,51,197
170,85,4013,17140,4079,3443,8447,4224,3631,2490,0,0,0,0,0,0,0,0,0,0,0,0,0,0,0,0,0,0,0,0,0,0,0,0,0,0,0,168,197
170,85,3374,17147,5070,4708,8144,3165,2756,3012,0,0,0,0,0,0,0,0,0,0,0,0,0,0,0,0,0,0,0,0,0,0,0,0,0,0,0,81,196
170,85,3879,17134,4891,3149,8068,3108,3201,4591,0,0,0,0,0,0,0,0,0,0,0,0,0,0,0,0,0,0,0,0,0,0,0,0,0,0,0,242,196
170,85,4546,17139,4106,3077,8228,3813,4220,3644,0,0,0,0,0,0,0,0,0,0,0,0,0,0,0,0,0,0,0,0,0,0,0,0,0,0,0,63,197
170,85,3684,17145,4169,3871,8535,4104,3105,2585,0,0,0,0,0,0,0,0,0,0,0,0,0,0,0,0,0,0,0,0,0,0,0,0,0,0,0,55,197
170,85,3408,17138,4971,4838,8182,3205,2779,2970,0,0,0,0,0,0,0,0,0,0,0,0,0,0,0,0,0,0,0,0,0,0,0,0,0,0,0,190,196
170,85,3780,17146,4952,3307,8075,3049,3104,4401,0,0,0,0,0,0,0,0,0,0,0,0,0,0,0,0,0,0,0,0,0,0,0,0,0,0,0,91,196
170,85,4577,17138,4152,3044,8213,3664,4243,3842,0,0,0,0,0,0,0,0,0,0,0,0,0,0,0,0,0,0,0,0,0,0,0,0,0,0,0,157,197
170,85,3378,17142,5132,4641,8140,3131,2790,3062,0,0,0,0,0,0,0,0,0,0,0,0,0,0,0,0,0,0,0,0,0,0,0,0,0,0,0,170,196
170,85,3992,17138,4801,3096,8079,3115,3348,4552,0,0,0,0,0,0,0,0,0,0,0,0,0,0,0,0,0,0,0,0,0,0,0,0,0,0,0,104,196
170,85,4493,17137,4079,3124,8228,3874,4227,3488,0,0,0,0,0,0,0,0,0,0,0,0,0,0,0,0,0,0,0,0,0,0,0,0,0,0,0,31,196
170,85,3650,17137,4186,3944,8534,4082,3047,2610,0,0,0,0,0,0,0,0,0,0,0,0,0,0,0,0,0,0,0,0,0,0,0,0,0,0,0,115,196
170,85,3416,17141,5020,4785,8161,3190,2758,2975,0,0,0,0,0,0,0,0,0,0,0,0,0,0,0,0,0,0,0,0,0,0,0,0,0,0,0,237,196
170,85,3863,17136,4894,3169,8064,3067,3180,4572,0,0,0,0,0,0,0,0,0,0,0,0,0,0,0,0,0,0,0,0,0,0,0,0,0,0,0,247,196
170,85,4570,17136,4121,3104,8204,3761,4264,3661,0,0,0,0,0,0,0,0,0,0,0,0,0,0,0,0,0,0,0,0,0,0,0,0,0,0,0,203,196
170,85,3408,17142,5173,4570,8120,3134,2796,3071,0,0,0,0,0,0,0,0,0,0,0,0,0,0,0,0,0,0,0,0,0,0,0,0,0,0,0,123,196
170,85,4057,17144,4736,3061,8087,3166,3410,4539,0,0,0,0,0,0,0,0,0,0,0,0,0,0,0,0,0,0,0,0,0,0,0,0,0,0,0,208,196
170,85,4457,17140,4048,3149,8251,3980,4199,3267,0,0,0,0,0,0,0,0,0,0,0,0,0,0,0,0,0,0,0,0,0,0,0,0,0,0,0,143,196
170,85,3570,17143,4208,4084,8508,4026,2959,2632,0,0,0,0,0,0,0,0,0,0,0,0,0,0,0,0,0,0,0,0,0,0,0,0,0,0,0,64,196
170,85,3412,17138,5078,4704,8138,3160,2757,3016,0,0,0,0,0,0,0,0,0,0,0,0,0,0,0,0,0,0,0,0,0,0,0,0,0,0,0,44,197
170,85,3926,17138,4875,3140,8066,3101,3247,4622,0,0,0,0,0,0,0,0,0,0,0,0,0,0,0,0,0,0,0,0,0,0,0,0,0,0,0,117,196
170,85,4498,17132,4081,3137,8216,3828,4218,3536,0,0,0,0,0,0,0,0,0,0,0,0,0,0,0,0,0,0,0,0,0,0,0,0,0,0,0,20,197
170,85,3387,17135,5183,4479,8099,3063,2812,3135,0,0,0,0,0,0,0,0,0,0,0,0,0,0,0,0,0,0,0,0,0,0,0,0,0,0,0,164,196
170,85,4174,17131,4658,3022,8090,3158,3530,4459,0,0,0,0,0,0,0,0,0,0,0,0,0,0,0,0,0,0,0,0,0,0,0,0,0,0,0,143,196
170,85,4443,17138,4059,3156,8264,4024,4165,3139,0,0,0,0,0,0,0,0,0,0,0,0,0,0,0,0,0,0,0,0,0,0,0,0,0,0,0,76,196
170,85,3543,17130,4248,4286,8459,3967,2875,2651,0,0,0,0,0,0,0,0,0,0,0,0,0,0,0,0,0,0,0,0,0,0,0,0,0,0,0,144,196
170,85,3443,17136,5145,4608,8127,3140,2792,3062,0,0,0,0,0,0,0,0,0,0,0,0,0,0,0,0,0,0,0,0,0,0,0,0,0,0,0,219,196
170,85,4057,17134,4781,3081,8070,3132,3400,4536,0,0,0,0,0,0,0,0,0,0,0,0,0,0,0,0,0,0,0,0,0,0,0,0,0,0,0,122,196
170,85,4470,17134,4062,3137,8235,3898,4215,3440,0,0,0,0,0,0,0,0,0,0,0,0,0,0,0,0,0,0,0,0,0,0,0,0,0,0,0,140,197
170,85,3390,17134,5170,4389,8078,3065,2832,3246,0,0,0,0,0,0,0,0,0,0,0,0,0,0,0,0,0,0,0,0,0,0,0,0,0,0,0,168,196
170,85,3694,17136,5018,3338,8042,3020,3079,4337,0,0,0,0,0,0,0,0,0,0,0,0,0,0,0,0,0,0,0,0,0,0,0,0,0,0,0,251,196
170,85,4585,17132,4157,3105,8198,3712,4217,3811,0,0,0,0,0,0,0,0,0,0,0,0,0,0,0,0,0,0,0,0,0,0,0,0,0,0,0,133,195
170,85,3722,17136,4118,3691,8510,4189,3281,2574,0,0,0,0,0,0,0,0,0,0,0,0,0,0,0,0,0,0,0,0,0,0,0,0,0,0,0,33,196
170,85,3398,17134,4907,4854,8227,3258,2770,2907,0,0,0,0,0,0,0,0,0,0,0,0,0,0,0,0,0,0,0,0,0,0,0,0,0,0,0,249,196
170,85,3786,17135,4945,3250,8068,3071,3107,4397,0,0,0,0,0,0,0,0,0,0,0,0,0,0,0,0,0,0,0,0,0,0,0,0,0,0,0,22,196
170,85,4594,17135,4135,3067,8205,3642,4236,3839,0,0,0,0,0,0,0,0,0,0,0,0,0,0,0,0,0,0,0,0,0,0,0,0,0,0,0,2,195
170,85,3390,17138,5115,4658,8142,3123,2760,3044,0,0,0,0,0,0,0,0,0,0,0,0,0,0,0,0,0,0,0,0,0,0,0,0,0,0,0,119,196
170,85,4026,17138,4783,3097,8070,3126,3346,4553,0,0,0,0,0,0,0,0,0,0,0,0,0,0,0,0,0,0,0,0,0,0,0,0,0,0,0,54,196
170,85,4451,17142,4087,3125,8235,3935,4208,3320,0,0,0,0,0,0,0,0,0,0,0,0,0,0,0,0,0,0,0,0,0,0,0,0,0,0,0,55,196
170,85,3607,17139,4217,4040,8494,4028,2962,2628,0,0,0,0,0,0,0,0,0,0,0,0,0,0,0,0,0,0,0,0,0,0,0,0,0,0,0,146,196
170,85,3448,17142,5073,4725,8156,3188,2766,3007,0,0,0,0,0,0,0,0,0,0,0,0,0,0,0,0,0,0,0,0,0,0,0,0,0,0,0,80,196
170,85,3881,17142,4877,3181,8074,3102,3191,4584,0,0,0,0,0,0,0,0,0,0,0,0,0,0,0,0,0,0,0,0,0,0,0,0,0,0,0,23,196
170,85,4537,17143,4120,3119,8235,3838,4224,3543,0,0,0,0,0,0,0,0,0,0,0,0,0,0,0,0,0,0,0,0,0,0,0,0,0,0,0,120,196
170,85,3410,17142,5188,4446,8100,3080,2809,3183,0,0,0,0,0,0,0,0,0,0,0,0,0,0,0,0,0,0,0,0,0,0,0,0,0,0,0,36,196
170,85,4186,17143,4638,2998,8084,3161,3598,4446,0,0,0,0,0,0,0,0,0,0,0,0,0,0,0,0,0,0,0,0,0,0,0,0,0,0,0,32,195
170,85,4374,17148,4020,3193,8262,4114,4131,3012,0,0,0,0,0,0,0,0,0,0,0,0,0,0,0,0,0,0,0,0,0,0,0,0,0,0,0,16,196
170,85,3531,17140,4290,4412,8466,3932,2846,2686,0,0,0,0,0,0,0,0,0,0,0,0,0,0,0,0,0,0,0,0,0,0,0,0,0,0,0,113,196
170,85,3463,17141,5197,4513,8108,3097,2795,3106,0,0,0,0,0,0,0,0,0,0,0,0,0,0,0,0,0,0,0,0,0,0,0,0,0,0,0,66,196
170,85,4145,17141,4692,3052,8076,3152,3490,4505,0,0,0,0,0,0,0,0,0,0,0,0,0,0,0,0,0,0,0,0,0,0,0,0,0,0,0,32,196
170,85,4432,17140,4054,3182,8242,4029,4169,3208,0,0,0,0,0,0,0,0,0,0,0,0,0,0,0,0,0,0,0,0,0,0,0,0,0,0,0,206,195
170,85,3414,17137,5179,4275,8058,3026,2871,3442,0,0,0,0,0,0,0,0,0,0,0,0,0,0,0,0,0,0,0,0,0,0,0,0,0,0,0,100,196
170,85,4434,17140,4477,2989,8115,3262,3886,4350,0,0,0,0,0,0,0,0,0,0,0,0,0,0,0,0,0,0,0,0,0,0,0,0,0,0,0,17,196
170,85,4293,17142,4063,3272,8346,4175,3961,2649,0,0,0,0,0,0,0,0,0,0,0,0,0,0,0,0,0,0,0,0,0,0,0,0,0,0,0,74,196
170,85,3409,17142,4348,4722,8406,3800,2853,2720,0,0,0,0,0,0,0,0,0,0,0,0,0,0,0,0,0,0,0,0,0,0,0,0,0,0,0,63,196
170,85,3562,17134,5202,4315,8074,3065,2838,3327,0,0,0,0,0,0,0,0,0,0,0,0,0,0,0,0,0,0,0,0,0,0,0,0,0,0,0,176,196
170,85,4392,17139,4513,2951,8112,3243,3828,4364,0,0,0,0,0,0,0,0,0,0,0,0,0,0,0,0,0,0,0,0,0,0,0,0,0,0,0,164,196
170,85,4279,17141,4027,3267,8319,4176,3977,2682,0,0,0,0,0,0,0,0,0,0,0,0,0,0,0,0,0,0,0,0,0,0,0,0,0,0,0,125,196
170,85,3501,17144,5192,3913,8031,2983,2926,3829,0,0,0,0,0,0,0,0,0,0,0,0,0,0,0,0,0,0,0,0,0,0,0,0,0,0,0,141,196
170,85,4541,17139,4310,3014,8170,3360,4182,4191,0,0,0,0,0,0,0,0,0,0,0,0,0,0,0,0,0,0,0,0,0,0,0,0,0,0,0,56,196
170,85,4074,17138,4061,3400,8413,4162,3705,2462,0,0,0,0,0,0,0,0,0,0,0,0,0,0,0,0,0,0,0,0,0,0,0,0,0,0,0,114,196
170,85,3566,17142,4251,4080,8487,4024,2952,2649,0,0,0,0,0,0,0,0,0,0,0,0,0,0,0,0,0,0,0,0,0,0,0,0,0,0,0,189,196
170,85,3428,17142,5155,4659,8126,3154,2762,3042,0,0,0,0,0,0,0,0,0,0,0,0,0,0,0,0,0,0,0,0,0,0,0,0,0,0,0,226,196
170,85,3988,17141,4832,3105,8066,3105,3334,4558,0,0,0,0,0,0,0,0,0,0,0,0,0,0,0,0,0,0,0,0,0,0,0,0,0,0,0,104,196
170,85,4502,17145,4087,3162,8228,3920,4222,3401,0,0,0,0,0,0,0,0,0,0,0,0,0,0,0,0,0,0,0,0,0,0,0,0,0,0,0,28,196
170,85,3382,17141,5201,4392,8078,3049,2824,3255,0,0,0,0,0,0,0,0,0,0,0,0,0,0,0,0,0,0,0,0,0,0,0,0,0,0,0,196,196
170,85,4252,17139,4628,2986,8080,3224,3697,4427,0,0,0,0,0,0,0,0,0,0,0,0,0,0,0,0,0,0,0,0,0,0,0,0,0,0,0,91,196
170,85,4368,17142,4029,3199,8292,4121,4100,2960,0,0,0,0,0,0,0,0,0,0,0,0,0,0,0,0,0,0,0,0,0,0,0,0,0,0,0,73,197
170,85,3504,17134,4288,4491,8443,3893,2856,2689,0,0,0,0,0,0,0,0,0,0,0,0,0,0,0,0,0,0,0,0,0,0,0,0,0,0,0,237,196
170,85,3460,17132,5184,4445,8088,3055,2808,3178,0,0,0,0,0,0,0,0,0,0,0,0,0,0,0,0,0,0,0,0,0,0,0,0,0,0,0,55,196
170,85,4175,17127,4682,3049,8070,3177,3573,4468,0,0,0,0,0,0,0,0,0,0,0,0,0,0,0,0,0,0,0,0,0,0,0,0,0,0,0,222,196
170,85,4422,17126,4057,3160,8248,4046,4178,3090,0,0,0,0,0,0,0,0,0,0,0,0,0,0,0,0,0,0,0,0,0,0,0,0,0,0,0,11,196
170,85,3434,17128,5177,4184,8048,3016,2879,3509,0,0,0,0,0,0,0,0,0,0,0,0,0,0,0,0,0,0,0,0,0,0,0,0,0,0,0,119,196
170,85,4419,17125,4453,3000,8109,3266,3947,4306,0,0,0,0,0,0,0,0,0,0,0,0,0,0,0,0,0,0,0,0,0,0,0,0,0,0,0,23,196
170,85,4237,17129,4041,3308,8343,4155,3948,2619,0,0,0,0,0,0,0,0,0,0,0,0,0,0,0,0,0,0,0,0,0,0,0,0,0,0,0,33,196
170,85,3413,17130,4379,4701,8409,3788,2847,2713,0,0,0,0,0,0,0,0,0,0,0,0,0,0,0,0,0,0,0,0,0,0,0,0,0,0,0,246,196
170,85,3548,17131,5178,4306,8052,3046,2840,3332,0,0,0,0,0,0,0,0,0,0,0,0,0,0,0,0,0,0,0,0,0,0,0,0,0,0,0,247,196
170,85,4413,17126,4527,2950,8098,3239,3802,4367,0,0,0,0,0,0,0,0,0,0,0,0,0,0,0,0,0,0,0,0,0,0,0,0,0,0,0,152,196
170,85,4279,17126,4046,3269,8311,4140,3992,2657,0,0,0,0,0,0,0,0,0,0,0,0,0,0,0,0,0,0,0,0,0,0,0,0,0,0,0,99,196
170,85,3474,17127,5165,3953,8023,2983,2955,3765,0,0,0,0,0,0,0,0,0,0,0,0,0,0,0,0,0,0,0,0,0,0,0,0,0,0,0,93,196
170,85,4534,17129,4324,2970,8131,3341,4112,4256,0,0,0,0,0,0,0,0,0,0,0,0,0,0,0,0,0,0,0,0,0,0,0,0,0,0,0,250,196
170,85,4077,17129,4057,3390,8385,4158,3748,2478,0,0,0,0,0,0,0,0,0,0,0,0,0,0,0,0,0,0,0,0,0,0,0,0,0,0,0,145,196
170,85,3358,17129,4487,4933,8335,3630,2803,2746,0,0,0,0,0,0,0,0,0,0,0,0,0,0,0,0,0,0,0,0,0,0,0,0,0,0,0,65,196
170,85,3587,17127,5162,4217,8044,3008,2889,3531,0,0,0,0,0,0,0,0,0,0,0,0,0,0,0,0,0,0,0,0,0,0,0,0,0,0,0,60,196
170,85,4472,17129,4454,2956,8116,3313,3972,4302,0,0,0,0,0,0,0,0,0,0,0,0,0,0,0,0,0,0,0,0,0,0,0,0,0,0,0,206,196
170,85,4190,17129,4042,3358,8378,4173,3873,2515,0,0,0,0,0,0,0,0,0,0,0,0,0,0,0,0,0,0,0,0,0,0,0,0,0,0,0,255,196
170,85,3529,17127,5152,3684,8011,2958,2961,4023,0,0,0,0,0,0,0,0,0,0,0,0,0,0,0,0,0,0,0,0,0,0,0,0,0,0,0,51,196
170,85,4598,17127,4270,3011,8160,3423,4212,4085,0,0,0,0,0,0,0,0,0,0,0,0,0,0,0,0,0,0,0,0,0,0,0,0,0,0,0,248,196
170,85,3983,17127,4077,3435,8404,4221,3645,2498,0,0,0,0,0,0,0,0,0,0,0,0,0,0,0,0,0,0,0,0,0,0,0,0,0,0,0,63,196
170,85,3364,17130,4631,4996,8281,3502,2784,2809,0,0,0,0,0,0,0,0,0,0,0,0,0,0,0,0,0,0,0,0,0,0,0,0,0,0,0,47,196
170,85,3597,17130,5146,3857,7995,2970,2941,3856,0,0,0,0,0,0,0,0,0,0,0,0,0,0,0,0,0,0,0,0,0,0,0,0,0,0,0,152,196
170,85,4150,17131,4661,3018,8086,3212,3682,4416,0,0,0,0,0,0,0,0,0,0,0,0,0,0,0,0,0,0,0,0,0,0,0,0,0,0,0,162,196
170,85,4370,17129,4051,3241,8295,4137,4089,2795,0,0,0,0,0,0,0,0,0,0,0,0,0,0,0,0,0,0,0,0,0,0,0,0,0,0,0,71,196
170,85,3500,17135,5211,3900,8010,2964,2926,3820,0,0,0,0,0,0,0,0,0,0,0,0,0,0,0,0,0,0,0,0,0,0,0,0,0,0,0,194,196
170,85,4563,17133,4304,3010,8134,3351,4186,4195,0,0,0,0,0,0,0,0,0,0,0,0,0,0,0,0,0,0,0,0,0,0,0,0,0,0,0,97,196
170,85,4040,17134,4046,3392,8397,4182,3763,2488,0,0,0,0,0,0,0,0,0,0,0,0,0,0,0,0,0,0,0,0,0,0,0,0,0,0,0,191,196
170,85,3358,17127,4444,4945,8344,3652,2816,2746,0,0,0,0,0,0,0,0,0,0,0,0,0,0,0,0,0,0,0,0,0,0,0,0,0,0,0,15,196
170,85,3582,17132,5169,4195,8040,3001,2895,3569,0,0,0,0,0,0,0,0,0,0,0,0,0,0,0,0,0,0,0,0,0,0,0,0,0,0,0,137,196
170,85,4527,17129,4385,2997,8128,3287,3990,4325,0,0,0,0,0,0,0,0,0,0,0,0,0,0,0,0,0,0,0,0,0,0,0,0,0,0,0,12,196
170,85,4191,17130,4030,3320,8363,4172,3884,2533,0,0,0,0,0,0,0,0,0,0,0,0,0,0,0,0,0,0,0,0,0,0,0,0,0,0,0,69,196
170,85,3522,17132,5144,3702,8018,2944,2989,4010,0,0,0,0,0,0,0,0,0,0,0,0,0,0,0,0,0,0,0,0,0,0,0,0,0,0,0,47,196
170,85,4599,17134,4286,3016,8166,3418,4216,4120,0,0,0,0,0,0,0,0,0,0,0,0,0,0,0,0,0,0,0,0,0,0,0,0,0,0,0,22,196
170,85,3948,17136,4057,3492,8427,4185,3593,2546,0,0,0,0,0,0,0,0,0,0,0,0,0,0,0,0,0,0,0,0,0,0,0,0,0,0,0,47,196
170,85,3359,17129,4600,4955,8297,3511,2785,2800,0,0,0,0,0,0,0,0,0,0,0,0,0,0,0,0,0,0,0,0,0,0,0,0,0,0,0,5,195
170,85,3630,17132,5165,3824,8009,2987,2980,3874,0,0,0,0,0,0,0,0,0,0,0,0,0,0,0,0,0,0,0,0,0,0,0,0,0,0,0,194,196
170,85,4588,17129,4304,2978,8154,3356,4154,4146,0,0,0,0,0,0,0,0,0,0,0,0,0,0,0,0,0,0,0,0,0,0,0,0,0,0,0,28,196
170,85,4041,17130,4064,3442,8405,4220,3654,2491,0,0,0,0,0,0,0,0,0,0,0,0,0,0,0,0,0,0,0,0,0,0,0,0,0,0,0,98,196
170,85,3680,17133,5024,3351,8026,3006,3062,4328,0,0,0,0,0,0,0,0,0,0,0,0,0,0,0,0,0,0,0,0,0,0,0,0,0,0,0,98,196
170,85,4595,17126,4182,3100,8186,3601,4227,3872,0,0,0,0,0,0,0,0,0,0,0,0,0,0,0,0,0,0,0,0,0,0,0,0,0,0,0,169,196
170,85,3848,17129,4113,3572,8467,4189,3404,2563,0,0,0,0,0,0,0,0,0,0,0,0,0,0,0,0,0,0,0,0,0,0,0,0,0,0,0,156,196
170,85,3382,17130,4853,4865,8207,3316,2757,2872,0,0,0,0,0,0,0,0,0,0,0,0,0,0,0,0,0,0,0,0,0,0,0,0,0,0,0,178,196
170,85,3692,17130,5030,3476,8025,2996,3038,4215,0,0,0,0,0,0,0,0,0,0,0,0,0,0,0,0,0,0,0,0,0,0,0,0,0,0,0,82,196
170,85,4627,17130,4227,3033,8175,3555,4254,3952,0,0,0,0,0,0,0,0,0,0,0,0,0,0,0,0,0,0,0,0,0,0,0,0,0,0,0,248,196
170,85,3873,17131,4092,3506,8435,4245,3461,2574,0,0,0,0,0,0,0,0,0,0,0,0,0,0,0,0,0,0,0,0,0,0,0,0,0,0,0,238,196
170,85,3885,17132,4916,3150,8035,3118,3240,4594,0,0,0,0,0,0,0,0,0,0,0,0,0,0,0,0,0,0,0,0,0,0,0,0,0,0,0,15,196
170,85,4543,17131,4123,3116,8198,3775,4252,3607,0,0,0,0,0,0,0,0,0,0,0,0,0,0,0,0,0,0,0,0,0,0,0,0,0,0,0,209,196
170,85,3690,17128,4160,3793,8499,4103,3136,2607,0,0,0,0,0,0,0,0,0,0,0,0,0,0,0,0,0,0,0,0,0,0,0,0,0,0,0,210,196
170,85,3428,17134,4960,4818,8165,3196,2754,2930,0,0,0,0,0,0,0,0,0,0,0,0,0,0,0,0,0,0,0,0,0,0,0,0,0,0,0,178,196
170,85,3809,17133,4945,3257,8016,3043,3109,4448,0,0,0,0,0,0,0,0,0,0,0,0,0,0,0,0,0,0,0,0,0,0,0,0,0,0,0,183,196
170,85,4557,17131,4126,3085,8202,3762,4252,3710,0,0,0,0,0,0,0,0,0,0,0,0,0,0,0,0,0,0,0,0,0,0,0,0,0,0,0,239,196
170,85,3751,17131,4144,3714,8500,4169,3229,2583,0,0,0,0,0,0,0,0,0,0,0,0,0,0,0,0,0,0,0,0,0,0,0,0,0,0,0,147,196
170,85,4559,17138,4261,3029,8191,3551,4264,3943,0,0,0,0,0,0,0,0,0,0,0,0,0,0,0,0,0,0,0,0,0,0,0,0,0,0,0,24,196
170,85,4469,17129,4431,2970,8131,3298,4054,4240,0,0,0,0,0,0,0,0,0,0,0,0,0,0,0,0,0,0,0,0,0,0,0,0,0,0,0,148,196
170,85,4056,17132,4088,3412,8411,4211,3685,2489,0,0,0,0,0,0,0,0,0,0,0,0,0,0,0,0,0,0,0,0,0,0,0,0,0,0,0,107,196
170,85,3371,17136,4609,4986,8299,3513,2765,2796,0,0,0,0,0,0,0,0,0,0,0,0,0,0,0,0,0,0,0,0,0,0,0,0,0,0,0,207,196
170,85,3631,17131,5159,3790,8019,2970,2966,3914,0,0,0,0,0,0,0,0,0,0,0,0,0,0,0,0,0,0,0,0,0,0,0,0,0,0,0,129,196
170,85,4620,17131,4265,3028,8176,3453,4222,4071,0,0,0,0,0,0,0,0,0,0,0,0,0,0,0,0,0,0,0,0,0,0,0,0,0,0,0,55,196
170,85,3877,17135,4071,3522,8452,4232,3440,2574,0,0,0,0,0,0,0,0,0,0,0,0,0,0,0,0,0,0,0,0,0,0,0,0,0,0,0,155,196
170,85,3413,17132,4801,4880,8230,3359,2776,2864,0,0,0,0,0,0,0,0,0,0,0,0,0,0,0,0,0,0,0,0,0,0,0,0,0,0,0,36,196
170,85,4608,17134,4083,3125,8216,3896,4250,3465,0,0,0,0,0,0,0,0,0,0,0,0,0,0,0,0,0,0,0,0,0,0,0,0,0,0,0,133,196
170,85,3603,17135,4223,4055,8476,4039,2936,2610,0,0,0,0,0,0,0,0,0,0,0,0,0,0,0,0,0,0,0,0,0,0,0,0,0,0,0,70,196
170,85,3437,17129,5185,4605,8126,3131,2795,3075,0,0,0,0,0,0,0,0,0,0,0,0,0,0,0,0,0,0,0,0,0,0,0,0,0,0,0,245,196
170,85,4136,17128,4703,3030,8072,3145,3516,4507,0,0,0,0,0,0,0,0,0,0,0,0,0,0,0,0,0,0,0,0,0,0,0,0,0,0,0,20,196
170,85,4405,17134,4035,3196,8245,4089,4147,3027,0,0,0,0,0,0,0,0,0,0,0,0,0,0,0,0,0,0,0,0,0,0,0,0,0,0,0,211,196
170,85,3516,17131,4288,4449,8441,3915,2838,2668,0,0,0,0,0,0,0,0,0,0,0,0,0,0,0,0,0,0,0,0,0,0,0,0,0,0,0,161,196
170,85,3457,17129,5196,4433,8077,3058,2806,3168,0,0,0,0,0,0,0,0,0,0,0,0,0,0,0,0,0,0,0,0,0,0,0,0,0,0,0,59,196
170,85,4126,17131,4049,3408,8406,4212,3673,2485,0,0,0,0,0,0,0,0,0,0,0,0,0,0,0,0,0,0,0,0,0,0,0,0,0,0,0,162,196
170,85,3356,17132,4588,4986,8283,3510,2756,2806,0,0,0,0,0,0,0,0,0,0,0,0,0,0,0,0,0,0,0,0,0,0,0,0,0,0,0,38,196
170,85,3618,17132,5126,3723,8004,2964,2960,3951,0,0,0,0,0,0,0,0,0,0,0,0,0,0,0,0,0,0,0,0,0,0,0,0,0,0,0,213,195
170,85,4622,17128,4263,3029,8166,3472,4224,4052,0,0,0,0,0,0,0,0,0,0,0,0,0,0,0,0,0,0,0,0,0,0,0,0,0,0,0,15,196
170,85,3882,17132,4085,3532,8452,4205,3459,2547,0,0,0,0,0,0,0,0,0,0,0,0,0,0,0,0,0,0,0,0,0,0,0,0,0,0,0,99,196
170,85,3409,17133,4787,4906,8234,3376,2772,2875,0,0,0,0,0,0,0,0,0,0,0,0,0,0,0,0,0,0,0,0,0,0,0,0,0,0,0,77,196
170,85,3723,17133,5047,3418,8031,3003,3011,4279,0,0,0,0,0,0,0,0,0,0,0,0,0,0,0,0,0,0,0,0,0,0,0,0,0,0,0,185,196
170,85,3661,17131,4194,4120,8498,4036,2963,2607,0,0,0,0,0,0,0,0,0,0,0,0,0,0,0,0,0,0,0,0,0,0,0,0,0,0,0,10,196
170,85,3479,17135,5175,4596,8108,3120,2782,3041,0,0,0,0,0,0,0,0,0,0,0,0,0,0,0,0,0,0,0,0,0,0,0,0,0,0,0,191,196
170,85,4156,17132,4669,3026,8059,3178,3532,4489,0,0,0,0,0,0,0,0,0,0,0,0,0,0,0,0,0,0,0,0,0,0,0,0,0,0,0,208,196
170,85,4386,17135,4028,3237,8261,4117,4114,2991,0,0,0,0,0,0,0,0,0,0,0,0,0,0,0,0,0,0,0,0,0,0,0,0,0,0,0,189,195
170,85,3530,17133,4286,4502,8440,3904,2830,2688,0,0,0,0,0,0,0,0,0,0,0,0,0,0,0,0,0,0,0,0,0,0,0,0,0,0,0,166,196
170,85,3501,17135,5168,4339,8087,3047,2853,3297,0,0,0,0,0,0,0,0,0,0,0,0,0,0,0,0,0,0,0,0,0,0,0,0,0,0,0,146,196
170,85,4387,17131,4501,2949,8089,3258,3810,4394,0,0,0,0,0,0,0,0,0,0,0,0,0,0,0,0,0,0,0,0,0,0,0,0,0,0,0,137,196
170,85,3335,17131,4629,4957,8294,3512,2785,2814,0,0,0,0,0,0,0,0,0,0,0,0,0,0,0,0,0,0,0,0,0,0,0,0,0,0,0,249,196
170,85,3440,17130,5188,4226,8039,3029,2886,3514,0,0,0,0,0,0,0,0,0,0,0,0,0,0,0,0,0,0,0,0,0,0,0,0,0,0,0,180,196
170,85,4516,17134,4361,3008,8149,3336,4076,4291,0,0,0,0,0,0,0,0,0,0,0,0,0,0,0,0,0,0,0,0,0,0,0,0,0,0,0,202,196
170,85,4075,17132,4072,3420,8401,4165,3715,2460,0,0,0,0,0,0,0,0,0,0,0,0,0,0,0,0,0,0,0,0,0,0,0,0,0,0,0,191,196
170,85,3362,17137,4616,4962,8303,3518,2784,2808,0,0,0,0,0,0,0,0,0,0,0,0,0,0,0,0,0,0,0,0,0,0,0,0,0,0,0,236,196
170,85,3677,17137,5104,3632,8019,2964,3014,4061,0,0,0,0,0,0,0,0,0,0,0,0,0,0,0,0,0,0,0,0,0,0,0,0,0,0,0,14,196
170,85,4648,17134,4212,3042,8176,3546,4257,3965,0,0,0,0,0,0,0,0,0,0,0,0,0,0,0,0,0,0,0,0,0,0,0,0,0,0,0,31,196
170,85,3343,17134,5068,4695,8151,3158,2780,2973,0,0,0,0,0,0,0,0,0,0,0,0,0,0,0,0,0,0,0,0,0,0,0,0,0,0,0,25,196
170,85,3998,17131,4797,3113,8051,3140,3331,4593,0,0,0,0,0,0,0,0,0,0,0,0,0,0,0,0,0,0,0,0,0,0,0,0,0,0,0,135,196
170,85,4431,17131,4062,3148,8238,3985,4191,3215,0,0,0,0,0,0,0,0,0,0,0,0,0,0,0,0,0,0,0,0,0,0,0,0,0,0,0,197,196
170,85,3560,17135,4264,4318,8465,3977,2901,2672,0,0,0,0,0,0,0,0,0,0,0,0,0,0,0,0,0,0,0,0,0,0,0,0,0,0,0,83,196
170,85,3463,17131,5197,4512,8096,3097,2798,3095,0,0,0,0,0,0,0,0,0,0,0,0,0,0,0,0,0,0,0,0,0,0,0,0,0,0,0,97,196
170,85,4215,17127,4604,3008,8073,3238,3686,4406,0,0,0,0,0,0,0,0,0,0,0,0,0,0,0,0,0,0,0,0,0,0,0,0,0,0,0,104,196
170,85,4356,17128,4045,3252,8300,4136,4044,2798,0,0,0,0,0,0,0,0,0,0,0,0,0,0,0,0,0,0,0,0,0,0,0,0,0,0,0,105,196
170,85,3487,17130,5156,3746,8015,2954,2986,3948,0,0,0,0,0,0,0,0,0,0,0,0,0,0,0,0,0,0,0,0,0,0,0,0,0,0,0,74,196
170,85,4609,17126,4241,3026,8168,3497,4243,4010,0,0,0,0,0,0,0,0,0,0,0,0,0,0,0,0,0,0,0,0,0,0,0,0,0,0,0,101,196
170,85,3875,17131,4066,3529,8446,4229,3445,2568,0,0,0,0,0,0,0,0,0,0,0,0,0,0,0,0,0,0,0,0,0,0,0,0,0,0,0,98,196
170,85,3380,17132,4789,4894,8226,3324,2749,2899,0,0,0,0,0,0,0,0,0,0,0,0,0,0,0,0,0,0,0,0,0,0,0,0,0,0,0,223,196
170,85,3795,17130,4948,3307,8040,3039,3106,4411,0,0,0,0,0,0,0,0,0,0,0,0,0,0,0,0,0,0,0,0,0,0,0,0,0,0,0,141,196
170,85,4574,17131,4138,3109,8205,3754,4259,3721,0,0,0,0,0,0,0,0,0,0,0,0,0,0,0,0,0,0,0,0,0,0,0,0,0,0,0,55,196
170,85,3710,17128,4144,3856,8515,4089,3121,2604,0,0,0,0,0,0,0,0,0,0,0,0,0,0,0,0,0,0,0,0,0,0,0,0,0,0,0,149,196
170,85,4224,17127,4647,3010,8088,3215,3671,4392,0,0,0,0,0,0,0,0,0,0,0,0,0,0,0,0,0,0,0,0,0,0,0,0,0,0,0,82,196
170,85,4313,17127,4066,3288,8334,4156,3988,2689,0,0,0,0,0,0,0,0,0,0,0,0,0,0,0,0,0,0,0,0,0,0,0,0,0,0,0,56,196
170,85,3396,17126,4392,4793,8386,3751,2840,2720,0,0,0,0,0,0,0,0,0,0,0,0,0,0,0,0,0,0,0,0,0,0,0,0,0,0,0,114,196
170,85,3584,17126,5199,4262,8039,3026,2889,3513,0,0,0,0,0,0,0,0,0,0,0,0,0,0,0,0,0,0,0,0,0,0,0,0,0,0,0,239,196
170,85,4519,17126,4402,2999,8115,3286,3978,4290,0,0,0,0,0,0,0,0,0,0,0,0,0,0,0,0,0,0,0,0,0,0,0,0,0,0,0,83,196
170,85,4102,17132,4046,3389,8411,4190,3773,2500,0,0,0,0,0,0,0,0,0,0,0,0,0,0,0,0,0,0,0,0,0,0,0,0,0,0,0,125,196
170,85,3343,17124,4562,4991,8316,3564,2782,2796,0,0,0,0,0,0,0,0,0,0,0,0,0,0,0,0,0,0,0,0,0,0,0,0,0,0,0,123,196
170,85,3640,17110,5170,3860,8020,2965,2958,3826,0,0,0,0,0,0,0,0,0,0,0,0,0,0,0,0,0,0,0,0,0,0,0,0,0,0,0,204,196
170,85,3769,17112,4959,3350,8027,3013,3070,4333,0,0,0,0,0,0,0,0,0,0,0,0,0,0,0,0,0,0,0,0,0,0,0,0,0,0,0,7,196
170,85,4633,17109,4147,3082,8192,3653,4234,3839,0,0,0,0,0,0,0,0,0,0,0,0,0,0,0,0,0,0,0,0,0,0,0,0,0,0,0,70,196
170,85,3681,17110,4151,3811,8493,4134,3138,2606,0,0,0,0,0,0,0,0,0,0,0,0,0,0,0,0,0,0,0,0,0,0,0,0,0,0,0,158,196
170,85,3428,17112,5029,4803,8159,3197,2770,2993,0,0,0,0,0,0,0,0,0,0,0,0,0,0,0,0,0,0,0,0,0,0,0,0,0,0,0,184,195
170,85,3898,17121,4870,3138,8060,3087,3261,4617,0,0,0,0,0,0,0,0,0,0,0,0,0,0,0,0,0,0,0,0,0,0,0,0,0,0,0,248,196
170,85,4517,17111,4075,3127,8203,3862,4259,3506,0,0,0,0,0,0,0,0,0,0,0,0,0,0,0,0,0,0,0,0,0,0,0,0,0,0,0,63,196
170,85,3594,17112,4225,4157,8466,4017,2947,2634,0,0,0,0,0,0,0,0,0,0,0,0,0,0,0,0,0,0,0,0,0,0,0,0,0,0,0,152,196
170,85,4442,17110,4522,2998,8099,3283,3923,4349,0,0,0,0,0,0,0,0,0,0,0,0,0,0,0,0,0,0,0,0,0,0,0,0,0,0,0,244,196
170,85,4205,17108,4043,3306,8358,4170,3903,2582,0,0,0,0,0,0,0,0,0,0,0,0,0,0,0,0,0,0,0,0,0,0,0,0,0,0,0,198,196
170,85,3362,17109,4427,4901,8349,3697,2827,2725,0,0,0,0,0,0,0,0,0,0,0,0,0,0,0,0,0,0,0,0,0,0,0,0,0,0,0,70,196
170,85,3625,17117,5188,4003,8020,3003,2917,3714,0,0,0,0,0,0,0,0,0,0,0,0,0,0,0,0,0,0,0,0,0,0,0,0,0,0,0,162,196
170,85,4596,17120,4327,3013,8135,3360,4156,4184,0,0,0,0,0,0,0,0,0,0,0,0,0,0,0,0,0,0,0,0,0,0,0,0,0,0,0,16,196
170,85,4004,17118,4050,3430,8415,4216,3644,2483,0,0,0,0,0,0,0,0,0,0,0,0,0,0,0,0,0,0,0,0,0,0,0,0,0,0,0,97,196
170,85,3356,17115,4640,4962,8281,3460,2785,2846,0,0,0,0,0,0,0,0,0,0,0,0,0,0,0,0,0,0,0,0,0,0,0,0,0,0,0,58,196
170,85,4641,17117,4120,3100,8207,3800,4255,3598,0,0,0,0,0,0,0,0,0,0,0,0,0,0,0,0,0,0,0,0,0,0,0,0,0,0,0,61,196
170,85,3566,17117,4248,4301,8460,3983,2918,2642,0,0,0,0,0,0,0,0,0,0,0,0,0,0,0,0,0,0,0,0,0,0,0,0,0,0,0,78,196
170,85,3480,17114,5205,4394,8082,3069,2831,3244,0,0,0,0,0,0,0,0,0,0,0,0,0,0,0,0,0,0,0,0,0,0,0,0,0,0,0,87,196
170,85,4512,17113,4380,2964,8134,3311,4042,4305,0,0,0,0,0,0,0,0,0,0,0,0,0,0,0,0,0,0,0,0,0,0,0,0,0,0,0,121,196
170,85,3997,17113,4078,3472,8415,4193,3595,2523,0,0,0,0,0,0,0,0,0,0,0,0,0,0,0,0,0,0,0,0,0,0,0,0,0,0,0,211,196
170,85,3350,17116,4912,4857,8196,3266,2763,2927,0,0,0,0,0,0,0,0,0,0,0,0,0,0,0,0,0,0,0,0,0,0,0,0,0,0,0,253,196
170,85,3963,17114,4859,3154,8046,3093,3269,4599,0,0,0,0,0,0,0,0,0,0,0,0,0,0,0,0,0,0,0,0,0,0,0,0,0,0,0,227,196
170,85,3363,17115,4385,4872,8357,3730,2817,2734,0,0,0,0,0,0,0,0,0,0,0,0,0,0,0,0,0,0,0,0,0,0,0,0,0,0,0,212,196
170,85,3599,17114,5192,4103,8032,3004,2916,3653,0,0,0,0,0,0,0,0,0,0,0,0,0,0,0,0,0,0,0,0,0,0,0,0,0,0,0,193,196
170,85,4608,17116,4306,3010,8155,3359,4183,4147,0,0,0,0,0,0,0,0,0,0,0,0,0,0,0,0,0,0,0,0,0,0,0,0,0,0,0,202,196
170,85,4019,17115,4079,3436,8408,4212,3636,2488,0,0,0,0,0,0,0,0,0,0,0,0,0,0,0,0,0,0,0,0,0,0,0,0,0,0,0,76,196
170,85,3354,17115,4655,4918,8254,3476,2770,2821,0,0,0,0,0,0,0,0,0,0,0,0,0,0,0,0,0,0,0,0,0,0,0,0,0,0,0,56,196
170,85,3659,17118,5102,3647,8027,2961,2975,4045,0,0,0,0,0,0,0,0,0,0,0,0,0,0,0,0,0,0,0,0,0,0,0,0,0,0,0,98,196
170,85,4643,17140,4190,3072,8184,3608,4227,3908,0,0,0,0,0,0,0,0,0,0,0,0,0,0,0,0,0,0,0,0,0,0,0,0,0,0,0,19,196
170,85,3407,17135,5157,4637,8117,3131,2783,3056,0,0,0,0,0,0,0,0,0,0,0,0,0,0,0,0,0,0,0,0,0,0,0,0,0,0,0,157,196
170,85,4517,17142,4063,3170,8233,3927,4211,3328,0,0,0,0,0,0,0,0,0,0,0,0,0,0,0,0,0,0,0,0,0,0,0,0,0,0,0,126,196
170,85,3503,17141,4327,4541,8431,3865,2855,2691,0,0,0,0,0,0,0,0,0,0,0,0,0,0,0,0,0,0,0,0,0,0,0,0,0,0,0,205,196
170,85,3542,17137,5157,4167,8046,3014,2878,3581,0,0,0,0,0,0,0,0,0,0,0,0,0,0,0,0,0,0,0,0,0,0,0,0,0,0,0,136,196
170,85,4643,17134,4252,3045,8175,3442,4230,4075,0,0,0,0,0,0,0,0,0,0,0,0,0,0,0,0,0,0,0,0,0,0,0,0,0,0,0,253,196
170,85,3757,17142,4121,3638,8494,4171,3309,2563,0,0,0,0,0,0,0,0,0,0,0,0,0,0,0,0,0,0,0,0,0,0,0,0,0,0,0,101,196
170,85,3412,17136,5080,4702,8148,3162,2756,3016,0,0,0,0,0,0,0,0,0,0,0,0,0,0,0,0,0,0,0,0,0,0,0,0,0,0,0,3,196
170,85,4246,17136,4022,3365,8378,4179,3858,2547,0,0,0,0,0,0,0,0,0,0,0,0,0,0,0,0,0,0,0,0,0,0,0,0,0,0,0,100,196
170,85,3406,17134,4409,4865,8381,3753,2841,2732,0,0,0,0,0,0,0,0,0,0,0,0,0,0,0,0,0,0,0,0,0,0,0,0,0,0,0,164,196
170,85,3599,17135,5175,4301,8049,3039,2870,3443,0,0,0,0,0,0,0,0,0,0,0,0,0,0,0,0,0,0,0,0,0,0,0,0,0,0,0,84,196
170,85,4465,17141,4472,2993,8114,3267,3944,4335,0,0,0,0,0,0,0,0,0,0,0,0,0,0,0,0,0,0,0,0,0,0,0,0,0,0,0,1,196
170,85,4251,17132,4054,3288,8341,4144,3942,2650,0,0,0,0,0,0,0,0,0,0,0,0,0,0,0,0,0,0,0,0,0,0,0,0,0,0,0,123,196
170,85,3428,17133,4353,4692,8409,3792,2836,2705,0,0,0,0,0,0,0,0,0,0,0,0,0,0,0,0,0,0,0,0,0,0,0,0,0,0,0,204,196
170,85,3555,17132,5202,4387,8059,3066,2841,3265,0,0,0,0,0,0,0,0,0,0,0,0,0,0,0,0,0,0,0,0,0,0,0,0,0,0,0,129,196
170,85,4135,17133,4046,3441,8414,4210,3646,2506,0,0,0,0,0,0,0,0,0,0,0,0,0,0,0,0,0,0,0,0,0,0,0,0,0,0,0,181,196
170,85,3384,17133,4561,4983,8297,3590,2761,2796,0,0,0,0,0,0,0,0,0,0,0,0,0,0,0,0,0,0,0,0,0,0,0,0,0,0,0,165,196
170,85,3617,17136,5153,4001,8018,3016,2911,3707,0,0,0,0,0,0,0,0,0,0,0,0,0,0,0,0,0,0,0,0,0,0,0,0,0,0,0,86,196
170,85,4546,17135,4357,3009,8122,3334,4058,4285,0,0,0,0,0,0,0,0,0,0,0,0,0,0,0,0,0,0,0,0,0,0,0,0,0,0,0,137,196
170,85,4161,17134,4068,3352,8380,4175,3840,2507,0,0,0,0,0,0,0,0,0,0,0,0,0,0,0,0,0,0,0,0,0,0,0,0,0,0,0,242,195
170,85,3395,17133,4488,4944,8354,3675,2816,2745,0,0,0,0,0,0,0,0,0,0,0,0,0,0,0,0,0,0,0,0,0,0,0,0,0,0,0,171,196
170,85,3592,17132,5182,4210,8040,3020,2905,3583,0,0,0,0,0,0,0,0,0,0,0,0,0,0,0,0,0,0,0,0,0,0,0,0,0,0,0,15,196
170,85,4025,17133,4037,3518,8441,4208,3467,2538,0,0,0,0,0,0,0,0,0,0,0,0,0,0,0,0,0,0,0,0,0,0,0,0,0,0,0,67,195
170,85,3412,17134,4655,4906,8258,3439,2755,2839,0,0,0,0,0,0,0,0,0,0,0,0,0,0,0,0,0,0,0,0,0,0,0,0,0,0,0,219,196
170,85,3674,17139,5098,3671,8023,2947,3014,4065,0,0,0,0,0,0,0,0,0,0,0,0,0,0,0,0,0,0,0,0,0,0,0,0,0,0,0,89,196
170,85,4629,17135,4262,3025,8174,3446,4213,4071,0,0,0,0,0,0,0,0,0,0,0,0,0,0,0,0,0,0,0,0,0,0,0,0,0,0,0,62,196
170,85,4010,17136,4073,3466,8408,4214,3622,2515,0,0,0,0,0,0,0,0,0,0,0,0,0,0,0,0,0,0,0,0,0,0,0,0,0,0,0,229,196
170,85,3387,17133,4615,4961,8273,3535,2764,2791,0,0,0,0,0,0,0,0,0,0,0,0,0,0,0,0,0,0,0,0,0,0,0,0,0,0,0,153,196
170,85,3636,17135,5163,3842,8008,2971,2956,3858,0,0,0,0,0,0,0,0,0,0,0,0,0,0,0,0,0,0,0,0,0,0,0,0,0,0,0,7,196
170,85,3871,17136,4104,3628,8484,4170,3297,2570,0,0,0,0,0,0,0,0,0,0,0,0,0,0,0,0,0,0,0,0,0,0,0,0,0,0,0,213,195
170,85,3404,17133,4854,4860,8217,3309,2748,2897,0,0,0,0,0,0,0,0,0,0,0,0,0,0,0,0,0,0,0,0,0,0,0,0,0,0,0,47,196
170,85,3716,17136,5052,3466,8023,2993,3008,4254,0,0,0,0,0,0,0,0,0,0,0,0,0,0,0,0,0,0,0,0,0,0,0,0,0,0,0,88,196
170,85,4615,17144,4172,3061,8186,3594,4253,3891,0,0,0,0,0,0,0,0,0,0,0,0,0,0,0,0,0,0,0,0,0,0,0,0,0,0,0,162,196
170,85,3825,17137,4105,3585,8444,4188,3393,2561,0,0,0,0,0,0,0,0,0,0,0,0,0,0,0,0,0,0,0,0,0,0,0,0,0,0,0,114,196
170,85,3403,17144,4756,4889,8232,3345,2772,2882,0,0,0,0,0,0,0,0,0,0,0,0,0,0,0,0,0,0,0,0,0,0,0,0,0,0,0,12,196
170,85,3660,17140,5068,3635,8020,2948,3012,4081,0,0,0,0,0,0,0,0,0,0,0,0,0,0,0,0,0,0,0,0,0,0,0,0,0,0,0,28,196
170,85,3753,17133,4151,3918,8510,4081,3055,2600,0,0,0,0,0,0,0,0,0,0,0,0,0,0,0,0,0,0,0,0,0,0,0,0,0,0,0,182,196
170,85,3459,17135,5007,4812,8159,3188,2757,2974,0,0,0,0,0,0,0,0,0,0,0,0,0,0,0,0,0,0,0,0,0,0,0,0,0,0,0,124,196
170,85,3871,17135,4929,3221,8046,3061,3133,4511,0,0,0,0,0,0,0,0,0,0,0,0,0,0,0,0,0,0,0,0,0,0,0,0,0,0,0,185,196
170,85,4560,17133,4168,3096,8197,3690,4255,3746,0,0,0,0,0,0,0,0,0,0,0,0,0,0,0,0,0,0,0,0,0,0,0,0,0,0,0,191,196
170,85,3718,17131,4131,3718,8494,4164,3268,2601,0,0,0,0,0,0,0,0,0,0,0,0,0,0,0,0,0,0,0,0,0,0,0,0,0,0,0,213,196
170,85,3411,17136,4925,4840,8173,3218,2764,2960,0,0,0,0,0,0,0,0,0,0,0,0,0,0,0,0,0,0,0,0,0,0,0,0,0,0,0,246,196
170,85,3774,17132,4976,3321,8026,3014,3096,4364,0,0,0,0,0,0,0,0,0,0,0,0,0,0,0,0,0,0,0,0,0,0,0,0,0,0,0,246,196
170,85,3608,17132,4206,4146,8470,4015,2931,2615,0,0,0,0,0,0,0,0,0,0,0,0,0,0,0,0,0,0,0,0,0,0,0,0,0,0,0,201,196
170,85,3461,17133,5149,4667,8118,3144,2777,3025,0,0,0,0,0,0,0,0,0,0,0,0,0,0,0,0,0,0,0,0,0,0,0,0,0,0,0,28,195
170,85,4038,17135,4782,3104,8059,3125,3367,4564,0,0,0,0,0,0,0,0,0,0,0,0,0,0,0,0,0,0,0,0,0,0,0,0,0,0,0,185,196
170,85,4499,17131,4059,3126,8219,3903,4254,3424,0,0,0,0,0,0,0,0,0,0,0,0,0,0,0,0,0,0,0,0,0,0,0,0,0,0,0,210,196
170,85,3651,17133,4214,4005,8503,4064,3011,2621,0,0,0,0,0,0,0,0,0,0,0,0,0,0,0,0,0,0,0,0,0,0,0,0,0,0,0,215,196
170,85,3445,17135,5038,4752,8132,3169,2740,3000,0,0,0,0,0,0,0,0,0,0,0,0,0,0,0,0,0,0,0,0,0,0,0,0,0,0,0,174,196
170,85,3955,17138,4877,3168,8050,3091,3248,4598,0,0,0,0,0,0,0,0,0,0,0,0,0,0,0,0,0,0,0,0,0,0,0,0,0,0,0,104,196
170,85,3512,17142,4274,4494,8437,3883,2848,2688,0,0,0,0,0,0,0,0,0,0,0,0,0,0,0,0,0,0,0,0,0,0,0,0,0,0,0,147,196
170,85,3486,17137,5205,4503,8091,3075,2811,3133,0,0,0,0,0,0,0,0,0,0,0,0,0,0,0,0,0,0,0,0,0,0,0,0,0,0,0,83,196
170,85,4159,17138,4687,3032,8079,3192,3522,4495,0,0,0,0,0,0,0,0,0,0,0,0,0,0,0,0,0,0,0,0,0,0,0,0,0,0,0,91,196
170,85,4393,17136,4035,3225,8247,4085,4115,3029,0,0,0,0,0,0,0,0,0,0,0,0,0,0,0,0,0,0,0,0,0,0,0,0,0,0,0,28,196
170,85,3556,17138,4252,4331,8460,3973,2877,2672,0,0,0,0,0,0,0,0,0,0,0,0,0,0,0,0,0,0,0,0,0,0,0,0,0,0,0,58,196
170,85,3464,17146,5196,4614,8109,3114,2788,3065,0,0,0,0,0,0,0,0,0,0,0,0,0,0,0,0,0,0,0,0,0,0,0,0,0,0,0,6,196
170,85,4077,17140,4744,3078,8040,3144,3403,4526,0,0,0,0,0,0,0,0,0,0,0,0,0,0,0,0,0,0,0,0,0,0,0,0,0,0,0,241,196
170,85,3404,17140,4351,4789,8391,3764,2840,2722,0,0,0,0,0,0,0,0,0,0,0,0,0,0,0,0,0,0,0,0,0,0,0,0,0,0,0,166,196
170,85,3570,17138,5178,4301,8054,3035,2849,3372,0,0,0,0,0,0,0,0,0,0,0,0,0,0,0,0,0,0,0,0,0,0,0,0,0,0,0,241,196
170,85,4410,17143,4525,2991,8087,3247,3792,4381,0,0,0,0,0,0,0,0,0,0,0,0,0,0,0,0,0,0,0,0,0,0,0,0,0,0,0,128,196
170,85,4344,17145,4046,3262,8306,4124,4024,2755,0,0,0,0,0,0,0,0,0,0,0,0,0,0,0,0,0,0,0,0,0,0,0,0,0,0,0,255,196
170,85,3481,17142,4321,4581,8416,3875,2861,2700,0,0,0,0,0,0,0,0,0,0,0,0,0,0,0,0,0,0,0,0,0,0,0,0,0,0,0,150,196
170,85,3537,17141,5200,4363,8068,3045,2817,3212,0,0,0,0,0,0,0,0,0,0,0,0,0,0,0,0,0,0,0,0,0,0,0,0,0,0,0,53,196
170,85,4269,17142,4605,2987,8059,3228,3670,4435,0,0,0,0,0,0,0,0,0,0,0,0,0,0,0,0,0,0,0,0,0,0,0,0,0,0,0,84,196
170,85,3338,17142,4476,4988,8327,3635,2788,2751,0,0,0,0,0,0,0,0,0,0,0,0,0,0,0,0,0,0,0,0,0,0,0,0,0,0,0,143,196
170,85,3593,17137,5152,4033,8029,2984,2911,3705,0,0,0,0,0,0,0,0,0,0,0,0,0,0,0,0,0,0,0,0,0,0,0,0,0,0,0,115,196
170,85,4586,17136,4321,3018,8146,3302,4117,4216,0,0,0,0,0,0,0,0,0,0,0,0,0,0,0,0,0,0,0,0,0,0,0,0,0,0,0,204,195
170,85,4136,17136,4042,3382,8394,4197,3822,2503,0,0,0,0,0,0,0,0,0,0,0,0,0,0,0,0,0,0,0,0,0,0,0,0,0,0,0,58,196
170,85,3366,17142,4444,4955,8354,3661,2815,2734,0,0,0,0,0,0,0,0,0,0,0,0,0,0,0,0,0,0,0,0,0,0,0,0,0,0,0,245,196
170,85,3615,17136,5170,4191,8033,3012,2876,3529,0,0,0,0,0,0,0,0,0,0,0,0,0,0,0,0,0,0,0,0,0,0,0,0,0,0,0,119,196
170,85,4528,17137,4399,3004,8119,3310,4021,4311,0,0,0,0,0,0,0,0,0,0,0,0,0,0,0,0,0,0,0,0,0,0,0,0,0,0,0,83,196
170,85,3330,17141,4733,4926,8257,3372,2780,2863,0,0,0,0,0,0,0,0,0,0,0,0,0,0,0,0,0,0,0,0,0,0,0,0,0,0,0,183,196
170,85,3657,17144,5089,3661,8021,2957,3007,4040,0,0,0,0,0,0,0,0,0,0,0,0,0,0,0,0,0,0,0,0,0,0,0,0,0,0,0,12,196
170,85,4620,17136,4264,3025,8142,3444,4221,4049,0,0,0,0,0,0,0,0,0,0,0,0,0,0,0,0,0,0,0,0,0,0,0,0,0,0,0,42,196
170,85,3947,17139,4060,3475,8432,4238,3504,2562,0,0,0,0,0,0,0,0,0,0,0,0,0,0,0,0,0,0,0,0,0,0,0,0,0,0,0,156,196
170,85,3377,17140,4651,4972,8265,3478,2757,2827,0,0,0,0,0,0,0,0,0,0,0,0,0,0,0,0,0,0,0,0,0,0,0,0,0,0,0,14,196
170,85,3610,17145,5171,3809,8007,2971,2964,3896,0,0,0,0,0,0,0,0,0,0,0,0,0,0,0,0,0,0,0,0,0,0,0,0,0,0,0,248,196
170,85,4618,17138,4307,3019,8154,3382,4191,4134,0,0,0,0,0,0,0,0,0,0,0,0,0,0,0,0,0,0,0,0,0,0,0,0,0,0,0,211,196
170,85,3361,17140,4915,4849,8179,3221,2767,2961,0,0,0,0,0,0,0,0,0,0,0,0,0,0,0,0,0,0,0,0,0,0,0,0,0,0,0,140,196
170,85,3787,17138,4951,3302,8022,3024,3090,4377,0,0,0,0,0,0,0,0,0,0,0,0,0,0,0,0,0,0,0,0,0,0,0,0,0,0,0,160,196
170,85,4628,17144,4146,3099,8175,3645,4238,3841,0,0,0,0,0,0,0,0,0,0,0,0,0,0,0,0,0,0,0,0,0,0,0,0,0,0,0,37,196
170,85,3810,17135,4107,3604,8484,4176,3351,2547,0,0,0,0,0,0,0,0,0,0,0,0,0,0,0,0,0,0,0,0,0,0,0,0,0,0,0,26,196
170,85,3423,17135,4795,4882,8218,3341,2756,2876,0,0,0,0,0,0,0,0,0,0,0,0,0,0,0,0,0,0,0,0,0,0,0,0,0,0,0,107,196
170,85,3710,17134,5028,3438,8018,2993,3046,4253,0,0,0,0,0,0,0,0,0,0,0,0,0,0,0,0,0,0,0,0,0,0,0,0,0,0,0,96,196
170,85,4658,17142,4203,3070,8169,3574,4260,3896,0,0,0,0,0,0,0,0,0,0,0,0,0,0,0,0,0,0,0,0,0,0,0,0,0,0,0,107,196
170,85,3351,17136,5046,4770,8122,3155,2753,2974,0,0,0,0,0,0,0,0,0,0,0,0,0,0,0,0,0,0,0,0,0,0,0,0,0,0,0,230,196
170,85,3881,17134,4885,3209,8015,3080,3208,4583,0,0,0,0,0,0,0,0,0,0,0,0,0,0,0,0,0,0,0,0,0,0,0,0,0,0,0,208,196
170,85,4532,17136,4086,3111,8206,3813,4218,3557,0,0,0,0,0,0,0,0,0,0,0,0,0,0,0,0,0,0,0,0,0,0,0,0,0,0,0,125,196
170,85,3676,17143,4165,3903,8494,4067,3083,2618,0,0,0,0,0,0,0,0,0,0,0,0,0,0,0,0,0,0,0,0,0,0,0,0,0,0,0,169,196
170,85,3448,17140,5011,4814,8149,3182,2769,2962,0,0,0,0,0,0,0,0,0,0,0,0,0,0,0,0,0,0,0,0,0,0,0,0,0,0,0,138,196
170,85,3824,17137,4939,3252,8027,3051,3124,4486,0,0,0,0,0,0,0,0,0,0,0,0,0,0,0,0,0,0,0,0,0,0,0,0,0,0,0,89,196
170,85,4561,17142,4137,3106,8183,3751,4253,3703,0,0,0,0,0,0,0,0,0,0,0,0,0,0,0,0,0,0,0,0,0,0,0,0,0,0,0,41,196
170,85,3413,17143,5176,4557,8098,3098,2792,3083,0,0,0,0,0,0,0,0,0,0,0,0,0,0,0,0,0,0,0,0,0,0,0,0,0,0,0,172,196
170,85,4093,17137,4721,3062,8046,3172,3407,4520,0,0,0,0,0,0,0,0,0,0,0,0,0,0,0,0,0,0,0,0,0,0,0,0,0,0,0,194,196
170,85,4457,17138,4052,3153,8221,3944,4206,3291,0,0,0,0,0,0,0,0,0,0,0,0,0,0,0,0,0,0,0,0,0,0,0,0,0,0,0,66,195
170,85,3574,17136,4238,4170,8450,4000,2931,2631,0,0,0,0,0,0,0,0,0,0,0,0,0,0,0,0,0,0,0,0,0,0,0,0,0,0,0,203,196
170,85,3436,17137,5165,4644,8109,3131,2773,3045,0,0,0,0,0,0,0,0,0,0,0,0,0,0,0,0,0,0,0,0,0,0,0,0,0,0,0,150,196
170,85,3985,17136,4837,3112,8042,3115,3330,4573,0,0,0,0,0,0,0,0,0,0,0,0,0,0,0,0,0,0,0,0,0,0,0,0,0,0,0,145,196
170,85,4517,17136,4070,3139,8211,3845,4248,3491,0,0,0,0,0,0,0,0,0,0,0,0,0,0,0,0,0,0,0,0,0,0,0,0,0,0,0,64,196
170,85,3398,17143,5188,4397,8056,3050,2833,3255,0,0,0,0,0,0,0,0,0,0,0,0,0,0,0,0,0,0,0,0,0,0,0,0,0,0,0,74,196
170,85,4279,17136,4600,2961,8081,3207,3690,4390,0,0,0,0,0,0,0,0,0,0,0,0,0,0,0,0,0,0,0,0,0,0,0,0,0,0,0,207,195
170,85,4383,17136,4024,3237,8266,4126,4093,2930,0,0,0,0,0,0,0,0,0,0,0,0,0,0,0,0,0,0,0,0,0,0,0,0,0,0,0,178,196
170,85,3517,17142,4284,4448,8439,3916,2863,2665,0,0,0,0,0,0,0,0,0,0,0,0,0,0,0,0,0,0,0,0,0,0,0,0,0,0,0,245,196
170,85,3476,17141,5201,4542,8103,3095,2799,3096,0,0,0,0,0,0,0,0,0,0,0,0,0,0,0,0,0,0,0,0,0,0,0,0,0,0,0,105,196
170,85,4192,17138,4667,3057,8063,3177,3570,4439,0,0,0,0,0,0,0,0,0,0,0,0,0,0,0,0,0,0,0,0,0,0,0,0,0,0,0,80,196
170,85,4413,17136,4043,3218,8237,4069,4174,3096,0,0,0,0,0,0,0,0,0,0,0,0,0,0,0,0,0,0,0,0,0,0,0,0,0,0,0,150,196
170,85,3443,17136,5174,4253,8040,3037,2852,3480,0,0,0,0,0,0,0,0,0,0,0,0,0,0,0,0,0,0,0,0,0,0,0,0,0,0,0,135,196
170,85,4443,17134,4483,2995,8086,3287,3900,4332,0,0,0,0,0,0,0,0,0,0,0,0,0,0,0,0,0,0,0,0,0,0,0,0,0,0,0,174,196
170,85,4209,17134,4028,3322,8339,4152,3938,2611,0,0,0,0,0,0,0,0,0,0,0,0,0,0,0,0,0,0,0,0,0,0,0,0,0,0,0,184,196
170,85,3402,17134,4351,4743,8384,3801,2858,2718,0,0,0,0,0,0,0,0,0,0,0,0,0,0,0,0,0,0,0,0,0,0,0,0,0,0,0,236,196
170,85,3553,17133,5194,4311,8066,3047,2859,3318,0,0,0,0,0,0,0,0,0,0,0,0,0,0,0,0,0,0,0,0,0,0,0,0,0,0,0,142,196
170,85,4333,17134,4550,2996,8074,3239,3786,4404,0,0,0,0,0,0,0,0,0,0,0,0,0,0,0,0,0,0,0,0,0,0,0,0,0,0,0,25,196
170,85,4289,17134,4033,3274,8300,4129,4010,2715,0,0,0,0,0,0,0,0,0,0,0,0,0,0,0,0,0,0,0,0,0,0,0,0,0,0,0,195,196
170,85,3475,17133,5226,3962,8004,2993,2943,3776,0,0,0,0,0,0,0,0,0,0,0,0,0,0,0,0,0,0,0,0,0,0,0,0,0,0,0,158,196
170,85,4524,17129,4353,3013,8140,3313,4111,4248,0,0,0,0,0,0,0,0,0,0,0,0,0,0,0,0,0,0,0,0,0,0,0,0,0,0,0,142,196
170,85,4142,17141,4062,3384,8365,4196,3803,2496,0,0,0,0,0,0,0,0,0,0,0,0,0,0,0,0,0,0,0,0,0,0,0,0,0,0,0,119,196
170,85,3359,17136,4522,4977,8336,3634,2808,2753,0,0,0,0,0,0,0,0,0,0,0,0,0,0,0,0,0,0,0,0,0,0,0,0,0,0,0,51,196
170,85,3571,17136,5165,4150,8039,3003,2889,3662,0,0,0,0,0,0,0,0,0,0,0,0,0,0,0,0,0,0,0,0,0,0,0,0,0,0,0,102,196
170,85,4547,17135,4375,2993,8129,3304,4013,4327,0,0,0,0,0,0,0,0,0,0,0,0,0,0,0,0,0,0,0,0,0,0,0,0,0,0,0,83,196
170,85,4189,17137,4055,3321,8354,4161,3882,2565,0,0,0,0,0,0,0,0,0,0,0,0,0,0,0,0,0,0,0,0,0,0,0,0,0,0,0,213,196
170,85,3572,17135,5105,3585,8015,2951,3025,4131,0,0,0,0,0,0,0,0,0,0,0,0,0,0,0,0,0,0,0,0,0,0,0,0,0,0,0,115,196
170,85,4625,17132,4256,3032,8156,3506,4198,3983,0,0,0,0,0,0,0,0,0,0,0,0,0,0,0,0,0,0,0,0,0,0,0,0,0,0,0,187,196
170,85,3947,17135,4089,3497,8422,4185,3536,2531,0,0,0,0,0,0,0,0,0,0,0,0,0,0,0,0,0,0,0,0,0,0,0,0,0,0,0,220,196
170,85,3323,17134,4766,4898,8263,3368,2784,2861,0,0,0,0,0,0,0,0,0,0,0,0,0,0,0,0,0,0,0,0,0,0,0,0,0,0,0,151,196
170,85,3708,17130,5064,3494,8003,2998,3035,4212,0,0,0,0,0,0,0,0,0,0,0,0,0,0,0,0,0,0,0,0,0,0,0,0,0,0,0,0,196
170,85,4630,17135,4213,3066,8182,3554,4245,3956,0,0,0,0,0,0,0,0,0,0,0,0,0,0,0,0,0,0,0,0,0,0,0,0,0,0,0,58,196
170,85,3838,17139,4101,3564,8450,4198,3434,2552,0,0,0,0,0,0,0,0,0,0,0,0,0,0,0,0,0,0,0,0,0,0,0,0,0,0,0,137,196
170,85,3959,17131,4841,3116,8052,3115,3340,4570,0,0,0,0,0,0,0,0,0,0,0,0,0,0,0,0,0,0,0,0,0,0,0,0,0,0,0,115,196
170,85,4517,17134,4076,3125,8212,3906,4212,3452,0,0,0,0,0,0,0,0,0,0,0,0,0,0,0,0,0,0,0,0,0,0,0,0,0,0,0,81,196
170,85,3614,17134,4222,4006,8479,4061,2985,2626,0,0,0,0,0,0,0,0,0,0,0,0,0,0,0,0,0,0,0,0,0,0,0,0,0,0,0,130,196
170,85,3455,17132,5093,4750,8142,3156,2751,2973,0,0,0,0,0,0,0,0,0,0,0,0,0,0,0,0,0,0,0,0,0,0,0,0,0,0,0,227,196
170,85,3952,17133,4876,3139,8041,3091,3248,4579,0,0,0,0,0,0,0,0,0,0,0,0,0,0,0,0,0,0,0,0,0,0,0,0,0,0,0,88,196
170,85,4481,17135,4064,3129,8213,3883,4217,3409,0,0,0,0,0,0,0,0,0,0,0,0,0,0,0,0,0,0,0,0,0,0,0,0,0,0,0,60,196
170,85,3647,17132,4218,4042,8489,4054,2979,2619,0,0,0,0,0,0,0,0,0,0,0,0,0,0,0,0,0,0,0,0,0,0,0,0,0,0,0,135,196
170,85,4276,17142,4600,2990,8064,3218,3751,4426,0,0,0,0,0,0,0,0,0,0,0,0,0,0,0,0,0,0,0,0,0,0,0,0,0,0,0,80,196
170,85,4360,17133,4046,3256,8294,4152,4045,2799,0,0,0,0,0,0,0,0,0,0,0,0,0,0,0,0,0,0,0,0,0,0,0,0,0,0,0,117,196
170,85,3462,17133,4339,4659,8417,3824,2865,2691,0,0,0,0,0,0,0,0,0,0,0,0,0,0,0,0,0,0,0,0,0,0,0,0,0,0,0,149,196
170,85,3507,17131,5187,4377,8055,3047,2825,3236,0,0,0,0,0,0,0,0,0,0,0,0,0,0,0,0,0,0,0,0,0,0,0,0,0,0,0,153,196
170,85,4309,17128,4584,2997,8081,3234,3721,4395,0,0,0,0,0,0,0,0,0,0,0,0,0,0,0,0,0,0,0,0,0,0,0,0,0,0,0,74,196
170,85,4359,17128,4037,3227,8294,4148,4032,2795,0,0,0,0,0,0,0,0,0,0,0,0,0,0,0,0,0,0,0,0,0,0,0,0,0,0,0,82,196
170,85,3472,17123,4312,4655,8406,3837,2844,2703,0,0,0,0,0,0,0,0,0,0,0,0,0,0,0,0,0,0,0,0,0,0,0,0,0,0,0,161,196
170,85,4605,17125,4360,3015,8146,3365,4168,4177,0,0,0,0,0,0,0,0,0,0,0,0,0,0,0,0,0,0,0,0,0,0,0,0,0,0,0,157,196
170,85,4076,17121,4069,3412,8399,4191,3695,2485,0,0,0,0,0,0,0,0,0,0,0,0,0,0,0,0,0,0,0,0,0,0,0,0,0,0,0,113,196
170,85,3360,17122,4579,4996,8309,3595,2784,2782,0,0,0,0,0,0,0,0,0,0,0,0,0,0,0,0,0,0,0,0,0,0,0,0,0,0,0,121,196
170,85,3635,17120,5156,3867,8010,2969,2953,3863,0,0,0,0,0,0,0,0,0,0,0,0,0,0,0,0,0,0,0,0,0,0,0,0,0,0,0,25,196
170,85,4615,17124,4329,3009,8153,3365,4190,4162,0,0,0,0,0,0,0,0,0,0,0,0,0,0,0,0,0,0,0,0,0,0,0,0,0,0,0,141,195
170,85,4058,17118,4050,3440,8381,4219,3714,2485,0,0,0,0,0,0,0,0,0,0,0,0,0,0,0,0,0,0,0,0,0,0,0,0,0,0,0,208,196
170,85,3376,17124,4559,4993,8299,3571,2781,2772,0,0,0,0,0,0,0,0,0,0,0,0,0,0,0,0,0,0,0,0,0,0,0,0,0,0,0,148,196
170,85,4690,17122,4175,3095,8178,3683,4205,3757,0,0,0,0,0,0,0,0,0,0,0,0,0,0,0,0,0,0,0,0,0,0,0,0,0,0,0,5,196
170,85,3764,17123,4121,3704,8476,4162,3260,2587,0,0,0,0,0,0,0,0,0,0,0,0,0,0,0,0,0,0,0,0,0,0,0,0,0,0,0,85,196
170,85,3443,17122,4928,4871,8176,3265,2766,2927,0,0,0,0,0,0,0,0,0,0,0,0,0,0,0,0,0,0,0,0,0,0,0,0,0,0,0,228,196
170,85,3742,17124,4973,3299,8014,3009,3088,4363,0,0,0,0,0,0,0,0,0,0,0,0,0,0,0,0,0,0,0,0,0,0,0,0,0,0,0,197,196
170,85,4629,17121,4184,3076,8189,3652,4229,3847,0,0,0,0,0,0,0,0,0,0,0,0,0,0,0,0,0,0,0,0,0,0,0,0,0,0,0,46,196
170,85,3758,17121,4138,3707,8492,4141,3269,2582,0,0,0,0,0,0,0,0,0,0,0,0,0,0,0,0,0,0,0,0,0,0,0,0,0,0,0,86,196
170,85,3412,17122,4927,4854,8172,3242,2755,2919,0,0,0,0,0,0,0,0,0,0,0,0,0,0,0,0,0,0,0,0,0,0,0,0,0,0,0,62,196
170,85,4523,17120,4047,3147,8224,4003,4198,3245,0,0,0,0,0,0,0,0,0,0,0,0,0,0,0,0,0,0,0,0,0,0,0,0,0,0,0,27,196
170,85,3593,17123,4233,4191,8450,3988,2926,2638,0,0,0,0,0,0,0,0,0,0,0,0,0,0,0,0,0,0,0,0,0,0,0,0,0,0,0,22,196
170,85,3462,17122,5171,4572,8082,3099,2789,3079,0,0,0,0,0,0,0,0,0,0,0,0,0,0,0,0,0,0,0,0,0,0,0,0,0,0,0,64,196
170,85,4096,17120,4702,3097,8039,3137,3467,4489,0,0,0,0,0,0,0,0,0,0,0,0,0,0,0,0,0,0,0,0,0,0,0,0,0,0,0,63,196
170,85,4468,17121,4046,3155,8219,3996,4185,3200,0,0,0,0,0,0,0,0,0,0,0,0,0,0,0,0,0,0,0,0,0,0,0,0,0,0,0,202,196
170,85,3568,17128,4274,4224,8458,3983,2924,2658,0,0,0,0,0,0,0,0,0,0,0,0,0,0,0,0,0,0,0,0,0,0,0,0,0,0,0,62,196
170,85,3473,17132,5195,4551,8100,3115,2796,3083,0,0,0,0,0,0,0,0,0,0,0,0,0,0,0,0,0,0,0,0,0,0,0,0,0,0,0,57,196
170,85,4278,17129,4040,3329,8346,4149,3922,2586,0,0,0,0,0,0,0,0,0,0,0,0,0,0,0,0,0,0,0,0,0,0,0,0,0,0,0,235,196
170,85,3398,17128,4390,4796,8373,3745,2822,2739,0,0,0,0,0,0,0,0,0,0,0,0,0,0,0,0,0,0,0,0,0,0,0,0,0,0,0,9,195
170,85,3580,17134,5166,4318,8040,3044,2868,3410,0,0,0,0,0,0,0,0,0,0,0,0,0,0,0,0,0,0,0,0,0,0,0,0,0,0,0,174,196
170,85,4469,17134,4484,2958,8090,3279,3947,4348,0,0,0,0,0,0,0,0,0,0,0,0,0,0,0,0,0,0,0,0,0,0,0,0,0,0,0,233,196
170,85,4213,17133,4050,3329,8341,4165,3937,2618,0,0,0,0,0,0,0,0,0,0,0,0,0,0,0,0,0,0,0,0,0,0,0,0,0,0,0,90,196
170,85,3396,17135,4401,4784,8381,3771,2837,2720,0,0,0,0,0,0,0,0,0,0,0,0,0,0,0,0,0,0,0,0,0,0,0,0,0,0,0,5,195
170,85,3556,17134,5200,4334,8056,3038,2867,3401,0,0,0,0,0,0,0,0,0,0,0,0,0,0,0,0,0,0,0,0,0,0,0,0,0,0,0,206,196
170,85,4067,17133,4080,3486,8441,4213,3535,2541,0,0,0,0,0,0,0,0,0,0,0,0,0,0,0,0,0,0,0,0,0,0,0,0,0,0,0,74,196
170,85,3416,17138,4692,4933,8265,3432,2778,2825,0,0,0,0,0,0,0,0,0,0,0,0,0,0,0,0,0,0,0,0,0,0,0,0,0,0,0,212,196
170,85,3658,17139,5123,3738,8021,2944,3002,3985,0,0,0,0,0,0,0,0,0,0,0,0,0,0,0,0,0,0,0,0,0,0,0,0,0,0,0,103,196
170,85,4592,17137,4246,3054,8157,3442,4195,4064,0,0,0,0,0,0,0,0,0,0,0,0,0,0,0,0,0,0,0,0,0,0,0,0,0,0,0,239,196
170,85,3992,17136,4071,3463,8415,4183,3586,2544,0,0,0,0,0,0,0,0,0,0,0,0,0,0,0,0,0,0,0,0,0,0,0,0,0,0,0,245,196
170,85,3378,17140,4699,4920,8247,3429,2759,2869,0,0,0,0,0,0,0,0,0,0,0,0,0,0,0,0,0,0,0,0,0,0,0,0,0,0,0,152,196
170,85,3665,17144,5124,3714,8005,2969,2962,4032,0,0,0,0,0,0,0,0,0,0,0,0,0,0,0,0,0,0,0,0,0,0,0,0,0,0,0,24,196
170,85,3791,17145,4140,3840,8501,4116,3121,2582,0,0,0,0,0,0,0,0,0,0,0,0,0,0,0,0,0,0,0,0,0,0,0,0,0,0,0,135,196
170,85,3447,17142,4985,4827,8161,3201,2788,2931,0,0,0,0,0,0,0,0,0,0,0,0,0,0,0,0,0,0,0,0,0,0,0,0,0,0,0,119,196
170,85,3895,17146,4918,3201,8031,3058,3148,4546,0,0,0,0,0,0,0,0,0,0,0,0,0,0,0,0,0,0,0,0,0,0,0,0,0,0,0,253,196
170,85,4533,17139,4157,3088,8202,3741,4253,3661,0,0,0,0,0,0,0,0,0,0,0,0,0,0,0,0,0,0,0,0,0,0,0,0,0,0,0,172,196
170,85,3724,17136,4164,3828,8516,4105,3150,2611,0,0,0,0,0,0,0,0,0,0,0,0,0,0,0,0,0,0,0,0,0,0,0,0,0,0,0,102,196
170,85,3425,17140,4981,4845,8169,3225,2760,2970,0,0,0,0,0,0,0,0,0,0,0,0,0,0,0,0,0,0,0,0,0,0,0,0,0,0,0,140,196
170,85,3860,17141,4934,3226,8030,3070,3142,4533,0,0,0,0,0,0,0,0,0,0,0,0,0,0,0,0,0,0,0,0,0,0,0,0,0,0,0,202,196
170,85,3547,17138,4270,4499,8430,3906,2835,2678,0,0,0,0,0,0,0,0,0,0,0,0,0,0,0,0,0,0,0,0,0,0,0,0,0,0,0,66,196
170,85,3513,17141,5218,4445,8068,3065,2799,3150,0,0,0,0,0,0,0,0,0,0,0,0,0,0,0,0,0,0,0,0,0,0,0,0,0,0,0,8,196
170,85,4236,17147,4639,2994,8069,3189,3646,4426,0,0,0,0,0,0,0,0,0,0,0,0,0,0,0,0,0,0,0,0,0,0,0,0,0,0,0,230,196
170,85,4356,17143,4041,3227,8278,4134,4105,2852,0,0,0,0,0,0,0,0,0,0,0,0,0,0,0,0,0,0,0,0,0,0,0,0,0,0,0,120,196
170,85,3511,17139,4324,4533,8434,3898,2837,2689,0,0,0,0,0,0,0,0,0,0,0,0,0,0,0,0,0,0,0,0,0,0,0,0,0,0,0,214,196
170,85,3511,17147,5193,4431,8063,3085,2803,3153,0,0,0,0,0,0,0,0,0,0,0,0,0,0,0,0,0,0,0,0,0,0,0,0,0,0,0,58,196
170,85,4241,17146,4644,2995,8073,3214,3653,4439,0,0,0,0,0,0,0,0,0,0,0,0,0,0,0,0,0,0,0,0,0,0,0,0,0,0,0,81,196
170,85,3339,17143,4472,4981,8325,3616,2788,2764,0,0,0,0,0,0,0,0,0,0,0,0,0,0,0,0,0,0,0,0,0,0,0,0,0,0,0,224,196
170,85,3625,17141,5168,4047,8020,2987,2946,3673,0,0,0,0,0,0,0,0,0,0,0,0,0,0,0,0,0,0,0,0,0,0,0,0,0,0,0,190,196
170,85,4519,17142,4372,2975,8148,3335,4078,4290,0,0,0,0,0,0,0,0,0,0,0,0,0,0,0,0,0,0,0,0,0,0,0,0,0,0,0,158,196
170,85,4156,17138,4048,3355,8375,4195,3833,2479,0,0,0,0,0,0,0,0,0,0,0,0,0,0,0,0,0,0,0,0,0,0,0,0,0,0,0,31,196
170,85,3401,17141,4453,4930,8355,3678,2796,2746,0,0,0,0,0,0,0,0,0,0,0,0,0,0,0,0,0,0,0,0,0,0,0,0,0,0,0,172,196
170,85,3626,17139,5182,4090,8041,2995,2899,3651,0,0,0,0,0,0,0,0,0,0,0,0,0,0,0,0,0,0,0,0,0,0,0,0,0,0,0,110,196
170,85,4513,17143,4377,3014,8127,3337,4058,4296,0,0,0,0,0,0,0,0,0,0,0,0,0,0,0,0,0,0,0,0,0,0,0,0,0,0,0,150,196
170,85,3328,17142,4766,4907,8237,3369,2764,2863,0,0,0,0,0,0,0,0,0,0,0,0,0,0,0,0,0,0,0,0,0,0,0,0,0,0,0,57,196
170,85,3678,17144,5063,3573,8014,2950,3023,4152,0,0,0,0,0,0,0,0,0,0,0,0,0,0,0,0,0,0,0,0,0,0,0,0,0,0,0,9,196
170,85,4669,17143,4221,3047,8172,3556,4243,3935,0,0,0,0,0,0,0,0,0,0,0,0,0,0,0,0,0,0,0,0,0,0,0,0,0,0,0,45,196
170,85,3841,17142,4102,3556,8440,4195,3432,2553,0,0,0,0,0,0,0,0,0,0,0,0,0,0,0,0,0,0,0,0,0,0,0,0,0,0,0,132,196
170,85,3421,17139,4770,4922,8234,3374,2766,2896,0,0,0,0,0,0,0,0,0,0,0,0,0,0,0,0,0,0,0,0,0,0,0,0,0,0,0,49,196
170,85,3683,17140,5118,3588,8017,2984,3023,4099,0,0,0,0,0,0,0,0,0,0,0,0,0,0,0,0,0,0,0,0,0,0,0,0,0,0,0,249,195
170,85,4625,17139,4251,3036,8167,3552,4236,3939,0,0,0,0,0,0,0,0,0,0,0,0,0,0,0,0,0,0,0,0,0,0,0,0,0,0,0,244,196
170,85,3346,17142,5018,4755,8131,3179,2764,3002,0,0,0,0,0,0,0,0,0,0,0,0,0,0,0,0,0,0,0,0,0,0,0,0,0,0,0,144,196
170,85,3906,17142,4882,3180,8037,3118,3252,4584,0,0,0,0,0,0,0,0,0,0,0,0,0,0,0,0,0,0,0,0,0,0,0,0,0,0,0,126,196
170,85,4528,17141,4110,3114,8209,3793,4258,3568,0,0,0,0,0,0,0,0,0,0,0,0,0,0,0,0,0,0,0,0,0,0,0,0,0,0,0,112,196
170,85,3641,17142,4203,3973,8493,4063,3029,2602,0,0,0,0,0,0,0,0,0,0,0,0,0,0,0,0,0,0,0,0,0,0,0,0,0,0,0,175,196
170,85,3441,17143,5052,4784,8141,3173,2751,2998,0,0,0,0,0,0,0,0,0,0,0,0,0,0,0,0,0,0,0,0,0,0,0,0,0,0,0,136,196
170,85,3902,17143,4900,3189,8046,3111,3215,4603,0,0,0,0,0,0,0,0,0,0,0,0,0,0,0,0,0,0,0,0,0,0,0,0,0,0,0,6,196
170,85,4547,17145,4127,3118,8191,3787,4251,3612,0,0,0,0,0,0,0,0,0,0,0,0,0,0,0,0,0,0,0,0,0,0,0,0,0,0,0,7,196
170,85,3390,17143,5200,4422,8063,3066,2814,3163,0,0,0,0,0,0,0,0,0,0,0,0,0,0,0,0,0,0,0,0,0,0,0,0,0,0,0,88,196
170,85,4245,17144,4607,2966,8088,3211,3647,4414,0,0,0,0,0,0,0,0,0,0,0,0,0,0,0,0,0,0,0,0,0,0,0,0,0,0,0,173,196
170,85,4368,17142,4062,3216,8268,4129,4093,2923,0,0,0,0,0,0,0,0,0,0,0,0,0,0,0,0,0,0,0,0,0,0,0,0,0,0,0,200,196
170,85,3519,17147,4332,4499,8435,3918,2835,2661,0,0,0,0,0,0,0,0,0,0,0,0,0,0,0,0,0,0,0,0,0,0,0,0,0,0,0,111,196
170,85,3483,17144,5183,4492,8083,3083,2805,3138,0,0,0,0,0,0,0,0,0,0,0,0,0,0,0,0,0,0,0,0,0,0,0,0,0,0,0,95,196
170,85,4244,17145,4608,3030,8079,3217,3662,4425,0,0,0,0,0,0,0,0,0,0,0,0,0,0,0,0,0,0,0,0,0,0,0,0,0,0,0,26,196
170,85,4368,17145,4023,3228,8282,4127,4091,2941,0,0,0,0,0,0,0,0,0,0,0,0,0,0,0,0,0,0,0,0,0,0,0,0,0,0,0,154,196
170,85,3469,17143,5203,4139,8036,3004,2920,3635,0,0,0,0,0,0,0,0,0,0,0,0,0,0,0,0,0,0,0,0,0,0,0,0,0,0,0,36,196
170,85,4549,17148,4377,3011,8129,3332,4011,4316,0,0,0,0,0,0,0,0,0,0,0,0,0,0,0,0,0,0,0,0,0,0,0,0,0,0,0,234,196
170,85,4138,17144,4060,3362,8394,4181,3790,2527,0,0,0,0,0,0,0,0,0,0,0,0,0,0,0,0,0,0,0,0,0,0,0,0,0,0,0,58,195
170,85,3392,17148,4520,4956,8353,3647,2817,2761,0,0,0,0,0,0,0,0,0,0,0,0,0,0,0,0,0,0,0,0,0,0,0,0,0,0,0,131,196
170,85,3625,17147,5180,4157,8043,3014,2895,3577,0,0,0,0,0,0,0,0,0,0,0,0,0,0,0,0,0,0,0,0,0,0,0,0,0,0,0,109,196
170,85,4512,17149,4427,3008,8109,3289,4013,4331,0,0,0,0,0,0,0,0,0,0,0,0,0,0,0,0,0,0,0,0,0,0,0,0,0,0,0,94,196
170,85,4159,17147,4069,3373,8376,4193,3839,2497,0,0,0,0,0,0,0,0,0,0,0,0,0,0,0,0,0,0,0,0,0,0,0,0,0,0,0,115,196
170,85,3571,17149,5106,3569,8026,2956,3033,4134,0,0,0,0,0,0,0,0,0,0,0,0,0,0,0,0,0,0,0,0,0,0,0,0,0,0,0,133,196
170,85,4588,17152,4243,3041,8169,3526,4246,3972,0,0,0,0,0,0,0,0,0,0,0,0,0,0,0,0,0,0,0,0,0,0,0,0,0,0,0,24,196
170,85,3931,17151,4099,3514,8443,4240,3503,2545,0,0,0,0,0,0,0,0,0,0,0,0,0,0,0,0,0,0,0,0,0,0,0,0,0,0,0,179,196
170,85,3405,17152,4761,4915,8251,3367,2765,2881,0,0,0,0,0,0,0,0,0,0,0,0,0,0,0,0,0,0,0,0,0,0,0,0,0,0,0,235,195
170,85,3682,17152,5127,3619,8029,2955,2977,4108,0,0,0,0,0,0,0,0,0,0,0,0,0,0,0,0,0,0,0,0,0,0,0,0,0,0,0,154,196
170,85,4656,17152,4261,3037,8166,3501,4230,3986,0,0,0,0,0,0,0,0,0,0,0,0,0,0,0,0,0,0,0,0,0,0,0,0,0,0,0,175,196
170,85,3943,17152,4081,3494,8440,4241,3506,2567,0,0,0,0,0,0,0,0,0,0,0,0,0,0,0,0,0,0,0,0,0,0,0,0,0,0,0,106,196
170,85,3864,17153,4931,3201,8038,3079,3226,4596,0,0,0,0,0,0,0,0,0,0,0,0,0,0,0,0,0,0,0,0,0,0,0,0,0,0,0,118,196
170,85,4536,17154,4136,3118,8203,3768,4254,3631,0,0,0,0,0,0,0,0,0,0,0,0,0,0,0,0,0,0,0,0,0,0,0,0,0,0,0,63,196
170,85,3711,17153,4170,3877,8509,4106,3123,2590,0,0,0,0,0,0,0,0,0,0,0,0,0,0,0,0,0,0,0,0,0,0,0,0,0,0,0,145,196
170,85,3443,17155,4997,4829,8169,3191,2767,2955,0,0,0,0,0,0,0,0,0,0,0,0,0,0,0,0,0,0,0,0,0,0,0,0,0,0,0,80,196
170,85,3847,17154,4943,3261,8051,3040,3123,4468,0,0,0,0,0,0,0,0,0,0,0,0,0,0,0,0,0,0,0,0,0,0,0,0,0,0,0,134,196
170,85,4572,17158,4148,3092,8191,3768,4222,3685,0,0,0,0,0,0,0,0,0,0,0,0,0,0,0,0,0,0,0,0,0,0,0,0,0,0,0,24,196
170,85,3749,17158,4168,3829,8492,4138,3175,2603,0,0,0,0,0,0,0,0,0,0,0,0,0,0,0,0,0,0,0,0,0,0,0,0,0,0,0,207,196
170,85,4176,17156,4743,3074,8067,3151,3498,4477,0,0,0,0,0,0,0,0,0,0,0,0,0,0,0,0,0,0,0,0,0,0,0,0,0,0,0,119,196
170,85,4435,17154,4070,3198,8238,4022,4190,3139,0,0,0,0,0,0,0,0,0,0,0,0,0,0,0,0,0,0,0,0,0,0,0,0,0,0,0,209,195
170,85,3571,17156,4275,4361,8449,3954,2900,2684,0,0,0,0,0,0,0,0,0,0,0,0,0,0,0,0,0,0,0,0,0,0,0,0,0,0,0,137,196
170,85,3455,17157,5212,4571,8113,3090,2783,3080,0,0,0,0,0,0,0,0,0,0,0,0,0,0,0,0,0,0,0,0,0,0,0,0,0,0,0,40,196
170,85,4165,17155,4741,3042,8078,3143,3505,4481,0,0,0,0,0,0,0,0,0,0,0,0,0,0,0,0,0,0,0,0,0,0,0,0,0,0,0,98,196
170,85,4432,17156,4066,3198,8253,4041,4152,3114,0,0,0,0,0,0,0,0,0,0,0,0,0,0,0,0,0,0,0,0,0,0,0,0,0,0,0,179,196
170,85,3561,17154,4286,4372,8456,3941,2846,2676,0,0,0,0,0,0,0,0,0,0,0,0,0,0,0,0,0,0,0,0,0,0,0,0,0,0,0,217,196
170,85,4498,17158,4471,3004,8140,3297,4003,4324,0,0,0,0,0,0,0,0,0,0,0,0,0,0,0,0,0,0,0,0,0,0,0,0,0,0,0,142,196
170,85,4190,17156,4061,3367,8377,4155,3868,2563,0,0,0,0,0,0,0,0,0,0,0,0,0,0,0,0,0,0,0,0,0,0,0,0,0,0,0,166,196
170,85,3374,17153,4428,4890,8376,3718,2824,2748,0,0,0,0,0,0,0,0,0,0,0,0,0,0,0,0,0,0,0,0,0,0,0,0,0,0,0,111,196
170,85,3622,17155,5214,4144,8049,3023,2918,3602,0,0,0,0,0,0,0,0,0,0,0,0,0,0,0,0,0,0,0,0,0,0,0,0,0,0,0,38,196
170,85,4508,17154,4432,3007,8134,3303,3984,4323,0,0,0,0,0,0,0,0,0,0,0,0,0,0,0,0,0,0,0,0,0,0,0,0,0,0,0,152,196
170,85,4198,17159,4048,3374,8393,4171,3861,2533,0,0,0,0,0,0,0,0,0,0,0,0,0,0,0,0,0,0,0,0,0,0,0,0,0,0,0,117,196
170,85,3406,17157,4417,4858,8379,3727,2843,2731,0,0,0,0,0,0,0,0,0,0,0,0,0,0,0,0,0,0,0,0,0,0,0,0,0,0,0,233,195
170,85,4680,17163,4298,3069,8185,3527,4246,3975,0,0,0,0,0,0,0,0,0,0,0,0,0,0,0,0,0,0,0,0,0,0,0,0,0,0,0,227,196
170,85,3917,17156,4113,3516,8435,4207,3484,2556,0,0,0,0,0,0,0,0,0,0,0,0,0,0,0,0,0,0,0,0,0,0,0,0,0,0,0,130,196
170,85,3437,17160,4732,4941,8286,3438,2775,2834,0,0,0,0,0,0,0,0,0,0,0,0,0,0,0,0,0,0,0,0,0,0,0,0,0,0,0,61,196
170,85,3658,17158,5155,3713,8039,2942,2997,4012,0,0,0,0,0,0,0,0,0,0,0,0,0,0,0,0,0,0,0,0,0,0,0,0,0,0,0,86,196
170,85,4650,17156,4284,3028,8173,3470,4193,4081,0,0,0,0,0,0,0,0,0,0,0,0,0,0,0,0,0,0,0,0,0,0,0,0,0,0,0,13,195
170,85,3949,17160,4095,3478,8434,4247,3526,2566,0,0,0,0,0,0,0,0,0,0,0,0,0,0,0,0,0,0,0,0,0,0,0,0,0,0,0,47,196
170,85,3428,17157,4664,4976,8280,3466,2787,2831,0,0,0,0,0,0,0,0,0,0,0,0,0,0,0,0,0,0,0,0,0,0,0,0,0,0,0,139,196
170,85,4685,17157,4167,3114,8199,3752,4262,3724,0,0,0,0,0,0,0,0,0,0,0,0,0,0,0,0,0,0,0,0,0,0,0,0,0,0,0,34,196
170,85,3759,17158,4162,3761,8504,4148,3204,2570,0,0,0,0,0,0,0,0,0,0,0,0,0,0,0,0,0,0,0,0,0,0,0,0,0,0,0,67,196
170,85,3432,17159,4983,4844,8190,3199,2767,2936,0,0,0,0,0,0,0,0,0,0,0,0,0,0,0,0,0,0,0,0,0,0,0,0,0,0,0,96,196
170,85,3844,17160,4956,3272,8044,3044,3119,4461,0,0,0,0,0,0,0,0,0,0,0,0,0,0,0,0,0,0,0,0,0,0,0,0,0,0,0,247,196
170,85,4589,17161,4147,3104,8206,3690,4256,3767,0,0,0,0,0,0,0,0,0,0,0,0,0,0,0,0,0,0,0,0,0,0,0,0,0,0,0,5,196
170,85,3767,17162,4158,3732,8496,4177,3258,2564,0,0,0,0,0,0,0,0,0,0,0,0,0,0,0,0,0,0,0,0,0,0,0,0,0,0,0,83,196
170,85,3449,17167,4940,4828,8188,3215,2771,2959,0,0,0,0,0,0,0,0,0,0,0,0,0,0,0,0,0,0,0,0,0,0,0,0,0,0,0,107,196
170,85,4516,17165,4079,3164,8245,3991,4183,3176,0,0,0,0,0,0,0,0,0,0,0,0,0,0,0,0,0,0,0,0,0,0,0,0,0,0,0,26,196
170,85,3572,17166,4246,4214,8484,3995,2906,2631,0,0,0,0,0,0,0,0,0,0,0,0,0,0,0,0,0,0,0,0,0,0,0,0,0,0,0,38,196
170,85,3444,17168,5167,4663,8133,3118,2778,3054,0,0,0,0,0,0,0,0,0,0,0,0,0,0,0,0,0,0,0,0,0,0,0,0,0,0,0,6,196
170,85,4102,17170,4775,3069,8089,3141,3460,4506,0,0,0,0,0,0,0,0,0,0,0,0,0,0,0,0,0,0,0,0,0,0,0,0,0,0,0,54,196
170,85,4487,17171,4064,3159,8247,3966,4226,3222,0,0,0,0,0,0,0,0,0,0,0,0,0,0,0,0,0,0,0,0,0,0,0,0,0,0,0,227,195
170,85,3601,17172,4250,4212,8468,3998,2943,2633,0,0,0,0,0,0,0,0,0,0,0,0,0,0,0,0,0,0,0,0,0,0,0,0,0,0,0,202,196
170,85,3459,17172,5173,4655,8123,3142,2775,3046,0,0,0,0,0,0,0,0,0,0,0,0,0,0,0,0,0,0,0,0,0,0,0,0,0,0,0,228,196
170,85,4326,17174,4037,3294,8347,4150,3942,2641,0,0,0,0,0,0,0,0,0,0,0,0,0,0,0,0,0,0,0,0,0,0,0,0,0,0,0,235,196
170,85,3438,17174,4399,4759,8402,3806,2831,2708,0,0,0,0,0,0,0,0,0,0,0,0,0,0,0,0,0,0,0,0,0,0,0,0,0,0,0,202,196
170,85,3576,17176,5169,4347,8088,3039,2850,3374,0,0,0,0,0,0,0,0,0,0,0,0,0,0,0,0,0,0,0,0,0,0,0,0,0,0,0,198,196
170,85,4420,17174,4555,2996,8128,3227,3801,4377,0,0,0,0,0,0,0,0,0,0,0,0,0,0,0,0,0,0,0,0,0,0,0,0,0,0,0,13,196
170,85,4325,17179,4048,3283,8330,4131,3991,2718,0,0,0,0,0,0,0,0,0,0,0,0,0,0,0,0,0,0,0,0,0,0,0,0,0,0,0,199,196
170,85,3455,17176,4370,4736,8412,3790,2850,2701,0,0,0,0,0,0,0,0,0,0,0,0,0,0,0,0,0,0,0,0,0,0,0,0,0,0,0,213,196
170,85,3553,17175,5207,4318,8078,3043,2878,3306,0,0,0,0,0,0,0,0,0,0,0,0,0,0,0,0,0,0,0,0,0,0,0,0,0,0,0,96,196
170,85,4147,17177,4079,3423,8425,4206,3666,2490,0,0,0,0,0,0,0,0,0,0,0,0,0,0,0,0,0,0,0,0,0,0,0,0,0,0,0,108,196
170,85,3402,17173,4588,5019,8300,3563,2762,2782,0,0,0,0,0,0,0,0,0,0,0,0,0,0,0,0,0,0,0,0,0,0,0,0,0,0,0,37,196
170,85,3665,17175,5217,3840,8023,2967,2959,3866,0,0,0,0,0,0,0,0,0,0,0,0,0,0,0,0,0,0,0,0,0,0,0,0,0,0,0,203,196
170,85,4646,17180,4326,3026,8163,3362,4170,4175,0,0,0,0,0,0,0,0,0,0,0,0,0,0,0,0,0,0,0,0,0,0,0,0,0,0,0,109,196
170,85,4073,17176,4083,3445,8411,4207,3721,2471,0,0,0,0,0,0,0,0,0,0,0,0,0,0,0,0,0,0,0,0,0,0,0,0,0,0,0,107,196
170,85,3378,17177,4567,4998,8339,3604,2774,2762,0,0,0,0,0,0,0,0,0,0,0,0,0,0,0,0,0,0,0,0,0,0,0,0,0,0,0,124,196
170,85,3665,17178,5217,3919,8050,2962,2927,3799,0,0,0,0,0,0,0,0,0,0,0,0,0,0,0,0,0,0,0,0,0,0,0,0,0,0,0,133,196
170,85,3923,17179,4127,3663,8491,4166,3296,2574,0,0,0,0,0,0,0,0,0,0,0,0,0,0,0,0,0,0,0,0,0,0,0,0,0,0,0,1,196
170,85,3485,17181,4852,4867,8219,3318,2766,2896,0,0,0,0,0,0,0,0,0,0,0,0,0,0,0,0,0,0,0,0,0,0,0,0,0,0,0,153,196
170,85,3762,17176,5050,3457,8026,2980,3007,4289,0,0,0,0,0,0,0,0,0,0,0,0,0,0,0,0,0,0,0,0,0,0,0,0,0,0,0,178,196
170,85,4658,17179,4203,3078,8194,3597,4261,3866,0,0,0,0,0,0,0,0,0,0,0,0,0,0,0,0,0,0,0,0,0,0,0,0,0,0,0,119,196
170,85,3794,17180,4140,3604,8468,4188,3346,2555,0,0,0,0,0,0,0,0,0,0,0,0,0,0,0,0,0,0,0,0,0,0,0,0,0,0,0,206,196
170,85,3447,17180,4824,4890,8225,3353,2756,2864,0,0,0,0,0,0,0,0,0,0,0,0,0,0,0,0,0,0,0,0,0,0,0,0,0,0,0,249,196
170,85,3716,17181,5074,3551,8049,2956,3031,4169,0,0,0,0,0,0,0,0,0,0,0,0,0,0,0,0,0,0,0,0,0,0,0,0,0,0,0,84,196
170,85,3713,17184,4198,4044,8502,4044,2972,2620,0,0,0,0,0,0,0,0,0,0,0,0,0,0,0,0,0,0,0,0,0,0,0,0,0,0,0,211,196
170,85,3460,17181,5079,4760,8140,3155,2751,3009,0,0,0,0,0,0,0,0,0,0,0,0,0,0,0,0,0,0,0,0,0,0,0,0,0,0,0,149,195
170,85,3957,17183,4881,3161,8053,3091,3278,4598,0,0,0,0,0,0,0,0,0,0,0,0,0,0,0,0,0,0,0,0,0,0,0,0,0,0,0,222,196
170,85,4540,17181,4102,3133,8209,3809,4213,3539,0,0,0,0,0,0,0,0,0,0,0,0,0,0,0,0,0,0,0,0,0,0,0,0,0,0,0,78,195
170,85,3655,17182,4214,3937,8506,4086,3060,2606,0,0,0,0,0,0,0,0,0,0,0,0,0,0,0,0,0,0,0,0,0,0,0,0,0,0,0,218,195
170,85,3467,17183,5091,4774,8161,3167,2753,2968,0,0,0,0,0,0,0,0,0,0,0,0,0,0,0,0,0,0,0,0,0,0,0,0,0,0,0,148,195
170,85,3950,17181,4875,3161,8057,3085,3196,4587,0,0,0,0,0,0,0,0,0,0,0,0,0,0,0,0,0,0,0,0,0,0,0,0,0,0,0,96,196
170,85,3397,17183,4422,4873,8377,3730,2825,2722,0,0,0,0,0,0,0,0,0,0,0,0,0,0,0,0,0,0,0,0,0,0,0,0,0,0,0,9,195
170,85,3616,17186,5208,4202,8039,3023,2893,3525,0,0,0,0,0,0,0,0,0,0,0,0,0,0,0,0,0,0,0,0,0,0,0,0,0,0,0,180,196
170,85,4522,17188,4465,3010,8110,3305,3953,4336,0,0,0,0,0,0,0,0,0,0,0,0,0,0,0,0,0,0,0,0,0,0,0,0,0,0,0,64,196
170,85,4215,17189,4048,3334,8367,4174,3885,2581,0,0,0,0,0,0,0,0,0,0,0,0,0,0,0,0,0,0,0,0,0,0,0,0,0,0,0,198,196
170,85,3399,17188,4418,4833,8391,3767,2826,2715,0,0,0,0,0,0,0,0,0,0,0,0,0,0,0,0,0,0,0,0,0,0,0,0,0,0,0,188,195
170,85,3609,17188,5202,4328,8051,3046,2853,3439,0,0,0,0,0,0,0,0,0,0,0,0,0,0,0,0,0,0,0,0,0,0,0,0,0,0,0,252,196
170,85,4412,17189,4537,2961,8086,3281,3867,4351,0,0,0,0,0,0,0,0,0,0,0,0,0,0,0,0,0,0,0,0,0,0,0,0,0,0,0,41,195
170,85,3358,17189,4601,4973,8296,3551,2783,2787,0,0,0,0,0,0,0,0,0,0,0,0,0,0,0,0,0,0,0,0,0,0,0,0,0,0,0,186,195
170,85,3636,17193,5188,4011,8034,2986,2920,3737,0,0,0,0,0,0,0,0,0,0,0,0,0,0,0,0,0,0,0,0,0,0,0,0,0,0,0,115,196
170,85,4606,17190,4358,3021,8142,3348,4130,4210,0,0,0,0,0,0,0,0,0,0,0,0,0,0,0,0,0,0,0,0,0,0,0,0,0,0,0,60,195
170,85,4143,17191,4065,3389,8394,4189,3781,2502,0,0,0,0,0,0,0,0,0,0,0,0,0,0,0,0,0,0,0,0,0,0,0,0,0,0,0,217,196
170,85,3382,17190,4475,4913,8353,3692,2825,2750,0,0,0,0,0,0,0,0,0,0,0,0,0,0,0,0,0,0,0,0,0,0,0,0,0,0,0,188,195
170,85,3629,17197,5178,4207,8042,3010,2891,3496,0,0,0,0,0,0,0,0,0,0,0,0,0,0,0,0,0,0,0,0,0,0,0,0,0,0,0,186,196
170,85,4548,17194,4457,3004,8119,3288,3992,4301,0,0,0,0,0,0,0,0,0,0,0,0,0,0,0,0,0,0,0,0,0,0,0,0,0,0,0,186,196
170,85,3322,17192,4686,4945,8255,3429,2756,2837,0,0,0,0,0,0,0,0,0,0,0,0,0,0,0,0,0,0,0,0,0,0,0,0,0,0,0,219,195
170,85,3661,17191,5174,3706,8003,2954,2995,3982,0,0,0,0,0,0,0,0,0,0,0,0,0,0,0,0,0,0,0,0,0,0,0,0,0,0,0,106,195
170,85,4633,17190,4313,3027,8158,3415,4186,4115,0,0,0,0,0,0,0,0,0,0,0,0,0,0,0,0,0,0,0,0,0,0,0,0,0,0,0,82,195
170,85,4000,17191,4099,3494,8417,4216,3618,2519,0,0,0,0,0,0,0,0,0,0,0,0,0,0,0,0,0,0,0,0,0,0,0,0,0,0,0,215,195
170,85,3389,17192,4601,5008,8277,3545,2761,2795,0,0,0,0,0,0,0,0,0,0,0,0,0,0,0,0,0,0,0,0,0,0,0,0,0,0,0,76,195
170,85,3653,17192,5210,3972,8014,2982,2934,3768,0,0,0,0,0,0,0,0,0,0,0,0,0,0,0,0,0,0,0,0,0,0,0,0,0,0,0,45,195
170,85,4580,17188,4360,3021,8129,3345,4095,4260,0,0,0,0,0,0,0,0,0,0,0,0,0,0,0,0,0,0,0,0,0,0,0,0,0,0,0,52,195
170,85,3356,17192,4850,4879,8218,3298,2759,2919,0,0,0,0,0,0,0,0,0,0,0,0,0,0,0,0,0,0,0,0,0,0,0,0,0,0,0,12,195
170,85,3700,17194,5094,3508,8022,2991,3003,4245,0,0,0,0,0,0,0,0,0,0,0,0,0,0,0,0,0,0,0,0,0,0,0,0,0,0,0,120,195
170,85,4631,17190,4236,3087,8169,3563,4233,3925,0,0,0,0,0,0,0,0,0,0,0,0,0,0,0,0,0,0,0,0,0,0,0,0,0,0,0,211,196
170,85,3913,17191,4114,3538,8437,4211,3458,2557,0,0,0,0,0,0,0,0,0,0,0,0,0,0,0,0,0,0,0,0,0,0,0,0,0,0,0,205,195
170,85,3461,17189,4758,4935,8241,3403,2745,2875,0,0,0,0,0,0,0,0,0,0,0,0,0,0,0,0,0,0,0,0,0,0,0,0,0,0,0,21,196
170,85,3683,17193,5162,3658,8003,2945,3013,4055,0,0,0,0,0,0,0,0,0,0,0,0,0,0,0,0,0,0,0,0,0,0,0,0,0,0,0,66,196
170,85,4637,17194,4260,3036,8156,3488,4231,4018,0,0,0,0,0,0,0,0,0,0,0,0,0,0,0,0,0,0,0,0,0,0,0,0,0,0,0,190,195
170,85,3336,17193,4985,4847,8171,3221,2780,2967,0,0,0,0,0,0,0,0,0,0,0,0,0,0,0,0,0,0,0,0,0,0,0,0,0,0,0,32,195
170,85,3793,17193,4966,3318,8033,3031,3101,4382,0,0,0,0,0,0,0,0,0,0,0,0,0,0,0,0,0,0,0,0,0,0,0,0,0,0,0,121,196
170,85,3967,17194,4821,3106,8043,3160,3400,4557,0,0,0,0,0,0,0,0,0,0,0,0,0,0,0,0,0,0,0,0,0,0,0,0,0,0,0,182,195
170,85,4498,17193,4086,3151,8228,3943,4204,3312,0,0,0,0,0,0,0,0,0,0,0,0,0,0,0,0,0,0,0,0,0,0,0,0,0,0,0,64,195
170,85,3622,17191,4250,4078,8463,4025,2980,2602,0,0,0,0,0,0,0,0,0,0,0,0,0,0,0,0,0,0,0,0,0,0,0,0,0,0,0,207,196
170,85,3506,17193,5084,4777,8133,3143,2766,3009,0,0,0,0,0,0,0,0,0,0,0,0,0,0,0,0,0,0,0,0,0,0,0,0,0,0,0,193,195
170,85,3957,17193,4880,3168,8028,3093,3283,4577,0,0,0,0,0,0,0,0,0,0,0,0,0,0,0,0,0,0,0,0,0,0,0,0,0,0,0,245,195
170,85,3530,17196,4285,4513,8441,3907,2836,2679,0,0,0,0,0,0,0,0,0,0,0,0,0,0,0,0,0,0,0,0,0,0,0,0,0,0,0,189,195
170,85,3533,17192,5210,4532,8095,3115,2793,3102,0,0,0,0,0,0,0,0,0,0,0,0,0,0,0,0,0,0,0,0,0,0,0,0,0,0,0,233,195
170,85,4178,17192,4735,3074,8037,3146,3458,4510,0,0,0,0,0,0,0,0,0,0,0,0,0,0,0,0,0,0,0,0,0,0,0,0,0,0,0,137,196
170,85,4476,17192,4079,3179,8222,4026,4163,3129,0,0,0,0,0,0,0,0,0,0,0,0,0,0,0,0,0,0,0,0,0,0,0,0,0,0,0,147,196
170,85,3586,17193,4255,4210,8456,3989,2926,2628,0,0,0,0,0,0,0,0,0,0,0,0,0,0,0,0,0,0,0,0,0,0,0,0,0,0,0,236,195
170,85,3506,17191,5162,4683,8105,3134,2776,3041,0,0,0,0,0,0,0,0,0,0,0,0,0,0,0,0,0,0,0,0,0,0,0,0,0,0,0,255,195
170,85,3985,17192,4838,3192,8040,3107,3287,4593,0,0,0,0,0,0,0,0,0,0,0,0,0,0,0,0,0,0,0,0,0,0,0,0,0,0,0,233,196
170,85,3506,17195,4346,4617,8422,3831,2847,2691,0,0,0,0,0,0,0,0,0,0,0,0,0,0,0,0,0,0,0,0,0,0,0,0,0,0,0,123,196
170,85,3567,17192,5238,4447,8072,3056,2834,3152,0,0,0,0,0,0,0,0,0,0,0,0,0,0,0,0,0,0,0,0,0,0,0,0,0,0,0,115,195
170,85,4221,17192,4700,3071,8063,3192,3580,4458,0,0,0,0,0,0,0,0,0,0,0,0,0,0,0,0,0,0,0,0,0,0,0,0,0,0,0,221,196
170,85,4434,17193,4067,3238,8237,4048,4156,3111,0,0,0,0,0,0,0,0,0,0,0,0,0,0,0,0,0,0,0,0,0,0,0,0,0,0,0,69,195
170,85,3574,17195,4285,4245,8461,3994,2913,2657,0,0,0,0,0,0,0,0,0,0,0,0,0,0,0,0,0,0,0,0,0,0,0,0,0,0,0,252,196
170,85,3507,17192,5218,4598,8102,3106,2786,3064,0,0,0,0,0,0,0,0,0,0,0,0,0,0,0,0,0,0,0,0,0,0,0,0,0,0,0,55,195
170,85,4103,17194,4813,3096,8067,3134,3403,4554,0,0,0,0,0,0,0,0,0,0,0,0,0,0,0,0,0,0,0,0,0,0,0,0,0,0,0,121,196
170,85,3487,17195,4335,4654,8418,3834,2855,2683,0,0,0,0,0,0,0,0,0,0,0,0,0,0,0,0,0,0,0,0,0,0,0,0,0,0,0,173,195
170,85,3511,17192,5231,4438,8065,3067,2820,3166,0,0,0,0,0,0,0,0,0,0,0,0,0,0,0,0,0,0,0,0,0,0,0,0,0,0,0,33,195
170,85,4286,17194,4617,3001,8071,3240,3676,4420,0,0,0,0,0,0,0,0,0,0,0,0,0,0,0,0,0,0,0,0,0,0,0,0,0,0,0,170,196
170,85,4420,17195,4066,3242,8267,4109,4125,2939,0,0,0,0,0,0,0,0,0,0,0,0,0,0,0,0,0,0,0,0,0,0,0,0,0,0,0,130,195
170,85,3546,17192,4311,4404,8432,3937,2853,2649,0,0,0,0,0,0,0,0,0,0,0,0,0,0,0,0,0,0,0,0,0,0,0,0,0,0,0,98,195
170,85,3520,17190,5205,4571,8082,3096,2791,3079,0,0,0,0,0,0,0,0,0,0,0,0,0,0,0,0,0,0,0,0,0,0,0,0,0,0,0,163,196
170,85,4165,17193,4734,3109,8048,3146,3484,4487,0,0,0,0,0,0,0,0,0,0,0,0,0,0,0,0,0,0,0,0,0,0,0,0,0,0,0,171,196
170,85,3448,17193,4356,4763,8396,3805,2837,2732,0,0,0,0,0,0,0,0,0,0,0,0,0,0,0,0,0,0,0,0,0,0,0,0,0,0,0,251,196
170,85,3550,17191,5227,4387,8074,3050,2846,3286,0,0,0,0,0,0,0,0,0,0,0,0,0,0,0,0,0,0,0,0,0,0,0,0,0,0,0,190,195
170,85,4355,17191,4592,2971,8103,3223,3749,4404,0,0,0,0,0,0,0,0,0,0,0,0,0,0,0,0,0,0,0,0,0,0,0,0,0,0,0,85,196
170,85,4343,17192,4074,3275,8296,4128,4037,2794,0,0,0,0,0,0,0,0,0,0,0,0,0,0,0,0,0,0,0,0,0,0,0,0,0,0,0,3,195
170,85,3731,17194,4214,3696,8503,4177,3284,2600,0,0,0,0,0,0,0,0,0,0,0,0,0,0,0,0,0,0,0,0,0,0,0,0,0,0,0,190,195
170,85,3460,17195,4950,4852,8173,3221,2770,2937,0,0,0,0,0,0,0,0,0,0,0,0,0,0,0,0,0,0,0,0,0,0,0,0,0,0,0,124,195
170,85,3808,17194,5013,3323,8049,3032,3097,4375,0,0,0,0,0,0,0,0,0,0,0,0,0,0,0,0,0,0,0,0,0,0,0,0,0,0,0,167,195
170,85,3610,17192,4250,4328,8459,3965,2916,2660,0,0,0,0,0,0,0,0,0,0,0,0,0,0,0,0,0,0,0,0,0,0,0,0,0,0,0,171,195
170,85,3497,17194,5218,4603,8111,3115,2794,3061,0,0,0,0,0,0,0,0,0,0,0,0,0,0,0,0,0,0,0,0,0,0,0,0,0,0,0,39,196
170,85,4060,17195,4815,3140,8064,3155,3402,4545,0,0,0,0,0,0,0,0,0,0,0,0,0,0,0,0,0,0,0,0,0,0,0,0,0,0,0,134,195
170,85,4527,17194,4103,3149,8223,3909,4253,3379,0,0,0,0,0,0,0,0,0,0,0,0,0,0,0,0,0,0,0,0,0,0,0,0,0,0,0,184,196
170,85,3642,17195,4250,4058,8494,4058,2994,2621,0,0,0,0,0,0,0,0,0,0,0,0,0,0,0,0,0,0,0,0,0,0,0,0,0,0,0,168,195
170,85,3506,17196,5139,4721,8131,3136,2781,3013,0,0,0,0,0,0,0,0,0,0,0,0,0,0,0,0,0,0,0,0,0,0,0,0,0,0,0,194,196
170,85,3988,17197,4867,3161,8047,3090,3279,4595,0,0,0,0,0,0,0,0,0,0,0,0,0,0,0,0,0,0,0,0,0,0,0,0,0,0,0,0,195
170,85,3523,17195,4321,4530,8438,3909,2839,2663,0,0,0,0,0,0,0,0,0,0,0,0,0,0,0,0,0,0,0,0,0,0,0,0,0,0,0,230,195
170,85,3533,17196,5234,4457,8085,3050,2806,3142,0,0,0,0,0,0,0,0,0,0,0,0,0,0,0,0,0,0,0,0,0,0,0,0,0,0,0,147,195
170,85,4233,17195,4689,3066,8076,3220,3634,4447,0,0,0,0,0,0,0,0,0,0,0,0,0,0,0,0,0,0,0,0,0,0,0,0,0,0,0,197,196
170,85,4404,17195,4067,3244,8250,4115,4108,2979,0,0,0,0,0,0,0,0,0,0,0,0,0,0,0,0,0,0,0,0,0,0,0,0,0,0,0,83,195
170,85,3568,17196,4338,4382,8441,3948,2876,2655,0,0,0,0,0,0,0,0,0,0,0,0,0,0,0,0,0,0,0,0,0,0,0,0,0,0,0,88,196
170,85,3494,17194,5217,4554,8078,3096,2797,3096,0,0,0,0,0,0,0,0,0,0,0,0,0,0,0,0,0,0,0,0,0,0,0,0,0,0,0,229,195
170,85,4172,17192,4704,3054,8065,3147,3504,4458,0,0,0,0,0,0,0,0,0,0,0,0,0,0,0,0,0,0,0,0,0,0,0,0,0,0,0,64,195
170,85,3410,17194,4407,4842,8384,3755,2838,2728,0,0,0,0,0,0,0,0,0,0,0,0,0,0,0,0,0,0,0,0,0,0,0,0,0,0,0,237,195
170,85,3624,17196,5197,4328,8063,3051,2891,3408,0,0,0,0,0,0,0,0,0,0,0,0,0,0,0,0,0,0,0,0,0,0,0,0,0,0,0,138,195
170,85,4441,17193,4547,2997,8089,3224,3830,4367,0,0,0,0,0,0,0,0,0,0,0,0,0,0,0,0,0,0,0,0,0,0,0,0,0,0,0,69,196
170,85,4289,17199,4072,3319,8320,4146,3967,2651,0,0,0,0,0,0,0,0,0,0,0,0,0,0,0,0,0,0,0,0,0,0,0,0,0,0,0,253,195
170,85,3473,17196,4377,4673,8410,3848,2844,2708,0,0,0,0,0,0,0,0,0,0,0,0,0,0,0,0,0,0,0,0,0,0,0,0,0,0,0,35,195
170,85,3559,17195,5213,4418,8073,3049,2829,3234,0,0,0,0,0,0,0,0,0,0,0,0,0,0,0,0,0,0,0,0,0,0,0,0,0,0,0,187,195
170,85,4306,17196,4613,3042,8068,3222,3689,4413,0,0,0,0,0,0,0,0,0,0,0,0,0,0,0,0,0,0,0,0,0,0,0,0,0,0,0,230,195
170,85,3388,17196,4553,5010,8300,3574,2780,2767,0,0,0,0,0,0,0,0,0,0,0,0,0,0,0,0,0,0,0,0,0,0,0,0,0,0,0,92,195
170,85,3650,17196,5200,4060,8034,3003,2933,3692,0,0,0,0,0,0,0,0,0,0,0,0,0,0,0,0,0,0,0,0,0,0,0,0,0,0,0,154,195
170,85,4566,17195,4399,3013,8123,3293,4069,4252,0,0,0,0,0,0,0,0,0,0,0,0,0,0,0,0,0,0,0,0,0,0,0,0,0,0,0,179,195
170,85,4199,17196,4090,3345,8356,4169,3878,2565,0,0,0,0,0,0,0,0,0,0,0,0,0,0,0,0,0,0,0,0,0,0,0,0,0,0,0,245,196
170,85,3399,17198,4444,4853,8377,3733,2821,2719,0,0,0,0,0,0,0,0,0,0,0,0,0,0,0,0,0,0,0,0,0,0,0,0,0,0,0,235,195
170,85,3614,17197,5233,4239,8033,3010,2902,3482,0,0,0,0,0,0,0,0,0,0,0,0,0,0,0,0,0,0,0,0,0,0,0,0,0,0,0,6,195
170,85,3902,17198,4922,3139,8041,3098,3265,4592,0,0,0,0,0,0,0,0,0,0,0,0,0,0,0,0,0,0,0,0,0,0,0,0,0,0,0,137,195
170,85,3500,17199,4346,4609,8428,3855,2865,2692,0,0,0,0,0,0,0,0,0,0,0,0,0,0,0,0,0,0,0,0,0,0,0,0,0,0,0,179,195
170,85,3540,17201,5240,4476,8076,3066,2807,3162,0,0,0,0,0,0,0,0,0,0,0,0,0,0,0,0,0,0,0,0,0,0,0,0,0,0,0,156,195
170,85,4276,17200,4615,3036,8072,3219,3670,4412,0,0,0,0,0,0,0,0,0,0,0,0,0,0,0,0,0,0,0,0,0,0,0,0,0,0,0,151,195
170,85,4393,17197,4094,3244,8277,4085,4132,2966,0,0,0,0,0,0,0,0,0,0,0,0,0,0,0,0,0,0,0,0,0,0,0,0,0,0,0,222,195
170,85,3560,17199,4311,4388,8439,3945,2839,2664,0,0,0,0,0,0,0,0,0,0,0,0,0,0,0,0,0,0,0,0,0,0,0,0,0,0,0,75,195
170,85,3523,17201,5216,4613,8089,3128,2776,3033,0,0,0,0,0,0,0,0,0,0,0,0,0,0,0,0,0,0,0,0,0,0,0,0,0,0,0,146,195
170,85,4164,17200,4744,3104,8033,3170,3451,4520,0,0,0,0,0,0,0,0,0,0,0,0,0,0,0,0,0,0,0,0,0,0,0,0,0,0,0,177,195
170,85,3460,17199,4352,4750,8387,3806,2848,2698,0,0,0,0,0,0,0,0,0,0,0,0,0,0,0,0,0,0,0,0,0,0,0,0,0,0,0,15,196
170,85,3550,17198,5193,4368,8045,3044,2835,3311,0,0,0,0,0,0,0,0,0,0,0,0,0,0,0,0,0,0,0,0,0,0,0,0,0,0,0,123,195
170,85,4363,17199,4594,2981,8094,3232,3726,4402,0,0,0,0,0,0,0,0,0,0,0,0,0,0,0,0,0,0,0,0,0,0,0,0,0,0,0,74,196
170,85,4345,17199,4067,3276,8316,4163,3997,2723,0,0,0,0,0,0,0,0,0,0,0,0,0,0,0,0,0,0,0,0,0,0,0,0,0,0,0,98,195
170,85,3530,17203,4337,4591,8430,3844,2863,2691,0,0,0,0,0,0,0,0,0,0,0,0,0,0,0,0,0,0,0,0,0,0,0,0,0,0,0,63,196
170,85,3556,17201,5200,4446,8069,3065,2812,3170,0,0,0,0,0,0,0,0,0,0,0,0,0,0,0,0,0,0,0,0,0,0,0,0,0,0,0,159,195
170,85,4264,17201,4667,3023,8060,3219,3631,4444,0,0,0,0,0,0,0,0,0,0,0,0,0,0,0,0,0,0,0,0,0,0,0,0,0,0,0,72,195
170,85,3400,17199,4482,4975,8334,3648,2799,2750,0,0,0,0,0,0,0,0,0,0,0,0,0,0,0,0,0,0,0,0,0,0,0,0,0,0,0,136,196
170,85,3641,17201,5194,4161,8018,3007,2871,3614,0,0,0,0,0,0,0,0,0,0,0,0,0,0,0,0,0,0,0,0,0,0,0,0,0,0,0,96,195
170,85,4541,17206,4459,3001,8110,3322,4004,4326,0,0,0,0,0,0,0,0,0,0,0,0,0,0,0,0,0,0,0,0,0,0,0,0,0,0,0,244,195
170,85,4212,17200,4059,3333,8347,4172,3881,2552,0,0,0,0,0,0,0,0,0,0,0,0,0,0,0,0,0,0,0,0,0,0,0,0,0,0,0,4,195
170,85,3457,17202,4424,4804,8379,3794,2841,2713,0,0,0,0,0,0,0,0,0,0,0,0,0,0,0,0,0,0,0,0,0,0,0,0,0,0,0,75,195
170,85,3581,17201,5196,4330,8053,3044,2890,3418,0,0,0,0,0,0,0,0,0,0,0,0,0,0,0,0,0,0,0,0,0,0,0,0,0,0,0,76,196
170,85,4436,17200,4577,3000,8093,3223,3825,4382,0,0,0,0,0,0,0,0,0,0,0,0,0,0,0,0,0,0,0,0,0,0,0,0,0,0,0,99,196
170,85,3364,17201,4592,4999,8300,3569,2795,2782,0,0,0,0,0,0,0,0,0,0,0,0,0,0,0,0,0,0,0,0,0,0,0,0,0,0,0,84,195
170,85,3642,17200,5190,4044,8019,2994,2952,3724,0,0,0,0,0,0,0,0,0,0,0,0,0,0,0,0,0,0,0,0,0,0,0,0,0,0,0,221,195
170,85,4630,17201,4344,3022,8145,3358,4151,4191,0,0,0,0,0,0,0,0,0,0,0,0,0,0,0,0,0,0,0,0,0,0,0,0,0,0,0,17,196
170,85,4144,17201,4081,3381,8378,4154,3769,2488,0,0,0,0,0,0,0,0,0,0,0,0,0,0,0,0,0,0,0,0,0,0,0,0,0,0,0,221,195
170,85,3393,17202,4543,4962,8318,3650,2821,2746,0,0,0,0,0,0,0,0,0,0,0,0,0,0,0,0,0,0,0,0,0,0,0,0,0,0,0,177,196
170,85,3633,17203,5216,4218,8034,3015,2892,3538,0,0,0,0,0,0,0,0,0,0,0,0,0,0,0,0,0,0,0,0,0,0,0,0,0,0,0,135,195
170,85,4570,17201,4425,3016,8111,3329,4039,4315,0,0,0,0,0,0,0,0,0,0,0,0,0,0,0,0,0,0,0,0,0,0,0,0,0,0,0,98,195
170,85,3340,17201,4768,4903,8237,3375,2753,2848,0,0,0,0,0,0,0,0,0,0,0,0,0,0,0,0,0,0,0,0,0,0,0,0,0,0,0,197,196
170,85,3511,17203,5222,3928,8023,2981,2924,3794,0,0,0,0,0,0,0,0,0,0,0,0,0,0,0,0,0,0,0,0,0,0,0,0,0,0,0,77,196
170,85,4564,17204,4335,3021,8150,3357,4165,4197,0,0,0,0,0,0,0,0,0,0,0,0,0,0,0,0,0,0,0,0,0,0,0,0,0,0,0,141,195
170,85,4060,17205,4091,3456,8399,4220,3649,2487,0,0,0,0,0,0,0,0,0,0,0,0,0,0,0,0,0,0,0,0,0,0,0,0,0,0,0,81,196
170,85,3385,17205,4629,5034,8289,3549,2757,2804,0,0,0,0,0,0,0,0,0,0,0,0,0,0,0,0,0,0,0,0,0,0,0,0,0,0,0,163,195
170,85,3664,17205,5205,3984,8014,2991,2940,3767,0,0,0,0,0,0,0,0,0,0,0,0,0,0,0,0,0,0,0,0,0,0,0,0,0,0,0,50,196
170,85,4585,17206,4353,3020,8140,3343,4112,4234,0,0,0,0,0,0,0,0,0,0,0,0,0,0,0,0,0,0,0,0,0,0,0,0,0,0,0,238,195
170,85,3354,17205,4836,4895,8220,3329,2751,2907,0,0,0,0,0,0,0,0,0,0,0,0,0,0,0,0,0,0,0,0,0,0,0,0,0,0,0,177,195
170,85,3756,17205,5056,3458,8002,2974,3048,4274,0,0,0,0,0,0,0,0,0,0,0,0,0,0,0,0,0,0,0,0,0,0,0,0,0,0,0,254,195
170,85,4630,17207,4235,3093,8173,3558,4237,3943,0,0,0,0,0,0,0,0,0,0,0,0,0,0,0,0,0,0,0,0,0,0,0,0,0,0,0,225,196
170,85,3905,17205,4118,3560,8429,4204,3463,2533,0,0,0,0,0,0,0,0,0,0,0,0,0,0,0,0,0,0,0,0,0,0,0,0,0,0,0,243,195
170,85,3433,17205,4745,4918,8248,3423,2744,2843,0,0,0,0,0,0,0,0,0,0,0,0,0,0,0,0,0,0,0,0,0,0,0,0,0,0,0,187,195
170,85,3701,17206,5138,3622,8014,2945,2982,4110,0,0,0,0,0,0,0,0,0,0,0,0,0,0,0,0,0,0,0,0,0,0,0,0,0,0,0,183,195
170,85,4638,17205,4272,3042,8154,3482,4219,4033,0,0,0,0,0,0,0,0,0,0,0,0,0,0,0,0,0,0,0,0,0,0,0,0,0,0,0,59,195
170,85,3355,17206,4983,4840,8148,3196,2773,2974,0,0,0,0,0,0,0,0,0,0,0,0,0,0,0,0,0,0,0,0,0,0,0,0,0,0,0,243,195
170,85,3981,17205,4887,3160,8031,3100,3280,4602,0,0,0,0,0,0,0,0,0,0,0,0,0,0,0,0,0,0,0,0,0,0,0,0,0,0,0,60,196
170,85,4434,17205,4094,3200,8226,4068,4147,3091,0,0,0,0,0,0,0,0,0,0,0,0,0,0,0,0,0,0,0,0,0,0,0,0,0,0,0,98,195
170,85,3500,17202,4344,4636,8440,3855,2855,2692,0,0,0,0,0,0,0,0,0,0,0,0,0,0,0,0,0,0,0,0,0,0,0,0,0,0,0,179,195
170,85,3604,17201,5209,4268,8038,3027,2861,3459,0,0,0,0,0,0,0,0,0,0,0,0,0,0,0,0,0,0,0,0,0,0,0,0,0,0,0,111,196
170,85,4593,17204,4386,2984,8121,3312,4078,4245,0,0,0,0,0,0,0,0,0,0,0,0,0,0,0,0,0,0,0,0,0,0,0,0,0,0,0,198,195
170,85,3953,17203,4113,3541,8417,4249,3514,2534,0,0,0,0,0,0,0,0,0,0,0,0,0,0,0,0,0,0,0,0,0,0,0,0,0,0,0,56,195
170,85,3998,17204,4856,3094,8065,3155,3402,4560,0,0,0,0,0,0,0,0,0,0,0,0,0,0,0,0,0,0,0,0,0,0,0,0,0,0,0,174,196
170,85,4509,17204,4102,3154,8212,3941,4216,3345,0,0,0,0,0,0,0,0,0,0,0,0,0,0,0,0,0,0,0,0,0,0,0,0,0,0,0,102,195
170,85,3635,17205,4242,4155,8456,4038,2951,2638,0,0,0,0,0,0,0,0,0,0,0,0,0,0,0,0,0,0,0,0,0,0,0,0,0,0,0,53,196
170,85,3504,17206,5229,4635,8102,3140,2783,3053,0,0,0,0,0,0,0,0,0,0,0,0,0,0,0,0,0,0,0,0,0,0,0,0,0,0,0,133,195
170,85,4103,17204,4786,3137,8035,3129,3411,4536,0,0,0,0,0,0,0,0,0,0,0,0,0,0,0,0,0,0,0,0,0,0,0,0,0,0,0,204,195
170,85,4506,17205,4100,3181,8213,3945,4241,3302,0,0,0,0,0,0,0,0,0,0,0,0,0,0,0,0,0,0,0,0,0,0,0,0,0,0,0,79,195
170,85,3626,17205,4257,4167,8454,4037,2950,2624,0,0,0,0,0,0,0,0,0,0,0,0,0,0,0,0,0,0,0,0,0,0,0,0,0,0,0,97,195
170,85,4401,17203,4590,3008,8088,3260,3868,4362,0,0,0,0,0,0,0,0,0,0,0,0,0,0,0,0,0,0,0,0,0,0,0,0,0,0,0,164,195
170,85,4580,17212,4233,3114,8191,3708,4224,3777,0,0,0,0,0,0,0,0,0,0,0,0,0,0,0,0,0,0,0,0,0,0,0,0,0,0,0,7,195
170,85,4569,17206,4251,3099,8192,3621,4222,3841,0,0,0,0,0,0,0,0,0,0,0,0,0,0,0,0,0,0,0,0,0,0,0,0,0,0,0,181,195
170,85,3677,17209,4239,3961,8499,4057,3019,2614,0,0,0,0,0,0,0,0,0,0,0,0,0,0,0,0,0,0,0,0,0,0,0,0,0,0,0,7,195
170,85,3468,17206,5224,4591,8103,3090,2768,3071,0,0,0,0,0,0,0,0,0,0,0,0,0,0,0,0,0,0,0,0,0,0,0,0,0,0,0,1,196
170,85,4307,17206,4597,2978,8091,3225,3744,4409,0,0,0,0,0,0,0,0,0,0,0,0,0,0,0,0,0,0,0,0,0,0,0,0,0,0,0,147,196
170,85,4228,17207,4095,3323,8352,4173,3917,2581,0,0,0,0,0,0,0,0,0,0,0,0,0,0,0,0,0,0,0,0,0,0,0,0,0,0,0,152,195
170,85,3749,17206,5015,3320,8034,3025,3100,4379,0,0,0,0,0,0,0,0,0,0,0,0,0,0,0,0,0,0,0,0,0,0,0,0,0,0,0,236,196
170,85,4611,17202,4231,3080,8179,3598,4218,3889,0,0,0,0,0,0,0,0,0,0,0,0,0,0,0,0,0,0,0,0,0,0,0,0,0,0,0,180,196
170,85,3899,17205,4127,3563,8436,4205,3436,2560,0,0,0,0,0,0,0,0,0,0,0,0,0,0,0,0,0,0,0,0,0,0,0,0,0,0,0,150,196
170,85,3427,17206,4733,4951,8261,3429,2754,2828,0,0,0,0,0,0,0,0,0,0,0,0,0,0,0,0,0,0,0,0,0,0,0,0,0,0,0,13,195
170,85,3678,17204,5162,3744,8011,2947,2979,3992,0,0,0,0,0,0,0,0,0,0,0,0,0,0,0,0,0,0,0,0,0,0,0,0,0,0,0,171,196
170,85,4611,17207,4345,3027,8156,3385,4183,4130,0,0,0,0,0,0,0,0,0,0,0,0,0,0,0,0,0,0,0,0,0,0,0,0,0,0,0,41,195
170,85,4086,17205,4073,3425,8381,4155,3761,2474,0,0,0,0,0,0,0,0,0,0,0,0,0,0,0,0,0,0,0,0,0,0,0,0,0,0,0,80,196
170,85,3616,17206,5125,3590,8025,2980,3033,4153,0,0,0,0,0,0,0,0,0,0,0,0,0,0,0,0,0,0,0,0,0,0,0,0,0,0,0,175,196
170,85,4650,17204,4296,3091,8145,3526,4232,3971,0,0,0,0,0,0,0,0,0,0,0,0,0,0,0,0,0,0,0,0,0,0,0,0,0,0,0,102,196
170,85,3983,17205,4114,3505,8433,4188,3576,2551,0,0,0,0,0,0,0,0,0,0,0,0,0,0,0,0,0,0,0,0,0,0,0,0,0,0,0,33,195
170,85,3409,17207,4648,5016,8274,3539,2759,2795,0,0,0,0,0,0,0,0,0,0,0,0,0,0,0,0,0,0,0,0,0,0,0,0,0,0,0,230,196
170,85,3605,17204,5232,4022,8015,2987,2897,3726,0,0,0,0,0,0,0,0,0,0,0,0,0,0,0,0,0,0,0,0,0,0,0,0,0,0,0,100,196
170,85,4549,17205,4404,3013,8119,3305,4021,4317,0,0,0,0,0,0,0,0,0,0,0,0,0,0,0,0,0,0,0,0,0,0,0,0,0,0,0,140,195
170,85,4196,17206,4077,3372,8371,4191,3855,2534,0,0,0,0,0,0,0,0,0,0,0,0,0,0,0,0,0,0,0,0,0,0,0,0,0,0,0,14,196
170,85,3522,17211,5182,3718,7997,2952,2978,3991,0,0,0,0,0,0,0,0,0,0,0,0,0,0,0,0,0,0,0,0,0,0,0,0,0,0,0,122,195
170,85,4622,17209,4332,3046,8154,3386,4187,4123,0,0,0,0,0,0,0,0,0,0,0,0,0,0,0,0,0,0,0,0,0,0,0,0,0,0,0,58,196
170,85,4084,17211,4061,3436,8407,4182,3756,2477,0,0,0,0,0,0,0,0,0,0,0,0,0,0,0,0,0,0,0,0,0,0,0,0,0,0,0,120,196
170,85,3388,17212,4554,5002,8332,3606,2805,2751,0,0,0,0,0,0,0,0,0,0,0,0,0,0,0,0,0,0,0,0,0,0,0,0,0,0,0,13,196
170,85,3633,17211,5213,4190,8028,2992,2910,3569,0,0,0,0,0,0,0,0,0,0,0,0,0,0,0,0,0,0,0,0,0,0,0,0,0,0,0,238,195
170,85,4477,17207,4482,3005,8103,3268,3929,4335,0,0,0,0,0,0,0,0,0,0,0,0,0,0,0,0,0,0,0,0,0,0,0,0,0,0,0,27,196
170,85,4288,17210,4066,3309,8325,4130,3983,2652,0,0,0,0,0,0,0,0,0,0,0,0,0,0,0,0,0,0,0,0,0,0,0,0,0,0,0,27,196
170,85,3512,17212,5225,3887,8006,2963,2970,3876,0,0,0,0,0,0,0,0,0,0,0,0,0,0,0,0,0,0,0,0,0,0,0,0,0,0,0,19,196
170,85,4581,17214,4364,3024,8127,3353,4144,4236,0,0,0,0,0,0,0,0,0,0,0,0,0,0,0,0,0,0,0,0,0,0,0,0,0,0,0,184,196
170,85,4156,17209,4068,3390,8369,4195,3835,2504,0,0,0,0,0,0,0,0,0,0,0,0,0,0,0,0,0,0,0,0,0,0,0,0,0,0,0,167,196
170,85,4428,17210,4107,3220,8230,4041,4148,3058,0,0,0,0,0,0,0,0,0,0,0,0,0,0,0,0,0,0,0,0,0,0,0,0,0,0,0,69,196
170,85,3548,17212,4302,4360,8454,3961,2882,2651,0,0,0,0,0,0,0,0,0,0,0,0,0,0,0,0,0,0,0,0,0,0,0,0,0,0,0,223,196
170,85,3501,17209,5243,4567,8080,3108,2791,3080,0,0,0,0,0,0,0,0,0,0,0,0,0,0,0,0,0,0,0,0,0,0,0,0,0,0,0,194,196
170,85,4154,17214,4733,3102,8048,3144,3478,4492,0,0,0,0,0,0,0,0,0,0,0,0,0,0,0,0,0,0,0,0,0,0,0,0,0,0,0,248,196
170,85,4436,17211,4075,3233,8220,4039,4171,3094,0,0,0,0,0,0,0,0,0,0,0,0,0,0,0,0,0,0,0,0,0,0,0,0,0,0,0,62,195
170,85,4344,17212,4095,3260,8293,4153,4011,2690,0,0,0,0,0,0,0,0,0,0,0,0,0,0,0,0,0,0,0,0,0,0,0,0,0,0,0,104,196
170,85,3496,17212,4352,4612,8408,3845,2856,2691,0,0,0,0,0,0,0,0,0,0,0,0,0,0,0,0,0,0,0,0,0,0,0,0,0,0,0,122,195
170,85,3547,17212,5246,4443,8065,3085,2808,3162,0,0,0,0,0,0,0,0,0,0,0,0,0,0,0,0,0,0,0,0,0,0,0,0,0,0,0,77,196
170,85,4237,17211,4690,3068,8050,3178,3577,4437,0,0,0,0,0,0,0,0,0,0,0,0,0,0,0,0,0,0,0,0,0,0,0,0,0,0,0,22,196
170,85,4397,17211,4068,3219,8259,4119,4098,2940,0,0,0,0,0,0,0,0,0,0,0,0,0,0,0,0,0,0,0,0,0,0,0,0,0,0,0,206,196
170,85,3575,17212,4339,4437,8412,3934,2838,2654,0,0,0,0,0,0,0,0,0,0,0,0,0,0,0,0,0,0,0,0,0,0,0,0,0,0,0,57,196
170,85,3468,17209,5223,4594,8051,3100,2791,3081,0,0,0,0,0,0,0,0,0,0,0,0,0,0,0,0,0,0,0,0,0,0,0,0,0,0,0,0,196
170,85,4358,17213,4075,3333,8293,4143,3956,2582,0,0,0,0,0,0,0,0,0,0,0,0,0,0,0,0,0,0,0,0,0,0,0,0,0,0,0,103,195
170,85,3418,17210,4421,4845,8349,3729,2819,2731,0,0,0,0,0,0,0,0,0,0,0,0,0,0,0,0,0,0,0,0,0,0,0,0,0,0,0,241,196
170,85,3627,17214,5217,4345,8013,3038,2876,3391,0,0,0,0,0,0,0,0,0,0,0,0,0,0,0,0,0,0,0,0,0,0,0,0,0,0,0,185,195
170,85,4409,17212,4547,2963,8041,3240,3818,4360,0,0,0,0,0,0,0,0,0,0,0,0,0,0,0,0,0,0,0,0,0,0,0,0,0,0,0,205,196
170,85,4347,17211,4049,3257,8269,4148,4035,2754,0,0,0,0,0,0,0,0,0,0,0,0,0,0,0,0,0,0,0,0,0,0,0,0,0,0,0,74,195
170,85,3484,17214,4360,4735,8382,3812,2860,2701,0,0,0,0,0,0,0,0,0,0,0,0,0,0,0,0,0,0,0,0,0,0,0,0,0,0,0,179,196
170,85,3564,17214,5237,4416,8029,3046,2832,3247,0,0,0,0,0,0,0,0,0,0,0,0,0,0,0,0,0,0,0,0,0,0,0,0,0,0,0,68,195
170,85,4194,17212,4080,3442,8371,4203,3755,2467,0,0,0,0,0,0,0,0,0,0,0,0,0,0,0,0,0,0,0,0,0,0,0,0,0,0,0,149,196
170,85,3443,17213,4521,4991,8304,3637,2794,2765,0,0,0,0,0,0,0,0,0,0,0,0,0,0,0,0,0,0,0,0,0,0,0,0,0,0,0,103,196
170,85,3654,17214,5209,4072,7995,2980,2917,3705,0,0,0,0,0,0,0,0,0,0,0,0,0,0,0,0,0,0,0,0,0,0,0,0,0,0,0,242,195
170,85,4551,17216,4425,3013,8078,3328,4013,4319,0,0,0,0,0,0,0,0,0,0,0,0,0,0,0,0,0,0,0,0,0,0,0,0,0,0,0,77,196
170,85,4202,17217,4085,3364,8334,4186,3854,2504,0,0,0,0,0,0,0,0,0,0,0,0,0,0,0,0,0,0,0,0,0,0,0,0,0,0,0,112,195
170,85,3406,17216,4460,4931,8318,3720,2815,2730,0,0,0,0,0,0,0,0,0,0,0,0,0,0,0,0,0,0,0,0,0,0,0,0,0,0,0,31,195
170,85,3643,17215,5204,4277,8002,3015,2892,3495,0,0,0,0,0,0,0,0,0,0,0,0,0,0,0,0,0,0,0,0,0,0,0,0,0,0,0,47,195
170,85,4056,17215,4096,3523,8400,4211,3492,2558,0,0,0,0,0,0,0,0,0,0,0,0,0,0,0,0,0,0,0,0,0,0,0,0,0,0,0,71,196
170,85,3441,17214,4671,4978,8226,3449,2750,2824,0,0,0,0,0,0,0,0,0,0,0,0,0,0,0,0,0,0,0,0,0,0,0,0,0,0,0,115,195
170,85,3640,17220,5180,3786,7958,2958,2952,3938,0,0,0,0,0,0,0,0,0,0,0,0,0,0,0,0,0,0,0,0,0,0,0,0,0,0,0,64,196
170,85,4632,17215,4297,3034,8110,3388,4187,4127,0,0,0,0,0,0,0,0,0,0,0,0,0,0,0,0,0,0,0,0,0,0,0,0,0,0,0,69,196
170,85,4018,17216,4078,3495,8384,4221,3613,2497,0,0,0,0,0,0,0,0,0,0,0,0,0,0,0,0,0,0,0,0,0,0,0,0,0,0,0,92,195
170,85,3420,17213,4628,5029,8248,3544,2759,2799,0,0,0,0,0,0,0,0,0,0,0,0,0,0,0,0,0,0,0,0,0,0,0,0,0,0,0,133,195
170,85,3629,17218,5238,3946,7983,2985,2927,3795,0,0,0,0,0,0,0,0,0,0,0,0,0,0,0,0,0,0,0,0,0,0,0,0,0,0,0,241,195
170,85,3949,17216,4124,3607,8408,4188,3389,2550,0,0,0,0,0,0,0,0,0,0,0,0,0,0,0,0,0,0,0,0,0,0,0,0,0,0,0,240,196
170,85,3471,17217,4871,4888,8159,3284,2754,2934,0,0,0,0,0,0,0,0,0,0,0,0,0,0,0,0,0,0,0,0,0,0,0,0,0,0,0,205,196
170,85,3713,17216,5112,3503,7975,2982,3032,4173,0,0,0,0,0,0,0,0,0,0,0,0,0,0,0,0,0,0,0,0,0,0,0,0,0,0,0,33,195
170,85,4654,17216,4277,3080,8113,3534,4225,3960,0,0,0,0,0,0,0,0,0,0,0,0,0,0,0,0,0,0,0,0,0,0,0,0,0,0,0,234,196
170,85,3959,17215,4088,3521,8389,4208,3523,2526,0,0,0,0,0,0,0,0,0,0,0,0,0,0,0,0,0,0,0,0,0,0,0,0,0,0,0,92,195
170,85,3406,17221,4727,4942,8205,3428,2766,2864,0,0,0,0,0,0,0,0,0,0,0,0,0,0,0,0,0,0,0,0,0,0,0,0,0,0,0,57,196
170,85,3679,17215,5185,3755,7974,2948,2996,4005,0,0,0,0,0,0,0,0,0,0,0,0,0,0,0,0,0,0,0,0,0,0,0,0,0,0,0,129,195
